   0.000000E+00  -0.701397E-08   0.535060E-08  -0.246482E-08
   0.200000E+02  -0.637217E-09   0.295730E-09   0.759214E-08
   0.400000E+02   0.645734E-08  -0.540352E-08   0.166648E-07
   0.600000E+02   0.132706E-07  -0.113541E-07   0.234414E-07
   0.800000E+02   0.187511E-07  -0.169968E-07   0.269779E-07
   0.100000E+03   0.219793E-07  -0.216474E-07   0.268613E-07
   0.120000E+03   0.223437E-07  -0.245862E-07   0.232775E-07
   0.140000E+03   0.196740E-07  -0.251848E-07   0.169718E-07
   0.160000E+03   0.143016E-07  -0.230502E-07   0.910699E-08
   0.180000E+03   0.703154E-08  -0.181516E-07   0.104702E-08
   0.200000E+03  -0.976908E-09  -0.109017E-07  -0.589239E-08
   0.220000E+03  -0.840185E-08  -0.215998E-08  -0.106789E-07
   0.240000E+03  -0.139908E-07   0.685378E-08  -0.127384E-07
   0.260000E+03  -0.167904E-07   0.147337E-07  -0.120374E-07
   0.280000E+03  -0.163288E-07   0.201265E-07  -0.905681E-08
   0.300000E+03  -0.127137E-07   0.219929E-07  -0.466627E-08
   0.320000E+03  -0.662395E-08   0.198411E-07   0.752449E-10
   0.340000E+03   0.808653E-09   0.138800E-07   0.414895E-08
   0.360000E+03   0.820651E-08   0.504991E-08   0.678828E-08
   0.380000E+03   0.142050E-07  -0.508870E-08   0.762875E-08
   0.400000E+03   0.177128E-07  -0.146022E-07   0.676491E-08
   0.420000E+03   0.181216E-07  -0.215302E-07   0.470304E-08
   0.440000E+03   0.154229E-07  -0.242718E-07   0.222127E-08
   0.460000E+03   0.102056E-07  -0.219363E-07   0.168518E-09
   0.480000E+03   0.353323E-08  -0.145847E-07  -0.752409E-09
   0.500000E+03  -0.327686E-08  -0.330418E-08  -0.168370E-09
   0.520000E+03  -0.892718E-08   0.991684E-08   0.185662E-08
   0.540000E+03  -0.124117E-07   0.225026E-07   0.481651E-08
   0.560000E+03  -0.132274E-07   0.317490E-07   0.786535E-08
   0.580000E+03  -0.114794E-07   0.353465E-07   0.100070E-07
   0.600000E+03  -0.785530E-08   0.318713E-07   0.103329E-07
   0.620000E+03  -0.346972E-08   0.211433E-07   0.825564E-08
   0.640000E+03   0.389936E-09   0.437266E-08   0.368611E-08
   0.660000E+03   0.256489E-08  -0.159501E-07  -0.289037E-08
   0.680000E+03   0.230877E-08  -0.364171E-07  -0.104606E-07
   0.700000E+03  -0.509645E-09  -0.532674E-07  -0.176513E-07
   0.720000E+03  -0.533339E-08  -0.630581E-07  -0.229883E-07
   0.740000E+03  -0.109971E-07  -0.633211E-07  -0.251989E-07
   0.760000E+03  -0.159510E-07  -0.530825E-07  -0.234946E-07
   0.780000E+03  -0.185881E-07  -0.331386E-07  -0.177735E-07
   0.800000E+03  -0.176118E-07  -0.602463E-08  -0.869720E-08
   0.820000E+03  -0.123648E-07   0.243326E-07   0.238228E-08
   0.840000E+03  -0.304859E-08   0.532295E-07   0.136386E-07
   0.860000E+03   0.922234E-08   0.759664E-07   0.230935E-07
   0.880000E+03   0.225534E-07   0.886576E-07   0.289865E-07
   0.900000E+03   0.345760E-07   0.889267E-07   0.301207E-07
   0.920000E+03   0.428754E-07   0.763567E-07   0.261159E-07
   0.940000E+03   0.454625E-07   0.526100E-07   0.175148E-07
   0.960000E+03   0.411971E-07   0.211872E-07   0.571707E-08
   0.980000E+03   0.300760E-07  -0.131366E-07  -0.725188E-08
   0.100000E+04   0.133225E-07  -0.451021E-07  -0.190978E-07
   0.102000E+04  -0.675293E-08  -0.698459E-07  -0.276752E-07
   0.104000E+04  -0.271030E-07  -0.837121E-07  -0.313866E-07
   0.106000E+04  -0.444506E-07  -0.848542E-07  -0.294879E-07
   0.108000E+04  -0.558611E-07  -0.735191E-07  -0.222389E-07
   0.110000E+04  -0.592768E-07  -0.519667E-07  -0.108691E-07
   0.112000E+04  -0.539104E-07  -0.240418E-07   0.263798E-08
   0.114000E+04  -0.404221E-07   0.551897E-08   0.159021E-07
   0.116000E+04  -0.208401E-07   0.319190E-07   0.265793E-07
   0.118000E+04   0.176461E-08   0.511195E-07   0.327892E-07
   0.120000E+04   0.237963E-07   0.604983E-07   0.334567E-07
   0.122000E+04   0.417506E-07   0.592365E-07   0.285029E-07
   0.124000E+04   0.528198E-07   0.483710E-07   0.188513E-07
   0.126000E+04   0.553749E-07   0.305160E-07   0.624831E-08
   0.128000E+04   0.492377E-07   0.931529E-08  -0.706634E-08
   0.130000E+04   0.356938E-07  -0.112629E-07  -0.187755E-07
   0.132000E+04   0.172442E-07  -0.276543E-07  -0.269078E-07
   0.134000E+04  -0.285503E-08  -0.373145E-07  -0.301884E-07
   0.136000E+04  -0.211803E-07  -0.391140E-07  -0.282526E-07
   0.138000E+04  -0.347455E-07  -0.334492E-07  -0.216852E-07
   0.140000E+04  -0.415133E-07  -0.220648E-07  -0.118818E-07
   0.142000E+04  -0.407218E-07  -0.763343E-08  -0.762739E-09
   0.144000E+04  -0.329710E-07   0.681286E-08   0.960155E-08
   0.146000E+04  -0.200585E-07   0.184841E-07   0.173813E-07
   0.148000E+04  -0.460391E-08   0.253494E-07   0.213184E-07
   0.150000E+04   0.104633E-07   0.264756E-07   0.209371E-07
   0.152000E+04   0.224518E-07   0.221304E-07   0.165978E-07
   0.154000E+04   0.293898E-07   0.136457E-07   0.938929E-08
   0.156000E+04   0.303504E-07   0.307920E-08   0.886285E-09
   0.158000E+04   0.255687E-07  -0.724463E-08  -0.717637E-08
   0.160000E+04   0.163337E-07  -0.152191E-07  -0.132461E-07
   0.162000E+04   0.468887E-08  -0.193655E-07  -0.162446E-07
   0.164000E+04  -0.699658E-08  -0.190918E-07  -0.157544E-07
   0.166000E+04  -0.164957E-07  -0.147566E-07  -0.120684E-07
   0.168000E+04  -0.221406E-07  -0.753640E-08  -0.609703E-08
   0.170000E+04  -0.231095E-07   0.866214E-09   0.840696E-09
   0.172000E+04  -0.195358E-07   0.860521E-08   0.729839E-08
   0.174000E+04  -0.124251E-07   0.140813E-07   0.119953E-07
   0.176000E+04  -0.340800E-08   0.162597E-07   0.140635E-07
   0.178000E+04   0.561637E-08   0.148541E-07   0.132018E-07
   0.180000E+04   0.128696E-07   0.103456E-07   0.970953E-08
   0.182000E+04   0.170376E-07   0.384201E-08   0.439969E-08
   0.184000E+04   0.175032E-07  -0.318581E-08  -0.158750E-08
   0.186000E+04   0.144267E-07  -0.922954E-08  -0.702758E-08
   0.188000E+04   0.866780E-08  -0.130603E-07  -0.108609E-07
   0.190000E+04   0.157049E-08  -0.139716E-07  -0.123971E-07
   0.192000E+04  -0.533595E-08  -0.119014E-07  -0.114369E-07
   0.194000E+04  -0.106571E-07  -0.741409E-08  -0.828829E-08
   0.196000E+04  -0.134080E-07  -0.155285E-08  -0.368166E-08
   0.198000E+04  -0.131895E-07   0.440078E-08   0.139738E-08
   0.200000E+04  -0.102348E-07   0.920522E-08   0.591784E-08
   0.202000E+04  -0.532520E-08   0.119154E-07   0.901269E-08
   0.204000E+04   0.402065E-09   0.120654E-07   0.101448E-07
   0.206000E+04   0.570846E-08   0.974214E-08   0.919822E-08
   0.208000E+04   0.951507E-08   0.554054E-08   0.647998E-08
   0.210000E+04   0.111165E-07   0.415358E-09   0.263590E-08
   0.212000E+04   0.103055E-07  -0.453490E-08  -0.149770E-08
   0.214000E+04   0.738794E-08  -0.830305E-08  -0.507352E-08
   0.216000E+04   0.309030E-08  -0.101775E-07  -0.740571E-08
   0.218000E+04  -0.161525E-08  -0.987476E-08  -0.810051E-08
   0.220000E+04  -0.572722E-08  -0.757591E-08  -0.712045E-08
   0.222000E+04  -0.842562E-08  -0.386470E-08  -0.477235E-08
   0.224000E+04  -0.923330E-08   0.415212E-09  -0.162547E-08
   0.226000E+04  -0.809682E-08   0.434943E-08   0.161980E-08
   0.228000E+04  -0.537397E-08   0.714671E-08   0.428344E-08
   0.230000E+04  -0.173564E-08   0.829673E-08   0.584492E-08
   0.232000E+04   0.199304E-08   0.766058E-08   0.604236E-08
   0.234000E+04   0.501555E-08   0.547878E-08   0.491296E-08
   0.236000E+04   0.673094E-08   0.229962E-08   0.276962E-08
   0.238000E+04   0.685067E-08  -0.115290E-08   0.121613E-09
   0.240000E+04   0.544297E-08  -0.414036E-08  -0.244127E-08
   0.242000E+04   0.289916E-08  -0.606499E-08  -0.437543E-08
   0.244000E+04  -0.166944E-09  -0.658646E-08  -0.529420E-08
   0.246000E+04  -0.306176E-08  -0.567786E-08  -0.504056E-08
   0.248000E+04  -0.516437E-08  -0.361278E-08  -0.370873E-08
   0.250000E+04  -0.605568E-08  -0.890026E-09  -0.161269E-08
   0.252000E+04  -0.559801E-08   0.188427E-08   0.789103E-09
   0.254000E+04  -0.395062E-08   0.413006E-08   0.299497E-08
   0.256000E+04  -0.152102E-08   0.541317E-08   0.456514E-08
   0.258000E+04   0.113427E-08   0.552696E-08   0.520878E-08
   0.260000E+04   0.343594E-08   0.452122E-08   0.483593E-08
   0.262000E+04   0.490679E-08   0.267520E-08   0.356552E-08
   0.264000E+04   0.526875E-08   0.424230E-09   0.169019E-08
   0.266000E+04   0.449264E-08  -0.174179E-08  -0.392518E-09
   0.268000E+04   0.279254E-08  -0.338467E-08  -0.226668E-08
   0.270000E+04   0.568654E-09  -0.420615E-08  -0.358325E-08
   0.272000E+04  -0.168664E-08  -0.410063E-08  -0.412683E-08
   0.274000E+04  -0.349753E-08  -0.316355E-08  -0.385099E-08
   0.276000E+04  -0.450461E-08  -0.165662E-08  -0.287700E-08
   0.278000E+04  -0.453485E-08   0.596256E-10  -0.145806E-08
   0.280000E+04  -0.362850E-08   0.160950E-08   0.813048E-10
   0.282000E+04  -0.201954E-08   0.268288E-08   0.141681E-08
   0.284000E+04  -0.761021E-10   0.309601E-08   0.229146E-08
   0.286000E+04   0.178408E-08   0.282076E-08   0.256438E-08
   0.288000E+04   0.318396E-08   0.197835E-08   0.223246E-08
   0.290000E+04   0.386378E-08   0.801389E-09   0.142190E-08
   0.292000E+04   0.372842E-08  -0.425119E-09   0.353109E-09
   0.294000E+04   0.285720E-08  -0.142970E-08  -0.712011E-09
   0.296000E+04   0.147636E-08  -0.201227E-08  -0.152859E-08
   0.298000E+04  -0.977625E-10  -0.208215E-08  -0.192040E-08
   0.300000E+04  -0.153090E-08  -0.166918E-08  -0.181426E-08
   0.302000E+04  -0.254204E-08  -0.907777E-09  -0.125095E-08
   0.304000E+04  -0.295856E-08   0.844933E-12  -0.371574E-09
   0.306000E+04  -0.274456E-08   0.838251E-09   0.616486E-09
   0.308000E+04  -0.199829E-08   0.141848E-08   0.148599E-08
   0.310000E+04  -0.921108E-09   0.162693E-08   0.203839E-08
   0.312000E+04   0.233095E-09   0.144060E-08   0.214450E-08
   0.314000E+04   0.121601E-08   0.926715E-09   0.176914E-08
   0.316000E+04   0.183731E-08   0.221359E-09   0.975799E-09
   0.318000E+04   0.200056E-08  -0.505488E-09  -0.890449E-10
   0.320000E+04   0.171602E-08  -0.109005E-08  -0.122752E-08
   0.322000E+04   0.108937E-08  -0.141064E-08  -0.223098E-08
   0.324000E+04   0.290614E-09  -0.141187E-08  -0.292101E-08
   0.326000E+04  -0.488410E-09  -0.111252E-08  -0.318276E-08
   0.328000E+04  -0.107779E-08  -0.596604E-09  -0.298441E-08
   0.330000E+04  -0.136473E-08   0.929343E-11  -0.237959E-08
   0.332000E+04  -0.131316E-08   0.566433E-09  -0.149341E-08
   0.334000E+04  -0.964665E-09   0.954968E-09  -0.495332E-09
   0.336000E+04  -0.422100E-09   0.109875E-08   0.434791E-09
   0.338000E+04   0.178994E-09   0.978995E-09   0.114089E-08
   0.340000E+04   0.703624E-09   0.634594E-09   0.151837E-08
   0.342000E+04   0.104736E-08   0.150040E-09   0.153053E-08
   0.344000E+04   0.115650E-08  -0.365594E-09   0.121126E-08
   0.346000E+04   0.103473E-08  -0.803405E-09   0.654220E-09
   0.348000E+04   0.735760E-09  -0.107759E-08  -0.830798E-11
   0.350000E+04   0.345203E-09  -0.114181E-08  -0.632615E-09
   0.352000E+04  -0.433320E-10  -0.996022E-09  -0.109106E-08
   0.354000E+04  -0.351484E-09  -0.683058E-09  -0.129483E-08
   0.356000E+04  -0.533274E-09  -0.276525E-09  -0.120793E-08
   0.358000E+04  -0.582426E-09   0.136808E-09  -0.850456E-09
   0.360000E+04  -0.528898E-09   0.475992E-09  -0.291133E-09
   0.362000E+04  -0.426383E-09   0.682225E-09   0.368693E-09
   0.364000E+04  -0.334656E-09   0.729380E-09   0.101615E-08
   0.366000E+04  -0.301692E-09   0.627052E-09   0.154869E-08
   0.368000E+04  -0.350244E-09   0.416099E-09   0.189260E-08
   0.370000E+04  -0.472156E-09   0.158169E-09   0.201491E-08
   0.372000E+04  -0.631551E-09  -0.782415E-10   0.192679E-08
   0.374000E+04  -0.775663E-09  -0.232227E-09   0.167838E-08
   0.376000E+04  -0.850167E-09  -0.262576E-09   0.134644E-08
   0.378000E+04  -0.814777E-09  -0.155420E-09   0.101755E-08
   0.380000E+04  -0.654957E-09   0.736831E-10   0.770238E-09
   0.382000E+04  -0.386672E-09   0.383276E-09   0.659543E-09
   0.384000E+04  -0.530015E-10   0.714171E-09   0.706758E-09
   0.386000E+04   0.286429E-09   0.100061E-08   0.896163E-09
   0.388000E+04   0.570395E-09   0.118238E-08   0.117908E-08
   0.390000E+04   0.751466E-09   0.121583E-08   0.148424E-08
   0.392000E+04   0.807810E-09   0.108207E-08   0.173226E-08
   0.394000E+04   0.748329E-09   0.790962E-09   0.185137E-08
   0.396000E+04   0.609735E-09   0.380444E-09   0.179141E-08
   0.398000E+04   0.446290E-09  -0.889565E-10   0.153333E-08
   0.400000E+04   0.314797E-09  -0.543535E-09   0.109269E-08
   0.402000E+04   0.258741E-09  -0.908497E-09   0.516535E-09
   0.404000E+04   0.295705E-09  -0.112090E-08  -0.125513E-09
   0.406000E+04   0.411480E-09  -0.114140E-08  -0.754132E-09
   0.408000E+04   0.562614E-09  -0.962700E-09  -0.129449E-08
   0.410000E+04   0.687039E-09  -0.613049E-09  -0.168903E-08
   0.412000E+04   0.720333E-09  -0.153634E-09  -0.190637E-08
   0.414000E+04   0.613661E-09   0.330255E-09  -0.194481E-08
   0.416000E+04   0.348831E-09   0.743316E-09  -0.182995E-08
   0.418000E+04  -0.535465E-10   0.997545E-09  -0.160707E-08
   0.420000E+04  -0.535274E-09   0.102982E-08  -0.133035E-08
   0.422000E+04  -0.101143E-08   0.816407E-09  -0.105097E-08
   0.424000E+04  -0.138878E-08   0.381231E-09  -0.807008E-09
   0.426000E+04  -0.158764E-08  -0.204455E-09  -0.617093E-09
   0.428000E+04  -0.156218E-08  -0.831845E-09  -0.479086E-09
   0.430000E+04  -0.131394E-08  -0.137287E-08  -0.374000E-09
   0.432000E+04  -0.895106E-09  -0.170422E-08  -0.274030E-09
   0.434000E+04  -0.399941E-09  -0.173283E-08  -0.152754E-09
   0.436000E+04   0.543921E-10  -0.141777E-08   0.499718E-11
   0.438000E+04   0.353733E-09  -0.783597E-09   0.196028E-09
   0.440000E+04   0.414048E-09   0.782304E-10   0.396240E-09
   0.442000E+04   0.203571E-09   0.102152E-08   0.563478E-09
   0.444000E+04  -0.245439E-09   0.186975E-08   0.645321E-09
   0.446000E+04  -0.838679E-09   0.244890E-08   0.590245E-09
   0.448000E+04  -0.143600E-08   0.262261E-08   0.359757E-09
   0.450000E+04  -0.187915E-08   0.232276E-08  -0.611909E-10
   0.452000E+04  -0.202565E-08   0.156874E-08  -0.657895E-09
   0.454000E+04  -0.178188E-08   0.470526E-09  -0.138523E-08
   0.456000E+04  -0.112799E-08  -0.786259E-09  -0.217292E-08
   0.458000E+04  -0.129005E-09  -0.197163E-08  -0.293584E-08
   0.460000E+04   0.107138E-08  -0.285368E-08  -0.358715E-08
   0.462000E+04   0.227369E-08  -0.324429E-08  -0.405168E-08
   0.464000E+04   0.325868E-08  -0.303902E-08  -0.427665E-08
   0.466000E+04   0.382962E-08  -0.224271E-08  -0.423779E-08
   0.468000E+04   0.385253E-08  -0.974675E-09  -0.393959E-08
   0.470000E+04   0.328621E-08   0.548576E-09  -0.341017E-08
   0.472000E+04   0.219555E-08   0.205107E-08  -0.269216E-08
   0.474000E+04   0.744762E-09   0.324878E-08  -0.183232E-08
   0.476000E+04  -0.828738E-09   0.390515E-08  -0.872445E-09
   0.478000E+04  -0.225537E-08   0.387956E-08   0.155840E-09
   0.480000E+04  -0.328177E-08   0.315871E-08   0.123105E-08
   0.482000E+04  -0.371729E-08   0.186376E-08   0.233660E-08
   0.484000E+04  -0.346965E-08   0.230811E-09   0.345180E-08
   0.486000E+04  -0.256287E-08  -0.143241E-08   0.454175E-08
   0.488000E+04  -0.113369E-08  -0.280574E-08   0.554938E-08
   0.490000E+04   0.592585E-09  -0.362024E-08   0.639279E-08
   0.492000E+04   0.234243E-08  -0.371356E-08   0.696978E-08
   0.494000E+04   0.384269E-08  -0.306536E-08   0.717022E-08
   0.496000E+04   0.486813E-08  -0.180508E-08   0.689472E-08
   0.498000E+04   0.527878E-08  -0.189319E-09   0.607655E-08
   0.500000E+04   0.504027E-08   0.144722E-08   0.470229E-08
   0.502000E+04   0.422367E-08   0.275834E-08   0.282672E-08
   0.504000E+04   0.298560E-08   0.345724E-08   0.577794E-09
   0.506000E+04   0.153326E-08   0.337733E-08  -0.185067E-08
   0.508000E+04   0.821396E-10   0.251029E-08  -0.421866E-08
   0.510000E+04  -0.118477E-08   0.101273E-08  -0.626978E-08
   0.512000E+04  -0.214782E-08  -0.820843E-09  -0.776668E-08
   0.514000E+04  -0.276564E-08  -0.261432E-08  -0.852630E-08
   0.516000E+04  -0.307170E-08  -0.398498E-08  -0.844870E-08
   0.518000E+04  -0.315416E-08  -0.462246E-08  -0.753428E-08
   0.520000E+04  -0.312447E-08  -0.435570E-08  -0.588611E-08
   0.522000E+04  -0.308233E-08  -0.319382E-08  -0.369656E-08
   0.524000E+04  -0.308574E-08  -0.133169E-08  -0.122041E-08
   0.526000E+04  -0.313343E-08   0.882038E-09   0.126105E-08
   0.528000E+04  -0.316412E-08   0.300935E-08   0.347878E-08
   0.530000E+04  -0.307315E-08   0.460782E-08   0.521129E-08
   0.532000E+04  -0.274302E-08   0.531970E-08   0.631082E-08
   0.534000E+04  -0.208053E-08   0.494731E-08   0.671662E-08
   0.536000E+04  -0.105181E-08   0.349948E-08   0.645431E-08
   0.538000E+04   0.293803E-09   0.119852E-08   0.562257E-08
   0.540000E+04   0.181788E-08  -0.155469E-08   0.437101E-08
   0.542000E+04   0.330808E-08  -0.425205E-08   0.287398E-08
   0.544000E+04   0.451283E-08  -0.637291E-08   0.130561E-08
   0.546000E+04   0.518949E-08  -0.748442E-08  -0.179906E-09
   0.548000E+04   0.515638E-08  -0.732775E-08  -0.146012E-08
   0.550000E+04   0.433779E-08  -0.587328E-08  -0.244797E-08
   0.552000E+04   0.279149E-08  -0.333295E-08  -0.308893E-08
   0.554000E+04   0.711549E-09  -0.126512E-09  -0.335466E-08
   0.556000E+04  -0.159592E-08   0.319297E-08  -0.323672E-08
   0.558000E+04  -0.376120E-08   0.604077E-08  -0.274319E-08
   0.560000E+04  -0.541529E-08   0.791032E-08  -0.189977E-08
   0.562000E+04  -0.625816E-08   0.847006E-08  -0.754954E-09
   0.564000E+04  -0.611754E-08   0.762851E-08   0.613064E-09
   0.566000E+04  -0.498626E-08   0.555436E-08   0.209114E-08
   0.568000E+04  -0.302972E-08   0.264714E-08   0.353152E-08
   0.570000E+04  -0.560983E-09  -0.536764E-09   0.476076E-08
   0.572000E+04   0.201284E-08  -0.338910E-08   0.559830E-08
   0.574000E+04   0.426327E-08  -0.536578E-08   0.588325E-08
   0.576000E+04   0.581855E-08  -0.609194E-08   0.550550E-08
   0.578000E+04   0.643208E-08  -0.543534E-08   0.443484E-08
   0.580000E+04   0.602773E-08  -0.353375E-08   0.274139E-08
   0.582000E+04   0.471284E-08  -0.770456E-09   0.600900E-09
   0.584000E+04   0.275617E-08   0.229800E-08  -0.171910E-08
   0.586000E+04   0.534840E-09   0.504824E-08  -0.389283E-08
   0.588000E+04  -0.153933E-08   0.691044E-08  -0.558601E-08
   0.590000E+04  -0.309945E-08   0.747938E-08  -0.651434E-08
   0.592000E+04  -0.389331E-08   0.659458E-08  -0.650039E-08
   0.594000E+04  -0.382930E-08   0.437366E-08  -0.551776E-08
   0.596000E+04  -0.298931E-08   0.119218E-08  -0.371214E-08
   0.598000E+04  -0.160621E-08  -0.238668E-08  -0.139272E-08
   0.600000E+04  -0.107206E-10  -0.571907E-08   0.100794E-08
   0.602000E+04   0.144109E-08  -0.820351E-08   0.300130E-08
   0.604000E+04   0.244445E-08  -0.939597E-08   0.412759E-08
   0.606000E+04   0.281058E-08  -0.909468E-08   0.404395E-08
   0.608000E+04   0.250577E-08  -0.737776E-08   0.259970E-08
   0.610000E+04   0.165639E-08  -0.458631E-08  -0.116036E-09
   0.612000E+04   0.518803E-09  -0.125637E-08  -0.376584E-08
   0.614000E+04  -0.579668E-09   0.198709E-08  -0.779923E-08
   0.616000E+04  -0.131627E-08   0.455278E-08  -0.115290E-07
   0.618000E+04  -0.144863E-08   0.599812E-08  -0.142381E-07
   0.620000E+04  -0.874609E-09   0.611349E-08  -0.153010E-07
   0.622000E+04   0.337162E-09   0.495910E-08  -0.142980E-07
   0.624000E+04   0.195320E-08   0.284694E-08  -0.111036E-07
   0.626000E+04   0.361723E-08   0.271853E-09  -0.593086E-08
   0.628000E+04   0.492035E-08  -0.219415E-08   0.677294E-09
   0.630000E+04   0.548542E-08  -0.402244E-08   0.791264E-08
   0.632000E+04   0.504841E-08  -0.483819E-08   0.148127E-07
   0.634000E+04   0.351982E-08  -0.449762E-08   0.204027E-07
   0.636000E+04   0.101337E-08  -0.311581E-08   0.238453E-07
   0.638000E+04  -0.216474E-08  -0.103906E-08   0.245751E-07
   0.640000E+04  -0.556425E-08   0.123272E-08   0.223936E-07
   0.642000E+04  -0.866812E-08   0.315735E-08   0.175097E-07
   0.644000E+04  -0.109835E-07   0.427184E-08   0.105171E-07
   0.646000E+04  -0.121291E-07   0.429814E-08   0.231134E-08
   0.648000E+04  -0.119017E-07   0.320976E-08  -0.604010E-08
   0.650000E+04  -0.103096E-07   0.124439E-08  -0.134554E-07
   0.652000E+04  -0.756752E-08  -0.114167E-08  -0.189971E-07
   0.654000E+04  -0.405414E-08  -0.336868E-08  -0.220080E-07
   0.656000E+04  -0.242038E-09  -0.485886E-08  -0.222011E-07
   0.658000E+04   0.338543E-08  -0.516583E-08  -0.196911E-07
   0.660000E+04   0.641406E-08  -0.408014E-08  -0.149638E-07
   0.662000E+04   0.856024E-08  -0.168734E-08  -0.878817E-08
   0.664000E+04   0.970324E-08   0.163538E-08  -0.208849E-08
   0.666000E+04   0.988393E-08   0.528544E-08   0.420210E-08
   0.668000E+04   0.927310E-08   0.855173E-08   0.928247E-08
   0.670000E+04   0.811821E-08   0.107590E-07   0.125957E-07
   0.672000E+04   0.668183E-08   0.114102E-07   0.138958E-07
   0.674000E+04   0.518574E-08   0.102955E-07   0.132602E-07
   0.676000E+04   0.377256E-08   0.754553E-08   0.110496E-07
   0.678000E+04   0.249213E-08   0.361478E-08   0.782327E-08
   0.680000E+04   0.131351E-08  -0.803533E-09   0.422945E-08
   0.682000E+04   0.157717E-09  -0.491394E-08   0.889099E-09
   0.684000E+04  -0.105889E-08  -0.798008E-08  -0.170527E-08
   0.686000E+04  -0.238231E-08  -0.947712E-08  -0.325946E-08
   0.688000E+04  -0.379133E-08  -0.920292E-08  -0.370596E-08
   0.690000E+04  -0.518842E-08  -0.732345E-08  -0.318897E-08
   0.692000E+04  -0.641390E-08  -0.434134E-08  -0.201214E-08
   0.694000E+04  -0.727993E-08  -0.992382E-09  -0.561585E-09
   0.696000E+04  -0.761623E-08   0.190954E-08   0.779275E-09
   0.698000E+04  -0.731580E-08   0.364734E-08   0.170623E-08
   0.700000E+04  -0.636893E-08   0.375858E-08   0.204795E-08
   0.702000E+04  -0.487638E-08   0.214223E-08   0.178787E-08
   0.704000E+04  -0.303710E-08  -0.909692E-09   0.105229E-08
   0.706000E+04  -0.111225E-08  -0.476410E-08   0.694634E-10
   0.708000E+04   0.627111E-09  -0.857335E-08  -0.890087E-09
   0.710000E+04   0.195698E-08  -0.114509E-07  -0.157842E-08
   0.712000E+04   0.274879E-08  -0.126597E-07  -0.182619E-08
   0.714000E+04   0.299757E-08  -0.117738E-07  -0.157851E-08
   0.716000E+04   0.282228E-08  -0.877695E-08  -0.903793E-09
   0.718000E+04   0.243722E-08  -0.407725E-08   0.250843E-10
   0.720000E+04   0.209988E-08   0.156798E-08   0.972264E-09
   0.722000E+04   0.204633E-08   0.720246E-08   0.169328E-08
   0.724000E+04   0.242870E-08   0.118653E-07   0.199009E-08
   0.726000E+04   0.326930E-08   0.147883E-07   0.175478E-08
   0.728000E+04   0.444289E-08   0.155545E-07   0.992571E-09
   0.730000E+04   0.569271E-08   0.141808E-07  -0.180475E-09
   0.732000E+04   0.667860E-08   0.111089E-07  -0.156417E-08
   0.734000E+04   0.704822E-08   0.710114E-08  -0.291912E-08
   0.736000E+04   0.651700E-08   0.306626E-08  -0.401979E-08
   0.738000E+04   0.493981E-08  -0.150018E-09  -0.470371E-08
   0.740000E+04   0.235857E-08  -0.196144E-08  -0.490595E-08
   0.742000E+04  -0.985801E-09  -0.218067E-08  -0.467109E-08
   0.744000E+04  -0.468106E-08  -0.106775E-08  -0.413965E-08
   0.746000E+04  -0.820734E-08   0.726829E-09  -0.351177E-08
   0.748000E+04  -0.110253E-07   0.231574E-08  -0.299600E-08
   0.750000E+04  -0.126721E-07   0.279428E-08  -0.275417E-08
   0.752000E+04  -0.128464E-07   0.147849E-08  -0.285511E-08
   0.754000E+04  -0.114659E-07  -0.189191E-08  -0.324778E-08
   0.756000E+04  -0.868631E-08  -0.703464E-08  -0.376121E-08
   0.758000E+04  -0.487702E-08  -0.131233E-07  -0.413271E-08
   0.760000E+04  -0.559535E-09  -0.189123E-07  -0.406018E-08
   0.762000E+04   0.368023E-08  -0.229703E-07  -0.326897E-08
   0.764000E+04   0.728857E-08  -0.239798E-07  -0.158007E-08
   0.766000E+04   0.983137E-08  -0.210427E-07   0.103424E-08
   0.768000E+04   0.110564E-07  -0.139277E-07   0.441968E-08
   0.770000E+04   0.109204E-07  -0.320172E-08   0.824204E-08
   0.772000E+04   0.957760E-08   0.978962E-08   0.120242E-07
   0.774000E+04   0.733516E-08   0.231011E-07   0.152134E-07
   0.776000E+04   0.458602E-08   0.345010E-07   0.172681E-07
   0.778000E+04   0.173437E-08   0.418656E-07   0.177498E-07
   0.780000E+04  -0.871054E-09   0.435816E-07   0.164044E-07
   0.782000E+04  -0.298354E-08   0.388803E-07   0.132171E-07
   0.784000E+04  -0.447776E-08   0.280342E-07   0.843111E-08
   0.786000E+04  -0.534134E-08   0.123723E-07   0.252555E-08
   0.788000E+04  -0.564454E-08  -0.589763E-08  -0.384500E-08
   0.790000E+04  -0.549810E-08  -0.240335E-07  -0.994039E-08
   0.792000E+04  -0.501145E-08  -0.392127E-07  -0.150399E-07
   0.794000E+04  -0.426228E-08  -0.490151E-07  -0.185452E-07
   0.796000E+04  -0.328453E-08  -0.518471E-07  -0.200660E-07
   0.798000E+04  -0.207688E-08  -0.472277E-07  -0.194728E-07
   0.800000E+04  -0.627865E-09  -0.358839E-07  -0.169111E-07
   0.802000E+04   0.105058E-08  -0.196337E-07  -0.127736E-07
   0.804000E+04   0.289194E-08  -0.107821E-08  -0.763701E-08
   0.806000E+04   0.475648E-08   0.168431E-07  -0.217344E-08
   0.808000E+04   0.643262E-08   0.313541E-07   0.294820E-08
   0.810000E+04   0.766062E-08   0.403094E-07   0.715537E-08
   0.812000E+04   0.817543E-08   0.425453E-07   0.100453E-07
   0.814000E+04   0.776042E-08   0.380513E-07   0.114282E-07
   0.816000E+04   0.630055E-08   0.279365E-07   0.113349E-07
   0.818000E+04   0.382278E-08   0.141999E-07   0.999083E-08
   0.820000E+04   0.513683E-09  -0.647790E-09   0.776222E-08
   0.822000E+04  -0.329112E-08  -0.140401E-07   0.508546E-08
   0.824000E+04  -0.714580E-08  -0.238021E-07   0.239295E-08
   0.826000E+04  -0.105551E-07  -0.285099E-07   0.477165E-10
   0.828000E+04  -0.130471E-07  -0.277000E-07  -0.170273E-08
   0.830000E+04  -0.142442E-07  -0.218983E-07  -0.274717E-08
   0.832000E+04  -0.139207E-07  -0.124692E-07  -0.310487E-08
   0.834000E+04  -0.120370E-07  -0.132391E-08  -0.289708E-08
   0.836000E+04  -0.874553E-08   0.945356E-08  -0.230346E-08
   0.838000E+04  -0.436884E-08   0.179890E-07  -0.151363E-08
   0.840000E+04   0.644616E-09   0.229385E-07  -0.684343E-09
   0.842000E+04   0.577790E-08   0.236910E-07   0.890529E-10
   0.844000E+04   0.105066E-07   0.204246E-07   0.781484E-09
   0.846000E+04   0.143543E-07   0.140126E-07   0.142646E-08
   0.848000E+04   0.169357E-07   0.581092E-08   0.208747E-08
   0.850000E+04   0.179857E-07  -0.262832E-08   0.281993E-08
   0.852000E+04   0.173744E-07  -0.985626E-08   0.363354E-08
   0.854000E+04   0.151118E-07  -0.147826E-07   0.446492E-08
   0.856000E+04   0.113452E-07  -0.168421E-07   0.516905E-08
   0.858000E+04   0.635261E-08  -0.160485E-07   0.553367E-08
   0.860000E+04   0.533024E-09  -0.129332E-07   0.531641E-08
   0.862000E+04  -0.561017E-08  -0.839298E-08   0.429892E-08
   0.864000E+04  -0.114950E-07  -0.348124E-08   0.234797E-08
   0.866000E+04  -0.165011E-07   0.809525E-09  -0.529424E-09
   0.868000E+04  -0.200262E-07   0.373238E-08  -0.414991E-08
   0.870000E+04  -0.215570E-07   0.490434E-08  -0.814764E-08
   0.872000E+04  -0.207488E-07   0.434191E-08  -0.120040E-07
   0.874000E+04  -0.174997E-07   0.241504E-08  -0.151129E-07
   0.876000E+04  -0.120068E-07  -0.263304E-09  -0.168738E-07
   0.878000E+04  -0.478697E-08  -0.298342E-08  -0.167985E-07
   0.880000E+04   0.335041E-08  -0.508849E-08  -0.146136E-07
   0.882000E+04   0.113830E-07  -0.609774E-08  -0.103384E-07
   0.884000E+04   0.182040E-07  -0.578181E-08  -0.432147E-08
   0.886000E+04   0.227849E-07  -0.418136E-08   0.277617E-08
   0.888000E+04   0.243469E-07  -0.157208E-08   0.100537E-07
   0.890000E+04   0.225123E-07   0.161001E-08   0.164923E-07
   0.892000E+04   0.174038E-07   0.486319E-08   0.211092E-07
   0.894000E+04   0.966864E-08   0.771329E-08   0.231204E-07
   0.896000E+04   0.412669E-09   0.978814E-08   0.220838E-07
   0.898000E+04  -0.895126E-08   0.108619E-07   0.179972E-07
   0.900000E+04  -0.169226E-07   0.108669E-07   0.113293E-07
   0.902000E+04  -0.221649E-07   0.987667E-08   0.297525E-08
   0.904000E+04  -0.237472E-07   0.807070E-08  -0.586332E-08
   0.906000E+04  -0.213286E-07   0.569121E-08  -0.138554E-07
   0.908000E+04  -0.152494E-07   0.300282E-08  -0.197502E-07
   0.910000E+04  -0.650337E-08   0.261333E-09  -0.225834E-07
   0.912000E+04   0.340926E-08  -0.230629E-08  -0.218467E-07
   0.914000E+04   0.127292E-07  -0.451244E-08  -0.175870E-07
   0.916000E+04   0.197451E-07  -0.621429E-08  -0.104180E-07
   0.918000E+04   0.231066E-07  -0.731820E-08  -0.143641E-08
   0.920000E+04   0.220843E-07  -0.778570E-08   0.794466E-08
   0.922000E+04   0.167274E-07  -0.764053E-08   0.162212E-07
   0.924000E+04   0.788325E-08  -0.697307E-08   0.220444E-07
   0.926000E+04  -0.292882E-08  -0.593727E-08   0.244460E-07
   0.928000E+04  -0.137734E-07  -0.473509E-08   0.230042E-07
   0.930000E+04  -0.226400E-07  -0.358655E-08   0.179197E-07
   0.932000E+04  -0.278091E-07  -0.268763E-08   0.998685E-08
   0.934000E+04  -0.281768E-07  -0.216316E-08   0.464808E-09
   0.936000E+04  -0.234738E-07  -0.202582E-08  -0.913230E-08
   0.938000E+04  -0.143385E-07  -0.215358E-08  -0.172888E-07
   0.940000E+04  -0.222371E-08  -0.229633E-08  -0.227414E-07
   0.942000E+04   0.108471E-07  -0.211672E-08  -0.246901E-07
   0.944000E+04   0.226333E-07  -0.126287E-08  -0.229269E-07
   0.946000E+04   0.310756E-07   0.538622E-09  -0.178632E-07
   0.948000E+04   0.346677E-07   0.338806E-08  -0.104487E-07
   0.950000E+04   0.327308E-07   0.713903E-08  -0.199765E-08
   0.952000E+04   0.255407E-07   0.113679E-07   0.604559E-08
   0.954000E+04   0.142816E-07   0.154016E-07   0.123598E-07
   0.956000E+04   0.835983E-09   0.184084E-07   0.159742E-07
   0.958000E+04  -0.125525E-07   0.195422E-07   0.164286E-07
   0.960000E+04  -0.236786E-07   0.181177E-07   0.138401E-07
   0.962000E+04  -0.307653E-07   0.137828E-07   0.886466E-08
   0.964000E+04  -0.327707E-07   0.665245E-08   0.256299E-08
   0.966000E+04  -0.295561E-07  -0.263210E-08  -0.380259E-08
   0.968000E+04  -0.218865E-07  -0.129388E-07  -0.900317E-08
   0.970000E+04  -0.112656E-07  -0.227822E-07  -0.120659E-07
   0.972000E+04   0.360306E-09  -0.305471E-07  -0.124447E-07
   0.974000E+04   0.109720E-07  -0.347640E-07  -0.101088E-07
   0.976000E+04   0.188479E-07  -0.343886E-07  -0.553523E-08
   0.978000E+04   0.228662E-07  -0.290324E-07   0.390707E-09
   0.980000E+04   0.226828E-07  -0.190939E-07   0.654686E-08
   0.982000E+04   0.187540E-07  -0.575916E-08   0.117837E-07
   0.984000E+04   0.122047E-07   0.914076E-08   0.151331E-07
   0.986000E+04   0.457194E-08   0.233979E-07   0.159779E-07
   0.988000E+04  -0.252087E-08   0.347813E-07   0.141538E-07
   0.990000E+04  -0.769437E-08   0.414154E-07   0.996608E-08
   0.992000E+04  -0.100806E-07   0.421166E-07   0.412273E-08
   0.994000E+04  -0.947675E-08   0.366229E-07  -0.240176E-08
   0.996000E+04  -0.635629E-08   0.256713E-07  -0.854408E-08
   0.998000E+04  -0.174005E-08   0.109026E-07  -0.133377E-07
   0.100000E+05   0.304422E-08  -0.539429E-08  -0.160726E-07
   0.100200E+05   0.666146E-08  -0.206582E-07  -0.164029E-07
   0.100400E+05   0.806528E-08  -0.324861E-07  -0.143843E-07
   0.100600E+05   0.672911E-08  -0.390415E-07  -0.104416E-07
   0.100800E+05   0.276515E-08  -0.393683E-07  -0.527369E-08
   0.101000E+05  -0.309267E-08  -0.335516E-07   0.280977E-09
   0.101200E+05  -0.963759E-08  -0.226962E-07   0.539211E-08
   0.101400E+05  -0.154397E-07  -0.872634E-08   0.937190E-08
   0.101600E+05  -0.191449E-07   0.595734E-08   0.117726E-07
   0.101800E+05  -0.197622E-07   0.189008E-07   0.124339E-07
   0.102000E+05  -0.168804E-07   0.280232E-07   0.114758E-07
   0.102200E+05  -0.107703E-07   0.319686E-07   0.924443E-08
   0.102400E+05  -0.235061E-08   0.303226E-07   0.622576E-08
   0.102600E+05   0.697471E-08   0.236546E-07   0.294573E-08
   0.102800E+05   0.155779E-07   0.133832E-07  -0.122378E-09
   0.103000E+05   0.219145E-07   0.149334E-08  -0.262739E-08
   0.103200E+05   0.248176E-07  -0.983992E-08  -0.437666E-08
   0.103400E+05   0.237204E-07  -0.186486E-07  -0.533706E-08
   0.103600E+05   0.187667E-07  -0.235168E-07  -0.560550E-08
   0.103800E+05   0.107860E-07  -0.238114E-07  -0.535970E-08
   0.104000E+05   0.114142E-08  -0.197603E-07  -0.480239E-08
   0.104200E+05  -0.852051E-08  -0.123688E-07  -0.411182E-08
   0.104400E+05  -0.165695E-07  -0.319719E-08  -0.340857E-08
   0.104600E+05  -0.216830E-07   0.595527E-08  -0.274352E-08
   0.104800E+05  -0.230751E-07   0.133942E-07  -0.210660E-08
   0.105000E+05  -0.206221E-07   0.178386E-07  -0.145118E-08
   0.105200E+05  -0.148637E-07   0.186356E-07  -0.725674E-09
   0.105400E+05  -0.688420E-08   0.158476E-07   0.969099E-10
   0.105600E+05   0.190102E-08   0.101995E-07   0.999265E-09
   0.105800E+05   0.100092E-07   0.290525E-08   0.191497E-08
   0.106000E+05   0.161535E-07  -0.458887E-08   0.273935E-08
   0.106200E+05   0.194574E-07  -0.108889E-07   0.335295E-08
   0.106400E+05   0.195820E-07  -0.149115E-07   0.365150E-08
   0.106600E+05   0.167481E-07  -0.160671E-07   0.357479E-08
   0.106800E+05   0.116551E-07  -0.143377E-07   0.312716E-08
   0.107000E+05   0.531828E-08  -0.102403E-07   0.238437E-08
   0.107200E+05  -0.113813E-08  -0.469160E-08   0.148461E-08
   0.107400E+05  -0.669069E-08   0.119565E-08   0.604919E-09
   0.107600E+05  -0.105879E-07   0.633816E-08  -0.723712E-10
   0.107800E+05  -0.124533E-07   0.988565E-08  -0.396773E-09
   0.108000E+05  -0.123066E-07   0.113635E-07  -0.282795E-09
   0.108200E+05  -0.105053E-07   0.107311E-07   0.267463E-09
   0.108400E+05  -0.762826E-08   0.835044E-08   0.115704E-08
   0.108600E+05  -0.432885E-08   0.487809E-08   0.220405E-08
   0.108800E+05  -0.119371E-08   0.110823E-08   0.316778E-08
   0.109000E+05   0.136395E-08  -0.219827E-08   0.378698E-08
   0.109200E+05   0.315631E-08  -0.446288E-08   0.382440E-08
   0.109400E+05   0.421193E-08  -0.538786E-08   0.311070E-08
   0.109600E+05   0.471451E-08  -0.498836E-08   0.158072E-08
   0.109800E+05   0.490959E-08  -0.355663E-08  -0.703861E-09
   0.110000E+05   0.500608E-08  -0.157166E-08  -0.354941E-08
   0.110200E+05   0.509945E-08   0.422662E-09  -0.664464E-08
   0.110400E+05   0.513702E-08   0.194237E-08  -0.959362E-08
   0.110600E+05   0.493438E-08   0.266454E-08  -0.119640E-07
   0.110800E+05   0.423876E-08   0.248488E-08  -0.133454E-07
   0.111000E+05   0.282264E-08   0.152267E-08  -0.134105E-07
   0.111200E+05   0.582502E-09   0.760064E-10  -0.119706E-07
   0.111400E+05  -0.238466E-08  -0.145930E-08  -0.901810E-08
   0.111600E+05  -0.575067E-08  -0.268678E-08  -0.474762E-08
   0.111800E+05  -0.898444E-08  -0.329999E-08   0.448800E-09
   0.112000E+05  -0.114388E-07  -0.314716E-08   0.601539E-08
   0.112200E+05  -0.124813E-07  -0.225741E-08   0.112933E-07
   0.112400E+05  -0.116420E-07  -0.825063E-09   0.156025E-07
   0.112600E+05  -0.874562E-08   0.841701E-09   0.183362E-07
   0.112800E+05  -0.399648E-08   0.239434E-08   0.190530E-07
   0.113000E+05   0.200932E-08   0.352204E-08   0.175546E-07
   0.113200E+05   0.835308E-08   0.401681E-08   0.139342E-07
   0.113400E+05   0.139381E-07   0.381214E-08   0.858518E-08
   0.113600E+05   0.176860E-07   0.298834E-08   0.216468E-08
   0.113800E+05   0.187481E-07   0.174554E-08  -0.448631E-08
   0.114000E+05   0.166911E-07   0.352504E-09  -0.104578E-07
   0.114200E+05   0.116155E-07  -0.915768E-09  -0.149043E-07
   0.114400E+05   0.418010E-08  -0.183698E-08  -0.171781E-07
   0.114600E+05  -0.447921E-08  -0.228412E-08  -0.169376E-07
   0.114800E+05  -0.129282E-07  -0.224329E-08  -0.142148E-07
   0.115000E+05  -0.196801E-07  -0.180466E-08  -0.942378E-08
   0.115200E+05  -0.234661E-07  -0.113060E-08  -0.330832E-08
   0.115400E+05  -0.234787E-07  -0.410211E-09   0.316749E-08
   0.115600E+05  -0.195417E-07   0.187990E-09   0.896986E-08
   0.115800E+05  -0.121704E-07   0.553907E-09   0.131631E-07
   0.116000E+05  -0.250543E-08   0.655642E-09   0.150665E-07
   0.116200E+05   0.786922E-08   0.537659E-09   0.143729E-07
   0.116400E+05   0.171976E-07   0.299182E-09   0.112064E-07
   0.116600E+05   0.238618E-07   0.595023E-10   0.610803E-08
   0.116800E+05   0.266752E-07  -0.801168E-10  -0.517987E-10
   0.117000E+05   0.251046E-07  -0.677111E-10  -0.621905E-08
   0.117200E+05   0.193765E-07   0.831729E-10  -0.113367E-07
   0.117400E+05   0.104489E-07   0.296589E-09  -0.145285E-07
   0.117600E+05  -0.152444E-09   0.455883E-09  -0.152530E-07
   0.117800E+05  -0.106012E-07   0.438438E-09  -0.133997E-07
   0.118000E+05  -0.190956E-07   0.154528E-09  -0.930988E-08
   0.118200E+05  -0.241812E-07  -0.419925E-09  -0.371649E-08
   0.118400E+05  -0.250119E-07  -0.122567E-08   0.238628E-08
   0.118600E+05  -0.215004E-07  -0.212301E-08   0.792057E-08
   0.118800E+05  -0.143309E-07  -0.291601E-08   0.119178E-07
   0.119000E+05  -0.483067E-08  -0.339341E-08   0.136915E-07
   0.119200E+05   0.527496E-08  -0.337765E-08   0.129595E-07
   0.119400E+05   0.141792E-07  -0.277088E-08   0.989186E-08
   0.119600E+05   0.203225E-07  -0.158696E-08   0.507669E-08
   0.119800E+05   0.226733E-07   0.387014E-10  -0.588837E-09
   0.120000E+05   0.209077E-07   0.186532E-08  -0.606310E-08
   0.120200E+05   0.154566E-07   0.358688E-08  -0.103486E-07
   0.120400E+05   0.741318E-08   0.488908E-08  -0.126702E-07
   0.120600E+05  -0.168202E-08   0.551184E-08  -0.126103E-07
   0.120800E+05  -0.101348E-07   0.530448E-08  -0.101774E-07
   0.121000E+05  -0.164148E-07   0.426182E-08  -0.579600E-08
   0.121200E+05  -0.194373E-07   0.253289E-08  -0.222917E-09
   0.121400E+05  -0.187546E-07   0.399503E-09   0.559423E-08
   0.121600E+05  -0.146258E-07  -0.177217E-08   0.106879E-07
   0.121800E+05  -0.795023E-08  -0.359803E-08   0.142388E-07
   0.122000E+05  -0.822757E-10  -0.474797E-08   0.157115E-07
   0.122200E+05   0.743673E-08  -0.500910E-08   0.149327E-07
   0.122400E+05   0.131764E-07  -0.432790E-08   0.121026E-07
   0.122600E+05   0.160881E-07  -0.282262E-08   0.773802E-08
   0.122800E+05   0.156962E-07  -0.763245E-09   0.256458E-08
   0.123000E+05   0.121773E-07   0.147744E-08  -0.262158E-08
   0.123200E+05   0.631076E-08   0.349247E-08  -0.709346E-08
   0.123400E+05  -0.684059E-09   0.491592E-08  -0.103089E-07
   0.123600E+05  -0.739292E-08   0.549033E-08  -0.119818E-07
   0.123800E+05  -0.124841E-07   0.511357E-08  -0.121007E-07
   0.124000E+05  -0.149646E-07   0.385628E-08  -0.108935E-07
   0.124200E+05  -0.143664E-07   0.194683E-08  -0.875345E-08
   0.124400E+05  -0.108276E-07  -0.272998E-09  -0.614238E-08
   0.124600E+05  -0.505554E-08  -0.241294E-08  -0.349529E-08
   0.124800E+05   0.181886E-08  -0.410699E-08  -0.114455E-08
   0.125000E+05   0.846551E-08  -0.508024E-08   0.721873E-09
   0.125200E+05   0.136134E-07  -0.519708E-08   0.206324E-08
   0.125400E+05   0.162923E-07  -0.448204E-08   0.295408E-08
   0.125600E+05   0.160118E-07  -0.310995E-08   0.352920E-08
   0.125800E+05   0.128447E-07  -0.136794E-08   0.392209E-08
   0.126000E+05   0.740133E-08   0.402719E-09   0.421331E-08
   0.126200E+05   0.702001E-09   0.187328E-08   0.440238E-08
   0.126400E+05  -0.602555E-08   0.278959E-08   0.440957E-08
   0.126600E+05  -0.115823E-07   0.301782E-08   0.410645E-08
   0.126800E+05  -0.150221E-07   0.256527E-08   0.336622E-08
   0.127000E+05  -0.158208E-07   0.157307E-08   0.211964E-08
   0.127200E+05  -0.139601E-07   0.282813E-09   0.400728E-09
   0.127400E+05  -0.991229E-08  -0.101557E-08  -0.163155E-08
   0.127600E+05  -0.453212E-08  -0.204394E-08  -0.370373E-08
   0.127800E+05   0.112027E-08  -0.259192E-08  -0.547080E-08
   0.128000E+05   0.598873E-08  -0.255777E-08  -0.658388E-08
   0.128200E+05   0.922163E-08  -0.196618E-08  -0.676828E-08
   0.128400E+05   0.103250E-07  -0.959961E-09  -0.589416E-08
   0.128600E+05   0.924058E-08   0.232363E-09  -0.402236E-08
   0.128800E+05   0.633641E-08   0.134606E-08  -0.141293E-08
   0.129000E+05   0.231553E-08   0.213658E-08   0.150879E-08
   0.129200E+05  -0.193644E-08   0.243140E-08   0.422436E-08
   0.129400E+05  -0.553259E-08   0.216657E-08   0.621959E-08
   0.129600E+05  -0.775826E-08   0.140079E-08   0.708809E-08
   0.129800E+05  -0.820338E-08   0.304019E-09   0.661933E-08
   0.130000E+05  -0.682929E-08  -0.877146E-09   0.485184E-08
   0.130200E+05  -0.395986E-08  -0.187031E-08   0.207880E-08
   0.130400E+05  -0.201851E-09  -0.243423E-08  -0.119768E-08
   0.130600E+05   0.368671E-08  -0.241026E-08  -0.435634E-08
   0.130800E+05   0.695199E-08  -0.175792E-08  -0.677426E-08
   0.131000E+05   0.899182E-08  -0.567076E-09  -0.794926E-08
   0.131200E+05   0.946654E-08   0.956052E-09  -0.760255E-08
   0.131400E+05   0.835284E-08   0.252680E-08  -0.574048E-08
   0.131600E+05   0.593261E-08   0.383667E-08  -0.266158E-08
   0.131800E+05   0.272205E-08   0.461426E-08   0.109393E-08
   0.132000E+05  -0.642200E-09   0.468039E-08   0.484362E-08
   0.132200E+05  -0.353498E-08   0.398665E-08   0.789263E-08
   0.132400E+05  -0.546562E-08   0.262925E-08   0.966864E-08
   0.132600E+05  -0.616760E-08   0.834909E-09   0.983529E-08
   0.132800E+05  -0.563876E-08  -0.107892E-08   0.836118E-08
   0.133000E+05  -0.412594E-08  -0.276255E-08   0.553005E-08
   0.133200E+05  -0.206021E-08  -0.390033E-08   0.188912E-08
   0.133400E+05   0.422839E-10  -0.427198E-08  -0.185509E-08
   0.133600E+05   0.169194E-08  -0.379727E-08  -0.497363E-08
   0.133800E+05   0.252669E-08  -0.255510E-08  -0.685820E-08
   0.134000E+05   0.238225E-08  -0.772782E-09  -0.714220E-08
   0.134200E+05   0.131873E-08   0.121296E-08  -0.577580E-08
   0.134400E+05  -0.399960E-09   0.301641E-08  -0.303975E-08
   0.134600E+05  -0.236790E-08   0.427378E-08   0.505637E-09
   0.134800E+05  -0.412576E-08   0.471133E-08   0.412673E-08
   0.135000E+05  -0.525735E-08   0.419803E-08   0.705820E-08
   0.135200E+05  -0.547432E-08   0.277271E-08   0.865254E-08
   0.135400E+05  -0.467237E-08   0.640250E-09   0.850865E-08
   0.135600E+05  -0.294884E-08  -0.186270E-08   0.655429E-08
   0.135800E+05  -0.579778E-09  -0.432646E-08   0.306620E-08
   0.136000E+05   0.203744E-08  -0.634080E-08  -0.137650E-08
   0.136200E+05   0.446308E-08  -0.756796E-08  -0.599716E-08
   0.136400E+05   0.629915E-08  -0.780268E-08  -0.996493E-08
   0.136600E+05   0.726199E-08  -0.700840E-08  -0.125495E-07
   0.136800E+05   0.722959E-08  -0.532285E-08  -0.132582E-07
   0.137000E+05   0.625594E-08  -0.303216E-08  -0.119286E-07
   0.137200E+05   0.455110E-08  -0.518556E-09  -0.876119E-08
   0.137400E+05   0.243308E-08   0.180882E-08  -0.428313E-08
   0.137600E+05   0.262222E-09   0.358698E-08   0.746771E-09
   0.137800E+05  -0.162781E-08   0.456267E-08   0.547623E-08
   0.138000E+05  -0.298906E-08   0.463489E-08   0.911370E-08
   0.138200E+05  -0.369733E-08   0.386898E-08   0.110701E-07
   0.138400E+05  -0.376334E-08   0.248000E-08   0.110623E-07
   0.138600E+05  -0.331667E-08   0.789106E-09   0.915911E-08
   0.138800E+05  -0.256766E-08  -0.838446E-09   0.576304E-08
   0.139000E+05  -0.175644E-08  -0.206197E-08   0.153131E-08
   0.139200E+05  -0.110019E-08  -0.262769E-08  -0.274763E-08
   0.139400E+05  -0.749387E-09  -0.241347E-08  -0.629875E-08
   0.139600E+05  -0.761179E-09  -0.144793E-08  -0.849926E-08
   0.139800E+05  -0.109417E-08   0.987927E-10  -0.898619E-08
   0.140000E+05  -0.162409E-08   0.195033E-08  -0.771403E-08
   0.140200E+05  -0.217589E-08   0.377789E-08  -0.495289E-08
   0.140400E+05  -0.256449E-08   0.526216E-08  -0.122963E-08
   0.140600E+05  -0.263562E-08   0.615136E-08   0.277575E-08
   0.140800E+05  -0.229814E-08   0.630469E-08   0.635798E-08
   0.141000E+05  -0.154211E-08   0.571348E-08   0.891413E-08
   0.141200E+05  -0.439707E-09   0.449688E-08   0.100479E-07
   0.141400E+05   0.870186E-09   0.287369E-08   0.963166E-08
   0.141600E+05   0.220959E-08   0.111681E-08   0.781753E-08
   0.141800E+05   0.339511E-08  -0.500595E-09   0.499596E-08
   0.142000E+05   0.427080E-08  -0.175630E-08   0.171306E-08
   0.142200E+05   0.473375E-08  -0.251791E-08  -0.143689E-08
   0.142400E+05   0.474817E-08  -0.276226E-08  -0.392272E-08
   0.142600E+05   0.434612E-08  -0.257237E-08  -0.537026E-08
   0.142800E+05   0.361579E-08  -0.211317E-08  -0.562226E-08
   0.143000E+05   0.268068E-08  -0.159184E-08  -0.475470E-08
   0.143200E+05   0.167456E-08  -0.121092E-08  -0.304843E-08
   0.143400E+05   0.717379E-09  -0.112409E-08  -0.923750E-09
   0.143600E+05  -0.103269E-09  -0.140328E-08   0.114792E-08
   0.143800E+05  -0.742020E-09  -0.202378E-08   0.273734E-08
   0.144000E+05  -0.119594E-08  -0.286977E-08   0.353757E-08
   0.144200E+05  -0.149602E-08  -0.375909E-08   0.341640E-08
   0.144400E+05  -0.169265E-08  -0.448169E-08   0.243211E-08
   0.144600E+05  -0.183875E-08  -0.484414E-08   0.811535E-09
   0.144800E+05  -0.197441E-08  -0.471091E-08  -0.110362E-08
   0.145000E+05  -0.211627E-08  -0.403415E-08  -0.293017E-08
   0.145200E+05  -0.225359E-08  -0.286612E-08  -0.432126E-08
   0.145400E+05  -0.235155E-08  -0.135164E-08  -0.503322E-08
   0.145600E+05  -0.236056E-08   0.297896E-09  -0.496872E-08
   0.145800E+05  -0.222932E-08   0.184381E-08  -0.418882E-08
   0.146000E+05  -0.191868E-08   0.306505E-08  -0.289282E-08
   0.146200E+05  -0.141320E-08   0.379996E-08  -0.137138E-08
   0.146400E+05  -0.728159E-09   0.397667E-08   0.568003E-10
   0.146600E+05   0.896796E-10   0.362621E-08   0.111143E-08
   0.146800E+05   0.967361E-09   0.287581E-08   0.160675E-08
   0.147000E+05   0.181624E-08   0.192357E-08   0.148645E-08
   0.147200E+05   0.254552E-08   0.999417E-09   0.831219E-09
   0.147400E+05   0.307629E-08   0.319814E-09  -0.162048E-09
   0.147600E+05   0.335339E-08   0.450239E-10  -0.122414E-08
   0.147800E+05   0.335315E-08   0.247082E-09  -0.207134E-08
   0.148000E+05   0.308546E-08   0.894734E-09  -0.246523E-08
   0.148200E+05   0.259031E-08   0.185831E-08  -0.226258E-08
   0.148400E+05   0.192942E-08   0.293368E-08  -0.144558E-08
   0.148600E+05   0.117477E-08   0.388090E-08  -0.126969E-09
   0.148800E+05   0.396458E-09   0.447017E-08   0.147079E-08
   0.149000E+05  -0.348033E-09   0.452649E-08   0.305754E-08
   0.149200E+05  -0.102095E-08   0.396454E-08   0.433058E-08
   0.149400E+05  -0.160664E-08   0.280710E-08   0.503194E-08
   0.149600E+05  -0.210883E-08   0.118344E-08   0.499723E-08
   0.149800E+05  -0.254367E-08  -0.691975E-09   0.418683E-08
   0.150000E+05  -0.292997E-08  -0.255679E-08   0.269423E-08
   0.150200E+05  -0.327904E-08  -0.414682E-08   0.730281E-09
   0.150400E+05  -0.358635E-08  -0.524252E-08  -0.141308E-08
   0.150600E+05  -0.382708E-08  -0.570702E-08  -0.341271E-08
   0.150800E+05  -0.395688E-08  -0.550877E-08  -0.496852E-08
   0.151000E+05  -0.391814E-08  -0.472455E-08  -0.585230E-08
   0.151200E+05  -0.365095E-08  -0.352256E-08  -0.594321E-08
   0.151400E+05  -0.310689E-08  -0.212888E-08  -0.524404E-08
   0.151600E+05  -0.226306E-08  -0.784003E-09  -0.387666E-08
   0.151800E+05  -0.113347E-08   0.302255E-09  -0.205838E-08
   0.152000E+05   0.224777E-09   0.988655E-09  -0.642245E-10
   0.152200E+05   0.171226E-08   0.122604E-08   0.181779E-08
   0.152400E+05   0.319576E-08   0.106198E-08   0.333059E-08
   0.152600E+05   0.452362E-08   0.626002E-09   0.428426E-08
   0.152800E+05   0.554593E-08   0.984145E-10   0.457938E-08
   0.153000E+05   0.613647E-08  -0.330633E-09   0.421484E-08
   0.153200E+05   0.621268E-08  -0.503565E-09   0.328056E-08
   0.153400E+05   0.575021E-08  -0.330494E-09   0.193757E-08
   0.153600E+05   0.478941E-08   0.190216E-09   0.389860E-09
   0.153800E+05   0.343203E-08   0.970267E-09  -0.114681E-08
   0.154000E+05   0.182864E-08   0.184908E-08  -0.247437E-08
   0.154200E+05   0.158346E-09   0.262734E-08  -0.343608E-08
   0.154400E+05  -0.139599E-08   0.310951E-08  -0.393210E-08
   0.154600E+05  -0.267296E-08   0.314667E-08  -0.392590E-08
   0.154800E+05  -0.355416E-08   0.267063E-08  -0.344230E-08
   0.155000E+05  -0.397872E-08   0.171204E-08  -0.255869E-08
   0.155200E+05  -0.394825E-08   0.398464E-09  -0.139150E-08
   0.155400E+05  -0.352200E-08  -0.106759E-08  -0.803085E-10
   0.155600E+05  -0.280316E-08  -0.244658E-08   0.122862E-08
   0.155800E+05  -0.191905E-08  -0.350803E-08   0.239784E-08
   0.156000E+05  -0.999048E-09  -0.407566E-08   0.331231E-08
   0.156200E+05  -0.154177E-09  -0.406189E-08   0.389027E-08
   0.156400E+05   0.538063E-09  -0.348477E-08   0.409092E-08
   0.156600E+05   0.104116E-08  -0.246324E-08   0.391845E-08
   0.156800E+05   0.135850E-08  -0.119188E-08   0.342169E-08
   0.157000E+05   0.152460E-08   0.100035E-09   0.268912E-08
   0.157200E+05   0.159087E-08   0.119647E-08   0.183902E-08
   0.157400E+05   0.160938E-08   0.193941E-08   0.100513E-08
   0.157600E+05   0.161806E-08   0.226083E-08   0.318964E-09
   0.157800E+05   0.163058E-08   0.219480E-08  -0.109280E-09
   0.158000E+05   0.163301E-08   0.186671E-08  -0.208726E-09
   0.158200E+05   0.158780E-08   0.146160E-08   0.382743E-10
   0.158400E+05   0.144406E-08   0.117829E-08   0.589025E-09
   0.158600E+05   0.115198E-08   0.117892E-08   0.134221E-08
   0.158800E+05   0.678024E-09   0.154538E-08   0.214922E-08
   0.159000E+05   0.175871E-10   0.225237E-08   0.283437E-08
   0.159200E+05  -0.797655E-09   0.316401E-08   0.322138E-08
   0.159400E+05  -0.169961E-08   0.405584E-08   0.316259E-08
   0.159600E+05  -0.259109E-08   0.465843E-08   0.256589E-08
   0.159800E+05  -0.335948E-08   0.471444E-08   0.141500E-08
   0.160000E+05  -0.389428E-08   0.403718E-08  -0.221020E-09
   0.160200E+05  -0.410545E-08   0.255851E-08  -0.219128E-08
   0.160400E+05  -0.393913E-08   0.355153E-09  -0.427971E-08
   0.160600E+05  -0.338804E-08  -0.235284E-08  -0.623297E-08
   0.160800E+05  -0.249466E-08  -0.523246E-08  -0.779548E-08
   0.161000E+05  -0.134675E-08  -0.789166E-08  -0.874616E-08
   0.161200E+05  -0.660200E-10  -0.994673E-08  -0.893120E-08
   0.161400E+05   0.120800E-08  -0.110898E-07  -0.828752E-08
   0.161600E+05   0.233631E-08  -0.111431E-07  -0.685319E-08
   0.161800E+05   0.319803E-08  -0.100889E-07  -0.476323E-08
   0.162000E+05   0.370479E-08  -0.806881E-08  -0.223166E-08
   0.162200E+05   0.381005E-08  -0.535420E-08   0.477189E-09
   0.162400E+05   0.351256E-08  -0.229199E-08   0.308344E-08
   0.162600E+05   0.285407E-08   0.760486E-09   0.532700E-08
   0.162800E+05   0.191235E-08   0.349871E-08   0.699823E-08
   0.163000E+05   0.790893E-09   0.571846E-08   0.795986E-08
   0.163200E+05  -0.392869E-09   0.733775E-08   0.815772E-08
   0.163400E+05  -0.151944E-08   0.838914E-08   0.761993E-08
   0.163600E+05  -0.247794E-08   0.898533E-08   0.644614E-08
   0.163800E+05  -0.317502E-08   0.926706E-08   0.478965E-08
   0.164000E+05  -0.354155E-08   0.934676E-08   0.283610E-08
   0.164200E+05  -0.353737E-08   0.926300E-08   0.782198E-09
   0.164400E+05  -0.315390E-08   0.895809E-08  -0.118278E-08
   0.164600E+05  -0.241511E-08   0.828655E-08  -0.289113E-08
   0.164800E+05  -0.137643E-08   0.705449E-08  -0.420625E-08
   0.165000E+05  -0.121732E-09   0.508236E-08  -0.502838E-08
   0.165200E+05   0.124202E-08   0.227694E-08  -0.529788E-08
   0.165400E+05   0.259240E-08  -0.130505E-08  -0.499731E-08
   0.165600E+05   0.380131E-08  -0.541933E-08  -0.415325E-08
   0.165800E+05   0.474638E-08  -0.963550E-08  -0.283759E-08
   0.166000E+05   0.532298E-08  -0.133832E-07  -0.116740E-08
   0.166200E+05   0.545546E-08  -0.160388E-07   0.698415E-09
   0.166400E+05   0.510630E-08  -0.170393E-07   0.256734E-08
   0.166600E+05   0.428171E-08  -0.160015E-07   0.422773E-08
   0.166800E+05   0.303281E-08  -0.128236E-07   0.546942E-08
   0.167000E+05   0.145192E-08  -0.774427E-08   0.610922E-08
   0.167200E+05  -0.335526E-09  -0.134384E-08   0.601797E-08
   0.167400E+05  -0.218270E-08   0.551952E-08   0.514503E-08
   0.167600E+05  -0.393503E-08   0.118320E-07   0.353523E-08
   0.167800E+05  -0.544415E-08   0.165865E-07   0.133406E-08
   0.168000E+05  -0.658058E-08   0.189582E-07  -0.122179E-08
   0.168200E+05  -0.724372E-08   0.184603E-07  -0.382916E-08
   0.168400E+05  -0.736863E-08   0.150505E-07  -0.615608E-08
   0.168600E+05  -0.692939E-08   0.916451E-08  -0.788761E-08
   0.168800E+05  -0.593947E-08   0.166729E-08  -0.877294E-08
   0.169000E+05  -0.445006E-08  -0.627442E-08  -0.866589E-08
   0.169200E+05  -0.254682E-08  -0.133782E-07  -0.755168E-08
   0.169400E+05  -0.346090E-09  -0.184597E-07  -0.555430E-08
   0.169600E+05   0.200969E-08  -0.206368E-07  -0.292247E-08
   0.169800E+05   0.435731E-08  -0.194869E-07   0.482121E-11
   0.170000E+05   0.651974E-08  -0.151288E-07   0.284800E-08
   0.170200E+05   0.831523E-08  -0.821223E-08   0.524409E-08
   0.170400E+05   0.956927E-08   0.184716E-09   0.690184E-08
   0.170600E+05   0.101294E-07   0.873260E-08   0.764550E-08
   0.170800E+05   0.988201E-08   0.160726E-07   0.743969E-08
   0.171000E+05   0.876938E-08   0.210437E-07   0.639087E-08
   0.171200E+05   0.680502E-08   0.228756E-07   0.472540E-08
   0.171400E+05   0.408389E-08   0.213132E-07   0.274794E-08
   0.171600E+05   0.785255E-09   0.166514E-07   0.787715E-09
   0.171800E+05  -0.283418E-08   0.967563E-08  -0.857769E-09
   0.172000E+05  -0.645776E-08   0.151867E-08  -0.197149E-08
   0.172200E+05  -0.973627E-08  -0.653765E-08  -0.244968E-08
   0.172400E+05  -0.123232E-07  -0.132812E-07  -0.231312E-08
   0.172600E+05  -0.139141E-07  -0.177685E-07  -0.169537E-08
   0.172800E+05  -0.142848E-07  -0.194705E-07  -0.810962E-09
   0.173000E+05  -0.133237E-07  -0.183398E-07   0.901352E-10
   0.173200E+05  -0.110533E-07  -0.147914E-07   0.772718E-09
   0.173400E+05  -0.763693E-08  -0.960391E-08   0.106171E-08
   0.173600E+05  -0.336837E-08  -0.376159E-08   0.874266E-09
   0.173800E+05   0.135411E-08   0.173029E-08   0.232866E-09
   0.174000E+05   0.606813E-08   0.602306E-08  -0.742341E-09
   0.174200E+05   0.102969E-07   0.856279E-08  -0.185994E-08
   0.174400E+05   0.136024E-07   0.916606E-08  -0.289662E-08
   0.174600E+05   0.156353E-07   0.802290E-08  -0.364152E-08
   0.174800E+05   0.161764E-07   0.563065E-08  -0.393683E-08
   0.175000E+05   0.151625E-07   0.267519E-08  -0.370696E-08
   0.175200E+05   0.126953E-07  -0.115059E-09  -0.297101E-08
   0.175400E+05   0.903081E-08  -0.211318E-08  -0.183684E-08
   0.175600E+05   0.455122E-08  -0.290885E-08  -0.478513E-09
   0.175800E+05  -0.277818E-09  -0.237431E-08   0.897788E-09
   0.176000E+05  -0.495925E-08  -0.671845E-09   0.209229E-08
   0.176200E+05  -0.901972E-08   0.179505E-08   0.294705E-08
   0.176400E+05  -0.120614E-07   0.447395E-08   0.337148E-08
   0.176600E+05  -0.138045E-07   0.677883E-08   0.335374E-08
   0.176800E+05  -0.141152E-07   0.820499E-08   0.295653E-08
   0.177000E+05  -0.130173E-07   0.842169E-08   0.229904E-08
   0.177200E+05  -0.106843E-07   0.732643E-08   0.152963E-08
   0.177400E+05  -0.741617E-08   0.505310E-08   0.795087E-09
   0.177600E+05  -0.360085E-08   0.193594E-08   0.212797E-09
   0.177800E+05   0.332377E-09  -0.156084E-08  -0.148894E-09
   0.178000E+05   0.396305E-08  -0.493173E-08  -0.278942E-09
   0.178200E+05   0.692684E-08  -0.771881E-08  -0.219825E-09
   0.178400E+05   0.895453E-08  -0.958435E-08  -0.535821E-10
   0.178600E+05   0.989797E-08  -0.103549E-07   0.118537E-09
   0.178800E+05   0.974063E-08  -0.100316E-07   0.198054E-09
   0.179000E+05   0.859160E-08  -0.876857E-08   0.108279E-09
   0.179200E+05   0.666475E-08  -0.682631E-08  -0.193110E-09
   0.179400E+05   0.424613E-08  -0.451312E-08  -0.709570E-09
   0.179600E+05   0.165432E-08  -0.212644E-08  -0.140894E-08
   0.179800E+05  -0.800674E-09   0.939721E-10  -0.223234E-08
   0.180000E+05  -0.285468E-08   0.199330E-08  -0.310564E-08
   0.180200E+05  -0.431794E-08   0.350669E-08  -0.395030E-08
   0.180400E+05  -0.509178E-08   0.464406E-08  -0.469109E-08
   0.180600E+05  -0.517203E-08   0.546120E-08  -0.525968E-08
   0.180800E+05  -0.463959E-08   0.602542E-08  -0.559453E-08
   0.181000E+05  -0.364066E-08   0.638478E-08  -0.563915E-08
   0.181200E+05  -0.236021E-08   0.654798E-08  -0.534120E-08
   0.181400E+05  -0.993258E-09   0.647898E-08  -0.465510E-08
   0.181600E+05   0.281773E-09   0.610680E-08  -0.354946E-08
   0.181800E+05   0.132401E-08   0.534751E-08  -0.201909E-08
   0.182000E+05   0.204294E-08   0.413290E-08  -0.996044E-10
   0.182200E+05   0.240234E-08   0.243911E-08   0.211939E-08
   0.182400E+05   0.241606E-08   0.308755E-09   0.448694E-08
   0.182600E+05   0.213753E-08  -0.213827E-08   0.679357E-08
   0.182800E+05   0.164582E-08  -0.470782E-08   0.878700E-08
   0.183000E+05   0.103099E-08  -0.714841E-08   0.102010E-07
   0.183200E+05   0.381280E-09  -0.917949E-08   0.107943E-07
   0.183400E+05  -0.226377E-09  -0.105269E-07   0.103943E-07
   0.183600E+05  -0.731786E-09  -0.109605E-07   0.893737E-08
   0.183800E+05  -0.109338E-08  -0.103289E-07   0.649692E-08
   0.184000E+05  -0.128758E-08  -0.858685E-08   0.329272E-08
   0.184200E+05  -0.130708E-08  -0.581140E-08  -0.323802E-09
   0.184400E+05  -0.115917E-08  -0.220499E-08  -0.390876E-08
   0.184600E+05  -0.864928E-09   0.191575E-08  -0.698506E-08
   0.184800E+05  -0.459136E-09   0.614528E-08  -0.911360E-08
   0.185000E+05   0.975626E-11   0.100270E-07  -0.996465E-08
   0.185200E+05   0.480762E-09   0.131013E-07  -0.937704E-08
   0.185400E+05   0.883839E-09   0.149587E-07  -0.739363E-08
   0.185600E+05   0.114651E-08   0.152945E-07  -0.426534E-08
   0.185800E+05   0.120362E-08   0.139568E-07  -0.421130E-09
   0.186000E+05   0.100931E-08   0.109814E-07   0.359277E-08
   0.186200E+05   0.549176E-09   0.660781E-08   0.719510E-08
   0.186400E+05  -0.149945E-09   0.126990E-08   0.986003E-08
   0.186600E+05  -0.101527E-08  -0.444093E-08   0.112005E-07
   0.186800E+05  -0.193072E-08  -0.983861E-08   0.110300E-07
   0.187000E+05  -0.274808E-08  -0.142261E-07   0.939133E-08
   0.187200E+05  -0.330614E-08  -0.169903E-07   0.654825E-08
   0.187400E+05  -0.345582E-08  -0.176945E-07   0.293969E-08
   0.187600E+05  -0.308756E-08  -0.161548E-07  -0.894144E-09
   0.187800E+05  -0.215637E-08  -0.124857E-07  -0.440132E-08
   0.188000E+05  -0.699674E-09  -0.710476E-08  -0.710746E-08
   0.188200E+05   0.115607E-08  -0.691470E-09  -0.868908E-08
   0.188400E+05   0.320270E-08   0.589696E-08  -0.901854E-08
   0.188600E+05   0.517196E-08   0.117435E-07  -0.817344E-08
   0.188800E+05   0.676936E-08   0.160056E-07  -0.641009E-08
   0.189000E+05   0.771603E-08   0.180462E-07  -0.410723E-08
   0.189200E+05   0.779254E-08   0.175386E-07  -0.169161E-08
   0.189400E+05   0.687790E-08   0.145268E-07   0.440089E-09
   0.189600E+05   0.497734E-08   0.942966E-08   0.198827E-08
   0.189800E+05   0.223351E-08   0.298525E-08   0.279438E-08
   0.190000E+05  -0.108145E-08  -0.385849E-08   0.285496E-08
   0.190200E+05  -0.459339E-08  -0.100890E-07   0.230490E-08
   0.190400E+05  -0.787005E-08  -0.147881E-07   0.137515E-08
   0.190600E+05  -0.104761E-07  -0.172776E-07   0.335246E-09
   0.190800E+05  -0.120322E-07  -0.172275E-07  -0.566838E-09
   0.191000E+05  -0.122697E-07  -0.147070E-07  -0.115481E-08
   0.191200E+05  -0.110733E-07  -0.101702E-07  -0.135430E-08
   0.191400E+05  -0.850537E-08  -0.437772E-08  -0.119805E-08
   0.191600E+05  -0.480806E-08   0.173187E-08  -0.806537E-09
   0.191800E+05  -0.380945E-09   0.719918E-08  -0.349874E-09
   0.192000E+05   0.426273E-08   0.112018E-07  -0.492821E-12
   0.192200E+05   0.855707E-08   0.131861E-07   0.111879E-09
   0.192400E+05   0.119545E-07   0.129500E-07  -0.673467E-10
   0.192600E+05   0.139979E-07   0.106644E-07  -0.505003E-09
   0.192800E+05   0.143844E-07   0.682923E-08  -0.108980E-08
   0.193000E+05   0.130124E-07   0.217539E-08  -0.166138E-08
   0.193200E+05   0.100048E-07  -0.247031E-08  -0.205152E-08
   0.193400E+05   0.570266E-08  -0.633073E-08  -0.212723E-08
   0.193600E+05   0.631218E-09  -0.880917E-08  -0.182543E-08
   0.193800E+05  -0.456219E-08  -0.958216E-08  -0.117049E-08
   0.194000E+05  -0.918940E-08  -0.863956E-08  -0.270317E-09
   0.194200E+05  -0.126131E-07  -0.626688E-08   0.708468E-09
   0.194400E+05  -0.143368E-07  -0.297604E-08   0.158039E-08
   0.194600E+05  -0.140804E-07   0.600275E-09   0.218671E-08
   0.194800E+05  -0.118295E-07   0.382945E-08   0.243550E-08
   0.195000E+05  -0.784998E-08   0.619172E-08   0.232622E-08
   0.195200E+05  -0.266297E-08   0.736472E-08   0.195186E-08
   0.195400E+05   0.301864E-08   0.726562E-08   0.147728E-08
   0.195600E+05   0.838521E-08   0.604600E-08   0.109773E-08
   0.195800E+05   0.126449E-07   0.404325E-08   0.986755E-09
   0.196000E+05   0.151412E-07   0.170116E-08   0.124566E-08
   0.196200E+05   0.154563E-07  -0.523186E-09   0.186725E-08
   0.196400E+05   0.134826E-07  -0.224702E-08   0.272382E-08
   0.196600E+05   0.945018E-08  -0.322742E-08   0.358459E-08
   0.196800E+05   0.390275E-08  -0.339368E-08   0.416100E-08
   0.197000E+05  -0.237574E-08  -0.284251E-08   0.417175E-08
   0.197200E+05  -0.847537E-08  -0.180033E-08   0.341434E-08
   0.197400E+05  -0.134982E-07  -0.562720E-09   0.182705E-08
   0.197600E+05  -0.166986E-07   0.574487E-09  -0.473667E-09
   0.197800E+05  -0.176028E-07   0.137755E-08  -0.319146E-08
   0.198000E+05  -0.160879E-07   0.171800E-08  -0.588793E-08
   0.198200E+05  -0.124043E-07   0.158905E-08  -0.805584E-08
   0.198400E+05  -0.713839E-08   0.109370E-08  -0.921550E-08
   0.198600E+05  -0.111808E-08   0.409472E-09  -0.901608E-08
   0.198800E+05   0.472258E-08  -0.260855E-09  -0.732127E-08
   0.199000E+05   0.949792E-08  -0.740411E-09  -0.426021E-08
   0.199200E+05   0.125177E-07  -0.919633E-09  -0.230439E-09
   0.199400E+05   0.134007E-07  -0.778999E-09   0.415167E-08
   0.199600E+05   0.121351E-07  -0.388900E-09   0.814723E-08
   0.199800E+05   0.907357E-08   0.112226E-09   0.110224E-07
   0.200000E+05   0.486408E-08   0.555460E-09   0.121845E-07
   0.200200E+05   0.328027E-09   0.785311E-09   0.113014E-07
   0.200400E+05  -0.369187E-08   0.699481E-09   0.837895E-08
   0.200600E+05  -0.648643E-08   0.275276E-09   0.378203E-08
   0.200800E+05  -0.760867E-08  -0.423249E-09  -0.181106E-08
   0.201000E+05  -0.695218E-08  -0.125880E-08  -0.751292E-08
   0.201200E+05  -0.476422E-08  -0.205169E-08  -0.123747E-07
   0.201400E+05  -0.159078E-08  -0.262075E-08  -0.155512E-07
   0.201600E+05   0.183597E-08  -0.282505E-08  -0.164534E-07
   0.201800E+05   0.474641E-08  -0.259684E-08  -0.148602E-07
   0.202000E+05   0.648957E-08  -0.195847E-08  -0.109682E-07
   0.202200E+05   0.666597E-08  -0.101945E-08  -0.536749E-08
   0.202400E+05   0.521072E-08   0.456614E-10   0.105242E-08
   0.202600E+05   0.240999E-08   0.103367E-08   0.725190E-08
   0.202800E+05  -0.115348E-08   0.175555E-08   0.122193E-07
   0.203000E+05  -0.471590E-08   0.207632E-08   0.151460E-07
   0.203200E+05  -0.748683E-08   0.194365E-08   0.155677E-07
   0.203400E+05  -0.881228E-08   0.139890E-08   0.134451E-07
   0.203600E+05  -0.831394E-08   0.568674E-09   0.917043E-08
   0.203800E+05  -0.597594E-08  -0.361417E-09   0.349788E-08
   0.204000E+05  -0.216081E-08  -0.118495E-08  -0.258894E-08
   0.204200E+05   0.245052E-08  -0.171690E-08  -0.804930E-08
   0.204400E+05   0.698449E-08  -0.183100E-08  -0.119657E-07
   0.204600E+05   0.105430E-07  -0.148475E-08  -0.137007E-07
   0.204800E+05   0.123814E-07  -0.727210E-09  -0.130017E-07
   0.205000E+05   0.120620E-07   0.311756E-09  -0.100375E-07
   0.205200E+05   0.955068E-08   0.144793E-08  -0.535924E-08
   0.205400E+05   0.523799E-08   0.247937E-08   0.203360E-09
   0.205600E+05  -0.122939E-09   0.322538E-08   0.569282E-08
   0.205800E+05  -0.555069E-08   0.356015E-08   0.101919E-07
   0.206000E+05  -0.100180E-07   0.343446E-08   0.129799E-07
   0.206200E+05  -0.126480E-07   0.288168E-08   0.136489E-07
   0.206400E+05  -0.128865E-07   0.200766E-08   0.121619E-07
   0.206600E+05  -0.106168E-07   0.967237E-09   0.884391E-08
   0.206800E+05  -0.619377E-08  -0.672923E-10   0.431090E-08
   0.207000E+05  -0.389380E-09  -0.938979E-09  -0.648305E-09
   0.207200E+05   0.574214E-08  -0.153387E-08  -0.521410E-08
   0.207400E+05   0.110543E-07  -0.179833E-08  -0.867591E-08
   0.207600E+05   0.145191E-07  -0.174333E-08  -0.105452E-07
   0.207800E+05   0.154188E-07  -0.143598E-08  -0.106233E-07
   0.208000E+05   0.134832E-07  -0.980800E-09  -0.901545E-08
   0.208200E+05   0.894543E-08  -0.495678E-09  -0.609126E-08
   0.208400E+05   0.250658E-08  -0.875785E-10  -0.240336E-08
   0.208600E+05  -0.478516E-08   0.166812E-09   0.141892E-08
   0.208800E+05  -0.117186E-07   0.232092E-09   0.477981E-08
   0.209000E+05  -0.171325E-07   0.115337E-09   0.721154E-08
   0.209200E+05  -0.201194E-07  -0.141729E-09   0.843768E-08
   0.209400E+05  -0.201813E-07  -0.476880E-09   0.839717E-08
   0.209600E+05  -0.173118E-07  -0.824022E-09   0.722873E-08
   0.209800E+05  -0.119891E-07  -0.112827E-08   0.522297E-08
   0.210000E+05  -0.508412E-08  -0.135615E-08   0.275444E-08
   0.210200E+05   0.229861E-08  -0.149905E-08   0.208712E-09
   0.210400E+05   0.901630E-08  -0.156971E-08  -0.208152E-08
   0.210600E+05   0.140834E-07  -0.159347E-08  -0.388048E-08
   0.210800E+05   0.168321E-07  -0.159680E-08  -0.506808E-08
   0.211000E+05   0.170099E-07  -0.159653E-08  -0.563376E-08
   0.211200E+05   0.147996E-07  -0.159258E-08  -0.565062E-08
   0.211400E+05   0.107619E-07  -0.156614E-08  -0.523885E-08
   0.211600E+05   0.571410E-08  -0.148372E-08  -0.452819E-08
   0.211800E+05   0.571119E-09  -0.130604E-08  -0.362835E-08
   0.212000E+05  -0.382046E-08  -0.999549E-09  -0.261295E-08
   0.212200E+05  -0.682426E-08  -0.547575E-09  -0.151902E-08
   0.212400E+05  -0.810759E-08   0.416867E-10  -0.359489E-09
   0.212600E+05  -0.767257E-08   0.732454E-09   0.856551E-09
   0.212800E+05  -0.582377E-08   0.146481E-08   0.210296E-08
   0.213000E+05  -0.308322E-08   0.216378E-08   0.332172E-08
   0.213200E+05  -0.732659E-10   0.275213E-08   0.441913E-08
   0.213400E+05   0.260786E-08   0.316423E-08   0.527483E-08
   0.213600E+05   0.449324E-08   0.335794E-08   0.576204E-08
   0.213800E+05   0.531817E-08   0.332200E-08   0.577454E-08
   0.214000E+05   0.504444E-08   0.307739E-08   0.525395E-08
   0.214200E+05   0.383808E-08   0.267229E-08   0.421054E-08
   0.214400E+05   0.201007E-08   0.217196E-08   0.273220E-08
   0.214600E+05  -0.637663E-10   0.164564E-08   0.978341E-09
   0.214800E+05  -0.202454E-08   0.115327E-08  -0.840791E-09
   0.215000E+05  -0.359624E-08   0.735033E-09  -0.249621E-08
   0.215200E+05  -0.462342E-08   0.405545E-09  -0.377775E-08
   0.215400E+05  -0.507604E-08   0.154086E-09  -0.452995E-08
   0.215600E+05  -0.502457E-08  -0.496396E-10  -0.467950E-08
   0.215800E+05  -0.459558E-08  -0.245543E-09  -0.424868E-08
   0.216000E+05  -0.392166E-08  -0.471421E-09  -0.335240E-08
   0.216200E+05  -0.309987E-08  -0.752110E-09  -0.217899E-08
   0.216400E+05  -0.216979E-08  -0.109200E-08  -0.958283E-09
   0.216600E+05  -0.111618E-08  -0.147255E-08   0.774538E-10
   0.216800E+05   0.105550E-09  -0.185531E-08   0.732920E-09
   0.217000E+05   0.152943E-08  -0.218977E-08   0.882861E-09
   0.217200E+05   0.313703E-08  -0.242430E-08   0.493386E-09
   0.217400E+05   0.482720E-08  -0.251764E-08  -0.371766E-09
   0.217600E+05   0.640835E-08  -0.244852E-08  -0.156071E-08
   0.217800E+05   0.761889E-08  -0.222123E-08  -0.285688E-08
   0.218000E+05   0.817411E-08  -0.186585E-08  -0.401254E-08
   0.218200E+05   0.783067E-08  -0.143320E-08  -0.478717E-08
   0.218400E+05   0.645432E-08  -0.985278E-09  -0.498505E-08
   0.218600E+05   0.407426E-08  -0.583433E-09  -0.448661E-08
   0.218800E+05   0.909050E-09  -0.276504E-09  -0.326938E-08
   0.219000E+05  -0.264590E-08  -0.914851E-10  -0.141574E-08
   0.219200E+05  -0.607104E-08  -0.285465E-10   0.893639E-09
   0.219400E+05  -0.880859E-08  -0.614506E-10   0.339986E-08
   0.219600E+05  -0.103664E-07  -0.143230E-09   0.579706E-08
   0.219800E+05  -0.104196E-07  -0.215973E-09   0.777131E-08
   0.220000E+05  -0.888768E-08  -0.222744E-09   0.904246E-08
   0.220200E+05  -0.597018E-08  -0.119267E-09   0.940386E-08
   0.220400E+05  -0.212894E-08   0.116906E-09   0.875464E-08
   0.220600E+05   0.198236E-08   0.481483E-09   0.711997E-08
   0.220800E+05   0.563120E-08   0.943652E-09   0.465574E-08
   0.221000E+05   0.814162E-08   0.145130E-08   0.163550E-08
   0.221200E+05   0.902629E-08   0.194011E-08  -0.157965E-08
   0.221400E+05   0.808891E-08   0.234481E-08  -0.458591E-08
   0.221600E+05   0.547492E-08   0.261025E-08  -0.699081E-08
   0.221800E+05   0.165826E-08   0.270052E-08  -0.846959E-08
   0.222000E+05  -0.263642E-08   0.260421E-08  -0.881546E-08
   0.222200E+05  -0.656342E-08   0.233528E-08  -0.797565E-08
   0.222400E+05  -0.931450E-08   0.192939E-08  -0.606635E-08
   0.222600E+05  -0.102762E-07   0.143673E-08  -0.336264E-08
   0.222800E+05  -0.915576E-08   0.912757E-09  -0.263072E-09
   0.223000E+05  -0.604930E-08   0.408697E-09   0.276708E-08
   0.223200E+05  -0.143835E-08  -0.364583E-10   0.526607E-08
   0.223400E+05   0.388797E-08  -0.401049E-09   0.684852E-08
   0.223600E+05   0.897166E-08  -0.682226E-09   0.726885E-08
   0.223800E+05   0.128607E-07  -0.893754E-09   0.646413E-08
   0.224000E+05   0.147875E-07  -0.106079E-08   0.456786E-08
   0.224200E+05   0.143173E-07  -0.121282E-08   0.189136E-08
   0.224400E+05   0.114368E-07  -0.137619E-08  -0.112565E-08
   0.224600E+05   0.656631E-08  -0.156763E-08  -0.398737E-08
   0.224800E+05   0.490909E-09  -0.179002E-08  -0.622541E-08
   0.225000E+05  -0.577776E-08  -0.203101E-08  -0.747876E-08
   0.225200E+05  -0.111830E-07  -0.226461E-08  -0.755599E-08
   0.225400E+05  -0.148148E-07  -0.245546E-08  -0.646804E-08
   0.225600E+05  -0.160761E-07  -0.256485E-08  -0.442515E-08
   0.225800E+05  -0.147910E-07  -0.255733E-08  -0.179803E-08
   0.226000E+05  -0.112362E-07  -0.240693E-08   0.950084E-09
   0.226200E+05  -0.608690E-08  -0.210182E-08   0.334823E-08
   0.226400E+05  -0.290569E-09  -0.164684E-08   0.500360E-08
   0.226600E+05   0.511071E-08  -0.106352E-08   0.567261E-08
   0.226800E+05   0.917367E-08  -0.387703E-09   0.530348E-08
   0.227000E+05   0.112274E-07   0.334630E-09   0.404243E-08
   0.227200E+05   0.109940E-07   0.105284E-08   0.220217E-08
   0.227400E+05   0.863383E-08   0.171738E-08   0.198783E-09
   0.227600E+05   0.470776E-08   0.228506E-08  -0.153077E-08
   0.227800E+05   0.632095E-10   0.272318E-08  -0.261451E-08
   0.228000E+05  -0.433255E-08   0.301203E-08  -0.281799E-08
   0.228200E+05  -0.758039E-08   0.314552E-08  -0.208940E-08
   0.228400E+05  -0.902221E-08   0.313009E-08  -0.568616E-09
   0.228600E+05  -0.836585E-08   0.298221E-08   0.144146E-08
   0.228800E+05  -0.573855E-08   0.272486E-08   0.353523E-08
   0.229000E+05  -0.165928E-08   0.238367E-08   0.528442E-08
   0.229200E+05   0.306384E-08   0.198333E-08   0.632174E-08
   0.229400E+05   0.749106E-08   0.154473E-08   0.641160E-08
   0.229600E+05   0.107325E-07   0.108336E-08   0.549415E-08
   0.229800E+05   0.121191E-07   0.609003E-09   0.369422E-08
   0.230000E+05   0.113298E-07   0.126921E-09   0.129402E-08
   0.230200E+05   0.845245E-08  -0.359868E-09  -0.132433E-08
   0.230400E+05   0.396600E-08  -0.847605E-09  -0.375428E-08
   0.230600E+05  -0.135057E-08  -0.132870E-08  -0.564280E-08
   0.230800E+05  -0.656489E-08  -0.178924E-08  -0.675498E-08
   0.231000E+05  -0.107649E-07  -0.220766E-08  -0.701249E-08
   0.231200E+05  -0.132262E-07  -0.255512E-08  -0.649870E-08
   0.231400E+05  -0.135426E-07  -0.279778E-08  -0.543048E-08
   0.231600E+05  -0.116938E-07  -0.290086E-08  -0.410332E-08
   0.231800E+05  -0.804229E-08  -0.283407E-08  -0.282225E-08
   0.232000E+05  -0.325766E-08  -0.257756E-08  -0.183359E-08
   0.232200E+05   0.181248E-08  -0.212749E-08  -0.127226E-08
   0.232400E+05   0.630131E-08  -0.149999E-08  -0.113594E-08
   0.232600E+05   0.948003E-08  -0.732821E-09  -0.129120E-08
   0.232800E+05   0.108841E-07   0.116211E-09  -0.151023E-08
   0.233000E+05   0.103861E-07   0.974066E-09  -0.152977E-08
   0.233200E+05   0.820291E-08   0.176020E-08  -0.111926E-08
   0.233400E+05   0.483870E-08   0.239633E-08  -0.143126E-09
   0.233600E+05   0.976787E-09   0.281673E-08   0.139672E-08
   0.233800E+05  -0.265710E-08   0.297769E-08   0.334797E-08
   0.234000E+05  -0.543281E-08   0.286423E-08   0.542814E-08
   0.234200E+05  -0.692855E-08   0.249306E-08   0.727447E-08
   0.234400E+05  -0.699798E-08   0.191088E-08   0.851387E-08
   0.234600E+05  -0.578052E-08   0.118813E-08   0.883863E-08
   0.234800E+05  -0.365565E-08   0.409048E-09   0.807255E-08
   0.235000E+05  -0.115255E-08  -0.340617E-09   0.621376E-08
   0.235200E+05   0.116504E-08  -0.986008E-09   0.344505E-08
   0.235400E+05   0.281495E-08  -0.147377E-08   0.109118E-09
   0.235600E+05   0.349043E-08  -0.177886E-08  -0.334687E-08
   0.235800E+05   0.311402E-08  -0.190645E-08  -0.644689E-08
   0.236000E+05   0.184235E-08  -0.188830E-08  -0.876744E-08
   0.236200E+05   0.227539E-10  -0.177455E-08  -0.100089E-07
   0.236400E+05  -0.188755E-08  -0.162210E-08  -0.100440E-07
   0.236600E+05  -0.342192E-08  -0.148201E-08  -0.893346E-08
   0.236800E+05  -0.420343E-08  -0.138826E-08  -0.690797E-08
   0.237000E+05  -0.402232E-08  -0.135013E-08  -0.431978E-08
   0.237200E+05  -0.287703E-08  -0.134981E-08  -0.157440E-08
   0.237400E+05  -0.971232E-09  -0.134593E-08   0.943680E-09
   0.237600E+05   0.133093E-08  -0.128242E-08   0.293692E-08
   0.237800E+05   0.358133E-08  -0.110122E-08   0.423981E-08
   0.238000E+05   0.533971E-08  -0.756232E-09   0.483529E-08
   0.238200E+05   0.626184E-08  -0.226058E-09   0.484071E-08
   0.238400E+05   0.616656E-08   0.477437E-09   0.446774E-08
   0.238600E+05   0.506871E-08   0.130641E-08   0.396556E-08
   0.238800E+05   0.317248E-08   0.218119E-08   0.356008E-08
   0.239000E+05   0.827673E-09   0.300071E-08   0.340192E-08
   0.239200E+05  -0.154144E-08   0.365773E-08   0.353391E-08
   0.239400E+05  -0.351943E-08   0.405602E-08   0.388451E-08
   0.239600E+05  -0.477852E-08   0.412661E-08   0.428765E-08
   0.239800E+05  -0.513748E-08   0.383994E-08   0.452449E-08
   0.240000E+05  -0.458961E-08   0.321176E-08   0.437758E-08
   0.240200E+05  -0.329578E-08   0.230161E-08   0.368589E-08
   0.240400E+05  -0.154512E-08   0.120408E-08   0.238888E-08
   0.240600E+05   0.307263E-09   0.343805E-10   0.550304E-09
   0.240800E+05   0.191228E-08  -0.108903E-08  -0.164348E-08
   0.241000E+05   0.299385E-08  -0.206180E-08  -0.391053E-08
   0.241200E+05   0.339770E-08  -0.280787E-08  -0.592068E-08
   0.241400E+05   0.311333E-08  -0.328804E-08  -0.735409E-08
   0.241600E+05   0.226592E-08  -0.350177E-08  -0.795979E-08
   0.241800E+05   0.108168E-08  -0.348212E-08  -0.760303E-08
   0.242000E+05  -0.165324E-09  -0.328529E-08  -0.629264E-08
   0.242200E+05  -0.121265E-08  -0.297704E-08  -0.418334E-08
   0.242400E+05  -0.186310E-08  -0.261878E-08  -0.155280E-08
   0.242600E+05  -0.202157E-08  -0.225620E-08   0.124231E-08
   0.242800E+05  -0.170840E-08  -0.191238E-08   0.382300E-08
   0.243000E+05  -0.104776E-08  -0.158651E-08   0.584745E-08
   0.243200E+05  -0.234495E-09  -0.125803E-08   0.706277E-08
   0.243400E+05   0.512441E-09  -0.895030E-09   0.734075E-08
   0.243600E+05   0.999634E-09  -0.464637E-09   0.669198E-08
   0.243800E+05   0.110138E-08   0.567230E-10   0.525711E-08
   0.244000E+05   0.785718E-09   0.675503E-09   0.327790E-08
   0.244200E+05   0.119490E-09   0.137705E-08   0.105397E-08
   0.244400E+05  -0.747973E-09   0.212601E-08  -0.110668E-08
   0.244600E+05  -0.161835E-08   0.287067E-08  -0.293467E-08
   0.244800E+05  -0.228750E-08   0.354997E-08  -0.423642E-08
   0.245000E+05  -0.258902E-08   0.410153E-08  -0.491592E-08
   0.245200E+05  -0.242915E-08   0.446892E-08  -0.497897E-08
   0.245400E+05  -0.180607E-08   0.460707E-08  -0.452046E-08
   0.245600E+05  -0.810136E-09   0.448515E-08  -0.369861E-08
   0.245800E+05   0.394432E-09   0.408730E-08  -0.270134E-08
   0.246000E+05   0.160213E-08   0.341197E-08  -0.171137E-08
   0.246200E+05   0.260600E-08   0.247125E-08  -0.875909E-09
   0.246400E+05   0.323646E-08   0.129108E-08  -0.285660E-09
   0.246600E+05   0.339165E-08  -0.869948E-10   0.340754E-10
   0.246800E+05   0.305351E-08  -0.160289E-08   0.119836E-09
   0.247000E+05   0.228729E-08  -0.317499E-08   0.556142E-10
   0.247200E+05   0.122534E-08  -0.469885E-08  -0.489823E-10
   0.247400E+05   0.393861E-10  -0.604950E-08  -0.836730E-10
   0.247600E+05  -0.109271E-08  -0.708902E-08   0.389931E-10
   0.247800E+05  -0.201866E-08  -0.767981E-08   0.365565E-09
   0.248000E+05  -0.263588E-08  -0.770278E-08   0.891903E-09
   0.248200E+05  -0.290381E-08  -0.707828E-08   0.156300E-08
   0.248400E+05  -0.284288E-08  -0.578603E-08   0.228212E-08
   0.248600E+05  -0.252143E-08  -0.388002E-08   0.292749E-08
   0.248800E+05  -0.203445E-08  -0.149430E-08   0.337353E-08
   0.249000E+05  -0.147919E-08   0.116318E-08   0.351315E-08
   0.249200E+05  -0.933396E-09   0.382963E-08   0.327735E-08
   0.249400E+05  -0.440533E-09   0.621787E-08   0.264903E-08
   0.249600E+05  -0.501350E-11   0.805443E-08   0.166864E-08
   0.249800E+05   0.402217E-09   0.911926E-08   0.430812E-09
   0.250000E+05   0.829584E-09   0.928053E-08  -0.927619E-09
   0.250200E+05   0.132594E-08   0.851795E-08  -0.224640E-08
   0.250400E+05   0.192143E-08   0.692964E-08  -0.336454E-08
   0.250600E+05   0.261271E-08   0.472063E-08  -0.414344E-08
   0.250800E+05   0.335599E-08   0.217387E-08  -0.448667E-08
   0.251000E+05   0.406968E-08  -0.391728E-09  -0.435353E-08
   0.251200E+05   0.464622E-08  -0.266925E-08  -0.376399E-08
   0.251400E+05   0.497088E-08  -0.440938E-08  -0.279454E-08
   0.251600E+05   0.494354E-08  -0.545558E-08  -0.156557E-08
   0.251800E+05   0.449945E-08  -0.576251E-08  -0.222569E-09
   0.252000E+05   0.362446E-08  -0.539465E-08   0.108559E-08
   0.252200E+05   0.236209E-08  -0.450567E-08   0.222753E-08
   0.252400E+05   0.810718E-09  -0.330326E-08   0.310590E-08
   0.252600E+05  -0.888295E-09  -0.200647E-08   0.366679E-08
   0.252800E+05  -0.256956E-08  -0.804634E-09   0.390080E-08
   0.253000E+05  -0.406620E-08   0.173959E-09   0.383610E-08
   0.253200E+05  -0.523213E-08   0.877308E-09   0.352532E-08
   0.253400E+05  -0.596040E-08   0.132631E-08   0.302958E-08
   0.253600E+05  -0.619483E-08   0.159421E-08   0.240330E-08
   0.253800E+05  -0.593370E-08   0.177431E-08   0.168332E-08
   0.254000E+05  -0.522548E-08   0.194422E-08   0.884974E-09
   0.254200E+05  -0.415828E-08   0.213564E-08   0.593113E-11
   0.254400E+05  -0.284534E-08   0.231790E-08  -0.962960E-09
   0.254600E+05  -0.140946E-08   0.240018E-08  -0.202257E-08
   0.254800E+05   0.308819E-10   0.225312E-08  -0.315004E-08
   0.255000E+05   0.137193E-08   0.174583E-08  -0.428732E-08
   0.255200E+05   0.253043E-08   0.790004E-09  -0.533755E-08
   0.255400E+05   0.344501E-08  -0.619241E-09  -0.617164E-08
   0.255600E+05   0.407424E-08  -0.237685E-08  -0.664528E-08
   0.255800E+05   0.439296E-08  -0.426407E-08  -0.662419E-08
   0.256000E+05   0.438868E-08  -0.597154E-08  -0.601332E-08
   0.256200E+05   0.405959E-08  -0.714782E-08  -0.478406E-08
   0.256400E+05   0.341494E-08  -0.746569E-08  -0.299355E-08
   0.256600E+05   0.247776E-08  -0.669412E-08  -0.790670E-09
   0.256800E+05   0.128915E-08  -0.476122E-08   0.159432E-08
   0.257000E+05  -0.875393E-10  -0.179367E-08   0.387657E-08
   0.257200E+05  -0.156425E-08   0.187814E-08   0.575688E-08
   0.257400E+05  -0.302930E-08   0.575407E-08   0.696925E-08
   0.257600E+05  -0.435309E-08   0.923476E-08   0.732761E-08
   0.257800E+05  -0.539855E-08   0.117184E-07   0.676319E-08
   0.258000E+05  -0.603582E-08   0.127078E-07   0.534490E-08
   0.258200E+05  -0.615921E-08   0.119074E-07   0.327745E-08
   0.258400E+05  -0.570417E-08   0.929271E-08   0.876243E-09
   0.258600E+05  -0.466127E-08   0.513541E-08  -0.147844E-08
   0.258800E+05  -0.308473E-08  -0.220469E-10  -0.340092E-08
   0.259000E+05  -0.109333E-08  -0.544158E-08  -0.456376E-08
   0.259200E+05   0.113736E-08  -0.103032E-07  -0.475438E-08
   0.259400E+05   0.339103E-08  -0.138387E-07  -0.391472E-08
   0.259600E+05   0.543364E-08  -0.154622E-07  -0.215606E-08
   0.259800E+05   0.704042E-08  -0.148744E-07   0.254416E-09
   0.260000E+05   0.802360E-08  -0.121198E-07   0.293393E-08
   0.260200E+05   0.825685E-08  -0.758791E-08   0.544515E-08
   0.260400E+05   0.769312E-08  -0.195344E-08   0.736796E-08
   0.260600E+05   0.637300E-08   0.393179E-08   0.836963E-08
   0.260800E+05   0.442225E-08   0.917929E-08   0.826151E-08
   0.261000E+05   0.203852E-08   0.130110E-07   0.703192E-08
   0.261200E+05  -0.531114E-09   0.148874E-07   0.484954E-08
   0.261400E+05  -0.301896E-08   0.145944E-07   0.203631E-08
   0.261600E+05  -0.516803E-08   0.122728E-07  -0.985663E-09
   0.261800E+05  -0.676171E-08   0.838646E-08  -0.376402E-08
   0.262000E+05  -0.764788E-08   0.363481E-08  -0.589086E-08
   0.262200E+05  -0.775458E-08  -0.117401E-08  -0.706933E-08
   0.262400E+05  -0.709517E-08  -0.526590E-08  -0.716070E-08
   0.262600E+05  -0.576305E-08  -0.803355E-08  -0.620386E-08
   0.262800E+05  -0.391688E-08  -0.913573E-08  -0.440437E-08
   0.263000E+05  -0.175898E-08  -0.854565E-08  -0.209548E-08
   0.263200E+05   0.489841E-09  -0.654112E-08   0.321603E-09
   0.263400E+05   0.261552E-08  -0.363974E-08   0.244723E-08
   0.263600E+05   0.443259E-08  -0.492679E-09   0.395004E-08
   0.263800E+05   0.580031E-08   0.224231E-08   0.461942E-08
   0.264000E+05   0.663159E-08   0.402439E-08   0.439463E-08
   0.264200E+05   0.689455E-08   0.452691E-08   0.336634E-08
   0.264400E+05   0.660782E-08   0.369116E-08   0.175129E-08
   0.264600E+05   0.583117E-08   0.172790E-08  -0.154185E-09
   0.264800E+05   0.465393E-08  -0.931871E-09  -0.203243E-08
   0.265000E+05   0.318320E-08  -0.372610E-08  -0.360306E-08
   0.265200E+05   0.153358E-08  -0.607283E-08  -0.467093E-08
   0.265400E+05  -0.180529E-09  -0.748155E-08  -0.515467E-08
   0.265600E+05  -0.184997E-08  -0.764416E-08  -0.509111E-08
   0.265800E+05  -0.337375E-08  -0.648882E-08  -0.461576E-08
   0.266000E+05  -0.466092E-08  -0.418822E-08  -0.392409E-08
   0.266200E+05  -0.563249E-08  -0.112216E-08  -0.322221E-08
   0.266400E+05  -0.622433E-08   0.219681E-08  -0.267744E-08
   0.266600E+05  -0.639138E-08   0.521954E-08  -0.237919E-08
   0.266800E+05  -0.611291E-08   0.745946E-08  -0.231844E-08
   0.267000E+05  -0.539775E-08   0.857633E-08  -0.239006E-08
   0.267200E+05  -0.428828E-08   0.842995E-08  -0.241791E-08
   0.267400E+05  -0.286150E-08   0.709529E-08  -0.219745E-08
   0.267600E+05  -0.122609E-08   0.483838E-08  -0.154738E-08
   0.267800E+05   0.485101E-09   0.205950E-08  -0.359475E-09
   0.268000E+05   0.212691E-08  -0.784024E-09   0.136411E-08
   0.268200E+05   0.355681E-08  -0.325998E-08   0.349445E-08
   0.268400E+05   0.465095E-08  -0.503292E-08   0.578498E-08
   0.268600E+05   0.531904E-08  -0.591306E-08   0.790577E-08
   0.268800E+05   0.551543E-08  -0.587477E-08   0.949761E-08
   0.269000E+05   0.524476E-08  -0.504403E-08   0.102364E-07
   0.269200E+05   0.456083E-08  -0.365923E-08   0.989638E-08
   0.269400E+05   0.355899E-08  -0.201543E-08   0.839945E-08
   0.269600E+05   0.236289E-08  -0.403661E-09   0.584183E-08
   0.269800E+05   0.110789E-08   0.942280E-09   0.249107E-08
   0.270000E+05  -0.763803E-10   0.188217E-08  -0.124677E-08
   0.270200E+05  -0.108165E-08   0.238305E-08  -0.488519E-08
   0.270400E+05  -0.183248E-08   0.250971E-08  -0.793115E-08
   0.270600E+05  -0.229216E-08   0.239586E-08  -0.996246E-08
   0.270800E+05  -0.246267E-08   0.220351E-08  -0.106952E-07
   0.271000E+05  -0.237915E-08   0.208002E-08  -0.100299E-07
   0.271200E+05  -0.210052E-08   0.212179E-08  -0.806774E-08
   0.271400E+05  -0.169825E-08   0.235189E-08  -0.509450E-08
   0.271600E+05  -0.124521E-08   0.271552E-08  -0.153509E-08
   0.271800E+05  -0.806510E-09   0.309337E-08   0.211403E-08
   0.272000E+05  -0.433347E-09   0.332932E-08   0.536226E-08
   0.272200E+05  -0.160250E-09   0.326650E-08   0.779916E-08
   0.272400E+05  -0.521254E-11   0.278396E-08   0.915315E-08
   0.272600E+05   0.281851E-10   0.182696E-08   0.932511E-08
   0.272800E+05  -0.521261E-10   0.424883E-09   0.839226E-08
   0.273000E+05  -0.229340E-09  -0.130622E-08   0.658278E-08
   0.273200E+05  -0.479503E-09  -0.317695E-08   0.422725E-08
   0.273400E+05  -0.772266E-09  -0.495109E-08   0.169640E-08
   0.273600E+05  -0.107114E-08  -0.638088E-08  -0.662854E-09
   0.273800E+05  -0.133408E-08  -0.724510E-08  -0.258147E-08
   0.274000E+05  -0.151543E-08  -0.738395E-08  -0.390340E-08
   0.274200E+05  -0.156969E-08  -0.672558E-08  -0.459653E-08
   0.274400E+05  -0.145745E-08  -0.530037E-08  -0.473908E-08
   0.274600E+05  -0.115274E-08  -0.324125E-08  -0.448616E-08
   0.274800E+05  -0.650606E-09  -0.770085E-09  -0.402451E-08
   0.275000E+05   0.268431E-10   0.182797E-08  -0.352566E-08
   0.275200E+05   0.827767E-09   0.423888E-08  -0.310745E-08
   0.275400E+05   0.167267E-08   0.615867E-08  -0.281180E-08
   0.275600E+05   0.246198E-08   0.733232E-08  -0.260277E-08
   0.275800E+05   0.308866E-08   0.758790E-08  -0.238459E-08
   0.276000E+05   0.345436E-08   0.686189E-08  -0.203475E-08
   0.276200E+05   0.348653E-08   0.521222E-08  -0.144441E-08
   0.276400E+05   0.315343E-08   0.281689E-08  -0.556257E-09
   0.276600E+05   0.247393E-08  -0.424698E-10   0.609013E-09
   0.276800E+05   0.151968E-08  -0.301136E-08   0.194441E-08
   0.277000E+05   0.408365E-09  -0.570439E-08   0.326923E-08
   0.277200E+05  -0.711595E-09  -0.775416E-08   0.436078E-08
   0.277400E+05  -0.168296E-08  -0.886107E-08   0.499914E-08
   0.277600E+05  -0.236486E-08  -0.883726E-08   0.501592E-08
   0.277800E+05  -0.265700E-08  -0.763827E-08   0.433655E-08
   0.278000E+05  -0.251855E-08  -0.537654E-08   0.300669E-08
   0.278200E+05  -0.197807E-08  -0.231371E-08   0.119605E-08
   0.278400E+05  -0.113210E-08   0.116918E-08  -0.822654E-09
   0.278600E+05  -0.132048E-09   0.462050E-08  -0.271692E-08
   0.278800E+05   0.838870E-09   0.758003E-08  -0.415262E-08
   0.279000E+05   0.159535E-08   0.964517E-08  -0.485656E-08
   0.279200E+05   0.198145E-08   0.105317E-07  -0.467141E-08
   0.279400E+05   0.189849E-08   0.101189E-07  -0.359222E-08
   0.279600E+05   0.132463E-08   0.847101E-08  -0.177646E-08
   0.279800E+05   0.322484E-09   0.583131E-08   0.475348E-09
   0.280000E+05  -0.966950E-09   0.258721E-08   0.276619E-08
   0.280200E+05  -0.234338E-08  -0.787713E-09   0.466886E-08
   0.280400E+05  -0.357666E-08  -0.380661E-08   0.580046E-08
   0.280600E+05  -0.444215E-08  -0.604552E-08   0.589204E-08
   0.280800E+05  -0.475633E-08  -0.721005E-08   0.484064E-08
   0.281000E+05  -0.440735E-08  -0.718144E-08   0.273399E-08
   0.281200E+05  -0.337543E-08  -0.603375E-08  -0.157200E-09
   0.281400E+05  -0.174004E-08  -0.401915E-08  -0.341855E-08
   0.281600E+05   0.327428E-09  -0.152336E-08  -0.655681E-08
   0.281800E+05   0.258448E-08   0.100105E-08  -0.907915E-08
   0.282000E+05   0.474889E-08   0.311220E-08  -0.105736E-07
   0.282200E+05   0.653609E-08   0.445367E-08  -0.107767E-07
   0.282400E+05   0.769729E-08   0.481358E-08  -0.961747E-08
   0.282600E+05   0.805305E-08   0.415772E-08  -0.722982E-08
   0.282800E+05   0.751792E-08   0.263115E-08  -0.393149E-08
   0.283000E+05   0.611282E-08   0.528267E-09  -0.174016E-09
   0.283200E+05   0.396387E-08  -0.176268E-08   0.352829E-08
   0.283400E+05   0.128808E-08  -0.383052E-08   0.667793E-08
   0.283600E+05  -0.163200E-08  -0.531448E-08   0.886929E-08
   0.283800E+05  -0.448141E-08  -0.596663E-08   0.984716E-08
   0.284000E+05  -0.694929E-08  -0.569246E-08   0.953977E-08
   0.284200E+05  -0.876456E-08  -0.456275E-08   0.806205E-08
   0.284400E+05  -0.972663E-08  -0.279536E-08   0.568982E-08
   0.284600E+05  -0.972759E-08  -0.711005E-09   0.281052E-08
   0.284800E+05  -0.876396E-08   0.132816E-08  -0.140528E-09
   0.285000E+05  -0.693655E-08   0.298528E-08  -0.274727E-08
   0.285200E+05  -0.443902E-08   0.400850E-08  -0.467279E-08
   0.285400E+05  -0.153630E-08   0.427290E-08  -0.570277E-08
   0.285600E+05   0.146451E-08   0.379738E-08  -0.576715E-08
   0.285800E+05   0.424778E-08   0.273451E-08  -0.493812E-08
   0.286000E+05   0.652376E-08   0.133593E-08  -0.340700E-08
   0.286200E+05   0.806019E-08  -0.989483E-10  -0.144539E-08
   0.286400E+05   0.870774E-08  -0.128107E-08   0.641742E-09
   0.286600E+05   0.841635E-08  -0.198527E-08   0.256287E-08
   0.286800E+05   0.724063E-08  -0.208955E-08   0.407951E-08
   0.287000E+05   0.533361E-08  -0.159323E-08   0.503316E-08
   0.287200E+05   0.292916E-08  -0.611642E-09   0.535723E-08
   0.287400E+05   0.315034E-09   0.650773E-09   0.507403E-08
   0.287600E+05  -0.220061E-08   0.194272E-08   0.427948E-08
   0.287800E+05  -0.432545E-08   0.301512E-08   0.311969E-08
   0.288000E+05  -0.581772E-08   0.366734E-08   0.176443E-08
   0.288200E+05  -0.651516E-08   0.378207E-08   0.381795E-09
   0.288400E+05  -0.635457E-08   0.334295E-08  -0.882124E-09
   0.288600E+05  -0.537939E-08   0.243232E-08  -0.191677E-08
   0.288800E+05  -0.373411E-08   0.121100E-08  -0.265324E-08
   0.289000E+05  -0.164606E-08  -0.115465E-09  -0.306398E-08
   0.289200E+05   0.603378E-09  -0.133660E-08  -0.315763E-08
   0.289400E+05   0.271452E-08  -0.227521E-08  -0.297122E-08
   0.289600E+05   0.440758E-08  -0.281677E-08  -0.256146E-08
   0.289800E+05   0.545844E-08  -0.292516E-08  -0.199644E-08
   0.290000E+05   0.572739E-08  -0.264265E-08  -0.134848E-08
   0.290200E+05   0.517700E-08  -0.207537E-08  -0.688051E-09
   0.290400E+05   0.387681E-08  -0.136808E-08  -0.786402E-10
   0.290600E+05   0.199434E-08  -0.673830E-09   0.427971E-09
   0.290800E+05  -0.226572E-09  -0.124817E-09   0.795977E-09
   0.291000E+05  -0.249711E-08   0.190189E-09   0.100920E-08
   0.291200E+05  -0.452046E-08   0.238046E-09   0.107344E-08
   0.291400E+05  -0.602959E-08   0.416380E-10   0.101676E-08
   0.291600E+05  -0.682105E-08  -0.330481E-09   0.886740E-09
   0.291800E+05  -0.678049E-08  -0.782166E-09   0.744566E-09
   0.292000E+05  -0.589676E-08  -0.121116E-08   0.655916E-09
   0.292200E+05  -0.426311E-08  -0.152935E-08   0.679795E-09
   0.292400E+05  -0.206533E-08  -0.167795E-08   0.856912E-09
   0.292600E+05   0.441213E-09  -0.163495E-08   0.119971E-08
   0.292800E+05   0.296281E-08  -0.141438E-08   0.168616E-08
   0.293000E+05   0.520286E-08  -0.105821E-08   0.225901E-08
   0.293200E+05   0.689717E-08  -0.623714E-09   0.283130E-08
   0.293400E+05   0.784496E-08  -0.169303E-09   0.329793E-08
   0.293600E+05   0.793196E-08   0.257710E-09   0.355170E-08
   0.293800E+05   0.714305E-08   0.628973E-09   0.350150E-08
   0.294000E+05   0.556330E-08   0.937222E-09   0.308944E-08
   0.294200E+05   0.336738E-08   0.119276E-08   0.230397E-08
   0.294400E+05   0.798968E-09   0.141573E-08   0.118629E-08
   0.294600E+05  -0.185748E-08   0.162634E-08  -0.171352E-09
   0.294800E+05  -0.430925E-08   0.183584E-08  -0.163565E-08
   0.295000E+05  -0.628849E-08   0.204039E-08  -0.304929E-08
   0.295200E+05  -0.758228E-08   0.221944E-08  -0.425243E-08
   0.295400E+05  -0.805630E-08   0.233896E-08  -0.510535E-08
   0.295600E+05  -0.766955E-08   0.235882E-08  -0.550864E-08
   0.295800E+05  -0.647854E-08   0.224249E-08  -0.541784E-08
   0.296000E+05  -0.463036E-08   0.196690E-08  -0.485028E-08
   0.296200E+05  -0.234539E-08   0.153006E-08  -0.388307E-08
   0.296400E+05   0.108471E-09   0.954671E-09  -0.264285E-08
   0.296600E+05   0.244732E-08   0.286800E-09  -0.128876E-08
   0.296800E+05   0.440490E-08  -0.410316E-09   0.844886E-11
   0.297000E+05   0.576451E-08  -0.106614E-08   0.108842E-08
   0.297200E+05   0.638533E-08  -0.161449E-08   0.182117E-08
   0.297400E+05   0.621980E-08  -0.200463E-08   0.212253E-08
   0.297600E+05   0.531966E-08  -0.220968E-08   0.196362E-08
   0.297800E+05   0.382943E-08  -0.223062E-08   0.137334E-08
   0.298000E+05   0.196788E-08  -0.209524E-08   0.434246E-09
   0.298200E+05  -0.675189E-12  -0.185211E-08  -0.727272E-09
   0.298400E+05  -0.180171E-08  -0.156092E-08  -0.195537E-08
   0.298600E+05  -0.318801E-08  -0.128103E-08  -0.308190E-08
   0.298800E+05  -0.397420E-08  -0.106033E-08  -0.394482E-08
   0.299000E+05  -0.406334E-08  -0.926664E-09  -0.440627E-08
   0.299200E+05  -0.346160E-08  -0.883322E-09  -0.436887E-08
   0.299400E+05  -0.227822E-08  -0.909368E-09  -0.378877E-08
   0.299600E+05  -0.710290E-09  -0.964719E-09  -0.268414E-08
   0.299800E+05   0.985943E-09  -0.998911E-09  -0.113781E-08
   0.300000E+05   0.253348E-08  -0.961864E-09   0.706979E-09
   0.300200E+05   0.367715E-08  -0.814585E-09   0.265821E-08
   0.300400E+05   0.422390E-08  -0.537799E-09   0.449399E-08
   0.300600E+05   0.407437E-08  -0.136885E-09   0.598747E-08
   0.300800E+05   0.324045E-08   0.357807E-09   0.693554E-08
   0.301000E+05   0.184540E-08   0.895338E-09   0.718791E-08
   0.301200E+05   0.106028E-09   0.141250E-08   0.667250E-08
   0.301400E+05  -0.170085E-08   0.184456E-08   0.541284E-08
   0.301600E+05  -0.328266E-08   0.213659E-08   0.353371E-08
   0.301800E+05  -0.437899E-08   0.225321E-08   0.125257E-08
   0.302000E+05  -0.480520E-08   0.218516E-08  -0.114368E-08
   0.302200E+05  -0.448441E-08   0.195129E-08  -0.333470E-08
   0.302400E+05  -0.346183E-08   0.159573E-08  -0.501110E-08
   0.302600E+05  -0.189875E-08   0.118047E-08  -0.592105E-08
   0.302800E+05  -0.466126E-10   0.774742E-09  -0.591166E-08
   0.303000E+05   0.179481E-08   0.442819E-09  -0.495795E-08
   0.303200E+05   0.332809E-08   0.232567E-09  -0.317360E-08
   0.303400E+05   0.430896E-08   0.166608E-09  -0.800436E-09
   0.303600E+05   0.458821E-08   0.237835E-09   0.182320E-08
   0.303800E+05   0.413700E-08   0.410177E-09   0.431112E-08
   0.304000E+05   0.305088E-08   0.624661E-09   0.628791E-08
   0.304200E+05   0.153126E-08   0.809894E-09   0.744803E-08
   0.304400E+05  -0.152281E-09   0.895257E-09   0.760551E-08
   0.304600E+05  -0.171226E-08   0.824597E-09   0.672549E-08
   0.304800E+05  -0.289681E-08   0.567975E-09   0.493140E-08
   0.305000E+05  -0.353622E-08   0.129312E-09   0.248621E-08
   0.305200E+05  -0.357367E-08  -0.451656E-09  -0.249934E-09
   0.305400E+05  -0.307380E-08  -0.110374E-08  -0.287862E-08
   0.305600E+05  -0.220717E-08  -0.173452E-08  -0.502859E-08
   0.305800E+05  -0.121326E-08  -0.224501E-08  -0.641624E-08
   0.306000E+05  -0.348981E-09  -0.254632E-08  -0.689061E-08
   0.306200E+05   0.167376E-09  -0.257562E-08  -0.645464E-08
   0.306400E+05   0.205275E-09  -0.230848E-08  -0.525918E-08
   0.306600E+05  -0.245968E-09  -0.176546E-08  -0.357084E-08
   0.306800E+05  -0.106948E-08  -0.101126E-08  -0.171990E-08
   0.307000E+05  -0.204010E-08  -0.146467E-09  -0.381813E-10
   0.307200E+05  -0.286794E-08   0.707089E-09   0.120148E-08
   0.307400E+05  -0.325845E-08   0.142522E-08   0.183273E-08
   0.307600E+05  -0.297757E-08   0.190135E-08   0.182134E-08
   0.307800E+05  -0.190886E-08   0.206419E-08   0.126447E-08
   0.308000E+05  -0.905302E-10   0.189025E-08   0.364292E-09
   0.308200E+05   0.227639E-08   0.140859E-08  -0.618485E-09
   0.308400E+05   0.485218E-08   0.697131E-09  -0.142140E-08
   0.308600E+05   0.721210E-08  -0.129364E-09  -0.183586E-08
   0.308800E+05   0.892094E-08  -0.937557E-09  -0.175024E-08
   0.309000E+05   0.961497E-08  -0.159721E-08  -0.117185E-08
   0.309200E+05   0.907609E-08  -0.200265E-08  -0.223444E-09
   0.309400E+05   0.728321E-08  -0.209028E-08   0.884704E-09
   0.309600E+05   0.443001E-08  -0.184930E-08   0.190126E-08
   0.309800E+05   0.903727E-09  -0.132354E-08   0.258888E-08
   0.310000E+05  -0.277287E-08  -0.604198E-09   0.277638E-08
   0.310200E+05  -0.602732E-08   0.185454E-09   0.239682E-08
   0.310400E+05  -0.833630E-08   0.910825E-09   0.150364E-08
   0.310600E+05  -0.931978E-08   0.144867E-08   0.261149E-09
   0.310800E+05  -0.881282E-08   0.170790E-08  -0.108859E-08
   0.311000E+05  -0.690112E-08   0.164490E-08  -0.227575E-08
   0.311200E+05  -0.391253E-08   0.127092E-08  -0.305899E-08
   0.311400E+05  -0.364739E-09   0.650141E-09  -0.327623E-08
   0.311600E+05   0.312249E-08  -0.111074E-09  -0.287899E-08
   0.311800E+05   0.593541E-08  -0.881964E-09  -0.194301E-08
   0.312000E+05   0.757553E-08  -0.152911E-08  -0.652612E-09
   0.312200E+05   0.775010E-08  -0.193848E-08   0.738058E-09
   0.312400E+05   0.642702E-08  -0.203400E-08   0.195889E-08
   0.312600E+05   0.384364E-08  -0.178979E-08   0.278134E-08
   0.312800E+05   0.467139E-09  -0.123389E-08   0.306740E-08
   0.313000E+05  -0.308705E-08  -0.443185E-09   0.279930E-08
   0.313200E+05  -0.616432E-08   0.469472E-09   0.208343E-08
   0.313400E+05  -0.818808E-08   0.137372E-08   0.112703E-08
   0.313600E+05  -0.876402E-08   0.214245E-08   0.192409E-09
   0.313800E+05  -0.775228E-08   0.267148E-08  -0.461896E-09
   0.314000E+05  -0.529466E-08   0.289489E-08  -0.640560E-09
   0.314200E+05  -0.179160E-08   0.279361E-08  -0.258557E-09
   0.314400E+05   0.216697E-08   0.239629E-08   0.634604E-09
   0.314600E+05   0.590441E-08   0.177237E-08   0.185943E-08
   0.314800E+05   0.877548E-08   0.101897E-08   0.313976E-08
   0.315000E+05   0.102785E-07   0.244034E-09   0.415858E-08
   0.315200E+05   0.101420E-07  -0.451348E-09   0.462534E-08
   0.315400E+05   0.837005E-08  -0.988437E-09   0.434075E-08
   0.315600E+05   0.523961E-08  -0.132164E-08   0.324550E-08
   0.315800E+05   0.125052E-08  -0.144308E-08   0.144191E-08
   0.316000E+05  -0.296227E-08  -0.138036E-08  -0.816851E-09
   0.316200E+05  -0.673774E-08  -0.118845E-08  -0.316886E-08
   0.316400E+05  -0.949980E-08  -0.937203E-09  -0.520945E-08
   0.316600E+05  -0.108507E-07  -0.697020E-09  -0.656829E-08
   0.316800E+05  -0.106309E-07  -0.525275E-09  -0.698251E-08
   0.317000E+05  -0.893685E-08  -0.455893E-09  -0.635093E-08
   0.317200E+05  -0.609384E-08  -0.493846E-09  -0.475821E-08
   0.317400E+05  -0.259198E-08  -0.615416E-09  -0.246344E-08
   0.317600E+05   0.100294E-08  -0.774016E-09   0.145278E-09
   0.317800E+05   0.414646E-08  -0.910352E-09   0.262184E-08
   0.318000E+05   0.640328E-08  -0.964992E-09   0.454520E-08
   0.318200E+05   0.751098E-08  -0.890955E-09   0.559824E-08
   0.318400E+05   0.741013E-08  -0.663990E-09   0.562709E-08
   0.318600E+05   0.623768E-08  -0.288637E-09   0.466908E-08
   0.318800E+05   0.428758E-08   0.201079E-09   0.294380E-08
   0.319000E+05   0.194772E-08   0.746481E-09   0.808916E-09
   0.319200E+05  -0.373345E-09   0.127378E-08  -0.131052E-08
   0.319400E+05  -0.231645E-08   0.170660E-08  -0.300548E-08
   0.319600E+05  -0.362612E-08   0.197934E-08  -0.396253E-08
   0.319800E+05  -0.418114E-08   0.204881E-08  -0.402408E-08
   0.320000E+05  -0.399813E-08   0.190213E-08  -0.321736E-08
   0.320200E+05  -0.321057E-08   0.155933E-08  -0.174680E-08
   0.320400E+05  -0.202977E-08   0.107012E-08   0.487031E-10
   0.320600E+05  -0.697305E-09   0.505325E-09   0.176479E-08
   0.320800E+05   0.560979E-09  -0.555646E-10   0.301322E-08
   0.321000E+05   0.157096E-08  -0.538497E-09   0.349980E-08
   0.321200E+05   0.223056E-08  -0.888033E-09   0.308341E-08
   0.321400E+05   0.251274E-08  -0.107715E-08   0.180453E-08
   0.321600E+05   0.245344E-08  -0.111178E-08  -0.121976E-09
   0.321800E+05   0.212945E-08  -0.102906E-08  -0.234821E-08
   0.322000E+05   0.163299E-08  -0.889513E-09  -0.446019E-08
   0.322200E+05   0.104940E-08  -0.764428E-09  -0.605719E-08
   0.322400E+05   0.442875E-09  -0.720660E-09  -0.682789E-08
   0.322600E+05  -0.147638E-09  -0.805707E-09  -0.660865E-08
   0.322800E+05  -0.703065E-09  -0.103591E-08  -0.541299E-08
   0.323000E+05  -0.121269E-08  -0.139020E-08  -0.342713E-08
   0.323200E+05  -0.166125E-08  -0.181083E-08  -0.973158E-09
   0.323400E+05  -0.201966E-08  -0.221144E-08   0.155238E-08
   0.323600E+05  -0.224293E-08  -0.249119E-08   0.375212E-08
   0.323800E+05  -0.227700E-08  -0.255290E-08   0.529939E-08
   0.324000E+05  -0.207296E-08  -0.232180E-08   0.599408E-08
   0.324200E+05  -0.160532E-08  -0.176176E-08   0.579287E-08
   0.324400E+05  -0.888930E-09  -0.885822E-09   0.480899E-08
   0.324600E+05   0.108742E-10   0.241283E-09   0.328299E-08
   0.324800E+05   0.979082E-09   0.150923E-08   0.153132E-08
   0.325000E+05   0.186466E-08   0.277638E-08  -0.116410E-09
   0.325200E+05   0.250580E-08   0.388995E-08  -0.137885E-08
   0.325400E+05   0.276233E-08   0.470899E-08  -0.207132E-08
   0.325600E+05   0.254883E-08   0.512614E-08  -0.213274E-08
   0.325800E+05   0.186060E-08   0.508468E-08  -0.162700E-08
   0.326000E+05   0.785966E-09   0.458762E-08  -0.720356E-09
   0.326200E+05  -0.499832E-09   0.369746E-08   0.359338E-09
   0.326400E+05  -0.175972E-08   0.252633E-08   0.137224E-08
   0.326600E+05  -0.273575E-08   0.121823E-08   0.211453E-08
   0.326800E+05  -0.319889E-08  -0.735194E-10   0.245535E-08
   0.327000E+05  -0.299806E-08  -0.120997E-08   0.235617E-08
   0.327200E+05  -0.209828E-08  -0.208709E-08   0.186988E-08
   0.327400E+05  -0.599183E-09  -0.264978E-08   0.112144E-08
   0.327600E+05   0.127162E-08  -0.289697E-08   0.275397E-09
   0.327800E+05   0.319097E-08  -0.287707E-08  -0.501930E-09
   0.328000E+05   0.479391E-08  -0.267480E-08  -0.107727E-08
   0.328200E+05   0.573980E-08  -0.239198E-08  -0.137519E-08
   0.328400E+05   0.577866E-08  -0.212590E-08  -0.138839E-08
   0.328600E+05   0.480491E-08  -0.194945E-08  -0.117242E-08
   0.328800E+05   0.288741E-08  -0.189661E-08  -0.827272E-09
   0.329000E+05   0.268663E-09  -0.195620E-08  -0.470768E-09
   0.329200E+05  -0.266839E-08  -0.207491E-08  -0.210412E-09
   0.329400E+05  -0.546121E-08  -0.216915E-08  -0.119895E-09
   0.329600E+05  -0.764616E-08  -0.214344E-08  -0.225219E-09
   0.329800E+05  -0.884061E-08  -0.191179E-08  -0.502799E-09
   0.330000E+05  -0.881359E-08  -0.141809E-08  -0.889052E-09
   0.330200E+05  -0.753143E-08  -0.651440E-09  -0.129839E-08
   0.330400E+05  -0.516924E-08   0.346580E-09  -0.164480E-08
   0.330600E+05  -0.208506E-08   0.148436E-08  -0.186167E-08
   0.330800E+05   0.123934E-08   0.263223E-08  -0.191522E-08
   0.331000E+05   0.428093E-08   0.364207E-08  -0.180874E-08
   0.331200E+05   0.656638E-08   0.437119E-08  -0.157721E-08
   0.331400E+05   0.775484E-08   0.470629E-08  -0.127417E-08
   0.331600E+05   0.769727E-08   0.458330E-08  -0.954652E-09
   0.331800E+05   0.646121E-08   0.399950E-08  -0.658843E-09
   0.332000E+05   0.431611E-08   0.301575E-08  -0.400740E-09
   0.332200E+05   0.168183E-08   0.174826E-08  -0.164903E-09
   0.332400E+05  -0.950087E-09   0.351359E-09   0.878198E-10
   0.332600E+05  -0.310785E-08  -0.100592E-08   0.406937E-09
   0.332800E+05  -0.442629E-08  -0.216533E-08   0.834661E-09
   0.333000E+05  -0.471278E-08  -0.300276E-08   0.138848E-08
   0.333200E+05  -0.397993E-08  -0.344540E-08   0.204859E-08
   0.333400E+05  -0.243886E-08  -0.348004E-08   0.275379E-08
   0.333600E+05  -0.454391E-09  -0.315122E-08   0.340759E-08
   0.333800E+05   0.152894E-08  -0.254999E-08   0.389392E-08
   0.334000E+05   0.307596E-08  -0.179535E-08   0.409947E-08
   0.334200E+05   0.384758E-08  -0.101209E-08   0.393814E-08
   0.334400E+05   0.366851E-08  -0.308949E-09   0.337230E-08
   0.334600E+05   0.256273E-08   0.238840E-09   0.242596E-08
   0.334800E+05   0.749622E-09   0.599733E-09   0.118658E-08
   0.335000E+05  -0.139839E-08   0.787077E-09  -0.205403E-09
   0.335200E+05  -0.342886E-08   0.851487E-09  -0.157789E-08
   0.335400E+05  -0.489876E-08   0.866129E-09  -0.275534E-08
   0.335600E+05  -0.546326E-08   0.907997E-09  -0.358846E-08
   0.335800E+05  -0.494636E-08   0.103896E-08  -0.397978E-08
   0.336000E+05  -0.337978E-08   0.129036E-08  -0.389990E-08
   0.336200E+05  -0.100216E-08   0.165422E-08  -0.339136E-08
   0.336400E+05   0.178163E-08   0.208289E-08  -0.255947E-08
   0.336600E+05   0.447348E-08   0.249713E-08  -0.155181E-08
   0.336800E+05   0.657388E-08   0.280126E-08  -0.530833E-09
   0.337000E+05   0.767512E-08   0.290240E-08   0.355331E-09
   0.337200E+05   0.753846E-08   0.273010E-08   0.997900E-09
   0.337400E+05   0.614048E-08   0.225252E-08   0.134376E-08
   0.337600E+05   0.368008E-08   0.148595E-08   0.140014E-08
   0.337800E+05   0.544608E-09   0.495680E-09   0.122726E-08
   0.338000E+05  -0.275821E-08  -0.612202E-09   0.920938E-09
   0.338200E+05  -0.569005E-08  -0.170674E-08   0.589155E-09
   0.338400E+05  -0.777660E-08  -0.265299E-08   0.327671E-09
   0.338600E+05  -0.868948E-08  -0.333416E-08   0.199755E-09
   0.338800E+05  -0.830072E-08  -0.367094E-08   0.224091E-09
   0.339000E+05  -0.670029E-08  -0.363460E-08   0.373083E-09
   0.339200E+05  -0.417411E-08  -0.325149E-08   0.581498E-09
   0.339400E+05  -0.114776E-08  -0.259804E-08   0.763278E-09
   0.339600E+05   0.189289E-08  -0.178737E-08   0.832645E-09
   0.339800E+05   0.448870E-08  -0.949830E-09   0.724892E-09
   0.340000E+05   0.628549E-08  -0.211153E-09   0.412411E-09
   0.340200E+05   0.708920E-08   0.328009E-09  -0.873425E-10
   0.340400E+05   0.688870E-08   0.607440E-09  -0.713521E-09
   0.340600E+05   0.584317E-08   0.615114E-09  -0.137268E-08
   0.340800E+05   0.423832E-08   0.386229E-09  -0.195638E-08
   0.341000E+05   0.242122E-08  -0.591289E-11  -0.236186E-08
   0.341200E+05   0.727688E-09  -0.465129E-09  -0.251160E-08
   0.341400E+05  -0.583097E-09  -0.890564E-09  -0.236803E-08
   0.341600E+05  -0.137394E-08  -0.119435E-08  -0.194041E-08
   0.341800E+05  -0.164664E-08  -0.131548E-08  -0.128300E-08
   0.342000E+05  -0.152828E-08  -0.122757E-08  -0.485082E-09
   0.342200E+05  -0.123111E-08  -0.939496E-09   0.344975E-09
   0.342400E+05  -0.995066E-09  -0.489583E-09   0.109827E-08
   0.342600E+05  -0.102603E-08   0.650342E-10   0.168304E-08
   0.342800E+05  -0.144300E-08   0.660976E-09   0.203826E-08
   0.343000E+05  -0.224560E-08   0.124025E-08   0.214093E-08
   0.343200E+05  -0.330879E-08   0.175842E-08   0.200633E-08
   0.343400E+05  -0.440599E-08   0.218775E-08   0.168178E-08
   0.343600E+05  -0.525577E-08   0.251518E-08   0.123570E-08
   0.343800E+05  -0.558258E-08   0.273625E-08   0.744452E-09
   0.344000E+05  -0.517879E-08   0.284718E-08   0.279580E-09
   0.344200E+05  -0.395527E-08   0.283790E-08  -0.102250E-09
   0.344400E+05  -0.196981E-08   0.268850E-08  -0.365285E-09
   0.344600E+05   0.572663E-09   0.237089E-08  -0.496189E-09
   0.344800E+05   0.334879E-08   0.185600E-08  -0.501591E-09
   0.345000E+05   0.596909E-08   0.112539E-08  -0.402906E-09
   0.345200E+05   0.804416E-08   0.184601E-09  -0.230020E-09
   0.345400E+05   0.925220E-08  -0.925153E-09  -0.153188E-10
   0.345600E+05   0.939523E-08  -0.212056E-08   0.210817E-09
   0.345800E+05   0.843351E-08  -0.327801E-08   0.422609E-09
   0.346000E+05   0.649205E-08  -0.424505E-08   0.599680E-09
   0.346200E+05   0.383851E-08  -0.486081E-08   0.726710E-09
   0.346400E+05   0.836922E-09  -0.498284E-08   0.792753E-09
   0.346600E+05  -0.211345E-08  -0.451582E-08   0.790977E-09
   0.346800E+05  -0.464284E-08  -0.343665E-08   0.719234E-09
   0.347000E+05  -0.646728E-08  -0.181046E-08   0.581381E-09
   0.347200E+05  -0.742696E-08   0.206819E-09   0.388848E-09
   0.347400E+05  -0.750049E-08   0.238157E-08   0.161619E-09
   0.347600E+05  -0.679425E-08   0.443058E-08  -0.722152E-10
   0.347800E+05  -0.551043E-08   0.606083E-08  -0.278927E-09
   0.348000E+05  -0.390133E-08   0.701470E-08  -0.423731E-09
   0.348200E+05  -0.221980E-08   0.711342E-08  -0.476967E-09
   0.348400E+05  -0.675570E-09   0.629069E-08  -0.420787E-09
   0.348600E+05   0.594518E-09   0.461009E-08  -0.254890E-09
   0.348800E+05   0.153761E-08   0.226234E-08   0.175519E-12
   0.349000E+05   0.217694E-08  -0.458479E-09   0.303335E-09
   0.349200E+05   0.258839E-08  -0.319640E-08   0.597440E-09
   0.349400E+05   0.286800E-08  -0.558662E-08   0.817528E-09
   0.349600E+05   0.309873E-08  -0.731139E-08   0.901706E-09
   0.349800E+05   0.332404E-08  -0.814934E-08   0.802771E-09
   0.350000E+05   0.353442E-08  -0.800980E-08   0.498362E-09
   0.350200E+05   0.366943E-08  -0.694596E-08  -0.244817E-11
   0.350400E+05   0.363450E-08  -0.514443E-08  -0.657659E-09
   0.350600E+05   0.332812E-08  -0.289296E-08  -0.139657E-08
   0.350800E+05   0.267310E-08  -0.531717E-09  -0.212922E-08
   0.351000E+05   0.164429E-08   0.160336E-08  -0.275965E-08
   0.351200E+05   0.286197E-09   0.323519E-08  -0.320049E-08
   0.351400E+05  -0.128385E-08   0.418872E-08  -0.338651E-08
   0.351600E+05  -0.288853E-08   0.441528E-08  -0.328455E-08
   0.351800E+05  -0.431718E-08   0.399394E-08  -0.289806E-08
   0.352000E+05  -0.536125E-08   0.311036E-08  -0.226571E-08
   0.352200E+05  -0.585188E-08   0.201711E-08  -0.145423E-08
   0.352400E+05  -0.569203E-08   0.983320E-09  -0.547241E-09
   0.352600E+05  -0.487695E-08   0.242881E-09   0.367807E-09
   0.352800E+05  -0.349895E-08  -0.490817E-10   0.121202E-08
   0.353000E+05  -0.173535E-08   0.156311E-09   0.192451E-08
   0.353200E+05   0.178267E-09   0.795101E-09   0.246734E-08
   0.353400E+05   0.198449E-08   0.170560E-08   0.282552E-08
   0.353600E+05   0.344389E-08   0.266201E-08   0.300253E-08
   0.353800E+05   0.437111E-08   0.341988E-08   0.301312E-08
   0.354000E+05   0.466127E-08   0.376476E-08   0.287527E-08
   0.354200E+05   0.430259E-08   0.355486E-08   0.260369E-08
   0.354400E+05   0.337398E-08   0.274978E-08   0.220656E-08
   0.354600E+05   0.202868E-08   0.142011E-08   0.168630E-08
   0.354800E+05   0.467854E-09  -0.263528E-09   0.104437E-08
   0.355000E+05  -0.109099E-08  -0.205990E-08   0.288659E-09
   0.355200E+05  -0.244507E-08  -0.369931E-08  -0.558548E-09
   0.355400E+05  -0.343215E-08  -0.493062E-08  -0.145431E-08
   0.355600E+05  -0.394760E-08  -0.556461E-08  -0.233281E-08
   0.355800E+05  -0.395125E-08  -0.550602E-08  -0.310850E-08
   0.356000E+05  -0.346459E-08  -0.476867E-08  -0.368498E-08
   0.356200E+05  -0.256028E-08  -0.347158E-08  -0.396857E-08
   0.356400E+05  -0.134706E-08  -0.181726E-08  -0.388454E-08
   0.356600E+05   0.466272E-10  -0.565318E-10  -0.339285E-08
   0.356800E+05   0.148757E-08   0.155353E-08  -0.250043E-08
   0.357000E+05   0.284960E-08   0.279086E-08  -0.126708E-08
   0.357200E+05   0.402144E-08   0.350195E-08   0.196736E-09
   0.357400E+05   0.491136E-08   0.362221E-08   0.174069E-08
   0.357600E+05   0.544945E-08   0.318046E-08   0.319267E-08
   0.357800E+05   0.558914E-08   0.228770E-08   0.438171E-08
   0.358000E+05   0.530894E-08   0.111328E-08   0.516210E-08
   0.358200E+05   0.461470E-08  -0.146725E-09   0.543482E-08
   0.358400E+05   0.354219E-08  -0.130275E-08   0.516263E-08
   0.358600E+05   0.215873E-08  -0.220076E-08   0.437632E-08
   0.358800E+05   0.562578E-09  -0.274241E-08   0.317083E-08
   0.359000E+05  -0.112140E-08  -0.289374E-08   0.169206E-08
   0.359200E+05  -0.275042E-08  -0.268184E-08   0.116175E-09
   0.359400E+05  -0.417679E-08  -0.218161E-08  -0.137492E-08
   0.359600E+05  -0.526403E-08  -0.149589E-08  -0.261826E-08
   0.359800E+05  -0.590390E-08  -0.733586E-09  -0.349065E-08
   0.360000E+05  -0.603170E-08   0.101004E-10  -0.392263E-08
   0.360200E+05  -0.563700E-08   0.667544E-09  -0.390381E-08
   0.360400E+05  -0.476758E-08   0.120484E-08  -0.347924E-08
   0.360600E+05  -0.352536E-08   0.161980E-08  -0.273812E-08
   0.360800E+05  -0.205434E-08   0.193322E-08  -0.179731E-08
   0.361000E+05  -0.522283E-09   0.217598E-08  -0.782778E-09
   0.361200E+05   0.901374E-09   0.237530E-08   0.187838E-09
   0.361400E+05   0.206782E-08   0.254333E-08   0.101869E-08
   0.361600E+05   0.286790E-08   0.267067E-08   0.164364E-08
   0.361800E+05   0.324492E-08   0.272619E-08   0.202811E-08
   0.362000E+05   0.319934E-08   0.266305E-08   0.216552E-08
   0.362200E+05   0.278479E-08   0.242980E-08   0.207015E-08
   0.362400E+05   0.209656E-08   0.198418E-08   0.176869E-08
   0.362600E+05   0.125462E-08   0.130658E-08   0.129265E-08
   0.362800E+05   0.384344E-09   0.410641E-09   0.673488E-09
   0.363000E+05  -0.401892E-09  -0.651632E-09  -0.585732E-10
   0.363200E+05  -0.101925E-08  -0.179146E-08  -0.872326E-09
   0.363400E+05  -0.141917E-08  -0.289178E-08  -0.173095E-08
   0.363600E+05  -0.159134E-08  -0.382171E-08  -0.258690E-08
   0.363800E+05  -0.155943E-08  -0.445489E-08  -0.337835E-08
   0.364000E+05  -0.137180E-08  -0.468888E-08  -0.402916E-08
   0.364200E+05  -0.108958E-08  -0.446271E-08  -0.445342E-08
   0.364400E+05  -0.774371E-09  -0.376965E-08  -0.456482E-08
   0.364600E+05  -0.477762E-09  -0.266295E-08  -0.428965E-08
   0.364800E+05  -0.234388E-09  -0.125327E-08  -0.358164E-08
   0.365000E+05  -0.591369E-10   0.302356E-09  -0.243554E-08
   0.365200E+05   0.515213E-10   0.181886E-08  -0.896900E-09
   0.365400E+05   0.114966E-09   0.310668E-08   0.934728E-09
   0.365600E+05   0.155983E-09   0.399741E-08   0.291063E-08
   0.365800E+05   0.199960E-09   0.436805E-08   0.484606E-08
   0.366000E+05   0.267095E-09   0.416022E-08   0.654048E-08
   0.366200E+05   0.368587E-09   0.339148E-08   0.780234E-08
   0.366400E+05   0.505233E-09   0.215646E-08   0.847492E-08
   0.366600E+05   0.668327E-09   0.617198E-09   0.845913E-08
   0.366800E+05   0.842302E-09  -0.101678E-08   0.772980E-08
   0.367000E+05   0.100830E-08  -0.251614E-08   0.634243E-08
   0.367200E+05   0.114780E-08  -0.366368E-08   0.442905E-08
   0.367400E+05   0.124558E-08  -0.428610E-08   0.218349E-08
   0.367600E+05   0.129154E-08  -0.428070E-08  -0.162184E-09
   0.367800E+05   0.128127E-08  -0.363294E-08  -0.236660E-08
   0.368000E+05   0.121541E-08  -0.242141E-08  -0.420940E-08
   0.368200E+05   0.109838E-08  -0.809149E-09  -0.551851E-08
   0.368400E+05   0.936663E-09   0.978248E-09  -0.619050E-08
   0.368600E+05   0.737331E-09   0.268487E-08  -0.620125E-08
   0.368800E+05   0.506988E-09   0.406245E-08  -0.560581E-08
   0.369000E+05   0.251363E-09   0.490827E-08  -0.452765E-08
   0.369200E+05  -0.244536E-10   0.509712E-08  -0.313947E-08
   0.369400E+05  -0.315268E-09   0.460179E-08  -0.163853E-08
   0.369600E+05  -0.614772E-09   0.349859E-08  -0.220451E-09
   0.369800E+05  -0.914500E-09   0.195647E-08   0.944928E-09
   0.370000E+05  -0.120302E-08   0.211083E-09   0.173236E-08
   0.370200E+05  -0.146555E-08  -0.147225E-08   0.207257E-08
   0.370400E+05  -0.168420E-08  -0.284088E-08   0.195544E-08
   0.370600E+05  -0.183882E-08  -0.369554E-08   0.142536E-08
   0.370800E+05  -0.190862E-08  -0.392252E-08   0.570517E-09
   0.371000E+05  -0.187444E-08  -0.351193E-08  -0.491762E-09
   0.371200E+05  -0.172144E-08  -0.255868E-08  -0.163097E-08
   0.371400E+05  -0.144221E-08  -0.124597E-08  -0.271838E-08
   0.371600E+05  -0.103956E-08   0.186079E-09  -0.363938E-08
   0.371800E+05  -0.528865E-09   0.148134E-08  -0.430199E-08
   0.372000E+05   0.608394E-10   0.241123E-08  -0.464180E-08
   0.372200E+05   0.687317E-09   0.281323E-08  -0.462348E-08
   0.372400E+05   0.129765E-08   0.261803E-08  -0.424010E-08
   0.372600E+05   0.183283E-08   0.186032E-08  -0.351106E-08
   0.372800E+05   0.223423E-08   0.671766E-09  -0.247951E-08
   0.373000E+05   0.245128E-08  -0.742690E-09  -0.120965E-08
   0.373200E+05   0.244939E-08  -0.214081E-08   0.216224E-09
   0.373400E+05   0.221677E-08  -0.328493E-08   0.170137E-08
   0.373600E+05   0.176906E-08  -0.398233E-08   0.313945E-08
   0.373800E+05   0.115029E-08  -0.411715E-08   0.442119E-08
   0.374000E+05   0.429885E-09  -0.366835E-08   0.544280E-08
   0.374200E+05  -0.304741E-09  -0.271098E-08   0.611585E-08
   0.374400E+05  -0.959076E-09  -0.140092E-08   0.637739E-08
   0.374600E+05  -0.144467E-08   0.538323E-10   0.619893E-08
   0.374800E+05  -0.169261E-08   0.142976E-08   0.559248E-08
   0.375000E+05  -0.166511E-08   0.252579E-08   0.461221E-08
   0.375200E+05  -0.136325E-08   0.319585E-08   0.335066E-08
   0.375400E+05  -0.829123E-09   0.337047E-08   0.192938E-08
   0.375600E+05  -0.141774E-09   0.306424E-08   0.484943E-09
   0.375800E+05   0.592988E-09   0.236837E-08  -0.847950E-09
   0.376000E+05   0.125753E-08   0.143039E-08  -0.195375E-08
   0.376200E+05   0.174002E-08   0.425462E-09  -0.275085E-08
   0.376400E+05   0.195199E-08  -0.475455E-09  -0.320143E-08
   0.376600E+05   0.184309E-08  -0.113440E-08  -0.331448E-08
   0.376800E+05   0.141045E-08  -0.146745E-08  -0.314136E-08
   0.377000E+05   0.701069E-09  -0.145464E-08  -0.276457E-08
   0.377200E+05  -0.193324E-09  -0.113776E-08  -0.228164E-08
   0.377400E+05  -0.114848E-08  -0.607379E-09  -0.178696E-08
   0.377600E+05  -0.202500E-08   0.177600E-10  -0.135503E-08
   0.377800E+05  -0.268841E-08   0.614643E-09  -0.102802E-08
   0.378000E+05  -0.302882E-08   0.107841E-08  -0.810149E-09
   0.378200E+05  -0.297739E-08   0.133934E-08  -0.669870E-09
   0.378400E+05  -0.251705E-08   0.137175E-08  -0.549390E-09
   0.378600E+05  -0.168604E-08   0.119374E-08  -0.379677E-09
   0.378800E+05  -0.573842E-09   0.858873E-09  -0.979167E-10
   0.379000E+05   0.689829E-09   0.442051E-09   0.336080E-09
   0.379200E+05   0.195125E-08   0.229046E-10   0.927917E-09
   0.379400E+05   0.305188E-08  -0.329790E-09   0.164362E-08
   0.379600E+05   0.384797E-08  -0.569736E-09   0.241280E-08
   0.379800E+05   0.422799E-08  -0.678895E-09   0.313953E-08
   0.380000E+05   0.412602E-08  -0.666909E-09   0.371902E-08
   0.380200E+05   0.352960E-08  -0.564974E-09   0.405677E-08
   0.380400E+05   0.248148E-08  -0.416071E-09   0.408666E-08
   0.380600E+05   0.107539E-08  -0.264005E-09   0.378418E-08
   0.380800E+05  -0.553427E-09  -0.143720E-09   0.317229E-08
   0.381000E+05  -0.224181E-08  -0.748400E-10   0.231855E-08
   0.381200E+05  -0.381491E-08  -0.595026E-10   0.132391E-08
   0.381400E+05  -0.510360E-08  -0.845085E-10   0.305325E-09
   0.381600E+05  -0.596150E-08  -0.126851E-09  -0.624540E-09
   0.381800E+05  -0.628016E-08  -0.161026E-09  -0.137660E-08
   0.382000E+05  -0.600125E-08  -0.166256E-09  -0.189988E-08
   0.382200E+05  -0.512441E-08  -0.131927E-09  -0.218854E-08
   0.382400E+05  -0.370993E-08  -0.601021E-10  -0.227992E-08
   0.382600E+05  -0.187572E-08   0.353070E-10  -0.224415E-08
   0.382800E+05   0.211840E-09   0.132291E-09  -0.216742E-08
   0.383000E+05   0.235265E-08   0.206381E-09  -0.213228E-08
   0.383200E+05   0.433233E-08   0.236747E-09  -0.219892E-08
   0.383400E+05   0.594474E-08   0.211324E-09  -0.239133E-08
   0.383600E+05   0.701514E-08   0.129808E-09  -0.269120E-08
   0.383800E+05   0.742155E-08   0.394136E-11  -0.304072E-08
   0.384000E+05   0.711127E-08  -0.144892E-09  -0.335410E-08
   0.384200E+05   0.611024E-08  -0.290114E-09  -0.353529E-08
   0.384400E+05   0.452329E-08  -0.405399E-09  -0.349870E-08
   0.384600E+05   0.252456E-08  -0.469909E-09  -0.318859E-08
   0.384800E+05   0.338671E-09  -0.472242E-09  -0.259331E-08
   0.385000E+05  -0.178551E-08  -0.412335E-09  -0.175141E-08
   0.385200E+05  -0.360538E-08  -0.301079E-09  -0.748226E-09
   0.385400E+05  -0.491537E-08  -0.157889E-09   0.296673E-09
   0.385600E+05  -0.557392E-08  -0.684712E-11   0.124894E-08
   0.385800E+05  -0.552255E-08   0.127687E-09   0.198227E-08
   0.386000E+05  -0.479422E-08   0.225142E-09   0.240044E-08
   0.386200E+05  -0.350942E-08   0.271760E-09   0.245438E-08
   0.386400E+05  -0.186022E-08   0.262202E-09   0.215121E-08
   0.386600E+05  -0.843925E-10   0.199658E-09   0.155352E-08
   0.386800E+05   0.156712E-08   0.947448E-10   0.769048E-09
   0.387000E+05   0.286456E-08  -0.364008E-10  -0.672783E-10
   0.387200E+05   0.363094E-08  -0.174335E-09  -0.815735E-09
   0.387400E+05   0.376621E-08  -0.298445E-09  -0.135450E-08
   0.387600E+05   0.326058E-08  -0.388806E-09  -0.159866E-08
   0.387800E+05   0.219527E-08  -0.427726E-09  -0.151235E-08
   0.388000E+05   0.730541E-09  -0.401114E-09  -0.111197E-08
   0.388200E+05  -0.917183E-09  -0.299834E-09  -0.460498E-09
   0.388400E+05  -0.250571E-08  -0.121135E-09   0.345848E-09
   0.388600E+05  -0.380071E-08   0.129904E-09   0.119566E-08
   0.388800E+05  -0.460789E-08   0.439198E-09   0.198160E-08
   0.389000E+05  -0.479927E-08   0.783153E-09   0.261730E-08
   0.389200E+05  -0.433019E-08   0.112935E-08   0.304878E-08
   0.389400E+05  -0.324490E-08   0.143878E-08   0.325880E-08
   0.389600E+05  -0.167033E-08   0.166974E-08   0.326371E-08
   0.389800E+05   0.200923E-09   0.178320E-08   0.310399E-08
   0.390000E+05   0.213573E-08   0.174895E-08   0.283108E-08
   0.390200E+05   0.389043E-08   0.155151E-08   0.249338E-08
   0.390400E+05   0.524158E-08   0.119473E-08   0.212457E-08
   0.390600E+05   0.601368E-08   0.703807E-09   0.173698E-08
   0.390800E+05   0.610052E-08   0.124167E-09   0.132112E-08
   0.391000E+05   0.547777E-08  -0.483319E-09   0.851590E-09
   0.391200E+05   0.420547E-08  -0.105015E-08   0.297901E-09
   0.391400E+05   0.242051E-08  -0.151005E-08  -0.362183E-09
   0.391600E+05   0.320160E-09  -0.180925E-08  -0.112996E-08
   0.391800E+05  -0.186126E-08  -0.191540E-08  -0.197672E-08
   0.392000E+05  -0.387964E-08  -0.182327E-08  -0.284077E-08
   0.392200E+05  -0.550925E-08  -0.155614E-08  -0.363169E-08
   0.392400E+05  -0.656851E-08  -0.116227E-08  -0.424179E-08
   0.392600E+05  -0.694053E-08  -0.706944E-09  -0.456288E-08
   0.392800E+05  -0.658619E-08  -0.261266E-09  -0.450584E-08
   0.393000E+05  -0.554819E-08   0.110144E-09  -0.401915E-08
   0.393200E+05  -0.394581E-08   0.360422E-09  -0.310310E-08
   0.393400E+05  -0.196083E-08   0.468449E-09  -0.181654E-08
   0.393600E+05   0.183788E-09   0.441979E-09  -0.274485E-09
   0.393800E+05   0.224992E-08   0.315186E-09   0.136368E-08
   0.394000E+05   0.401214E-08   0.141012E-09   0.291399E-08
   0.394200E+05   0.528397E-08  -0.202897E-10   0.419280E-08
   0.394400E+05   0.593947E-08  -0.114216E-09   0.504310E-08
   0.394600E+05   0.592752E-08  -0.104099E-09   0.535790E-08
   0.394800E+05   0.527682E-08   0.202274E-10   0.509690E-08
   0.395000E+05   0.409116E-08   0.239033E-09   0.429370E-08
   0.395200E+05   0.253532E-08   0.505401E-09   0.305202E-08
   0.395400E+05   0.813440E-09   0.753704E-09   0.153151E-08
   0.395600E+05  -0.857380E-09   0.912361E-09  -0.748783E-10
   0.395800E+05  -0.227477E-08   0.918489E-09  -0.156843E-08
   0.396000E+05  -0.327653E-08   0.731647E-09  -0.277286E-08
   0.396200E+05  -0.376032E-08   0.343960E-09  -0.355877E-08
   0.396400E+05  -0.369515E-08  -0.215463E-09  -0.386056E-08
   0.396600E+05  -0.312312E-08  -0.882847E-09  -0.368336E-08
   0.396800E+05  -0.215137E-08  -0.156860E-08  -0.309880E-08
   0.397000E+05  -0.935403E-09  -0.217120E-08  -0.223083E-08
   0.397200E+05   0.343550E-09  -0.259382E-08  -0.123380E-08
   0.397400E+05   0.150411E-08  -0.276053E-08  -0.266638E-09
   0.397600E+05   0.238940E-08  -0.262942E-08   0.532617E-09
   0.397800E+05   0.288752E-08  -0.220008E-08   0.106777E-08
   0.398000E+05   0.294495E-08  -0.151429E-08   0.129761E-08
   0.398200E+05   0.257133E-08  -0.649640E-09   0.123930E-08
   0.398400E+05   0.183517E-08   0.292584E-09   0.961663E-09
   0.398600E+05   0.851539E-09   0.120322E-08   0.569852E-09
   0.398800E+05  -0.236274E-09   0.198185E-08   0.184284E-09
   0.399000E+05  -0.127815E-08   0.255142E-08  -0.824702E-10
   0.399200E+05  -0.213843E-08   0.286844E-08  -0.146740E-09
   0.399400E+05  -0.271397E-08   0.292714E-08   0.308236E-10
   0.399600E+05  -0.294665E-08   0.275721E-08   0.438008E-09
   0.399800E+05  -0.282865E-08   0.241587E-08   0.101306E-08
   0.400000E+05  -0.240031E-08   0.197583E-08   0.165542E-08
   0.400200E+05  -0.174123E-08   0.151175E-08   0.224312E-08
   0.400400E+05  -0.956237E-09   0.108744E-08   0.265376E-08
   0.400600E+05  -0.158762E-09   0.746146E-09   0.278525E-08
   0.400800E+05   0.545949E-09   0.505450E-09   0.257306E-08
   0.401000E+05   0.107527E-08   0.357321E-09   0.200087E-08
   0.401200E+05   0.137931E-08   0.272934E-09   0.110339E-08
   0.401400E+05   0.144558E-08   0.211004E-09  -0.389979E-10
   0.401600E+05   0.129782E-08   0.127819E-09  -0.131237E-08
   0.401800E+05   0.989635E-09  -0.130521E-10  -0.258584E-08
   0.402000E+05   0.594167E-09  -0.233167E-09  -0.372952E-08
   0.402200E+05   0.191605E-09  -0.535025E-09  -0.463095E-08
   0.402400E+05  -0.143490E-09  -0.901811E-09  -0.520743E-08
   0.402600E+05  -0.353218E-09  -0.130084E-08  -0.541281E-08
   0.402800E+05  -0.404213E-09  -0.168973E-08  -0.523830E-08
   0.403000E+05  -0.291426E-09  -0.202403E-08  -0.470832E-08
   0.403200E+05  -0.375159E-10  -0.226462E-08  -0.387273E-08
   0.403400E+05   0.311799E-09  -0.238363E-08  -0.279798E-08
   0.403600E+05   0.695556E-09  -0.236792E-08  -0.155875E-08
   0.403800E+05   0.104725E-08  -0.221973E-08  -0.231965E-09
   0.404000E+05   0.130496E-08  -0.195457E-08   0.110640E-08
   0.404200E+05   0.142049E-08  -0.159739E-08   0.238204E-08
   0.404400E+05   0.136626E-08  -0.117761E-08   0.352163E-08
   0.404600E+05   0.113910E-08  -0.724539E-09   0.445245E-08
   0.404800E+05   0.760600E-09  -0.263704E-09   0.510380E-08
   0.405000E+05   0.273924E-09   0.185016E-09   0.541154E-08
   0.405200E+05  -0.262209E-09   0.607533E-09   0.532567E-08
   0.405400E+05  -0.781608E-09   0.994165E-09   0.482033E-08
   0.405600E+05  -0.121958E-08   0.133739E-08   0.390416E-08
   0.405800E+05  -0.152154E-08   0.162951E-08   0.262855E-08
   0.406000E+05  -0.165015E-08   0.186100E-08   0.109101E-08
   0.406200E+05  -0.158998E-08   0.202008E-08  -0.568453E-09
   0.406400E+05  -0.134911E-08   0.209365E-08  -0.217895E-08
   0.406600E+05  -0.957491E-09   0.206953E-08  -0.355789E-08
   0.406800E+05  -0.462332E-09   0.193939E-08  -0.453542E-08
   0.407000E+05   0.787511E-10   0.170176E-08  -0.498056E-08
   0.407200E+05   0.605853E-09   0.136426E-08  -0.482447E-08
   0.407400E+05   0.106488E-08   0.944496E-09  -0.407627E-08
   0.407600E+05   0.141443E-08   0.469346E-09  -0.282771E-08
   0.407800E+05   0.163034E-08  -0.275239E-10  -0.124464E-08
   0.408000E+05   0.170732E-08  -0.509379E-09   0.454434E-09
   0.408200E+05   0.165730E-08  -0.940800E-09   0.203019E-08
   0.408400E+05   0.150504E-08  -0.129191E-08   0.325974E-08
   0.408600E+05   0.128164E-08  -0.154168E-08   0.397320E-08
   0.408800E+05   0.101746E-08  -0.167975E-08   0.408306E-08
   0.409000E+05   0.735602E-09  -0.170641E-08   0.360069E-08
   0.409200E+05   0.447557E-09  -0.163100E-08   0.263627E-08
   0.409400E+05   0.151908E-09  -0.146900E-08   0.138150E-08
   0.409600E+05  -0.163460E-09  -0.123855E-08   0.771761E-10
   0.409800E+05  -0.515883E-09  -0.957240E-09  -0.102898E-08
   0.410000E+05  -0.920184E-09  -0.639735E-09  -0.172711E-08
   0.410200E+05  -0.138026E-08  -0.296826E-09  -0.188447E-08
   0.410400E+05  -0.188191E-08   0.640360E-10  -0.147183E-08
   0.410600E+05  -0.238880E-08   0.436915E-09  -0.571616E-09
   0.410800E+05  -0.284308E-08   0.814831E-09   0.634360E-09
   0.411000E+05  -0.317121E-08   0.118720E-08   0.189601E-08
   0.411200E+05  -0.329488E-08   0.153805E-08   0.293994E-08
   0.411400E+05  -0.314545E-08   0.184558E-08   0.352035E-08
   0.411600E+05  -0.267962E-08   0.208353E-08   0.346672E-08
   0.411800E+05  -0.189334E-08   0.222409E-08   0.271938E-08
   0.412000E+05  -0.830938E-09   0.224214E-08   0.134580E-08
   0.412200E+05   0.413106E-09   0.211987E-08  -0.465754E-09
   0.412400E+05   0.170124E-08   0.185094E-08  -0.243510E-08
   0.412600E+05   0.286877E-08   0.144329E-08  -0.423678E-08
   0.412800E+05   0.374699E-08   0.919802E-09  -0.555658E-08
   0.413000E+05   0.419028E-08   0.316676E-09  -0.614791E-08
   0.413200E+05   0.410285E-08  -0.320586E-09  -0.587791E-08
   0.413400E+05   0.346022E-08  -0.942795E-09  -0.475453E-08
   0.413600E+05   0.232118E-08  -0.150346E-08  -0.292948E-08
   0.413800E+05   0.826946E-09  -0.196477E-08  -0.675936E-09
   0.414000E+05  -0.813699E-09  -0.230217E-08   0.165558E-08
   0.414200E+05  -0.235201E-08  -0.250654E-08   0.369540E-08
   0.414400E+05  -0.353619E-08  -0.258373E-08   0.511709E-08
   0.414600E+05  -0.415204E-08  -0.255152E-08   0.569283E-08
   0.414800E+05  -0.406072E-08  -0.243454E-08   0.533215E-08
   0.415000E+05  -0.322690E-08  -0.225831E-08   0.409701E-08
   0.415200E+05  -0.173180E-08  -0.204353E-08   0.219069E-08
   0.415400E+05   0.232248E-09  -0.180184E-08  -0.774202E-10
   0.415600E+05   0.238593E-08  -0.153404E-08  -0.234489E-08
   0.415800E+05   0.440307E-08  -0.123105E-08  -0.425749E-08
   0.416000E+05   0.596069E-08  -0.877673E-09  -0.552782E-08
   0.416200E+05   0.679119E-08  -0.458254E-09  -0.598102E-08
   0.416400E+05   0.672801E-08   0.367433E-10  -0.557984E-08
   0.416600E+05   0.573648E-08   0.604760E-09  -0.442501E-08
   0.416800E+05   0.392433E-08   0.122706E-08  -0.273188E-08
   0.417000E+05   0.152889E-08   0.186758E-08  -0.787983E-09
   0.417200E+05  -0.111736E-08   0.247534E-08   0.109996E-08
   0.417400E+05  -0.363804E-08   0.299008E-08   0.265960E-08
   0.417600E+05  -0.567258E-08   0.335059E-08   0.369745E-08
   0.417800E+05  -0.693446E-08   0.350420E-08   0.412633E-08
   0.418000E+05  -0.725808E-08   0.341593E-08   0.397174E-08
   0.418200E+05  -0.662584E-08   0.307558E-08   0.335683E-08
   0.418400E+05  -0.517069E-08   0.250154E-08   0.247007E-08
   0.418600E+05  -0.315316E-08   0.174029E-08   0.152276E-08
   0.418800E+05  -0.916525E-09   0.861732E-09   0.705116E-09
   0.419000E+05   0.117211E-08  -0.492115E-10   0.149811E-09
   0.419200E+05   0.278486E-08  -0.903394E-09  -0.901703E-10
   0.419400E+05   0.368904E-08  -0.161896E-08  -0.455433E-10
   0.419600E+05   0.378621E-08  -0.213184E-08   0.183400E-09
   0.419800E+05   0.312731E-08  -0.240349E-08   0.455324E-09
   0.420000E+05   0.190105E-08  -0.242492E-08   0.624216E-09
   0.420200E+05   0.397546E-09  -0.221635E-08   0.575579E-09
   0.420400E+05  -0.104622E-08  -0.182277E-08   0.254636E-09
   0.420600E+05  -0.210952E-08  -0.130631E-08  -0.319398E-09
   0.420800E+05  -0.254803E-08  -0.736830E-09  -0.105591E-08
   0.421000E+05  -0.224021E-08  -0.182165E-09  -0.181168E-08
   0.421200E+05  -0.121134E-08   0.300289E-09  -0.242173E-08
   0.421400E+05   0.369110E-09   0.669553E-09  -0.273561E-08
   0.421600E+05   0.221656E-08   0.903900E-09  -0.265139E-08
   0.421800E+05   0.398160E-08   0.100046E-08  -0.213993E-08
   0.422000E+05   0.531256E-08   0.972146E-09  -0.125433E-08
   0.422200E+05   0.591907E-08   0.842691E-09  -0.122187E-09
   0.422400E+05   0.562541E-08   0.641125E-09   0.107775E-08
   0.422600E+05   0.440396E-08   0.396637E-09   0.214999E-08
   0.422800E+05   0.238295E-08   0.134792E-09   0.292075E-08
   0.423000E+05  -0.172843E-09  -0.124419E-09   0.327247E-08
   0.423200E+05  -0.290480E-08  -0.366686E-09   0.316730E-08
   0.423400E+05  -0.541907E-08  -0.582026E-09   0.265462E-08
   0.423600E+05  -0.735060E-08  -0.762655E-09   0.186088E-08
   0.423800E+05  -0.842154E-08  -0.900920E-09   0.963571E-09
   0.424000E+05  -0.848411E-08  -0.987997E-09   0.154627E-09
   0.424200E+05  -0.754094E-08  -0.101388E-08  -0.399474E-09
   0.424400E+05  -0.574022E-08  -0.968734E-09  -0.592780E-09
   0.424600E+05  -0.334725E-08  -0.845439E-09  -0.402884E-09
   0.424800E+05  -0.698311E-09  -0.642613E-09   0.102930E-09
   0.425000E+05   0.185464E-08  -0.367430E-09   0.779914E-09
   0.425200E+05   0.399847E-08  -0.373721E-10   0.143426E-08
   0.425400E+05   0.550342E-08   0.319718E-09   0.186221E-08
   0.425600E+05   0.625080E-08   0.667617E-09   0.189230E-08
   0.425800E+05   0.624017E-08   0.965659E-09   0.142226E-08
   0.426000E+05   0.557656E-08   0.117414E-08   0.443350E-09
   0.426200E+05   0.444147E-08   0.126038E-08  -0.952962E-09
   0.426400E+05   0.305423E-08   0.120439E-08  -0.258747E-08
   0.426600E+05   0.163166E-08   0.100320E-08  -0.422273E-08
   0.426800E+05   0.353213E-09   0.672899E-09  -0.560420E-08
   0.427000E+05  -0.662317E-09   0.247919E-09  -0.650530E-08
   0.427200E+05  -0.136579E-08  -0.222427E-09  -0.676797E-08
   0.427400E+05  -0.177217E-08  -0.679892E-09  -0.633121E-08
   0.427600E+05  -0.194344E-08  -0.106484E-08  -0.524234E-08
   0.427800E+05  -0.196482E-08  -0.132434E-08  -0.364899E-08
   0.428000E+05  -0.191998E-08  -0.141964E-08  -0.177346E-08
   0.428200E+05  -0.187075E-08  -0.133187E-08   0.125648E-09
   0.428400E+05  -0.184514E-08  -0.106521E-08   0.179736E-08
   0.428600E+05  -0.183551E-08  -0.646964E-09   0.303976E-08
   0.428800E+05  -0.180610E-08  -0.124549E-09   0.373162E-08
   0.429000E+05  -0.170739E-08   0.440189E-09   0.384865E-08
   0.429200E+05  -0.149308E-08   0.978567E-09   0.346227E-08
   0.429400E+05  -0.113548E-08   0.142355E-08   0.272143E-08
   0.429600E+05  -0.635540E-09   0.171799E-08   0.182180E-08
   0.429800E+05  -0.254294E-10   0.182158E-08   0.968159E-09
   0.430000E+05   0.636728E-09   0.171564E-08   0.337371E-09
   0.430200E+05   0.127829E-08   0.140524E-08   0.483939E-10
   0.430400E+05   0.182672E-08   0.918447E-09   0.144582E-09
   0.430600E+05   0.222380E-08   0.302840E-09   0.590735E-09
   0.430800E+05   0.243597E-08  -0.380053E-09   0.128463E-08
   0.431000E+05   0.245855E-08  -0.106178E-08   0.208009E-08
   0.431200E+05   0.231304E-08  -0.167445E-08   0.281658E-08
   0.431400E+05   0.203860E-08  -0.215785E-08   0.334965E-08
   0.431600E+05   0.168010E-08  -0.246532E-08   0.357637E-08
   0.431800E+05   0.127617E-08  -0.256786E-08   0.345161E-08
   0.432000E+05   0.850344E-09  -0.245610E-08   0.299259E-08
   0.432200E+05   0.407981E-09  -0.214010E-08   0.227179E-08
   0.432400E+05  -0.602642E-10  -0.164722E-08   0.140031E-08
   0.432600E+05  -0.569158E-09  -0.101850E-08   0.505367E-09
   0.432800E+05  -0.112627E-08  -0.304170E-09  -0.293390E-09
   0.433000E+05  -0.171959E-08   0.441162E-09  -0.904463E-09
   0.433200E+05  -0.230915E-08   0.116303E-08  -0.127831E-08
   0.433400E+05  -0.282575E-08   0.181096E-08  -0.141244E-08
   0.433600E+05  -0.317839E-08   0.234140E-08  -0.134764E-08
   0.433800E+05  -0.326993E-08   0.271972E-08  -0.115654E-08
   0.434000E+05  -0.301835E-08   0.292147E-08  -0.927494E-09
   0.434200E+05  -0.237936E-08   0.293308E-08  -0.746906E-09
   0.434400E+05  -0.136524E-08   0.275219E-08  -0.683363E-09
   0.434600E+05  -0.550643E-10   0.238803E-08  -0.776290E-09
   0.434800E+05   0.140733E-08   0.186158E-08  -0.103070E-08
   0.435000E+05   0.282878E-08   0.120552E-08  -0.141844E-08
   0.435200E+05   0.399424E-08   0.463751E-09  -0.188504E-08
   0.435400E+05   0.470203E-08  -0.310105E-09  -0.236063E-08
   0.435600E+05   0.480088E-08  -0.105539E-08  -0.277246E-08
   0.435800E+05   0.422166E-08  -0.170860E-08  -0.305696E-08
   0.436000E+05   0.299724E-08  -0.220893E-08  -0.316930E-08
   0.436200E+05   0.126587E-08  -0.250489E-08  -0.308913E-08
   0.436400E+05  -0.743971E-09  -0.256113E-08  -0.282205E-08
   0.436600E+05  -0.274551E-08  -0.236455E-08  -0.239684E-08
   0.436800E+05  -0.443785E-08  -0.192852E-08  -0.185943E-08
   0.437000E+05  -0.555478E-08  -0.129420E-08  -0.126464E-08
   0.437200E+05  -0.590991E-08  -0.528225E-09  -0.667271E-09
   0.437400E+05  -0.542979E-08   0.283493E-09  -0.113766E-09
   0.437600E+05  -0.416886E-08   0.104541E-08   0.364340E-09
   0.437800E+05  -0.230299E-08   0.166438E-08   0.754261E-09
   0.438000E+05  -0.102398E-09   0.206237E-08   0.106265E-08
   0.438200E+05   0.211164E-08   0.218809E-08   0.131303E-08
   0.438400E+05   0.401891E-08   0.202541E-08   0.154019E-08
   0.438600E+05   0.535195E-08   0.159697E-08   0.178240E-08
   0.438800E+05   0.593841E-08   0.962162E-09   0.207230E-08
   0.439000E+05   0.572659E-08   0.209343E-09   0.242805E-08
   0.439200E+05   0.478986E-08  -0.556792E-09   0.284593E-08
   0.439400E+05   0.330965E-08  -0.123079E-08   0.329612E-08
   0.439600E+05   0.154032E-08  -0.172253E-08   0.372266E-08
   0.439800E+05  -0.237098E-09  -0.197125E-08   0.404841E-08
   0.440000E+05  -0.176386E-08  -0.195487E-08   0.418483E-08
   0.440200E+05  -0.284597E-08  -0.169312E-08   0.404578E-08
   0.440400E+05  -0.338278E-08  -0.124364E-08   0.356350E-08
   0.440600E+05  -0.337678E-08  -0.691645E-09   0.270440E-08
   0.440800E+05  -0.292374E-08  -0.134742E-09   0.148164E-08
   0.441000E+05  -0.218581E-08   0.334301E-09  -0.378960E-10
   0.441200E+05  -0.135362E-08   0.643973E-09  -0.173465E-08
   0.441400E+05  -0.605246E-09   0.756564E-09  -0.344620E-08
   0.441600E+05  -0.703649E-10   0.674523E-09  -0.498545E-08
   0.441800E+05   0.193296E-09   0.439408E-09  -0.616508E-08
   0.442000E+05   0.206910E-09   0.123529E-09  -0.682500E-08
   0.442200E+05   0.599072E-10  -0.184259E-09  -0.685822E-08
   0.442400E+05  -0.115558E-09  -0.396034E-09  -0.623104E-08
   0.442600E+05  -0.179324E-09  -0.442338E-09  -0.499320E-08
   0.442800E+05  -0.195739E-10  -0.286478E-09  -0.327592E-08
   0.443000E+05   0.417008E-09   0.671345E-10  -0.127694E-08
   0.443200E+05   0.110783E-08   0.572265E-09   0.765512E-09
   0.443400E+05   0.195362E-08   0.114801E-08   0.260631E-08
   0.443600E+05   0.279487E-08   0.169261E-08   0.402922E-08
   0.443800E+05   0.344229E-08   0.210153E-08   0.487908E-08
   0.444000E+05   0.371547E-08   0.228642E-08   0.508476E-08
   0.444200E+05   0.348196E-08   0.219164E-08   0.466906E-08
   0.444400E+05   0.268876E-08   0.180519E-08   0.374339E-08
   0.444600E+05   0.137981E-08   0.116217E-08   0.248817E-08
   0.444800E+05  -0.304670E-09   0.339989E-09   0.112218E-08
   0.445000E+05  -0.214714E-08  -0.553768E-09  -0.133832E-09
   0.445200E+05  -0.388707E-08  -0.139860E-08  -0.109301E-08
   0.445400E+05  -0.526442E-08  -0.208054E-08  -0.163133E-08
   0.445600E+05  -0.606425E-08  -0.251019E-08  -0.170475E-08
   0.445800E+05  -0.615438E-08  -0.263648E-08  -0.135181E-08
   0.446000E+05  -0.550887E-08  -0.245367E-08  -0.681502E-09
   0.446200E+05  -0.421324E-08  -0.200077E-08   0.150807E-09
   0.446400E+05  -0.245024E-08  -0.135362E-08   0.974577E-09
   0.446600E+05  -0.468998E-09  -0.611510E-09   0.163634E-08
   0.446800E+05   0.145677E-08   0.119351E-09   0.202686E-08
   0.447000E+05   0.307388E-08   0.742292E-09   0.209811E-08
   0.447200E+05   0.418993E-08   0.118392E-08   0.186738E-08
   0.447400E+05   0.470154E-08   0.140297E-08   0.140811E-08
   0.447600E+05   0.460595E-08   0.139311E-08   0.829977E-09
   0.447800E+05   0.399441E-08   0.117995E-08   0.252719E-09
   0.448000E+05   0.302928E-08   0.813197E-09  -0.220580E-09
   0.448200E+05   0.190985E-08   0.356051E-09  -0.525127E-09
   0.448400E+05   0.833529E-09  -0.126014E-09  -0.646522E-09
   0.448600E+05  -0.397581E-10  -0.574948E-09  -0.621004E-09
   0.448800E+05  -0.613723E-09  -0.946739E-09  -0.524075E-09
   0.449000E+05  -0.867597E-09  -0.121422E-08  -0.450238E-09
   0.449200E+05  -0.852288E-09  -0.136623E-08  -0.488488E-09
   0.449400E+05  -0.672299E-09  -0.140402E-08  -0.699064E-09
   0.449600E+05  -0.457730E-09  -0.133638E-08  -0.109669E-08
   0.449800E+05  -0.332477E-09  -0.117492E-08  -0.164413E-08
   0.450000E+05  -0.385326E-09  -0.930908E-09  -0.225760E-08
   0.450200E+05  -0.649837E-09  -0.614237E-09  -0.282309E-08
   0.450400E+05  -0.109699E-08  -0.234685E-09  -0.322012E-08
   0.450600E+05  -0.164181E-08   0.195256E-09  -0.334801E-08
   0.450800E+05  -0.216237E-08   0.657072E-09  -0.314879E-08
   0.451000E+05  -0.252699E-08   0.112375E-08  -0.262200E-08
   0.451200E+05  -0.262375E-08   0.155930E-08  -0.182766E-08
   0.451400E+05  -0.238631E-08   0.192088E-08  -0.876756E-09
   0.451600E+05  -0.181030E-08   0.216365E-08   0.892059E-10
   0.451800E+05  -0.957191E-09   0.224758E-08   0.925452E-09
   0.452000E+05   0.555111E-10   0.214498E-08   0.151251E-08
   0.452200E+05   0.107573E-08   0.184719E-08   0.178016E-08
   0.452400E+05   0.194564E-08   0.136890E-08   0.172167E-08
   0.452600E+05   0.253209E-08   0.748967E-09   0.139533E-08
   0.452800E+05   0.275255E-08   0.470750E-10   0.912715E-09
   0.453000E+05   0.259128E-08  -0.663230E-09   0.415849E-09
   0.453200E+05   0.210253E-08  -0.130432E-08   0.479479E-10
   0.453400E+05   0.139999E-08  -0.180534E-08  -0.764467E-10
   0.453600E+05   0.634504E-09  -0.211232E-08   0.104185E-09
   0.453800E+05  -0.355518E-10  -0.219578E-08   0.584543E-09
   0.454000E+05  -0.475489E-09  -0.205454E-08   0.129216E-08
   0.454200E+05  -0.600982E-09  -0.171506E-08   0.210068E-08
   0.454400E+05  -0.394969E-09  -0.122670E-08   0.285422E-08
   0.454600E+05   0.885477E-10  -0.653641E-09   0.339793E-08
   0.454800E+05   0.734596E-09  -0.651340E-10   0.360862E-08
   0.455000E+05   0.138930E-08   0.474250E-09   0.341941E-08
   0.455200E+05   0.188971E-08   0.912760E-09   0.283325E-08
   0.455400E+05   0.209569E-08   0.121678E-08   0.192290E-08
   0.455600E+05   0.191772E-08   0.137274E-08   0.817050E-09
   0.455800E+05   0.133546E-08   0.138579E-08  -0.324242E-09
   0.456000E+05   0.403376E-09   0.127585E-08  -0.134012E-08
   0.456200E+05  -0.757498E-09   0.107229E-08  -0.209917E-08
   0.456400E+05  -0.198007E-08   0.808298E-09  -0.252334E-08
   0.456600E+05  -0.308020E-08   0.516164E-09  -0.260084E-08
   0.456800E+05  -0.388876E-08   0.224119E-09  -0.238542E-08
   0.457000E+05  -0.428085E-08  -0.451071E-10  -0.198254E-08
   0.457200E+05  -0.419686E-08  -0.274233E-09  -0.152509E-08
   0.457400E+05  -0.365178E-08  -0.450526E-09  -0.114412E-08
   0.457600E+05  -0.273128E-08  -0.564813E-09  -0.940255E-09
   0.457800E+05  -0.157559E-08  -0.611050E-09  -0.961974E-09
   0.458000E+05  -0.354427E-09  -0.586818E-09  -0.119511E-08
   0.458200E+05   0.762262E-09  -0.494674E-09  -0.156577E-08
   0.458400E+05   0.163231E-08  -0.343912E-09  -0.195608E-08
   0.458600E+05   0.216324E-08  -0.151958E-09  -0.222968E-08
   0.458800E+05   0.232429E-08   0.553940E-10  -0.226167E-08
   0.459000E+05   0.214706E-08   0.245571E-09  -0.196700E-08
   0.459200E+05   0.171510E-08   0.382869E-09  -0.132152E-08
   0.459400E+05   0.114505E-08   0.433889E-09  -0.371167E-09
   0.459600E+05   0.563222E-09   0.373936E-09   0.772581E-09
   0.459800E+05   0.821926E-10   0.193143E-09   0.195045E-08
   0.460000E+05  -0.218325E-09  -0.990660E-10   0.298304E-08
   0.460200E+05  -0.303048E-09  -0.472437E-09   0.370321E-08
   0.460400E+05  -0.183555E-09  -0.878064E-09   0.398711E-08
   0.460600E+05   0.882297E-10  -0.125439E-08   0.377795E-08
   0.460800E+05   0.433605E-09  -0.153637E-08   0.309799E-08
   0.461000E+05   0.764619E-09  -0.166632E-08   0.204654E-08
   0.461200E+05   0.100190E-08  -0.160464E-08   0.784289E-09
   0.461400E+05   0.108935E-08  -0.133834E-08  -0.493220E-09
   0.461600E+05   0.100323E-08  -0.885440E-09  -0.158806E-08
   0.461800E+05   0.754129E-09  -0.294350E-09  -0.233259E-08
   0.462000E+05   0.382367E-09   0.362221E-09  -0.261655E-08
   0.462200E+05  -0.519697E-10   0.997925E-09  -0.240397E-08
   0.462400E+05  -0.481719E-09   0.152634E-08  -0.173728E-08
   0.462600E+05  -0.845362E-09   0.187508E-08  -0.728294E-09
   0.462800E+05  -0.109721E-08   0.199802E-08   0.461843E-09
   0.463000E+05  -0.121327E-08   0.188322E-08   0.164993E-08
   0.463200E+05  -0.119210E-08   0.155517E-08   0.266016E-08
   0.463400E+05  -0.105104E-08   0.107076E-08   0.335070E-08
   0.463600E+05  -0.819263E-09   0.509703E-09   0.363314E-08
   0.463800E+05  -0.529605E-09  -0.390230E-10   0.348213E-08
   0.464000E+05  -0.211186E-09  -0.492169E-09   0.293423E-08
   0.464200E+05   0.115390E-09  -0.786021E-09   0.207729E-08
   0.464400E+05   0.439370E-09  -0.886499E-09   0.103282E-08
   0.464600E+05   0.757692E-09  -0.793800E-09  -0.648100E-10
   0.464800E+05   0.107020E-08  -0.540822E-09  -0.108864E-08
   0.465000E+05   0.137375E-08  -0.185810E-09  -0.193549E-08
   0.465200E+05   0.165711E-08   0.199290E-09  -0.253631E-08
   0.465400E+05   0.189809E-08   0.542487E-09  -0.285960E-08
   0.465600E+05   0.206418E-08   0.784795E-09  -0.290858E-08
   0.465800E+05   0.211677E-08   0.890270E-09  -0.271377E-08
   0.466000E+05   0.201840E-08   0.851227E-09  -0.232326E-08
   0.466200E+05   0.174151E-08   0.687825E-09  -0.179315E-08
   0.466400E+05   0.127682E-08   0.442315E-09  -0.117994E-08
   0.466600E+05   0.639446E-09   0.169267E-09  -0.535961E-09
   0.466800E+05  -0.128977E-09  -0.761657E-10   0.919850E-10
   0.467000E+05  -0.962839E-09  -0.249557E-09   0.661745E-09
   0.467200E+05  -0.177980E-08  -0.325861E-09   0.113396E-08
   0.467400E+05  -0.249161E-08  -0.303779E-09   0.147084E-08
   0.467600E+05  -0.301681E-08  -0.205083E-09   0.163688E-08
   0.467800E+05  -0.329303E-08  -0.691829E-10   0.160200E-08
   0.468000E+05  -0.328669E-08   0.558464E-10   0.134701E-08
   0.468200E+05  -0.299848E-08   0.123881E-09   0.870177E-09
   0.468400E+05  -0.246348E-08   0.100832E-09   0.193371E-09
   0.468600E+05  -0.174609E-08  -0.278313E-10  -0.634289E-09
   0.468800E+05  -0.930466E-09  -0.253586E-09  -0.153677E-08
   0.469000E+05  -0.108464E-09  -0.546043E-09  -0.241648E-08
   0.469200E+05   0.633188E-09  -0.858511E-09  -0.316465E-08
   0.469400E+05   0.122412E-08  -0.113681E-08  -0.367552E-08
   0.469600E+05   0.161834E-08  -0.132955E-08  -0.386239E-08
   0.469800E+05   0.179806E-08  -0.139792E-08  -0.367276E-08
   0.470000E+05   0.177295E-08  -0.132305E-08  -0.309968E-08
   0.470200E+05   0.157556E-08  -0.110960E-08  -0.218716E-08
   0.470400E+05   0.125404E-08  -0.785098E-09  -0.102779E-08
   0.470600E+05   0.863717E-09  -0.394991E-09   0.247343E-09
   0.470800E+05   0.459123E-09   0.534377E-11   0.148543E-08
   0.471000E+05   0.876479E-10   0.360210E-09   0.253310E-08
   0.471200E+05  -0.214367E-09   0.622997E-09   0.325858E-08
   0.471400E+05  -0.423027E-09   0.763700E-09   0.357147E-08
   0.471600E+05  -0.526185E-09   0.773291E-09   0.343670E-08
   0.471800E+05  -0.521463E-09   0.664310E-09   0.288053E-08
   0.472000E+05  -0.413936E-09   0.467763E-09   0.198727E-08
   0.472200E+05  -0.214314E-09   0.227083E-09   0.887287E-09
   0.472400E+05   0.619092E-10  -0.963521E-11  -0.261861E-09
   0.472600E+05   0.394302E-09  -0.197644E-09  -0.129826E-08
   0.472800E+05   0.756735E-09  -0.302428E-09  -0.207877E-08
   0.473000E+05   0.111675E-08  -0.304370E-09  -0.249892E-08
   0.473200E+05   0.143586E-08  -0.200603E-09  -0.250648E-08
   0.473400E+05   0.167152E-08  -0.402725E-11  -0.210695E-08
   0.473600E+05   0.178102E-08   0.260052E-09  -0.136020E-08
   0.473800E+05   0.172712E-08   0.558808E-09  -0.369471E-09
   0.474000E+05   0.148471E-08   0.857269E-09   0.735497E-09
   0.474200E+05   0.104737E-08   0.112322E-08   0.181793E-08
   0.474400E+05   0.432302E-09   0.133087E-08   0.275310E-08
   0.474600E+05  -0.317467E-09   0.146282E-08   0.344392E-08
   0.474800E+05  -0.113480E-08   0.151039E-08   0.383097E-08
   0.475000E+05  -0.193425E-08   0.147261E-08   0.389581E-08
   0.475200E+05  -0.262170E-08   0.135424E-08   0.365778E-08
   0.475400E+05  -0.310652E-08   0.116375E-08   0.316548E-08
   0.475600E+05  -0.331479E-08   0.911527E-09   0.248510E-08
   0.475800E+05  -0.320119E-08   0.608824E-09   0.168796E-08
   0.476000E+05  -0.275783E-08   0.267490E-09   0.839692E-09
   0.476200E+05  -0.201819E-08  -0.996229E-10  -0.719751E-11
   0.476400E+05  -0.105524E-08  -0.477961E-09  -0.816344E-09
   0.476600E+05   0.262409E-10  -0.850700E-09  -0.156621E-08
   0.476800E+05   0.110242E-08  -0.119871E-08  -0.224536E-08
   0.477000E+05   0.204639E-08  -0.150131E-08  -0.284594E-08
   0.477200E+05   0.274524E-08  -0.173792E-08  -0.335723E-08
   0.477400E+05   0.311562E-08  -0.189032E-08  -0.376120E-08
   0.477600E+05   0.311558E-08  -0.194528E-08  -0.403123E-08
   0.477800E+05   0.275079E-08  -0.189688E-08  -0.413453E-08
   0.478000E+05   0.207426E-08  -0.174821E-08  -0.403793E-08
   0.478200E+05   0.117950E-08  -0.151187E-08  -0.371595E-08
   0.478400E+05   0.188056E-09  -0.120907E-08  -0.315915E-08
   0.478600E+05  -0.766826E-09  -0.867501E-09  -0.238108E-08
   0.478800E+05  -0.155809E-08  -0.518015E-09  -0.142188E-08
   0.479000E+05  -0.208188E-08  -0.190835E-09  -0.347514E-09
   0.479200E+05  -0.227132E-08   0.882766E-10   0.755868E-09
   0.479400E+05  -0.210521E-08   0.301197E-09   0.179172E-08
   0.479600E+05  -0.161058E-08   0.439498E-09   0.266564E-08
   0.479800E+05  -0.858842E-09   0.505044E-09   0.329856E-08
   0.480000E+05   0.439430E-10   0.509080E-09   0.363837E-08
   0.480200E+05   0.971159E-09   0.469971E-09   0.366781E-08
   0.480400E+05   0.179231E-08   0.409997E-09   0.340718E-08
   0.480600E+05   0.239002E-08   0.351730E-09   0.291125E-08
   0.480800E+05   0.267524E-08   0.314569E-09   0.226075E-08
   0.481000E+05   0.259873E-08   0.311948E-09   0.154999E-08
   0.481200E+05   0.215743E-08   0.349603E-09   0.872365E-09
   0.481400E+05   0.139506E-08   0.425097E-09   0.306584E-09
   0.481600E+05   0.396912E-09   0.528571E-09  -0.943663E-10
   0.481800E+05  -0.720448E-09   0.644538E-09  -0.309512E-09
   0.482000E+05  -0.182329E-08   0.754357E-09  -0.350546E-09
   0.482200E+05  -0.277687E-08   0.838997E-09  -0.256882E-09
   0.482400E+05  -0.346167E-08   0.881658E-09  -0.861721E-10
   0.482600E+05  -0.378790E-08   0.869927E-09   0.978603E-10
   0.482800E+05  -0.370638E-08   0.797229E-09   0.237963E-09
   0.483000E+05  -0.321473E-08   0.663484E-09   0.293959E-09
   0.483200E+05  -0.235799E-08   0.474989E-09   0.249498E-09
   0.483400E+05  -0.122380E-08   0.243672E-09   0.113838E-09
   0.483600E+05   0.675171E-10  -0.141188E-10  -0.815453E-10
   0.483800E+05   0.137654E-08  -0.279072E-09  -0.290675E-09
   0.484000E+05   0.256064E-08  -0.530466E-09  -0.463520E-09
   0.484200E+05   0.349020E-08  -0.747680E-09  -0.557027E-09
   0.484400E+05   0.406331E-08  -0.911615E-09  -0.544557E-09
   0.484600E+05   0.421733E-08  -0.100600E-08  -0.421852E-09
   0.484800E+05   0.393582E-08  -0.101861E-08  -0.208380E-09
   0.485000E+05   0.325033E-08  -0.942358E-09   0.561875E-10
   0.485200E+05   0.223663E-08  -0.776309E-09   0.319668E-09
   0.485400E+05   0.100598E-08  -0.526440E-09   0.527687E-09
   0.485600E+05  -0.307514E-09  -0.206097E-09   0.634607E-09
   0.485800E+05  -0.156210E-08   0.164056E-09   0.612898E-09
   0.486000E+05  -0.262427E-08   0.556748E-09   0.459094E-09
   0.486200E+05  -0.338358E-08   0.939596E-09   0.195122E-09
   0.486400E+05  -0.376483E-08   0.127741E-08  -0.135288E-09
   0.486600E+05  -0.373613E-08   0.153526E-08  -0.474515E-09
   0.486800E+05  -0.331206E-08   0.168198E-08  -0.761783E-09
   0.487000E+05  -0.255159E-08   0.169388E-08  -0.944724E-09
   0.487200E+05  -0.155102E-08   0.155816E-08  -0.989562E-09
   0.487400E+05  -0.432723E-09   0.127539E-08  -0.887978E-09
   0.487600E+05   0.669048E-09   0.860838E-09  -0.659296E-09
   0.487800E+05   0.162373E-08   0.344144E-09  -0.347533E-09
   0.488000E+05   0.231964E-08  -0.232826E-09  -0.137585E-10
   0.488200E+05   0.267708E-08  -0.819771E-09   0.274858E-09
   0.488400E+05   0.265790E-08  -0.136310E-08   0.457368E-09
   0.488600E+05   0.227026E-08  -0.181187E-08   0.490469E-09
   0.488800E+05   0.156811E-08  -0.212371E-08   0.356955E-09
   0.489000E+05   0.645115E-09  -0.227000E-08   0.695983E-10
   0.489200E+05  -0.376267E-09  -0.223955E-08  -0.330292E-09
   0.489400E+05  -0.135944E-08  -0.204008E-08  -0.779469E-09
   0.489600E+05  -0.217046E-08  -0.169734E-08  -0.120340E-08
   0.489800E+05  -0.269503E-08  -0.125187E-08  -0.152915E-08
   0.490000E+05  -0.285342E-08  -0.753642E-09  -0.169829E-08
   0.490200E+05  -0.261167E-08  -0.255564E-09  -0.167756E-08
   0.490400E+05  -0.198719E-08   0.193544E-09  -0.146542E-08
   0.490600E+05  -0.104806E-08   0.555266E-09  -0.109329E-08
   0.490800E+05   0.943546E-10   0.806381E-09  -0.621225E-09
   0.491000E+05   0.129856E-08   0.941366E-09  -0.128554E-09
   0.491200E+05   0.241060E-08   0.972241E-09   0.298917E-09
   0.491400E+05   0.328384E-08   0.925779E-09   0.583189E-09
   0.491600E+05   0.379847E-08   0.838491E-09   0.667491E-09
   0.491800E+05   0.387792E-08   0.750179E-09   0.526674E-09
   0.492000E+05   0.350001E-08   0.697064E-09   0.172865E-09
   0.492200E+05   0.270096E-08   0.705542E-09  -0.344606E-09
   0.492400E+05   0.157169E-08   0.787577E-09  -0.945104E-09
   0.492600E+05   0.246571E-09   0.938435E-09  -0.152762E-08
   0.492800E+05  -0.111391E-08   0.113711E-08  -0.198521E-08
   0.493000E+05  -0.234427E-08   0.134938E-08  -0.222076E-08
   0.493200E+05  -0.329598E-08   0.153301E-08  -0.216202E-08
   0.493400E+05  -0.385735E-08   0.164428E-08  -0.177336E-08
   0.493600E+05  -0.396821E-08   0.164485E-08  -0.106290E-08
   0.493800E+05  -0.362760E-08   0.150787E-08  -0.836003E-10
   0.494000E+05  -0.289310E-08   0.122251E-08   0.107175E-08
   0.494200E+05  -0.187200E-08   0.796168E-09   0.228114E-08
   0.494400E+05  -0.705705E-09   0.254185E-09   0.340815E-08
   0.494600E+05   0.450487E-09  -0.362948E-09   0.431908E-08
   0.494800E+05   0.144918E-08  -0.100430E-08   0.490017E-08
   0.495000E+05   0.217106E-08  -0.161448E-08   0.507250E-08
   0.495200E+05   0.254052E-08  -0.213995E-08   0.480280E-08
   0.495400E+05   0.253472E-08  -0.253495E-08   0.410852E-08
   0.495600E+05   0.218459E-08  -0.276603E-08   0.305659E-08
   0.495800E+05   0.156821E-08  -0.281504E-08   0.175590E-08
   0.496000E+05   0.797430E-09  -0.268012E-08   0.344459E-09
   0.496200E+05   0.936185E-13  -0.237484E-08  -0.102718E-08
   0.496400E+05  -0.699434E-09  -0.192588E-08  -0.221410E-08
   0.496600E+05  -0.119851E-08  -0.136959E-08  -0.309444E-08
   0.496800E+05  -0.143055E-08  -0.748162E-09  -0.358389E-08
   0.497000E+05  -0.137353E-08  -0.105715E-09  -0.364546E-08
   0.497200E+05  -0.105153E-08   0.515171E-09  -0.329312E-08
   0.497400E+05  -0.529474E-09   0.107626E-08  -0.258910E-08
   0.497600E+05   0.979594E-10   0.154569E-08  -0.163521E-08
   0.497800E+05   0.721447E-09   0.189935E-08  -0.559306E-09
   0.498000E+05   0.123370E-08   0.212150E-08   0.501066E-09
   0.498200E+05   0.154530E-08   0.220509E-08   0.141586E-08
   0.498400E+05   0.159754E-08   0.215153E-08   0.207817E-08
   0.498600E+05   0.137039E-08   0.197035E-08   0.241638E-08
   0.498800E+05   0.884942E-09   0.167841E-08   0.240137E-08
   0.499000E+05   0.200014E-09   0.129888E-08   0.204804E-08
   0.499200E+05  -0.596209E-09   0.859788E-09   0.141121E-08
   0.499400E+05  -0.139825E-08   0.392197E-09   0.576693E-09
   0.499600E+05  -0.209731E-08  -0.719827E-10  -0.350932E-09
   0.499800E+05  -0.259533E-08  -0.502381E-09  -0.126215E-08
   0.500000E+05  -0.281721E-08  -0.872549E-09  -0.205598E-08
   0.500200E+05  -0.271994E-08  -0.116206E-08  -0.265133E-08
   0.500400E+05  -0.229752E-08  -0.135804E-08  -0.299503E-08
   0.500600E+05  -0.158137E-08  -0.145590E-08  -0.306573E-08
   0.500800E+05  -0.636349E-09  -0.145912E-08  -0.287354E-08
   0.501000E+05   0.446884E-09  -0.137811E-08  -0.245602E-08
   0.501200E+05   0.156225E-08  -0.122833E-08  -0.187132E-08
   0.501400E+05   0.260001E-08  -0.102788E-08  -0.118963E-08
   0.501600E+05   0.345854E-08  -0.795048E-09  -0.484349E-09
   0.501800E+05   0.405492E-08  -0.546139E-09   0.176157E-09
   0.502000E+05   0.433318E-08  -0.293989E-09   0.735173E-09
   0.502200E+05   0.426941E-08  -0.473606E-10   0.115227E-08
   0.502400E+05   0.387324E-08   0.188701E-09   0.140576E-08
   0.502600E+05   0.318582E-08   0.411688E-09   0.149298E-08
   0.502800E+05   0.227440E-08   0.619910E-09   0.142895E-08
   0.503000E+05   0.122440E-08   0.810645E-09   0.124345E-08
   0.503200E+05   0.129874E-09   0.978599E-09   0.977174E-09
   0.503400E+05  -0.916518E-09   0.111506E-08   0.677106E-09
   0.503600E+05  -0.183282E-08   0.120805E-08   0.391533E-09
   0.503800E+05  -0.255531E-08   0.124345E-08   0.164864E-09
   0.504000E+05  -0.304348E-08   0.120716E-08   0.326495E-10
   0.504200E+05  -0.328191E-08   0.108774E-08   0.171485E-10
   0.504400E+05  -0.327913E-08   0.879259E-09   0.123945E-09
   0.504600E+05  -0.306365E-08   0.583749E-09   0.340132E-09
   0.504800E+05  -0.267818E-08   0.212757E-09   0.634570E-09
   0.505000E+05  -0.217274E-08  -0.212318E-09   0.960548E-09
   0.505200E+05  -0.159802E-08  -0.661336E-09   0.126094E-08
   0.505400E+05  -0.999787E-09  -0.109789E-08   0.147551E-08
   0.505600E+05  -0.415315E-09  -0.148292E-08   0.154966E-08
   0.505800E+05   0.128051E-09  -0.177892E-08   0.144350E-08
   0.506000E+05   0.612059E-09  -0.195432E-08   0.113979E-08
   0.506200E+05   0.102506E-08  -0.198727E-08   0.649392E-09
   0.506400E+05   0.135865E-08  -0.186843E-08   0.130089E-10
   0.506600E+05   0.160445E-08  -0.160235E-08  -0.701637E-09
   0.506800E+05   0.175193E-08  -0.120723E-08  -0.140720E-08
   0.507000E+05   0.178798E-08  -0.713153E-09  -0.200806E-08
   0.507200E+05   0.169856E-08  -0.158998E-09  -0.241407E-08
   0.507400E+05   0.147217E-08   0.411517E-09  -0.255489E-08
   0.507600E+05   0.110449E-08   0.954187E-09  -0.239236E-08
   0.507800E+05   0.603188E-09   0.142851E-08  -0.192888E-08
   0.508000E+05  -0.834706E-11   0.180129E-08  -0.120999E-08
   0.508200E+05  -0.689359E-09   0.204924E-08  -0.320306E-09
   0.508400E+05  -0.138309E-08   0.216049E-08   0.626942E-09
   0.508600E+05  -0.202132E-08   0.213478E-08   0.150563E-08
   0.508800E+05  -0.253185E-08   0.198266E-08   0.219532E-08
   0.509000E+05  -0.284786E-08   0.172370E-08   0.259987E-08
   0.509200E+05  -0.291785E-08   0.138412E-08   0.266310E-08
   0.509400E+05  -0.271443E-08   0.994113E-09   0.237873E-08
   0.509600E+05  -0.224028E-08   0.585066E-09   0.179276E-08
   0.509800E+05  -0.153022E-08   0.187010E-09   0.997651E-09
   0.510000E+05  -0.648550E-09  -0.173612E-09   0.118890E-09
   0.510200E+05   0.318179E-09  -0.475708E-09  -0.704034E-09
   0.510400E+05   0.127196E-08  -0.704792E-09  -0.133936E-08
   0.510600E+05   0.211626E-08  -0.853687E-09  -0.168401E-08
   0.510800E+05   0.276896E-08  -0.922693E-09  -0.168033E-08
   0.511000E+05   0.317343E-08  -0.919203E-09  -0.132583E-08
   0.511200E+05   0.330568E-08  -0.856799E-09  -0.674333E-09
   0.511400E+05   0.317662E-08  -0.753857E-09   0.171971E-09
   0.511600E+05   0.282900E-08  -0.631718E-09   0.107814E-08
   0.511800E+05   0.232939E-08  -0.512544E-09   0.189745E-08
   0.512000E+05   0.175680E-08  -0.416982E-09   0.249437E-08
   0.512200E+05   0.118963E-08  -0.361872E-09   0.276575E-08
   0.512400E+05   0.693358E-09  -0.358203E-09   0.265697E-08
   0.512600E+05   0.310888E-09  -0.409589E-09   0.217037E-08
   0.512800E+05   0.572441E-10  -0.511477E-09   0.136480E-08
   0.513000E+05  -0.805832E-10  -0.651274E-09   0.346226E-09
   0.513200E+05  -0.138720E-09  -0.809447E-09  -0.748785E-09
   0.513400E+05  -0.167384E-09  -0.961589E-09  -0.177420E-08
   0.513600E+05  -0.219459E-09  -0.108124E-08  -0.259672E-08
   0.513800E+05  -0.338755E-09  -0.114321E-08  -0.311570E-08
   0.514000E+05  -0.550147E-09  -0.112698E-08  -0.327745E-08
   0.514200E+05  -0.853373E-09  -0.101973E-08  -0.308217E-08
   0.514400E+05  -0.122170E-08  -0.818660E-09  -0.258220E-08
   0.514600E+05  -0.160574E-08  -0.532110E-09  -0.187244E-08
   0.514800E+05  -0.194180E-08  -0.179315E-09  -0.107438E-08
   0.515000E+05  -0.216341E-08   0.211248E-09  -0.316618E-09
   0.515200E+05  -0.221395E-08   0.604826E-09   0.285207E-09
   0.515400E+05  -0.205829E-08   0.964328E-09   0.645791E-09
   0.515600E+05  -0.169123E-08   0.125477E-08   0.722348E-09
   0.515800E+05  -0.114130E-08   0.144766E-08   0.519863E-09
   0.516000E+05  -0.468984E-09   0.152469E-08   0.888633E-10
   0.516200E+05   0.240447E-09   0.148028E-08  -0.483708E-09
   0.516400E+05   0.888685E-09   0.132253E-08  -0.108888E-08
   0.516600E+05   0.137887E-08   0.107239E-08  -0.161292E-08
   0.516800E+05   0.163074E-08   0.761157E-09  -0.195488E-08
   0.517000E+05   0.159403E-08   0.426582E-09  -0.204155E-08
   0.517200E+05   0.125810E-08   0.108069E-09  -0.183800E-08
   0.517400E+05   0.656067E-09  -0.158345E-09  -0.135204E-08
   0.517600E+05  -0.137315E-09  -0.344540E-09  -0.632290E-09
   0.517800E+05  -0.101401E-08  -0.433748E-09   0.239606E-09
   0.518000E+05  -0.184632E-08  -0.422371E-09   0.116131E-08
   0.518200E+05  -0.250415E-08  -0.319936E-09   0.202465E-08
   0.518400E+05  -0.287339E-08  -0.147195E-09   0.273076E-08
   0.518600E+05  -0.287316E-08   0.673177E-10   0.320333E-08
   0.518800E+05  -0.246929E-08   0.291713E-09   0.339804E-08
   0.519000E+05  -0.168193E-08   0.495460E-09   0.330711E-08
   0.519200E+05  -0.586176E-09   0.653620E-09   0.295836E-08
   0.519400E+05   0.695014E-09   0.749928E-09   0.240934E-08
   0.519600E+05   0.200480E-08   0.778235E-09   0.173738E-08
   0.519800E+05   0.317192E-08   0.742127E-09   0.102747E-08
   0.520000E+05   0.403325E-08   0.652830E-09   0.359561E-09
   0.520200E+05   0.445645E-08   0.525869E-09  -0.202504E-09
   0.520400E+05   0.435972E-08   0.377153E-09  -0.619062E-09
   0.520600E+05   0.372557E-08   0.219288E-09  -0.878470E-09
   0.520800E+05   0.260663E-08   0.589243E-10  -0.996333E-09
   0.521000E+05   0.112204E-08  -0.104284E-09  -0.101040E-08
   0.521200E+05  -0.555513E-09  -0.276787E-09  -0.972090E-09
   0.521400E+05  -0.222077E-08  -0.468414E-09  -0.936084E-09
   0.521600E+05  -0.366230E-08  -0.688291E-09  -0.949737E-09
   0.521800E+05  -0.469093E-08  -0.940213E-09  -0.104402E-08
   0.522000E+05  -0.516620E-08  -0.121848E-08  -0.122746E-08
   0.522200E+05  -0.501682E-08  -0.150523E-08  -0.148412E-08
   0.522400E+05  -0.425218E-08  -0.177007E-08  -0.177582E-08
   0.522600E+05  -0.296265E-08  -0.197253E-08  -0.204831E-08
   0.522800E+05  -0.130840E-08  -0.206721E-08  -0.224044E-08
   0.523000E+05   0.502084E-09  -0.201110E-08  -0.229474E-08
   0.523200E+05   0.224068E-08  -0.177197E-08  -0.216776E-08
   0.523400E+05   0.369156E-08  -0.133635E-08  -0.183846E-08
   0.523600E+05   0.468147E-08  -0.715680E-09  -0.131328E-08
   0.523800E+05   0.510372E-08   0.509331E-10  -0.627084E-09
   0.524000E+05   0.493210E-08   0.898074E-09   0.160284E-09
   0.524200E+05   0.422252E-08   0.173998E-08   0.971352E-09
   0.524400E+05   0.310199E-08   0.248050E-08   0.172109E-08
   0.524600E+05   0.174685E-08   0.302593E-08   0.232828E-08
   0.524800E+05   0.353617E-09   0.329881E-08   0.272646E-08
   0.525000E+05  -0.892533E-09   0.325054E-08   0.287283E-08
   0.525200E+05  -0.184646E-08   0.287076E-08   0.275391E-08
   0.525400E+05  -0.242412E-08   0.219149E-08   0.238716E-08
   0.525600E+05  -0.261234E-08   0.128527E-08   0.181847E-08
   0.525800E+05  -0.246597E-08   0.257017E-09   0.111600E-08
   0.526000E+05  -0.209279E-08  -0.769537E-09   0.361419E-09
   0.526200E+05  -0.162927E-08  -0.166875E-08  -0.360247E-09
   0.526400E+05  -0.121161E-08  -0.233104E-08  -0.970666E-09
   0.526600E+05  -0.947556E-09  -0.267894E-08  -0.140689E-08
   0.526800E+05  -0.894223E-09  -0.267876E-08  -0.162767E-08
   0.527000E+05  -0.104636E-08  -0.234580E-08  -0.161685E-08
   0.527200E+05  -0.133727E-08  -0.174209E-08  -0.138368E-08
   0.527400E+05  -0.165247E-08  -0.966906E-09  -0.960386E-09
   0.527600E+05  -0.185365E-08  -0.141496E-09  -0.397484E-09
   0.527800E+05  -0.180855E-08   0.609751E-09   0.242243E-09
   0.528000E+05  -0.142096E-08   0.117852E-08   0.890455E-09
   0.528200E+05  -0.655192E-09   0.148917E-08   0.147987E-08
   0.528400E+05   0.450087E-09   0.150984E-08   0.195027E-08
   0.528600E+05   0.178169E-08   0.125652E-08   0.225348E-08
   0.528800E+05   0.316603E-08   0.789028E-09   0.235719E-08
   0.529000E+05   0.439554E-08   0.200027E-09   0.224749E-08
   0.529200E+05   0.526300E-08  -0.401355E-09   0.193001E-08
   0.529400E+05   0.559777E-08  -0.908284E-09   0.142966E-08
   0.529600E+05   0.529758E-08  -0.123423E-08   0.788998E-09
   0.529800E+05   0.434992E-08  -0.132715E-08   0.649891E-10
   0.530000E+05   0.283898E-08  -0.117739E-08  -0.675640E-09
   0.530200E+05   0.936609E-09  -0.818157E-09  -0.136238E-08
   0.530400E+05  -0.112164E-08  -0.318419E-09  -0.192783E-08
   0.530600E+05  -0.307145E-08   0.230222E-09  -0.231504E-08
   0.530800E+05  -0.465990E-08   0.730400E-09  -0.248428E-08
   0.531000E+05  -0.568412E-08   0.109646E-08  -0.241860E-08
   0.531200E+05  -0.602192E-08   0.126948E-08  -0.212710E-08
   0.531400E+05  -0.564951E-08   0.122708E-08  -0.164527E-08
   0.531600E+05  -0.464323E-08   0.986507E-09  -0.103191E-08
   0.531800E+05  -0.316557E-08   0.600349E-09  -0.362887E-09
   0.532000E+05  -0.143787E-08   0.145987E-09   0.277906E-09
   0.532200E+05   0.295170E-09  -0.289352E-09   0.809186E-09
   0.532400E+05   0.180335E-08  -0.625046E-09   0.116313E-08
   0.532600E+05   0.290461E-08  -0.802031E-09   0.129485E-08
   0.532800E+05   0.348925E-08  -0.793509E-09   0.118906E-08
   0.533000E+05   0.353128E-08  -0.609527E-09   0.862738E-09
   0.533200E+05   0.308567E-08  -0.294640E-09   0.363269E-09
   0.533400E+05   0.227289E-08   0.807946E-10  -0.237818E-09
   0.533600E+05   0.125438E-08   0.434025E-09  -0.854685E-09
   0.533800E+05   0.203510E-09   0.685489E-09  -0.139918E-08
   0.534000E+05  -0.722458E-09   0.773683E-09  -0.179322E-08
   0.534200E+05  -0.140485E-08   0.666622E-09  -0.197957E-08
   0.534400E+05  -0.177718E-08   0.367848E-09  -0.192961E-08
   0.534600E+05  -0.182842E-08  -0.840156E-10  -0.164660E-08
   0.534800E+05  -0.159654E-08  -0.621968E-09  -0.116431E-08
   0.535000E+05  -0.115468E-08  -0.116227E-08  -0.541134E-09
   0.535200E+05  -0.593357E-09  -0.161881E-08   0.149196E-09
   0.535400E+05  -0.254410E-11  -0.191763E-08   0.828771E-09
   0.535600E+05   0.542880E-09  -0.200891E-08   0.142668E-08
   0.535800E+05   0.992064E-09  -0.187455E-08   0.188846E-08
   0.536000E+05   0.132054E-08  -0.153002E-08   0.218240E-08
   0.536200E+05   0.152662E-08  -0.102050E-08   0.230183E-08
   0.536400E+05   0.162361E-08  -0.412262E-09   0.226330E-08
   0.536600E+05   0.163050E-08   0.219054E-09   0.210123E-08
   0.536800E+05   0.156359E-08   0.800815E-09   0.186007E-08
   0.537000E+05   0.143131E-08   0.127436E-08   0.158556E-08
   0.537200E+05   0.123324E-08   0.160263E-08   0.131669E-08
   0.537400E+05   0.963274E-09   0.177330E-08   0.107953E-08
   0.537600E+05   0.615844E-09   0.179734E-08   0.884094E-09
   0.537800E+05   0.193058E-09   0.170356E-08   0.724561E-09
   0.538000E+05  -0.289326E-09   0.153061E-08   0.582490E-09
   0.538200E+05  -0.799091E-09   0.131825E-08   0.432459E-09
   0.538400E+05  -0.128908E-08   0.109961E-08   0.248877E-09
   0.538600E+05  -0.170309E-08   0.896061E-09   0.127166E-10
   0.538800E+05  -0.198521E-08   0.715362E-09  -0.283059E-09
   0.539000E+05  -0.209051E-08   0.553288E-09  -0.630335E-09
   0.539200E+05  -0.199490E-08   0.398008E-09  -0.100548E-08
   0.539400E+05  -0.170165E-08   0.235996E-09  -0.137188E-08
   0.539600E+05  -0.124308E-08   0.579811E-10  -0.168487E-08
   0.539800E+05  -0.676608E-09  -0.136541E-09  -0.189845E-08
   0.540000E+05  -0.757539E-10  -0.337301E-09  -0.197262E-08
   0.540200E+05   0.482200E-09  -0.524249E-09  -0.188027E-08
   0.540400E+05   0.929511E-09  -0.671361E-09  -0.161274E-08
   0.540600E+05   0.121949E-08  -0.752417E-09  -0.118300E-08
   0.540800E+05   0.133390E-08  -0.747462E-09  -0.626144E-09
   0.541000E+05   0.128460E-08  -0.648502E-09   0.306626E-11
   0.541200E+05   0.110924E-08  -0.463111E-09   0.635379E-09
   0.541400E+05   0.861850E-09  -0.215040E-09   0.119447E-08
   0.541600E+05   0.600420E-09   0.584644E-10   0.160577E-08
   0.541800E+05   0.374131E-09   0.312257E-09   0.180577E-08
   0.542000E+05   0.213108E-09   0.500822E-09   0.175067E-08
   0.542200E+05   0.122901E-09   0.586354E-09   0.142338E-08
   0.542400E+05   0.849370E-10   0.545856E-09   0.837808E-09
   0.542600E+05   0.628521E-10   0.375899E-09   0.398106E-10
   0.542800E+05   0.132867E-10   0.941086E-10  -0.895709E-09
   0.543000E+05  -0.101321E-09  -0.262968E-09  -0.187145E-08
   0.543200E+05  -0.300907E-09  -0.645267E-09  -0.277772E-08
   0.543400E+05  -0.579770E-09  -0.996986E-09  -0.350473E-08
   0.543600E+05  -0.904442E-09  -0.126537E-08  -0.395593E-08
   0.543800E+05  -0.121828E-08  -0.140905E-08  -0.406075E-08
   0.544000E+05  -0.145211E-08  -0.140445E-08  -0.378484E-08
   0.544200E+05  -0.153893E-08  -0.124937E-08  -0.313654E-08
   0.544400E+05  -0.142959E-08  -0.963061E-09  -0.216815E-08
   0.544600E+05  -0.110602E-08  -0.583065E-09  -0.971667E-09
   0.544800E+05  -0.589052E-09  -0.159254E-09   0.330976E-09
   0.545000E+05   0.614117E-10   0.253714E-09   0.160199E-08
   0.545200E+05   0.754273E-09   0.604377E-09   0.270452E-08
   0.545400E+05   0.138215E-08   0.851586E-09   0.351978E-08
   0.545600E+05   0.184064E-08   0.969773E-09   0.396234E-08
   0.545800E+05   0.204835E-08   0.951687E-09   0.399105E-08
   0.546000E+05   0.196355E-08   0.808406E-09   0.361425E-08
   0.546200E+05   0.159417E-08   0.566828E-09   0.288813E-08
   0.546400E+05   0.998698E-09   0.265223E-09   0.190871E-08
   0.546600E+05   0.277472E-09  -0.523793E-10   0.798350E-09
   0.546800E+05  -0.444334E-09  -0.342115E-09  -0.310916E-09
   0.547000E+05  -0.103899E-08  -0.565714E-09  -0.129491E-08
   0.547200E+05  -0.139968E-08  -0.694832E-09  -0.205293E-08
   0.547400E+05  -0.146063E-08  -0.713879E-09  -0.251916E-08
   0.547600E+05  -0.121001E-08  -0.621187E-09  -0.266839E-08
   0.547800E+05  -0.692948E-09  -0.428553E-09  -0.251537E-08
   0.548000E+05  -0.394156E-11  -0.159362E-09  -0.210841E-08
   0.548200E+05   0.730132E-09   0.154412E-09  -0.151856E-08
   0.548400E+05   0.137321E-08   0.476000E-09  -0.826581E-09
   0.548600E+05   0.180515E-08   0.768032E-09  -0.110174E-09
   0.548800E+05   0.194397E-08   0.996769E-09   0.566502E-09
   0.549000E+05   0.176100E-08   0.113600E-08   0.115921E-08
   0.549200E+05   0.128603E-08   0.117017E-08   0.164529E-08
   0.549400E+05   0.601373E-09   0.109647E-08   0.202080E-08
   0.549600E+05  -0.173813E-09   0.925479E-09   0.229435E-08
   0.549800E+05  -0.906180E-09   0.680176E-09   0.247926E-08
   0.550000E+05  -0.147327E-08   0.393319E-09   0.258629E-08
   0.550200E+05  -0.178630E-08   0.103303E-09   0.261850E-08
   0.550400E+05  -0.180622E-08  -0.151061E-09   0.256958E-08
   0.550600E+05  -0.155011E-08  -0.336218E-09   0.242602E-08
   0.550800E+05  -0.108662E-08  -0.429189E-09   0.217245E-08
   0.551000E+05  -0.521575E-09  -0.421670E-09   0.179883E-08
   0.551200E+05   0.234670E-10  -0.322143E-09   0.130762E-08
   0.551400E+05   0.435334E-09  -0.155452E-09   0.718988E-09
   0.551600E+05   0.631407E-09   0.403243E-10   0.723799E-10
   0.551800E+05   0.575446E-09   0.219441E-09  -0.576245E-09
   0.552000E+05   0.284037E-09   0.335771E-09  -0.116155E-08
   0.552200E+05  -0.177476E-09   0.350727E-09  -0.161913E-08
   0.552400E+05  -0.708693E-09   0.240532E-09  -0.189712E-08
   0.552600E+05  -0.119466E-08   0.154005E-11  -0.196677E-08
   0.552800E+05  -0.152905E-08  -0.347438E-09  -0.182969E-08
   0.553000E+05  -0.163540E-08  -0.766414E-09  -0.152001E-08
   0.553200E+05  -0.148221E-08  -0.119913E-08  -0.110058E-08
   0.553400E+05  -0.108892E-08  -0.158102E-08  -0.653581E-09
   0.553600E+05  -0.521765E-09  -0.184897E-08  -0.266897E-09
   0.553800E+05   0.119628E-09  -0.195150E-08  -0.186509E-10
   0.554000E+05   0.722174E-09  -0.185750E-08   0.373108E-10
   0.554200E+05   0.118162E-08  -0.156211E-08  -0.117802E-09
   0.554400E+05   0.142280E-08  -0.108873E-08  -0.462835E-09
   0.554600E+05   0.141379E-08  -0.486456E-09  -0.938839E-09
   0.554800E+05   0.117122E-08   0.176429E-09  -0.145814E-08
   0.555000E+05   0.755649E-09   0.822204E-09  -0.191888E-08
   0.555200E+05   0.258297E-09   0.137500E-08  -0.222261E-08
   0.555400E+05  -0.218326E-09   0.177190E-08  -0.229185E-08
   0.555600E+05  -0.581706E-09   0.197194E-08  -0.208447E-08
   0.555800E+05  -0.768195E-09   0.196174E-08  -0.160235E-08
   0.556000E+05  -0.755598E-09   0.175669E-08  -0.892728E-09
   0.556200E+05  -0.566884E-09   0.139768E-08  -0.418967E-10
   0.556400E+05  -0.264287E-09   0.943946E-09   0.837688E-09
   0.556600E+05   0.649679E-10   0.463363E-09   0.162472E-08
   0.556800E+05   0.328359E-09   0.217129E-10   0.220788E-08
   0.557000E+05   0.449066E-09  -0.327154E-09   0.250300E-08
   0.557200E+05   0.383880E-09  -0.548758E-09   0.246592E-08
   0.557400E+05   0.134217E-09  -0.631887E-09   0.209889E-08
   0.557600E+05  -0.252202E-09  -0.588468E-09   0.144982E-08
   0.557800E+05  -0.689561E-09  -0.449671E-09   0.604675E-09
   0.558000E+05  -0.107058E-08  -0.259063E-09  -0.325383E-09
   0.558200E+05  -0.128838E-08  -0.641840E-10  -0.122003E-08
   0.558400E+05  -0.125921E-08   0.919710E-10  -0.196621E-08
   0.558600E+05  -0.941567E-09   0.178082E-09  -0.247250E-08
   0.558800E+05  -0.347578E-09   0.179122E-09  -0.267957E-08
   0.559000E+05   0.455666E-09   0.978348E-10  -0.256547E-08
   0.559200E+05   0.135552E-08  -0.469784E-10  -0.214557E-08
   0.559400E+05   0.221232E-08  -0.224845E-09  -0.146784E-08
   0.559600E+05   0.288381E-08  -0.399744E-09  -0.604635E-09
   0.559800E+05   0.325080E-08  -0.536790E-09   0.357201E-09
   0.560000E+05   0.323937E-08  -0.608283E-09   0.132656E-08
   0.560200E+05   0.283529E-08  -0.598154E-09   0.221709E-08
   0.560400E+05   0.208794E-08  -0.504161E-09   0.295425E-08
   0.560600E+05   0.110288E-08  -0.337655E-09   0.348004E-08
   0.560800E+05   0.242509E-10  -0.121160E-09   0.375557E-08
   0.561000E+05  -0.989606E-09   0.115639E-09   0.376183E-08
   0.561200E+05  -0.179310E-08   0.340709E-09   0.349928E-08
   0.561400E+05  -0.227788E-08   0.524402E-09   0.298676E-08
   0.561600E+05  -0.239058E-08   0.643398E-09   0.225993E-08
   0.561800E+05  -0.214062E-08   0.683322E-09   0.136925E-08
   0.562000E+05  -0.159692E-08   0.639816E-09   0.377493E-09
   0.562200E+05  -0.874282E-09   0.518127E-09  -0.643746E-09
   0.562400E+05  -0.112182E-09   0.331513E-09  -0.161849E-08
   0.562600E+05   0.550123E-09   0.989026E-10  -0.247194E-08
   0.562800E+05   0.997518E-09  -0.157718E-09  -0.313674E-08
   0.563000E+05   0.115781E-08  -0.415758E-09  -0.355948E-08
   0.563200E+05   0.101221E-08  -0.654039E-09  -0.370647E-08
   0.563400E+05   0.595927E-09  -0.854239E-09  -0.356792E-08
   0.563600E+05  -0.105935E-10  -0.100178E-08  -0.315978E-08
   0.563800E+05  -0.697974E-09  -0.108625E-08  -0.252267E-08
   0.564000E+05  -0.134823E-08  -0.110158E-08  -0.171784E-08
   0.564200E+05  -0.185533E-08  -0.104606E-08  -0.820530E-09
   0.564400E+05  -0.214224E-08  -0.922277E-09   0.882832E-10
   0.564600E+05  -0.217162E-08  -0.737031E-09   0.930810E-09
   0.564800E+05  -0.194876E-08  -0.501124E-09   0.164060E-08
   0.565000E+05  -0.151675E-08  -0.228908E-09   0.216892E-08
   0.565200E+05  -0.945550E-09   0.624942E-10   0.248845E-08
   0.565400E+05  -0.317461E-09   0.354329E-09   0.259411E-08
   0.565600E+05   0.287886E-09   0.627700E-09   0.250100E-08
   0.565800E+05   0.806108E-09   0.865238E-09   0.224022E-08
   0.566000E+05   0.119609E-08   0.105276E-08   0.185336E-08
   0.566200E+05   0.144239E-08   0.118067E-08   0.138676E-08
   0.566400E+05   0.155223E-08   0.124479E-08   0.886340E-09
   0.566600E+05   0.154850E-08   0.124660E-08   0.393712E-09
   0.566800E+05   0.146068E-08   0.119268E-08  -0.561798E-10
   0.567000E+05   0.131628E-08   0.109347E-08  -0.436026E-09
   0.567200E+05   0.113459E-08   0.961617E-09  -0.726078E-09
   0.567400E+05   0.924202E-09   0.810117E-09  -0.913581E-09
   0.567600E+05   0.684539E-09   0.650557E-09  -0.992234E-09
   0.567800E+05   0.410744E-09   0.491825E-09  -0.962002E-09
   0.568000E+05   0.100315E-09   0.339415E-09  -0.829369E-09
   0.568200E+05  -0.240443E-09   0.195436E-09  -0.607825E-09
   0.568400E+05  -0.592115E-09   0.592512E-10  -0.318184E-09
   0.568600E+05  -0.921441E-09  -0.714307E-10   0.117777E-10
   0.568800E+05  -0.118474E-08  -0.199274E-09   0.348759E-09
   0.569000E+05  -0.133510E-08  -0.326122E-09   0.656643E-09
   0.569200E+05  -0.133186E-08  -0.452142E-09   0.900335E-09
   0.569400E+05  -0.115060E-08  -0.575441E-09   0.105025E-08
   0.569600E+05  -0.791110E-09  -0.692215E-09   0.108666E-08
   0.569800E+05  -0.281562E-09  -0.797319E-09   0.100313E-08
   0.570000E+05   0.322406E-09  -0.885111E-09   0.808078E-09
   0.570200E+05   0.944054E-09  -0.950335E-09   0.524104E-09
   0.570400E+05   0.149644E-08  -0.988830E-09   0.184844E-09
   0.570600E+05   0.189611E-08  -0.997931E-09  -0.170175E-09
   0.570800E+05   0.207710E-08  -0.976480E-09  -0.501908E-09
   0.571000E+05   0.200275E-08  -0.924524E-09  -0.778225E-09
   0.571200E+05   0.167300E-08  -0.842811E-09  -0.979191E-09
   0.571400E+05   0.112583E-08  -0.732304E-09  -0.110012E-08
   0.571600E+05   0.432258E-09  -0.593882E-09  -0.115172E-08
   0.571800E+05  -0.314087E-09  -0.428384E-09  -0.115729E-08
   0.572000E+05  -0.101126E-08  -0.237033E-09  -0.114729E-08
   0.572200E+05  -0.156459E-08  -0.221814E-10  -0.115245E-08
   0.572400E+05  -0.190102E-08   0.211800E-09  -0.119672E-08
   0.572600E+05  -0.197971E-08   0.457732E-09  -0.129143E-08
   0.572800E+05  -0.179733E-08   0.705193E-09  -0.143195E-08
   0.573000E+05  -0.138732E-08   0.940659E-09  -0.159750E-08
   0.573200E+05  -0.813471E-09   0.114833E-08  -0.175435E-08
   0.573400E+05  -0.159230E-09   0.131163E-08  -0.186180E-08
   0.573600E+05   0.485370E-09   0.141516E-08  -0.187981E-08
   0.573800E+05   0.103682E-08   0.144689E-08  -0.177689E-08
   0.574000E+05   0.142928E-08   0.140013E-08  -0.153671E-08
   0.574200E+05   0.162207E-08   0.127496E-08  -0.116210E-08
   0.574400E+05   0.160290E-08   0.107882E-08  -0.675710E-09
   0.574600E+05   0.138657E-08   0.825985E-09  -0.117178E-09
   0.574800E+05   0.101028E-08   0.536149E-09   0.462685E-09
   0.575000E+05   0.526440E-09   0.232077E-09   0.100959E-08
   0.575200E+05  -0.528074E-11  -0.631641E-10   0.147391E-08
   0.575400E+05  -0.525405E-09  -0.329018E-09   0.181777E-08
   0.575600E+05  -0.980614E-09  -0.549815E-09   0.201986E-08
   0.575800E+05  -0.132772E-08  -0.716325E-09   0.207719E-08
   0.576000E+05  -0.153570E-08  -0.826244E-09   0.200369E-08
   0.576200E+05  -0.158620E-08  -0.883561E-09   0.182603E-08
   0.576400E+05  -0.147318E-08  -0.896951E-09   0.157780E-08
   0.576600E+05  -0.120242E-08  -0.877528E-09   0.129312E-08
   0.576800E+05  -0.791095E-09  -0.836389E-09   0.100115E-08
   0.577000E+05  -0.267674E-09  -0.782442E-09   0.722361E-09
   0.577200E+05   0.328204E-09  -0.720904E-09   0.467327E-09
   0.577400E+05   0.946503E-09  -0.652779E-09   0.237808E-09
   0.577600E+05   0.152879E-08  -0.575380E-09   0.298357E-10
   0.577800E+05   0.201198E-08  -0.483789E-09  -0.162234E-09
   0.578000E+05   0.233404E-08  -0.372936E-09  -0.341765E-09
   0.578200E+05   0.244124E-08  -0.239874E-09  -0.506995E-09
   0.578400E+05   0.229612E-08  -0.857575E-10  -0.650014E-09
   0.578600E+05   0.188510E-08   0.829075E-10  -0.757838E-09
   0.578800E+05   0.122393E-08   0.254062E-09  -0.815319E-09
   0.579000E+05   0.360082E-09   0.411058E-09  -0.809189E-09
   0.579200E+05  -0.629382E-09   0.534700E-09  -0.732257E-09
   0.579400E+05  -0.164437E-08   0.606068E-09  -0.586710E-09
   0.579600E+05  -0.257257E-08   0.609683E-09  -0.385641E-09
   0.579800E+05  -0.330324E-08   0.536471E-09  -0.152298E-09
   0.580000E+05  -0.374195E-08   0.386027E-09   0.829311E-10
   0.580200E+05  -0.382433E-08   0.167740E-09   0.287324E-09
   0.580400E+05  -0.352639E-08  -0.994463E-10   0.431512E-09
   0.580600E+05  -0.286972E-08  -0.388698E-09   0.494916E-09
   0.580800E+05  -0.192057E-08  -0.668175E-09   0.469855E-09
   0.581000E+05  -0.782523E-09  -0.904772E-09   0.363430E-09
   0.581200E+05   0.416233E-09  -0.106820E-08   0.196790E-09
   0.581400E+05   0.153933E-08  -0.113484E-08   0.183029E-11
   0.581600E+05   0.245999E-08  -0.109084E-08  -0.184056E-09
   0.581800E+05   0.307755E-08  -0.934003E-09  -0.324222E-09
   0.582000E+05   0.333026E-08  -0.674265E-09  -0.388834E-09
   0.582200E+05   0.320273E-08  -0.332613E-09  -0.359646E-09
   0.582400E+05   0.272668E-08   0.613095E-10  -0.232640E-09
   0.582600E+05   0.197537E-08   0.472632E-09  -0.181159E-10
   0.582800E+05   0.105247E-08   0.865243E-09   0.261683E-09
   0.583000E+05   0.771767E-10   0.120581E-08   0.576846E-09
   0.583200E+05  -0.832094E-09   0.146734E-08   0.895044E-09
   0.583400E+05  -0.157312E-08   0.163176E-08   0.118671E-08
   0.583600E+05  -0.207222E-08   0.169140E-08   0.142913E-08
   0.583800E+05  -0.229192E-08   0.164903E-08   0.160870E-08
   0.584000E+05  -0.223322E-08   0.151665E-08   0.172112E-08
   0.584200E+05  -0.193238E-08   0.131324E-08   0.176948E-08
   0.584400E+05  -0.145313E-08   0.106177E-08   0.176111E-08
   0.584600E+05  -0.875657E-09   0.785906E-09   0.170368E-08
   0.584800E+05  -0.284225E-09   0.507000E-09   0.160185E-08
   0.585000E+05   0.244801E-09   0.241592E-09   0.145512E-08
   0.585200E+05   0.652845E-09  -0.106918E-12   0.125753E-08
   0.585400E+05   0.905722E-09  -0.214622E-09   0.999281E-09
   0.585600E+05   0.996284E-09  -0.404495E-09   0.670088E-09
   0.585800E+05   0.943069E-09  -0.576575E-09   0.263505E-09
   0.586000E+05   0.785423E-09  -0.739622E-09  -0.218725E-09
   0.586200E+05   0.576028E-09  -0.901622E-09  -0.763269E-09
   0.586400E+05   0.372022E-09  -0.106726E-08  -0.134364E-08
   0.586600E+05   0.225982E-09  -0.123602E-08  -0.192105E-08
   0.586800E+05   0.177971E-09  -0.140115E-08  -0.244770E-08
   0.587000E+05   0.249615E-09  -0.154990E-08  -0.287230E-08
   0.587200E+05   0.440881E-09  -0.166483E-08  -0.314691E-08
   0.587400E+05   0.729851E-09  -0.172621E-08  -0.323406E-08
   0.587600E+05   0.107543E-08  -0.171512E-08  -0.311307E-08
   0.587800E+05   0.142263E-08  -0.161673E-08  -0.278431E-08
   0.588000E+05   0.170966E-08  -0.142334E-08  -0.227084E-08
   0.588200E+05   0.187617E-08  -0.113661E-08  -0.161679E-08
   0.588400E+05   0.187149E-08  -0.768582E-09  -0.882853E-09
   0.588600E+05   0.166205E-08  -0.341263E-09  -0.139290E-09
   0.588800E+05   0.123696E-08   0.115271E-09   0.542551E-09
   0.589000E+05   0.611252E-09   0.566019E-09   0.109897E-08
   0.589200E+05  -0.173927E-09   0.975065E-09   0.148175E-08
   0.589400E+05  -0.105420E-08   0.130988E-08   0.166395E-08
   0.589600E+05  -0.194775E-08   0.154531E-08   0.164296E-08
   0.589800E+05  -0.276358E-08   0.166663E-08   0.144033E-08
   0.590000E+05  -0.341138E-08   0.167123E-08   0.109851E-08
   0.590200E+05  -0.381185E-08   0.156871E-08   0.674987E-09
   0.590400E+05  -0.390652E-08   0.137923E-08   0.234580E-09
   0.590600E+05  -0.366563E-08   0.113059E-08  -0.158962E-09
   0.590800E+05  -0.309315E-08   0.854260E-09  -0.451073E-09
   0.591000E+05  -0.222819E-08   0.581151E-09  -0.603069E-09
   0.591200E+05  -0.114237E-08   0.337664E-09  -0.596678E-09
   0.591400E+05   0.666779E-10   0.142644E-09  -0.435835E-09
   0.591600E+05   0.128506E-08   0.566023E-11  -0.145619E-09
   0.591800E+05   0.239466E-08  -0.731979E-10   0.231495E-09
   0.592000E+05   0.328607E-08  -0.102063E-09   0.641535E-09
   0.592200E+05   0.387084E-08  -0.948672E-10   0.102631E-08
   0.592400E+05   0.409165E-08  -0.682339E-10   0.133113E-08
   0.592600E+05   0.392903E-08  -0.382701E-10   0.151200E-08
   0.592800E+05   0.340385E-08  -0.178109E-10   0.154140E-08
   0.593000E+05   0.257508E-08  -0.145766E-10   0.141189E-08
   0.593200E+05   0.153319E-08  -0.305058E-10   0.113710E-08
   0.593400E+05   0.389757E-09  -0.622932E-10   0.749975E-09
   0.593600E+05  -0.735229E-09  -0.102936E-09   0.298433E-09
   0.593800E+05  -0.172707E-08  -0.143908E-09  -0.161015E-09
   0.594000E+05  -0.248925E-08  -0.177460E-09  -0.570891E-09
   0.594200E+05  -0.295393E-08  -0.198577E-09  -0.880653E-09
   0.594400E+05  -0.308899E-08  -0.206148E-09  -0.105383E-08
   0.594600E+05  -0.290051E-08  -0.203151E-09  -0.107342E-08
   0.594800E+05  -0.243071E-08  -0.195805E-09  -0.944729E-09
   0.595000E+05  -0.175162E-08  -0.191896E-09  -0.695199E-09
   0.595200E+05  -0.955303E-09  -0.198649E-09  -0.371152E-09
   0.595400E+05  -0.142017E-09  -0.220623E-09  -0.317146E-10
   0.595600E+05   0.592178E-09  -0.258091E-09   0.259308E-09
   0.595800E+05   0.116683E-08  -0.306313E-09   0.442583E-09
   0.596000E+05   0.152609E-08  -0.355892E-09   0.472181E-09
   0.596200E+05   0.164428E-08  -0.394215E-09   0.323034E-09
   0.596400E+05   0.152748E-08  -0.407753E-09  -0.421301E-11
   0.596600E+05   0.121105E-08  -0.384789E-09  -0.481761E-09
   0.596800E+05   0.753648E-09  -0.318080E-09  -0.105699E-08
   0.597000E+05   0.228633E-09  -0.206898E-09  -0.165841E-08
   0.597200E+05  -0.285972E-09  -0.580420E-10  -0.220457E-08
   0.597400E+05  -0.717525E-09   0.114453E-09  -0.261478E-08
   0.597600E+05  -0.100761E-08   0.290915E-09  -0.282026E-08
   0.597800E+05  -0.111863E-08   0.448734E-09  -0.277405E-08
   0.598000E+05  -0.103738E-08   0.565731E-09  -0.245845E-08
   0.598200E+05  -0.775435E-09   0.623650E-09  -0.188858E-08
   0.598400E+05  -0.366436E-09   0.611164E-09  -0.111172E-08
   0.598600E+05   0.139168E-09   0.525906E-09  -0.202107E-09
   0.598800E+05   0.681055E-09   0.375151E-09   0.747959E-09
   0.599000E+05   0.119669E-08   0.175033E-09   0.163976E-08
   0.599200E+05   0.162869E-08  -0.515891E-10   0.238085E-08
   0.599400E+05   0.193101E-08  -0.278263E-09   0.289711E-08
   0.599600E+05   0.207334E-08  -0.478580E-09   0.314246E-08
   0.599800E+05   0.204327E-08  -0.629737E-09   0.310478E-08
   0.600000E+05   0.184625E-08  -0.715472E-09   0.280720E-08
   0.600200E+05   0.150347E-08  -0.727958E-09   0.230457E-08
   0.600400E+05   0.104829E-08  -0.668415E-09   0.167548E-08
   0.600600E+05   0.521614E-09  -0.546418E-09   0.101107E-08
   0.600800E+05  -0.330190E-10  -0.378097E-09   0.402115E-09
   0.601000E+05  -0.574008E-09  -0.183584E-09  -0.737366E-10
   0.601200E+05  -0.106549E-08   0.158331E-10  -0.362655E-09
   0.601400E+05  -0.147999E-08   0.200413E-09  -0.441817E-09
   0.601600E+05  -0.179969E-08   0.354110E-09  -0.321987E-09
   0.601800E+05  -0.201650E-08   0.465932E-09  -0.451538E-10
   0.602000E+05  -0.213087E-08   0.530417E-09   0.322399E-09
   0.602200E+05  -0.214986E-08   0.547291E-09   0.700562E-09
   0.602400E+05  -0.208471E-08   0.520534E-09   0.100783E-08
   0.602600E+05  -0.194829E-08   0.457118E-09   0.117385E-08
   0.602800E+05  -0.175288E-08   0.365721E-09   0.115022E-08
   0.603000E+05  -0.150858E-08   0.255651E-09   0.917975E-09
   0.603200E+05  -0.122248E-08   0.136132E-09   0.490664E-09
   0.603400E+05  -0.898790E-09   0.159773E-10  -0.874436E-10
   0.603600E+05  -0.539798E-09  -0.964374E-10  -0.747657E-09
   0.603800E+05  -0.147551E-09  -0.193056E-09  -0.140675E-08
   0.604000E+05   0.274079E-09  -0.266083E-09  -0.197899E-08
   0.604200E+05   0.717315E-09  -0.308153E-09  -0.238840E-08
   0.604400E+05   0.116878E-08  -0.312832E-09  -0.257974E-08
   0.604600E+05   0.160861E-08  -0.275444E-09  -0.252633E-08
   0.604800E+05   0.201063E-08  -0.194131E-09  -0.223385E-08
   0.605000E+05   0.234386E-08  -0.709169E-10  -0.173966E-08
   0.605200E+05   0.257519E-08   0.874531E-10  -0.110757E-08
   0.605400E+05   0.267321E-08   0.269175E-09  -0.419236E-09
   0.605600E+05   0.261247E-08   0.457738E-09   0.236926E-09
   0.605800E+05   0.237793E-08   0.633063E-09   0.777426E-09
   0.606000E+05   0.196867E-08   0.773386E-09   0.113460E-08
   0.606200E+05   0.140037E-08   0.857699E-09   0.126515E-08
   0.606400E+05   0.705956E-09   0.868457E-09   0.115543E-08
   0.606600E+05  -0.658682E-10   0.794152E-09   0.822687E-09
   0.606800E+05  -0.854247E-09   0.631377E-09   0.312451E-09
   0.607000E+05  -0.159167E-08   0.386025E-09  -0.307526E-09
   0.607200E+05  -0.221076E-08   0.733948E-10  -0.955901E-09
   0.607400E+05  -0.265156E-08  -0.282897E-09  -0.154771E-08
   0.607600E+05  -0.286842E-08  -0.653097E-09  -0.200445E-08
   0.607800E+05  -0.283546E-08  -0.100435E-08  -0.226306E-08
   0.608000E+05  -0.255002E-08  -0.130422E-08  -0.228288E-08
   0.608200E+05  -0.203351E-08  -0.152425E-08  -0.204976E-08
   0.608400E+05  -0.132944E-08  -0.164310E-08  -0.157723E-08
   0.608600E+05  -0.499050E-09  -0.164888E-08  -0.904607E-09
   0.608800E+05   0.385075E-09  -0.154035E-08  -0.924147E-10
   0.609000E+05   0.124647E-08  -0.132699E-08   0.784188E-09
   0.609200E+05   0.201244E-08  -0.102773E-08   0.164334E-08
   0.609400E+05   0.262097E-08  -0.668780E-09   0.240488E-08
   0.609600E+05   0.302606E-08  -0.280684E-09   0.299837E-08
   0.609800E+05   0.320101E-08   0.104929E-09   0.337008E-08
   0.610000E+05   0.313948E-08   0.458536E-09   0.348820E-08
   0.610200E+05   0.285430E-08   0.755469E-09   0.334587E-08
   0.610400E+05   0.237467E-08   0.977957E-09   0.296170E-08
   0.610600E+05   0.174208E-08   0.111626E-08   0.237777E-08
   0.610800E+05   0.100577E-08   0.116887E-08   0.165517E-08
   0.611000E+05   0.218265E-09   0.114185E-08   0.867541E-09
   0.611200E+05  -0.568527E-09   0.104745E-08   0.931945E-10
   0.611400E+05  -0.130641E-08   0.902246E-09  -0.593410E-09
   0.611600E+05  -0.195308E-08   0.725096E-09  -0.112988E-08
   0.611800E+05  -0.247358E-08   0.535116E-09  -0.147285E-08
   0.612000E+05  -0.284119E-08   0.349898E-09  -0.160285E-08
   0.612200E+05  -0.303808E-08   0.184146E-09  -0.152626E-08
   0.612400E+05  -0.305585E-08   0.487789E-10  -0.127416E-08
   0.612600E+05  -0.289609E-08  -0.494805E-10  -0.897868E-09
   0.612800E+05  -0.257096E-08  -0.108070E-09  -0.461761E-09
   0.613000E+05  -0.210340E-08  -0.128206E-09  -0.342046E-10
   0.613200E+05  -0.152689E-08  -0.114255E-09   0.322271E-09
   0.613400E+05  -0.884242E-09  -0.729661E-10   0.560097E-09
   0.613600E+05  -0.225421E-09  -0.126572E-10   0.653752E-09
   0.613800E+05   0.395896E-09   0.575759E-10   0.603648E-09
   0.614000E+05   0.926765E-09   0.128585E-09   0.436069E-09
   0.614200E+05   0.132010E-08   0.191805E-09   0.198985E-09
   0.614400E+05   0.153995E-08   0.239800E-09  -0.457870E-10
   0.614600E+05   0.156615E-08   0.266702E-09  -0.233013E-09
   0.614800E+05   0.139780E-08   0.268549E-09  -0.305504E-09
   0.615000E+05   0.105478E-08   0.243511E-09  -0.224810E-09
   0.615200E+05   0.576918E-09   0.191981E-09   0.206754E-10
   0.615400E+05   0.207915E-10   0.116511E-09   0.411652E-09
   0.615600E+05  -0.545854E-09   0.215864E-10   0.898824E-09
   0.615800E+05  -0.105137E-08  -0.867640E-10   0.140892E-08
   0.616000E+05  -0.142842E-08  -0.201506E-09   0.185513E-08
   0.616200E+05  -0.162223E-08  -0.315230E-09   0.215050E-08
   0.616400E+05  -0.159761E-08  -0.420819E-09   0.222227E-08
   0.616600E+05  -0.134408E-08  -0.512057E-09   0.202487E-08
   0.616800E+05  -0.878102E-09  -0.584118E-09   0.154930E-08
   0.617000E+05  -0.242148E-09  -0.633854E-09   0.827289E-09
   0.617200E+05   0.499479E-09  -0.659847E-09  -0.708572E-10
   0.617400E+05   0.126764E-08  -0.662239E-09  -0.104458E-08
   0.617600E+05   0.197740E-08  -0.642364E-09  -0.197662E-08
   0.617800E+05   0.254807E-08  -0.602293E-09  -0.274983E-08
   0.618000E+05   0.291298E-08  -0.544360E-09  -0.326470E-08
   0.618200E+05   0.302771E-08  -0.470817E-09  -0.345488E-08
   0.618400E+05   0.287583E-08  -0.383670E-09  -0.329809E-08
   0.618600E+05   0.247118E-08  -0.284764E-09  -0.282059E-08
   0.618800E+05   0.185642E-08  -0.176097E-09  -0.209428E-08
   0.619000E+05   0.109799E-08  -0.602876E-10  -0.122666E-08
   0.619200E+05   0.277957E-09   0.589177E-10  -0.345106E-09
   0.619400E+05  -0.516111E-09   0.176261E-09   0.422235E-09
   0.619600E+05  -0.120203E-08   0.284861E-09   0.965937E-09
   0.619800E+05  -0.171315E-08   0.376500E-09   0.121209E-08
   0.620000E+05  -0.200642E-08   0.442344E-09   0.113371E-08
   0.620200E+05  -0.206728E-08   0.474082E-09   0.754836E-09
   0.620400E+05  -0.191063E-08   0.465337E-09   0.146649E-09
   0.620600E+05  -0.157777E-08   0.413134E-09  -0.583878E-09
   0.620800E+05  -0.112980E-08   0.319170E-09  -0.131103E-08
   0.621000E+05  -0.638322E-09   0.190585E-09  -0.191037E-08
   0.621200E+05  -0.174821E-09   0.400312E-10  -0.227855E-08
   0.621400E+05   0.199581E-09  -0.115121E-09  -0.234966E-08
   0.621600E+05   0.442625E-09  -0.254437E-09  -0.210558E-08
   0.621800E+05   0.536298E-09  -0.356799E-09  -0.157851E-08
   0.622000E+05   0.488301E-09  -0.403218E-09  -0.845504E-09
   0.622200E+05   0.329414E-09  -0.379704E-09  -0.156592E-10
   0.622400E+05   0.107198E-09  -0.279749E-09   0.787670E-09
   0.622600E+05  -0.122936E-09  -0.106009E-09   0.144687E-08
   0.622800E+05  -0.307794E-09   0.129157E-09   0.186893E-08
   0.623000E+05  -0.405938E-09   0.404437E-09   0.200010E-08
   0.623200E+05  -0.395074E-09   0.691624E-09   0.183401E-08
   0.623400E+05  -0.276022E-09   0.958736E-09   0.141197E-08
   0.623600E+05  -0.725559E-10   0.117383E-08   0.815478E-09
   0.623800E+05   0.172913E-09   0.130899E-08   0.152281E-09
   0.624000E+05   0.407104E-09   0.134393E-08  -0.461606E-09
   0.624200E+05   0.575788E-09   0.126874E-08  -0.920970E-09
   0.624400E+05   0.634158E-09   0.108527E-08  -0.114836E-08
   0.624600E+05   0.555809E-09   0.807158E-09  -0.110619E-08
   0.624800E+05   0.338704E-09   0.458245E-09  -0.802096E-09
   0.625000E+05   0.696384E-11   0.698373E-10  -0.286766E-09
   0.625200E+05  -0.391991E-09  -0.322944E-09   0.355193E-09
   0.625400E+05  -0.794602E-09  -0.685147E-09   0.101975E-08
   0.625600E+05  -0.113156E-08  -0.985794E-09   0.160073E-08
   0.625800E+05  -0.133973E-08  -0.120102E-08   0.200701E-08
   0.626000E+05  -0.137359E-08  -0.131619E-08   0.217676E-08
   0.626200E+05  -0.121422E-08  -0.132681E-08   0.208649E-08
   0.626400E+05  -0.874093E-09  -0.123821E-08   0.175355E-08
   0.626600E+05  -0.396823E-09  -0.106419E-08   0.123187E-08
   0.626800E+05   0.148496E-09  -0.824937E-09   0.601960E-09
   0.627000E+05   0.677485E-09  -0.544468E-09  -0.430625E-10
   0.627200E+05   0.110377E-08  -0.248115E-09  -0.612833E-09
   0.627400E+05   0.135323E-08   0.397825E-10  -0.103394E-08
   0.627600E+05   0.137694E-08   0.297707E-09  -0.126056E-08
   0.627800E+05   0.116051E-08   0.508249E-09  -0.128002E-08
   0.628000E+05   0.728267E-09   0.658861E-09  -0.111236E-08
   0.628200E+05   0.141215E-09   0.742165E-09  -0.804603E-09
   0.628400E+05  -0.510926E-09   0.755947E-09  -0.420666E-09
   0.628600E+05  -0.112274E-08   0.702939E-09  -0.291373E-10
   0.628800E+05  -0.158919E-08   0.590491E-09   0.308923E-09
   0.629000E+05  -0.182226E-08   0.430113E-09   0.549962E-09
   0.629200E+05  -0.176567E-08   0.236882E-09   0.674011E-09
   0.629400E+05  -0.140510E-08   0.286187E-10   0.685965E-09
   0.629600E+05  -0.772275E-09  -0.175219E-09   0.612072E-09
   0.629800E+05   0.579184E-10  -0.354969E-09   0.492524E-09
   0.630000E+05   0.977134E-09  -0.492473E-09   0.371736E-09
   0.630200E+05   0.185866E-08  -0.572937E-09   0.288270E-09
   0.630400E+05   0.257579E-08  -0.586732E-09   0.266391E-09
   0.630600E+05   0.302067E-08  -0.530877E-09   0.310850E-09
   0.630800E+05   0.312082E-08  -0.409921E-09   0.405891E-09
   0.631000E+05   0.285059E-08  -0.236002E-09   0.518596E-09
   0.631200E+05   0.223596E-08  -0.279649E-10   0.605907E-09
   0.631400E+05   0.135157E-08   0.190480E-09   0.623932E-09
   0.631600E+05   0.310577E-09   0.393371E-09   0.537720E-09
   0.631800E+05  -0.751357E-09   0.555589E-09   0.329604E-09
   0.632000E+05  -0.169551E-08   0.656034E-09   0.447464E-11
   0.632200E+05  -0.240000E-08   0.680420E-09  -0.409090E-09
   0.632400E+05  -0.277725E-08   0.623287E-09  -0.862144E-09
   0.632600E+05  -0.278615E-08   0.488893E-09  -0.129263E-08
   0.632800E+05  -0.243728E-08   0.290852E-09  -0.163532E-08
   0.633000E+05  -0.179038E-08   0.505136E-10  -0.183274E-08
   0.633200E+05  -0.944411E-09  -0.205679E-09  -0.184505E-08
   0.633400E+05  -0.220155E-10  -0.449501E-09  -0.165730E-08
   0.633600E+05   0.849323E-09  -0.654464E-09  -0.128258E-08
   0.633800E+05   0.155628E-08  -0.799038E-09  -0.760615E-09
   0.634000E+05   0.201597E-08  -0.869166E-09  -0.152037E-09
   0.634200E+05   0.218691E-08  -0.859732E-09   0.470753E-09
   0.634400E+05   0.207315E-08  -0.774842E-09   0.103448E-08
   0.634600E+05   0.172098E-08  -0.626925E-09   0.147584E-08
   0.634800E+05   0.120900E-08  -0.434848E-09   0.175046E-08
   0.635000E+05   0.633449E-09  -0.221349E-09   0.183852E-08
   0.635200E+05   0.911837E-10  -0.101652E-10   0.174625E-08
   0.635400E+05  -0.336544E-09   0.176750E-09   0.150316E-08
   0.635600E+05  -0.596967E-09   0.321598E-09   0.115567E-08
   0.635800E+05  -0.673142E-09   0.412435E-09   0.758496E-09
   0.636000E+05  -0.584671E-09   0.444067E-09   0.365280E-09
   0.636200E+05  -0.381882E-09   0.418139E-09   0.202894E-10
   0.636400E+05  -0.134657E-09   0.342471E-09  -0.247507E-09
   0.636600E+05   0.819323E-10   0.229813E-09  -0.427036E-09
   0.636800E+05   0.202540E-09   0.962059E-10  -0.524155E-09
   0.637000E+05   0.184278E-09  -0.408748E-10  -0.557591E-09
   0.637200E+05   0.149855E-10  -0.164386E-09  -0.552811E-09
   0.637400E+05  -0.284406E-09  -0.259456E-09  -0.535202E-09
   0.637600E+05  -0.663792E-09  -0.314858E-09  -0.524026E-09
   0.637800E+05  -0.105329E-08  -0.324116E-09  -0.528398E-09
   0.638000E+05  -0.137634E-08  -0.286163E-09  -0.546034E-09
   0.638200E+05  -0.156414E-08  -0.205475E-09  -0.564953E-09
   0.638400E+05  -0.156861E-08  -0.916486E-10  -0.567628E-09
   0.638600E+05  -0.137172E-08   0.415885E-10  -0.536589E-09
   0.638800E+05  -0.989359E-09   0.177894E-09  -0.460138E-09
   0.639000E+05  -0.469118E-09   0.300237E-09  -0.336821E-09
   0.639200E+05   0.117520E-09   0.393054E-09  -0.177534E-09
   0.639400E+05   0.687227E-09   0.444395E-09  -0.465936E-11
   0.639600E+05   0.115884E-08   0.447754E-09   0.151761E-09
   0.639800E+05   0.146683E-08   0.403309E-09   0.260120E-09
   0.640000E+05   0.157194E-08   0.318297E-09   0.294424E-09
   0.640200E+05   0.146700E-08   0.206399E-09   0.241035E-09
   0.640400E+05   0.117721E-08   0.860847E-10   0.103464E-09
   0.640600E+05   0.754818E-09  -0.219034E-10  -0.959560E-10
   0.640800E+05   0.269492E-09  -0.976376E-10  -0.318176E-09
   0.641000E+05  -0.203970E-09  -0.125219E-09  -0.513195E-09
   0.641200E+05  -0.598156E-09  -0.956124E-10  -0.628648E-09
   0.641400E+05  -0.863651E-09  -0.861524E-11  -0.619772E-09
   0.641600E+05  -0.975931E-09   0.126440E-09  -0.458916E-09
   0.641800E+05  -0.937527E-09   0.291451E-09  -0.142778E-09
   0.642000E+05  -0.775329E-09   0.461767E-09   0.304184E-09
   0.642200E+05  -0.533813E-09   0.609600E-09   0.831042E-09
   0.642400E+05  -0.265674E-09   0.708134E-09   0.136649E-08
   0.642600E+05  -0.217458E-10   0.735710E-09   0.182893E-08
   0.642800E+05   0.157910E-09   0.679401E-09   0.213906E-08
   0.643000E+05   0.250171E-09   0.537366E-09   0.223287E-08
   0.643200E+05   0.251363E-09   0.319551E-09   0.207287E-08
   0.643400E+05   0.175916E-09   0.465754E-10   0.165559E-08
   0.643600E+05   0.517556E-10  -0.253079E-09   0.101396E-08
   0.643800E+05  -0.864336E-10  -0.547132E-09   0.214073E-09
   0.644000E+05  -0.204574E-09  -0.804186E-09  -0.653400E-09
   0.644200E+05  -0.275723E-09  -0.998249E-09  -0.148570E-08
   0.644400E+05  -0.284568E-09  -0.111236E-08  -0.218255E-08
   0.644600E+05  -0.229198E-09  -0.114069E-08  -0.266043E-08
   0.644800E+05  -0.120087E-09  -0.108881E-08  -0.286435E-08
   0.645000E+05   0.232190E-10  -0.972060E-09  -0.277532E-08
   0.645200E+05   0.176785E-09  -0.812365E-09  -0.241237E-08
   0.645400E+05   0.317229E-09  -0.634081E-09  -0.182895E-08
   0.645600E+05   0.425866E-09  -0.459610E-09  -0.110442E-08
   0.645800E+05   0.491294E-09  -0.305603E-09  -0.332143E-09
   0.646000E+05   0.510090E-09  -0.180426E-09   0.393938E-09
   0.646200E+05   0.485746E-09  -0.833475E-10   0.992020E-09
   0.646400E+05   0.426368E-09  -0.556280E-11   0.140260E-08
   0.646600E+05   0.341921E-09   0.671603E-10   0.159467E-08
   0.646800E+05   0.241780E-09   0.150743E-09   0.156731E-08
   0.647000E+05   0.133223E-09   0.258701E-09   0.134680E-08
   0.647200E+05   0.211402E-10   0.398510E-09   0.980027E-09
   0.647400E+05  -0.911257E-10   0.569146E-09   0.525792E-09
   0.647600E+05  -0.200244E-09   0.760324E-09   0.453586E-10
   0.647800E+05  -0.301320E-09   0.953608E-09  -0.405955E-09
   0.648000E+05  -0.386948E-09   0.112523E-08  -0.784999E-09
   0.648200E+05  -0.447393E-09   0.125013E-08  -0.106408E-08
   0.648400E+05  -0.472085E-09   0.130642E-08  -0.123123E-08
   0.648600E+05  -0.452191E-09   0.127954E-08  -0.128785E-08
   0.648800E+05  -0.383687E-09   0.116519E-08  -0.124474E-08
   0.649000E+05  -0.270081E-09   0.970579E-09  -0.111751E-08
   0.649200E+05  -0.123916E-09   0.713609E-09  -0.922564E-09
   0.649400E+05   0.336188E-10   0.420244E-09  -0.674423E-09
   0.649600E+05   0.175273E-09   0.120393E-09  -0.384859E-09
   0.649800E+05   0.272290E-09  -0.156880E-09  -0.637946E-10
   0.650000E+05   0.300187E-09  -0.387964E-09   0.278521E-09
   0.650200E+05   0.244633E-09  -0.558302E-09   0.628854E-09
   0.650400E+05   0.106083E-09  -0.664305E-09   0.968773E-09
   0.650600E+05  -0.980109E-10  -0.713239E-09   0.127371E-08
   0.650800E+05  -0.334257E-09  -0.721117E-09   0.151386E-08
   0.651000E+05  -0.557830E-09  -0.708991E-09   0.165707E-08
   0.651200E+05  -0.719898E-09  -0.698356E-09   0.167340E-08
   0.651400E+05  -0.776778E-09  -0.706531E-09   0.154061E-08
   0.651600E+05  -0.699128E-09  -0.742915E-09   0.124959E-08
   0.651800E+05  -0.479320E-09  -0.806825E-09   0.808626E-09
   0.652000E+05  -0.135358E-09  -0.887357E-09   0.245449E-09
   0.652200E+05   0.289761E-09  -0.965309E-09  -0.393520E-09
   0.652400E+05   0.733485E-09  -0.101684E-08  -0.104699E-08
   0.652600E+05   0.112330E-08  -0.101816E-08  -0.164534E-08
   0.652800E+05   0.138891E-08  -0.950439E-09  -0.211908E-08
   0.653000E+05   0.147493E-08  -0.803963E-09  -0.240805E-08
   0.653200E+05   0.135166E-08  -0.580723E-09  -0.246990E-08
   0.653400E+05   0.102191E-08  -0.295014E-09  -0.228665E-08
   0.653600E+05   0.522331E-09   0.281895E-10  -0.186814E-08
   0.653800E+05  -0.811508E-10   0.356782E-09  -0.125173E-08
   0.654000E+05  -0.703287E-09   0.656394E-09  -0.498293E-09
   0.654200E+05  -0.125311E-08   0.895722E-09   0.315173E-09
   0.654400E+05  -0.164891E-08   0.105139E-08   0.110515E-08
   0.654600E+05  -0.183180E-08   0.111149E-08   0.179213E-08
   0.654800E+05  -0.177553E-08   0.107718E-08   0.231060E-08
   0.655000E+05  -0.149064E-08   0.962071E-09   0.261697E-08
   0.655200E+05  -0.102219E-08   0.789654E-09   0.269445E-08
   0.655400E+05  -0.441503E-09   0.589069E-09   0.255408E-08
   0.655600E+05   0.166445E-09   0.390197E-09   0.223208E-08
   0.655800E+05   0.717849E-09   0.218848E-09   0.178375E-08
   0.656000E+05   0.114414E-08   0.929314E-10   0.127510E-08
   0.656200E+05   0.140281E-08   0.202595E-10   0.773374E-09
   0.656400E+05   0.148305E-08  -0.170739E-11   0.337977E-09
   0.656600E+05   0.140521E-08   0.157917E-10   0.130076E-10
   0.656800E+05   0.121444E-08   0.559670E-10  -0.177524E-09
   0.657000E+05   0.969858E-09   0.100451E-09  -0.231278E-09
   0.657200E+05   0.731519E-09   0.133287E-09  -0.165927E-09
   0.657400E+05   0.547862E-09   0.144140E-09  -0.147128E-10
   0.657600E+05   0.446103E-09   0.130134E-09   0.179915E-09
   0.657800E+05   0.427475E-09   0.959781E-10   0.373452E-09
   0.658000E+05   0.468182E-09   0.524239E-10   0.526131E-09
   0.658200E+05   0.525746E-09   0.134135E-10   0.608296E-09
   0.658400E+05   0.549350E-09  -0.746093E-11   0.603657E-09
   0.658600E+05   0.491957E-09  -0.428435E-12   0.510065E-09
   0.658800E+05   0.321639E-09   0.377884E-10   0.337950E-09
   0.659000E+05   0.297254E-10   0.102667E-09   0.106909E-09
   0.659200E+05  -0.365950E-09   0.182232E-09  -0.158755E-09
   0.659400E+05  -0.823400E-09   0.259001E-09  -0.434637E-09
   0.659600E+05  -0.128398E-08   0.313169E-09  -0.700111E-09
   0.659800E+05  -0.168350E-08   0.326401E-09  -0.940841E-09
   0.660000E+05  -0.196463E-08   0.285491E-09  -0.114956E-08
   0.660200E+05  -0.208809E-08   0.185168E-09  -0.132519E-08
   0.660400E+05  -0.204027E-08   0.294986E-10  -0.147062E-08
   0.660600E+05  -0.183561E-08  -0.168409E-09  -0.158987E-08
   0.660800E+05  -0.151337E-08  -0.388327E-09  -0.168523E-08
   0.661000E+05  -0.112925E-08  -0.606111E-09  -0.175526E-08
   0.661200E+05  -0.743743E-09  -0.797564E-09  -0.179398E-08
   0.661400E+05  -0.409438E-09  -0.942231E-09  -0.179162E-08
   0.661600E+05  -0.160166E-09  -0.102643E-08  -0.173665E-08
   0.661800E+05  -0.411448E-11  -0.104495E-08  -0.161873E-08
   0.662000E+05   0.774569E-10  -0.100119E-08  -0.143193E-08
   0.662200E+05   0.125533E-09  -0.905699E-09  -0.117738E-08
   0.662400E+05   0.193523E-09  -0.773576E-09  -0.864700E-09
   0.662600E+05   0.334223E-09  -0.621182E-09  -0.511859E-09
   0.662800E+05   0.586216E-09  -0.462959E-09  -0.143246E-09
   0.663000E+05   0.962526E-09  -0.308935E-09   0.213725E-09
   0.663200E+05   0.144402E-08  -0.163456E-09   0.532897E-09
   0.663400E+05   0.197915E-08  -0.253404E-10   0.793703E-09
   0.663600E+05   0.249043E-08   0.110609E-09   0.984705E-09
   0.663800E+05   0.288672E-08   0.251094E-09   0.110553E-08
   0.664000E+05   0.307921E-08   0.401413E-09   0.116677E-08
   0.664200E+05   0.299832E-08   0.562790E-09   0.118770E-08
   0.664400E+05   0.260822E-08   0.730585E-09   0.119225E-08
   0.664600E+05   0.191633E-08   0.893810E-09   0.120378E-08
   0.664800E+05   0.975810E-09   0.103612E-08   0.123986E-08
   0.665000E+05  -0.119619E-09   0.113814E-08   0.130788E-08
   0.665200E+05  -0.124788E-08   0.118071E-08   0.140254E-08
   0.665400E+05  -0.227579E-08   0.114846E-08   0.150576E-08
   0.665600E+05  -0.307847E-08   0.103292E-08   0.158922E-08
   0.665800E+05  -0.355773E-08   0.834732E-09   0.161908E-08
   0.666000E+05  -0.365642E-08   0.564281E-09   0.156225E-08
   0.666200E+05  -0.336628E-08   0.240832E-09   0.139301E-08
   0.666400E+05  -0.272834E-08  -0.109857E-09   0.109883E-08
   0.666600E+05  -0.182581E-08  -0.458917E-09   0.684288E-09
   0.666800E+05  -0.771001E-09  -0.778181E-09   0.172327E-09
   0.667000E+05   0.311459E-09  -0.104370E-08  -0.397481E-09
   0.667200E+05   0.130217E-08  -0.123841E-08  -0.973461E-09
   0.667400E+05   0.210248E-08  -0.135343E-08  -0.149844E-08
   0.667600E+05   0.264564E-08  -0.138800E-08  -0.191741E-08
   0.667800E+05   0.290212E-08  -0.134804E-08  -0.218497E-08
   0.668000E+05   0.287888E-08  -0.124384E-08  -0.227144E-08
   0.668200E+05   0.261326E-08  -0.108743E-08  -0.216668E-08
   0.668400E+05   0.216320E-08  -0.890164E-09  -0.188114E-08
   0.668600E+05   0.159590E-08  -0.661204E-09  -0.144408E-08
   0.668800E+05   0.977040E-09  -0.407016E-09  -0.899405E-09
   0.669000E+05   0.362486E-09  -0.132070E-09  -0.299958E-09
   0.669200E+05  -0.206508E-09   0.159565E-09   0.298870E-09
   0.669400E+05  -0.704261E-09   0.462164E-09   0.845123E-09
   0.669600E+05  -0.111836E-08   0.766443E-09   0.129512E-08
   0.669800E+05  -0.144524E-08   0.105838E-08   0.161667E-08
   0.670000E+05  -0.168523E-08   0.131919E-08   0.179050E-08
   0.670200E+05  -0.183839E-08   0.152676E-08   0.181017E-08
   0.670400E+05  -0.190233E-08   0.165823E-08   0.168082E-08
   0.670600E+05  -0.187246E-08   0.169362E-08   0.141739E-08
   0.670800E+05  -0.174446E-08   0.161957E-08   0.104280E-08
   0.671000E+05  -0.151812E-08   0.143265E-08   0.586265E-09
   0.671200E+05  -0.120144E-08   0.114149E-08   0.820192E-10
   0.671400E+05  -0.813493E-09   0.767131E-09  -0.431877E-09
   0.671600E+05  -0.385183E-09   0.341438E-09  -0.914901E-09
   0.671800E+05   0.429182E-10  -0.963677E-10  -0.132599E-08
   0.672000E+05   0.425418E-09  -0.504551E-09  -0.162630E-08
   0.672200E+05   0.718993E-09  -0.844368E-09  -0.178280E-08
   0.672400E+05   0.889997E-09  -0.108534E-08  -0.177245E-08
   0.672600E+05   0.921259E-09  -0.120944E-08  -0.158641E-08
   0.672800E+05   0.816542E-09  -0.121341E-08  -0.123341E-08
   0.673000E+05   0.601538E-09  -0.110895E-08  -0.741464E-09
   0.673200E+05   0.320914E-09  -0.920624E-09  -0.157259E-09
   0.673400E+05   0.316631E-10  -0.681812E-09   0.457367E-09
   0.673600E+05  -0.206205E-09  -0.429533E-09   0.103163E-08
   0.673800E+05  -0.340047E-09  -0.198838E-09   0.149422E-08
   0.674000E+05  -0.334166E-09  -0.177823E-10   0.178280E-08
   0.674200E+05  -0.176797E-09   0.962652E-10   0.185321E-08
   0.674400E+05   0.116863E-09   0.138414E-09   0.168687E-08
   0.674600E+05   0.506265E-09   0.115949E-09   0.129494E-08
   0.674800E+05   0.931567E-09   0.460888E-10   0.718421E-09
   0.675000E+05   0.132317E-08  -0.477081E-10   0.237946E-10
   0.675200E+05   0.161308E-08  -0.140192E-09  -0.705277E-09
   0.675400E+05   0.174619E-08  -0.208721E-09  -0.137915E-08
   0.675600E+05   0.168939E-08  -0.236870E-09  -0.191458E-08
   0.675800E+05   0.143710E-08  -0.216697E-09  -0.224642E-08
   0.676000E+05   0.101220E-08  -0.149381E-09  -0.233669E-08
   0.676200E+05   0.462308E-09  -0.442386E-10  -0.217970E-08
   0.676400E+05  -0.147890E-09   0.835583E-10  -0.180225E-08
   0.676600E+05  -0.746811E-09   0.216076E-09  -0.125899E-08
   0.676800E+05  -0.126691E-08   0.335899E-09  -0.623724E-09
   0.677000E+05  -0.165449E-08   0.429008E-09   0.219168E-10
   0.677200E+05  -0.187674E-08   0.486791E-09   0.600553E-09
   0.677400E+05  -0.192512E-08   0.506910E-09   0.104989E-08
   0.677600E+05  -0.181455E-08   0.493001E-09   0.133066E-08
   0.677800E+05  -0.157904E-08   0.453370E-09   0.143050E-08
   0.678000E+05  -0.126456E-08   0.399033E-09   0.136334E-08
   0.678200E+05  -0.920754E-09   0.341533E-09   0.116470E-08
   0.678400E+05  -0.592887E-09   0.290929E-09   0.883974E-09
   0.678600E+05  -0.315444E-09   0.254312E-09   0.575068E-09
   0.678800E+05  -0.108281E-09   0.235010E-09   0.287339E-09
   0.679000E+05   0.242881E-10   0.232542E-09   0.581600E-10
   0.679200E+05   0.916770E-10   0.243186E-09  -0.916201E-10
   0.679400E+05   0.113139E-09   0.260963E-09  -0.158837E-09
   0.679600E+05   0.112803E-09   0.278773E-09  -0.155891E-09
   0.679800E+05   0.114683E-09   0.289460E-09  -0.106080E-09
   0.680000E+05   0.138561E-09   0.286637E-09  -0.374978E-10
   0.680200E+05   0.197353E-09   0.265203E-09   0.231856E-10
   0.680400E+05   0.296151E-09   0.221576E-09   0.558593E-10
   0.680600E+05   0.432757E-09   0.153745E-09   0.501462E-10
   0.680800E+05   0.599229E-09   0.612614E-10   0.620210E-11
   0.681000E+05   0.783816E-09  -0.547165E-10  -0.667479E-10
   0.681200E+05   0.972716E-09  -0.191277E-09  -0.153574E-09
   0.681400E+05   0.115126E-08  -0.343529E-09  -0.237241E-09
   0.681600E+05   0.130440E-08  -0.504386E-09  -0.302691E-09
   0.681800E+05   0.141674E-08  -0.664522E-09  -0.339755E-09
   0.682000E+05   0.147237E-08  -0.812642E-09  -0.344567E-09
   0.682200E+05   0.145523E-08  -0.936175E-09  -0.319304E-09
   0.682400E+05   0.135013E-08  -0.102243E-08  -0.270503E-09
   0.682600E+05   0.114492E-08  -0.106014E-08  -0.206522E-09
   0.682800E+05   0.833394E-09  -0.104113E-08  -0.134858E-09
   0.683000E+05   0.418734E-09  -0.961948E-09  -0.600567E-10
   0.683200E+05  -0.834913E-10  -0.825028E-09   0.172609E-10
   0.683400E+05  -0.643495E-09  -0.639168E-09   0.100023E-09
   0.683600E+05  -0.121747E-08  -0.419102E-09   0.193100E-09
   0.683800E+05  -0.175033E-08  -0.184119E-09   0.300914E-09
   0.684000E+05  -0.218111E-08   0.441402E-10   0.424902E-09
   0.684200E+05  -0.245048E-08   0.244430E-09   0.561546E-09
   0.684400E+05  -0.250956E-08   0.398790E-09   0.701537E-09
   0.684600E+05  -0.232856E-08   0.495104E-09   0.830413E-09
   0.684800E+05  -0.190380E-08   0.528902E-09   0.930630E-09
   0.685000E+05  -0.126165E-08   0.504068E-09   0.984709E-09
   0.685200E+05  -0.458469E-09   0.432304E-09   0.978819E-09
   0.685400E+05   0.424066E-09   0.331399E-09   0.906013E-09
   0.685600E+05   0.128770E-08   0.222548E-09   0.768364E-09
   0.685800E+05   0.202957E-08   0.127149E-09   0.577487E-09
   0.686000E+05   0.255568E-08   0.635871E-10   0.353209E-09
   0.686200E+05   0.279392E-08   0.445059E-10   0.120575E-09
   0.686400E+05   0.270468E-08   0.750124E-10  -0.942820E-10
   0.686600E+05   0.228728E-08   0.152073E-09  -0.268621E-09
   0.686800E+05   0.158127E-08   0.265167E-09  -0.387026E-09
   0.687000E+05   0.662106E-09   0.398059E-09  -0.444002E-09
   0.687200E+05  -0.368057E-09   0.531356E-09  -0.444684E-09
   0.687400E+05  -0.139326E-08   0.645411E-09  -0.403485E-09
   0.687600E+05  -0.229847E-08   0.723102E-09  -0.340929E-09
   0.687800E+05  -0.298395E-08   0.752057E-09  -0.279266E-09
   0.688000E+05  -0.337731E-08   0.726023E-09  -0.237760E-09
   0.688200E+05  -0.344165E-08   0.645242E-09  -0.228574E-09
   0.688400E+05  -0.317869E-08   0.515890E-09  -0.254098E-09
   0.688600E+05  -0.262687E-08   0.348762E-09  -0.306287E-09
   0.688800E+05  -0.185472E-08   0.157528E-09  -0.368170E-09
   0.689000E+05  -0.950962E-09  -0.431061E-10  -0.417270E-09
   0.689200E+05  -0.127215E-10  -0.239022E-09  -0.430301E-09
   0.689400E+05   0.866341E-09  -0.417879E-09  -0.388234E-09
   0.689600E+05   0.160639E-08  -0.569770E-09  -0.280755E-09
   0.689800E+05   0.214907E-08  -0.687384E-09  -0.109236E-09
   0.690000E+05   0.246178E-08  -0.765822E-09   0.112398E-09
   0.690200E+05   0.253834E-08  -0.802248E-09   0.359104E-09
   0.690400E+05   0.239659E-08  -0.795592E-09   0.598268E-09
   0.690600E+05   0.207352E-08  -0.746444E-09   0.794745E-09
   0.690800E+05   0.161898E-08  -0.657197E-09   0.916529E-09
   0.691000E+05   0.108903E-08  -0.532380E-09   0.940052E-09
   0.691200E+05   0.539638E-09  -0.379048E-09   0.854199E-09
   0.691400E+05   0.215275E-10  -0.207013E-09   0.662341E-09
   0.691600E+05  -0.423593E-09  -0.287255E-10   0.382057E-09
   0.691800E+05  -0.765289E-09   0.141344E-09   0.426023E-10
   0.692000E+05  -0.985304E-09   0.287876E-09  -0.319423E-09
   0.692200E+05  -0.107734E-08   0.396333E-09  -0.665455E-09
   0.692400E+05  -0.104602E-08   0.454847E-09  -0.960494E-09
   0.692600E+05  -0.905272E-09   0.456058E-09  -0.117788E-08
   0.692800E+05  -0.676350E-09   0.398564E-09  -0.130255E-08
   0.693000E+05  -0.385588E-09   0.287682E-09  -0.133233E-08
   0.693200E+05  -0.619958E-10   0.135284E-09  -0.127714E-08
   0.693400E+05   0.265214E-09  -0.413187E-10  -0.115628E-08
   0.693600E+05   0.569050E-09  -0.221375E-09  -0.994430E-09
   0.693800E+05   0.826934E-09  -0.383270E-09  -0.816984E-09
   0.694000E+05   0.102244E-08  -0.507318E-09  -0.645664E-09
   0.694200E+05   0.114637E-08  -0.578316E-09  -0.495014E-09
   0.694400E+05   0.119690E-08  -0.587448E-09  -0.370448E-09
   0.694600E+05   0.117892E-08  -0.533251E-09  -0.268102E-09
   0.694800E+05   0.110233E-08  -0.421492E-09  -0.176475E-09
   0.695000E+05   0.979888E-09  -0.264006E-09  -0.795734E-10
   0.695200E+05   0.824684E-09  -0.767439E-10   0.390430E-10
   0.695400E+05   0.647861E-09   0.122623E-09   0.191998E-09
   0.695600E+05   0.456994E-09   0.317091E-09   0.384398E-09
   0.695800E+05   0.255483E-09   0.492313E-09   0.611371E-09
   0.696000E+05   0.431083E-10   0.637861E-09   0.857335E-09
   0.696200E+05  -0.182313E-09   0.747627E-09   0.109724E-08
   0.696400E+05  -0.422491E-09   0.819390E-09   0.129971E-08
   0.696600E+05  -0.675982E-09   0.853741E-09   0.143160E-08
   0.696800E+05  -0.935863E-09   0.852721E-09   0.146352E-08
   0.697000E+05  -0.118839E-08   0.818522E-09   0.137521E-08
   0.697200E+05  -0.141311E-08   0.752612E-09   0.116011E-08
   0.697400E+05  -0.158453E-08   0.655503E-09   0.828118E-09
   0.697600E+05  -0.167545E-08   0.527238E-09   0.406146E-09
   0.697800E+05  -0.166122E-08   0.368462E-09  -0.640786E-10
   0.698000E+05  -0.152453E-08   0.181827E-09  -0.530632E-09
   0.698200E+05  -0.125962E-08  -0.266865E-10  -0.938042E-09
   0.698400E+05  -0.875315E-09  -0.246903E-09  -0.123505E-08
   0.698600E+05  -0.396025E-09  -0.464390E-09  -0.138235E-08
   0.698800E+05   0.139531E-09  -0.661380E-09  -0.135914E-08
   0.699000E+05   0.681931E-09  -0.818655E-09  -0.116730E-08
   0.699200E+05   0.117657E-08  -0.918158E-09  -0.832388E-09
   0.699400E+05   0.157031E-08  -0.945936E-09  -0.401134E-09
   0.699600E+05   0.181840E-08  -0.894864E-09   0.645370E-10
   0.699800E+05   0.189048E-08  -0.766638E-09   0.496118E-09
   0.700000E+05   0.177493E-08  -0.572573E-09   0.828637E-09
   0.700200E+05   0.148077E-08  -0.332949E-09   0.101073E-08
   0.700400E+05   0.103691E-08  -0.748875E-10   0.101311E-08
   0.700600E+05   0.488865E-09   0.171006E-09   0.833862E-09
   0.700800E+05  -0.106659E-09   0.374761E-09   0.499804E-09
   0.701000E+05  -0.688378E-09   0.511290E-09   0.632055E-10
   0.701200E+05  -0.119746E-08   0.564095E-09  -0.405586E-09
   0.701400E+05  -0.158393E-08   0.527821E-09  -0.828710E-09
   0.701600E+05  -0.181179E-08   0.409217E-09  -0.113294E-08
   0.701800E+05  -0.186217E-08   0.226323E-09  -0.126151E-08
   0.702000E+05  -0.173438E-08   0.599184E-11  -0.118372E-08
   0.702200E+05  -0.144496E-08  -0.219902E-09  -0.900615E-09
   0.702400E+05  -0.102498E-08  -0.418957E-09  -0.445865E-09
   0.702600E+05  -0.516111E-09  -0.562779E-09   0.118635E-09
   0.702800E+05   0.339395E-10  -0.630852E-09   0.711685E-09
   0.703000E+05   0.576088E-09  -0.613194E-09   0.124497E-08
   0.703200E+05   0.106421E-08  -0.511417E-09   0.163659E-08
   0.703400E+05   0.145883E-08  -0.338111E-09   0.182379E-08
   0.703600E+05   0.172992E-08  -0.114709E-09   0.177284E-08
   0.703800E+05   0.185890E-08   0.131790E-09   0.148449E-08
   0.704000E+05   0.183959E-08   0.372675E-09   0.994098E-09
   0.704200E+05   0.167840E-08   0.581370E-09   0.366441E-09
   0.704400E+05   0.139360E-08   0.736714E-09  -0.313910E-09
   0.704600E+05   0.101380E-08   0.825243E-09  -0.955154E-09
   0.704800E+05   0.575583E-09   0.842243E-09  -0.147169E-08
   0.705000E+05   0.120446E-09   0.791517E-09  -0.179631E-08
   0.705200E+05  -0.308891E-09   0.684059E-09  -0.188934E-08
   0.705400E+05  -0.672522E-09   0.535911E-09  -0.174337E-08
   0.705600E+05  -0.937407E-09   0.365617E-09  -0.138298E-08
   0.705800E+05  -0.108099E-08   0.191669E-09  -0.859924E-09
   0.706000E+05  -0.109396E-08   0.302916E-10  -0.244462E-09
   0.706200E+05  -0.981598E-09  -0.106170E-09   0.385282E-09
   0.706400E+05  -0.763603E-09  -0.210142E-09   0.954405E-09
   0.706600E+05  -0.472055E-09  -0.278988E-09   0.140089E-08
   0.706800E+05  -0.147792E-09  -0.314542E-09   0.168256E-08
   0.707000E+05   0.164478E-09  -0.322171E-09   0.178047E-08
   0.707200E+05   0.421733E-09  -0.309574E-09   0.169861E-08
   0.707400E+05   0.588112E-09  -0.285483E-09   0.146045E-08
   0.707600E+05   0.639558E-09  -0.258440E-09   0.110321E-08
   0.707800E+05   0.566946E-09  -0.235761E-09   0.671091E-09
   0.708000E+05   0.377234E-09  -0.222745E-09   0.208783E-09
   0.708200E+05   0.924631E-10  -0.222180E-09  -0.243811E-09
   0.708400E+05  -0.253257E-09  -0.234145E-09  -0.654964E-09
   0.708600E+05  -0.618325E-09  -0.256106E-09  -0.100244E-08
   0.708800E+05  -0.959115E-09  -0.283296E-09  -0.127297E-08
   0.709000E+05  -0.123553E-08  -0.309353E-09  -0.146057E-08
   0.709200E+05  -0.141584E-08  -0.327170E-09  -0.156422E-08
   0.709400E+05  -0.148023E-08  -0.329891E-09  -0.158592E-08
   0.709600E+05  -0.142249E-08  -0.311954E-09  -0.152929E-08
   0.709800E+05  -0.124992E-08  -0.270052E-09  -0.139925E-08
   0.710000E+05  -0.981484E-09  -0.203871E-09  -0.120253E-08
   0.710200E+05  -0.644662E-09  -0.116477E-09  -0.948623E-09
   0.710400E+05  -0.271633E-09  -0.142302E-10  -0.650775E-09
   0.710600E+05   0.104652E-09   0.938022E-10  -0.326433E-09
   0.710800E+05   0.453921E-09   0.196913E-09   0.324052E-11
   0.711000E+05   0.751154E-09   0.284180E-09   0.314892E-09
   0.711200E+05   0.978094E-09   0.346052E-09   0.585411E-09
   0.711400E+05   0.112371E-08   0.375857E-09   0.794848E-09
   0.711600E+05   0.118380E-08   0.370965E-09   0.929228E-09
   0.711800E+05   0.116011E-08   0.333394E-09   0.982658E-09
   0.712000E+05   0.105920E-08   0.269709E-09   0.958206E-09
   0.712200E+05   0.891442E-09   0.190190E-09   0.867297E-09
   0.712400E+05   0.670271E-09   0.107367E-09   0.727686E-09
   0.712600E+05   0.411722E-09   0.341267E-10   0.560358E-09
   0.712800E+05   0.134121E-09  -0.182884E-10   0.385988E-09
   0.713000E+05  -0.142256E-09  -0.420723E-10   0.221676E-09
   0.713200E+05  -0.395805E-09  -0.341195E-10   0.786613E-10
   0.713400E+05  -0.604675E-09   0.346409E-11  -0.385213E-10
   0.713600E+05  -0.748379E-09   0.637021E-10  -0.131253E-09
   0.713800E+05  -0.809859E-09   0.135892E-09  -0.204621E-09
   0.714000E+05  -0.777762E-09   0.207364E-09  -0.264322E-09
   0.714200E+05  -0.648566E-09   0.265548E-09  -0.313442E-09
   0.714400E+05  -0.428148E-09   0.299999E-09  -0.349945E-09
   0.714600E+05  -0.132395E-09   0.304033E-09  -0.365592E-09
   0.714800E+05   0.213411E-09   0.275690E-09  -0.346707E-09
   0.715000E+05   0.576534E-09   0.217894E-09  -0.276827E-09
   0.715200E+05   0.919930E-09   0.137774E-09  -0.140819E-09
   0.715400E+05   0.120626E-08   0.453311E-10   0.703141E-10
   0.715600E+05   0.140225E-08  -0.483286E-10   0.354959E-09
   0.715800E+05   0.148280E-08  -0.132842E-09   0.697809E-09
   0.716000E+05   0.143428E-08  -0.200205E-09   0.106905E-08
   0.716200E+05   0.125637E-08  -0.245880E-09   0.142627E-08
   0.716400E+05   0.962409E-09  -0.269234E-09   0.171917E-08
   0.716600E+05   0.577858E-09  -0.273282E-09   0.189646E-08
   0.716800E+05   0.137353E-09  -0.263823E-09   0.191388E-08
   0.717000E+05  -0.319403E-09  -0.248183E-09   0.174218E-08
   0.717200E+05  -0.752258E-09  -0.233810E-09   0.137349E-08
   0.717400E+05  -0.112511E-08  -0.227013E-09   0.824969E-09
   0.717600E+05  -0.140972E-08  -0.232021E-09   0.138820E-09
   0.717800E+05  -0.158823E-08  -0.250523E-09  -0.621452E-09
   0.718000E+05  -0.165435E-08  -0.281690E-09  -0.137825E-08
   0.718200E+05  -0.161289E-08  -0.322609E-09  -0.204955E-08
   0.718400E+05  -0.147803E-08  -0.368972E-09  -0.255954E-08
   0.718600E+05  -0.127062E-08  -0.415838E-09  -0.284876E-08
   0.718800E+05  -0.101489E-08  -0.458293E-09  -0.288203E-08
   0.719000E+05  -0.735349E-09  -0.491881E-09  -0.265313E-08
   0.719200E+05  -0.453974E-09  -0.512782E-09  -0.218533E-08
   0.719400E+05  -0.188346E-09  -0.517738E-09  -0.152800E-08
   0.719600E+05   0.493106E-10  -0.503873E-09  -0.749621E-09
   0.719800E+05   0.252077E-09  -0.468501E-09   0.714935E-10
   0.720000E+05   0.417501E-09  -0.409086E-09   0.857351E-09
   0.720200E+05   0.546215E-09  -0.323429E-09   0.153982E-08
   0.720400E+05   0.640374E-09  -0.210102E-09   0.206813E-08
   0.720600E+05   0.702231E-09  -0.690708E-10   0.241343E-08
   0.720800E+05   0.733128E-09   0.976225E-10   0.256983E-08
   0.721000E+05   0.733067E-09   0.285294E-09   0.255222E-08
   0.721200E+05   0.700904E-09   0.486336E-09   0.239134E-08
   0.721400E+05   0.635083E-09   0.690362E-09   0.212722E-08
   0.721600E+05   0.534739E-09   0.884825E-09   0.180215E-08
   0.721800E+05   0.400916E-09   0.105608E-08   0.145433E-08
   0.722000E+05   0.237638E-09   0.119078E-08   0.111317E-08
   0.722200E+05   0.526000E-10   0.127732E-08   0.796684E-09
   0.722400E+05  -0.142711E-09   0.130725E-08   0.511330E-09
   0.722600E+05  -0.333548E-09   0.127627E-08   0.253780E-09
   0.722800E+05  -0.503070E-09   0.118473E-08   0.141964E-10
   0.723000E+05  -0.634050E-09   0.103755E-08  -0.219848E-09
   0.723200E+05  -0.710894E-09   0.843572E-09  -0.459583E-09
   0.723400E+05  -0.721749E-09   0.614484E-09  -0.712060E-09
   0.723600E+05  -0.660374E-09   0.363492E-09  -0.978429E-09
   0.723800E+05  -0.527527E-09   0.103998E-09  -0.125362E-08
   0.724000E+05  -0.331600E-09  -0.151536E-09  -0.152727E-08
   0.724200E+05  -0.883715E-10  -0.392382E-09  -0.178559E-08
   0.724400E+05   0.180202E-09  -0.609925E-09  -0.201367E-08
   0.724600E+05   0.448083E-09  -0.797667E-09  -0.219762E-08
   0.724800E+05   0.687950E-09  -0.950963E-09  -0.232637E-08
   0.725000E+05   0.874402E-09  -0.106662E-08  -0.239264E-08
   0.725200E+05   0.987179E-09  -0.114255E-08  -0.239315E-08
   0.725400E+05   0.101398E-08  -0.117758E-08  -0.232821E-08
   0.725600E+05   0.952452E-09  -0.117145E-08  -0.220084E-08
   0.725800E+05   0.811005E-09  -0.112505E-08  -0.201585E-08
   0.726000E+05   0.608243E-09  -0.104073E-08  -0.177903E-08
   0.726200E+05   0.370946E-09  -0.922560E-09  -0.149679E-08
   0.726400E+05   0.130787E-09  -0.776414E-09  -0.117613E-08
   0.726600E+05  -0.798798E-10  -0.609794E-09  -0.824985E-09
   0.726800E+05  -0.232609E-09  -0.431272E-09  -0.452767E-09
   0.727000E+05  -0.307191E-09  -0.249680E-09  -0.707349E-10
   0.727200E+05  -0.295065E-09  -0.731428E-10   0.307907E-09
   0.727400E+05  -0.201206E-09   0.918471E-10   0.668405E-09
   0.727600E+05  -0.440992E-10   0.241103E-09   0.995376E-09
   0.727800E+05   0.146359E-09   0.372998E-09   0.127416E-08
   0.728000E+05   0.332865E-09   0.488203E-09   0.149239E-08
   0.728200E+05   0.476145E-09   0.588938E-09   0.164151E-08
   0.728400E+05   0.541083E-09   0.677860E-09   0.171796E-08
   0.728600E+05   0.502633E-09   0.756836E-09   0.172373E-08
   0.728800E+05   0.350568E-09   0.825866E-09   0.166618E-08
   0.729000E+05   0.922401E-10   0.882449E-09   0.155718E-08
   0.729200E+05  -0.247224E-09   0.921568E-09   0.141158E-08
   0.729400E+05  -0.627492E-09   0.936386E-09   0.124534E-08
   0.729600E+05  -0.998135E-09   0.919560E-09   0.107361E-08
   0.729800E+05  -0.130562E-08   0.864943E-09   0.909061E-09
   0.730000E+05  -0.150121E-08   0.769340E-09   0.760771E-09
   0.730200E+05  -0.154854E-08   0.633928E-09   0.633669E-09
   0.730400E+05  -0.142977E-08   0.464987E-09   0.528697E-09
   0.730600E+05  -0.114907E-08   0.273719E-09   0.443501E-09
   0.730800E+05  -0.733018E-09   0.750741E-10   0.373448E-09
   0.731000E+05  -0.227546E-09  -0.114256E-09   0.312744E-09
   0.731200E+05   0.308157E-09  -0.278370E-09   0.255413E-09
   0.731400E+05   0.809930E-09  -0.404739E-09   0.195972E-09
   0.731600E+05   0.121787E-08  -0.486350E-09   0.129762E-09
   0.731800E+05   0.148507E-08  -0.522939E-09   0.529710E-10
   0.732000E+05   0.158453E-08  -0.521029E-09  -0.375060E-10
   0.732200E+05   0.151296E-08  -0.492693E-09  -0.144167E-09
   0.732400E+05   0.129104E-08  -0.453193E-09  -0.268803E-09
   0.732600E+05   0.959790E-09  -0.417926E-09  -0.412059E-09
   0.732800E+05   0.573806E-09  -0.399221E-09  -0.572682E-09
   0.733000E+05   0.192344E-09  -0.403629E-09  -0.746529E-09
   0.733200E+05  -0.130312E-09  -0.430258E-09  -0.925619E-09
   0.733400E+05  -0.353576E-09  -0.470557E-09  -0.109749E-08
   0.733600E+05  -0.456940E-09  -0.509668E-09  -0.124517E-08
   0.733800E+05  -0.442919E-09  -0.529165E-09  -0.134809E-08
   0.734000E+05  -0.336041E-09  -0.510741E-09  -0.138384E-08
   0.734200E+05  -0.178032E-09  -0.440170E-09  -0.133096E-08
   0.734400E+05  -0.199876E-10  -0.310791E-09  -0.117221E-08
   0.734600E+05   0.871621E-10  -0.125837E-09  -0.898056E-09
   0.734800E+05   0.102269E-09   0.100930E-09  -0.509759E-09
   0.735000E+05   0.200358E-11   0.346470E-09  -0.214005E-10
   0.735200E+05  -0.214092E-09   0.581502E-09   0.539523E-09
   0.735400E+05  -0.522461E-09   0.774847E-09   0.113333E-08
   0.735600E+05  -0.878563E-09   0.898387E-09   0.171123E-08
   0.735800E+05  -0.122365E-08   0.931765E-09   0.222001E-08
   0.736000E+05  -0.149420E-08   0.866022E-09   0.260780E-08
   0.736200E+05  -0.163247E-08   0.705484E-09   0.283026E-08
   0.736400E+05  -0.159644E-08   0.467544E-09   0.285624E-08
   0.736600E+05  -0.136745E-08   0.180332E-09   0.267220E-08
   0.736800E+05  -0.954252E-09  -0.121373E-09   0.228467E-08
   0.737000E+05  -0.392758E-09  -0.401300E-09   0.172039E-08
   0.737200E+05   0.258508E-09  -0.627073E-09   0.102394E-08
   0.737400E+05   0.926572E-09  -0.774916E-09   0.253249E-09
   0.737600E+05   0.153448E-08  -0.832896E-09  -0.526574E-09
   0.737800E+05   0.201238E-08  -0.802202E-09  -0.125018E-08
   0.738000E+05   0.230753E-08  -0.696268E-09  -0.185892E-08
   0.738200E+05   0.239148E-08  -0.537966E-09  -0.230676E-08
   0.738400E+05   0.226357E-08  -0.355375E-09  -0.256465E-08
   0.738600E+05   0.195000E-08  -0.176927E-09  -0.262272E-08
   0.738800E+05   0.149891E-08  -0.267446E-10  -0.249016E-08
   0.739000E+05   0.972239E-09   0.789951E-10  -0.219308E-08
   0.739200E+05   0.435812E-09   0.134111E-09  -0.177062E-08
   0.739400E+05  -0.506724E-10   0.142578E-09  -0.127001E-08
   0.739600E+05  -0.442165E-09   0.116855E-09  -0.741241E-09
   0.739800E+05  -0.713916E-09   0.747640E-10  -0.232011E-09
   0.740000E+05  -0.863436E-09   0.355518E-10   0.216459E-09
   0.740200E+05  -0.908585E-09   0.158738E-10   0.572460E-09
   0.740400E+05  -0.882275E-09   0.264547E-10   0.815503E-09
   0.740600E+05  -0.824814E-09   0.700089E-10   0.936749E-09
   0.740800E+05  -0.775346E-09   0.140771E-09   0.938400E-09
   0.741000E+05  -0.763900E-09   0.225675E-09   0.832325E-09
   0.741200E+05  -0.805478E-09   0.306932E-09   0.638247E-09
   0.741400E+05  -0.897190E-09   0.365494E-09   0.381739E-09
   0.741600E+05  -0.101891E-08   0.384769E-09   0.921886E-10
   0.741800E+05  -0.113728E-08   0.353908E-09  -0.199179E-09
   0.742000E+05  -0.121232E-08   0.270080E-09  -0.461259E-09
   0.742200E+05  -0.120547E-08   0.139356E-09  -0.665050E-09
   0.742400E+05  -0.108754E-08  -0.239397E-10  -0.785694E-09
   0.742600E+05  -0.845245E-09  -0.199264E-09  -0.804572E-09
   0.742800E+05  -0.485060E-09  -0.362931E-09  -0.711314E-09
   0.743000E+05  -0.337385E-10  -0.491676E-09  -0.505533E-09
   0.743200E+05   0.464668E-09  -0.566142E-09  -0.197953E-09
   0.743400E+05   0.954822E-09  -0.573710E-09   0.189339E-09
   0.743600E+05   0.137817E-08  -0.510274E-09   0.623835E-09
   0.743800E+05   0.168177E-08  -0.380708E-09   0.106485E-08
   0.744000E+05   0.182638E-08  -0.198036E-09   0.146704E-08
   0.744200E+05   0.179252E-08   0.185280E-10   0.178499E-08
   0.744400E+05   0.158360E-08   0.246289E-09   0.197832E-08
   0.744600E+05   0.122543E-08   0.462092E-09   0.201675E-08
   0.744800E+05   0.762453E-09   0.645195E-09   0.188447E-08
   0.745000E+05   0.251092E-09   0.779587E-09   0.158297E-08
   0.745200E+05  -0.248478E-09   0.855472E-09   0.113202E-08
   0.745400E+05  -0.680976E-09   0.869802E-09   0.568330E-09
   0.745600E+05  -0.100364E-08   0.825864E-09  -0.579712E-10
   0.745800E+05  -0.119165E-08   0.732116E-09  -0.688718E-09
   0.746000E+05  -0.124065E-08   0.600505E-09  -0.126432E-08
   0.746200E+05  -0.116589E-08   0.444593E-09  -0.173072E-08
   0.746400E+05  -0.998495E-09   0.277768E-09  -0.204575E-08
   0.746600E+05  -0.779309E-09   0.111787E-09  -0.218406E-08
   0.746800E+05  -0.551608E-09  -0.441995E-10  -0.213986E-08
   0.747000E+05  -0.353787E-09  -0.184078E-09  -0.192712E-08
   0.747200E+05  -0.213264E-09  -0.304699E-09  -0.157731E-08
   0.747400E+05  -0.142560E-09  -0.405402E-09  -0.113482E-08
   0.747600E+05  -0.138107E-09  -0.487283E-09  -0.651036E-09
   0.747800E+05  -0.181901E-09  -0.552379E-09  -0.177646E-09
   0.748000E+05  -0.245619E-09  -0.602897E-09   0.239635E-09
   0.748200E+05  -0.296436E-09  -0.640616E-09   0.566197E-09
   0.748400E+05  -0.303517E-09  -0.666508E-09   0.781814E-09
   0.748600E+05  -0.244066E-09  -0.680606E-09   0.881737E-09
   0.748800E+05  -0.107930E-09  -0.682087E-09   0.875596E-09
   0.749000E+05   0.999978E-10  -0.669520E-09   0.784445E-09
   0.749200E+05   0.359958E-09  -0.641214E-09   0.636540E-09
   0.749400E+05   0.640022E-09  -0.595594E-09   0.462582E-09
   0.749600E+05   0.900868E-09  -0.531566E-09   0.291179E-09
   0.749800E+05   0.110186E-08  -0.448815E-09   0.145180E-09
   0.750000E+05   0.120743E-08  -0.348023E-09   0.393280E-10
   0.750200E+05   0.119288E-08  -0.231003E-09  -0.205920E-10
   0.750400E+05   0.104850E-08  -0.100741E-09  -0.371677E-10
   0.750600E+05   0.781680E-09   0.386355E-10  -0.196504E-10
   0.750800E+05   0.416437E-09   0.181978E-09   0.184412E-10
   0.751000E+05  -0.935396E-11   0.323299E-09   0.619135E-10
   0.751200E+05  -0.448724E-09   0.456037E-09   0.962456E-10
   0.751400E+05  -0.851625E-09   0.573395E-09   0.109377E-09
   0.751600E+05  -0.117137E-08   0.668751E-09   0.927880E-10
   0.751800E+05  -0.137059E-08   0.736124E-09   0.418975E-10
   0.752000E+05  -0.142602E-08   0.770677E-09  -0.440599E-10
   0.752200E+05  -0.133133E-08   0.769217E-09  -0.162442E-09
   0.752400E+05  -0.109788E-08   0.730639E-09  -0.307655E-09
   0.752600E+05  -0.753243E-09   0.656264E-09  -0.471489E-09
   0.752800E+05  -0.337729E-09   0.550006E-09  -0.643278E-09
   0.753000E+05   0.100530E-09   0.418325E-09  -0.809949E-09
   0.753200E+05   0.511390E-09   0.269929E-09  -0.956151E-09
   0.753400E+05   0.848614E-09   0.115214E-09  -0.106468E-08
   0.753600E+05   0.107524E-08  -0.345285E-10  -0.111745E-08
   0.753800E+05   0.116778E-08  -0.168087E-09  -0.109703E-08
   0.754000E+05   0.111874E-08  -0.275397E-09  -0.988890E-09
   0.754200E+05   0.937332E-09  -0.348585E-09  -0.783947E-09
   0.754400E+05   0.648164E-09  -0.382877E-09  -0.481198E-09
   0.754600E+05   0.288255E-09  -0.377235E-09  -0.898633E-10
   0.754800E+05  -0.973948E-10  -0.334627E-09   0.369455E-09
   0.755000E+05  -0.461097E-09  -0.261859E-09   0.865019E-09
   0.755200E+05  -0.758047E-09  -0.168960E-09   0.135588E-08
   0.755400E+05  -0.951542E-09  -0.681507E-10   0.179551E-08
   0.755600E+05  -0.101726E-08   0.275014E-10   0.213676E-08
   0.755800E+05  -0.946079E-09   0.105592E-09   0.233771E-08
   0.756000E+05  -0.745173E-09   0.155875E-09   0.236751E-08
   0.756200E+05  -0.437144E-09   0.171544E-09   0.221138E-08
   0.756400E+05  -0.573924E-10   0.150131E-09   0.187396E-08
   0.756600E+05   0.350045E-09   0.938741E-10   0.138029E-08
   0.756800E+05   0.737662E-09   0.950244E-11   0.774111E-09
   0.757000E+05   0.106005E-08  -0.925793E-10   0.113568E-09
   0.757200E+05   0.127916E-08  -0.199593E-09  -0.535344E-09
   0.757400E+05   0.136869E-08  -0.298024E-09  -0.110667E-08
   0.757600E+05   0.131695E-08  -0.375367E-09  -0.154275E-08
   0.757800E+05   0.112798E-08  -0.421751E-09  -0.180156E-08
   0.758000E+05   0.820747E-09  -0.431198E-09  -0.186230E-08
   0.758200E+05   0.426632E-09  -0.402351E-09  -0.172803E-08
   0.758400E+05  -0.145013E-10  -0.338550E-09  -0.142529E-08
   0.758600E+05  -0.458997E-09  -0.247259E-09  -0.100039E-08
   0.758800E+05  -0.864296E-09  -0.138916E-09  -0.513084E-09
   0.759000E+05  -0.119335E-08  -0.253922E-10  -0.283775E-10
   0.759200E+05  -0.141806E-08   0.817122E-10   0.392331E-09
   0.759400E+05  -0.152136E-08   0.172679E-09   0.699466E-09
   0.759600E+05  -0.149784E-08   0.240940E-09   0.861700E-09
   0.759800E+05  -0.135303E-08   0.283814E-09   0.869662E-09
   0.760000E+05  -0.110162E-08   0.302614E-09   0.736399E-09
   0.760200E+05  -0.765039E-09   0.302114E-09   0.494582E-09
   0.760400E+05  -0.368855E-09   0.289480E-09   0.190909E-09
   0.760600E+05   0.595396E-10   0.272851E-09  -0.121402E-09
   0.760800E+05   0.492775E-09   0.259804E-09  -0.390881E-09
   0.761000E+05   0.904706E-09   0.255966E-09  -0.575543E-09
   0.761200E+05   0.127107E-08   0.264002E-09  -0.648941E-09
   0.761400E+05   0.156986E-08   0.283139E-09  -0.603621E-09
   0.761600E+05   0.178158E-08   0.309310E-09  -0.451502E-09
   0.761800E+05   0.188989E-08   0.335875E-09  -0.221187E-09
   0.762000E+05   0.188260E-08   0.354810E-09   0.473101E-10
   0.762200E+05   0.175316E-08   0.358149E-09   0.309521E-09
   0.762400E+05   0.150240E-08   0.339436E-09   0.524008E-09
   0.762600E+05   0.114030E-08   0.294953E-09   0.659140E-09
   0.762800E+05   0.687069E-09   0.224511E-09   0.698079E-09
   0.763000E+05   0.173333E-09   0.131668E-09   0.641140E-09
   0.763200E+05  -0.361187E-09   0.233513E-10   0.505205E-09
   0.763400E+05  -0.870547E-09  -0.910675E-10   0.320296E-09
   0.763600E+05  -0.130696E-08  -0.201091E-09   0.123930E-09
   0.763800E+05  -0.162622E-08  -0.296594E-09  -0.457653E-10
   0.764000E+05  -0.179356E-08  -0.369269E-09  -0.156978E-09
   0.764200E+05  -0.178890E-08  -0.413792E-09  -0.189987E-09
   0.764400E+05  -0.161074E-08  -0.428519E-09  -0.140776E-09
   0.764600E+05  -0.127784E-08  -0.415640E-09  -0.218548E-10
   0.764800E+05  -0.828088E-09  -0.380746E-09   0.139869E-09
   0.765000E+05  -0.314649E-09  -0.331909E-09   0.307805E-09
   0.765200E+05   0.200438E-09  -0.278416E-09   0.442174E-09
   0.765400E+05   0.654268E-09  -0.229367E-09   0.507142E-09
   0.765600E+05   0.991624E-09  -0.192339E-09   0.477358E-09
   0.765800E+05   0.117275E-08  -0.172326E-09   0.342717E-09
   0.766000E+05   0.117909E-08  -0.171091E-09   0.110517E-09
   0.766200E+05   0.101607E-08  -0.187023E-09  -0.195404E-09
   0.766400E+05   0.712303E-09  -0.215486E-09  -0.538413E-09
   0.766600E+05   0.315319E-09  -0.249596E-09  -0.875058E-09
   0.766800E+05  -0.115604E-09  -0.281296E-09  -0.116224E-08
   0.767000E+05  -0.518422E-09  -0.302554E-09  -0.136430E-08
   0.767200E+05  -0.837686E-09  -0.306510E-09  -0.145874E-08
   0.767400E+05  -0.103279E-08  -0.288418E-09  -0.143966E-08
   0.767600E+05  -0.108376E-08  -0.246260E-09  -0.131811E-08
   0.767800E+05  -0.993641E-09  -0.180973E-09  -0.111955E-08
   0.768000E+05  -0.787141E-09  -0.962790E-10  -0.878687E-09
   0.768200E+05  -0.505697E-09   0.182476E-11  -0.632764E-09
   0.768400E+05  -0.199934E-09   0.105829E-09  -0.414543E-09
   0.768600E+05   0.792631E-10   0.207603E-09  -0.246256E-09
   0.768800E+05   0.289483E-09   0.299294E-09  -0.135693E-09
   0.769000E+05   0.403852E-09   0.374120E-09  -0.751577E-10
   0.769200E+05   0.415216E-09   0.426974E-09  -0.434897E-10
   0.769400E+05   0.336753E-09   0.454790E-09  -0.107915E-10
   0.769600E+05   0.198948E-09   0.456660E-09   0.550356E-10
   0.769800E+05   0.435061E-10   0.433719E-09   0.181182E-09
   0.770000E+05  -0.847029E-10   0.388853E-09   0.383608E-09
   0.770200E+05  -0.146213E-09   0.326295E-09   0.662742E-09
   0.770400E+05  -0.114543E-09   0.251160E-09   0.100204E-08
   0.770600E+05   0.185570E-10   0.168988E-09   0.136975E-08
   0.770800E+05   0.241094E-09   0.853366E-10   0.172364E-08
   0.771000E+05   0.522397E-09   0.544159E-11   0.201775E-08
   0.771200E+05   0.817965E-09  -0.660480E-10   0.221012E-08
   0.771400E+05   0.107675E-08  -0.125264E-09   0.226991E-08
   0.771600E+05   0.124959E-08  -0.169265E-09   0.218280E-08
   0.771800E+05   0.129739E-08  -0.196143E-09   0.195346E-08
   0.772000E+05   0.119766E-08  -0.205118E-09   0.160486E-08
   0.772200E+05   0.948368E-09  -0.196601E-09   0.117440E-08
   0.772400E+05   0.568504E-09  -0.172242E-09   0.707687E-09
   0.772600E+05   0.954511E-10  -0.134919E-09   0.251065E-09
   0.772800E+05  -0.420408E-09  -0.886662E-10  -0.155748E-09
   0.773000E+05  -0.922813E-09  -0.384912E-10  -0.485514E-09
   0.773200E+05  -0.135730E-08   0.991427E-11  -0.726842E-09
   0.773400E+05  -0.167818E-08   0.505910E-10  -0.884489E-09
   0.773600E+05  -0.185387E-08   0.778340E-10  -0.976636E-09
   0.773800E+05  -0.186977E-08   0.867863E-10  -0.102975E-08
   0.774000E+05  -0.172868E-08   0.740466E-10  -0.107208E-08
   0.774200E+05  -0.144882E-08   0.382188E-10  -0.112711E-08
   0.774400E+05  -0.106013E-08  -0.196748E-10  -0.120824E-08
   0.774600E+05  -0.599715E-09  -0.959939E-10  -0.131570E-08
   0.774800E+05  -0.107201E-09  -0.184552E-09  -0.143633E-08
   0.775000E+05   0.379199E-09  -0.276994E-09  -0.154627E-08
   0.775200E+05   0.825461E-09  -0.363468E-09  -0.161585E-08
   0.775400E+05   0.120324E-08  -0.433558E-09  -0.161598E-08
   0.775600E+05   0.149026E-08  -0.477377E-09  -0.152448E-08
   0.775800E+05   0.166996E-08  -0.486717E-09  -0.133144E-08
   0.776000E+05   0.173102E-08  -0.456104E-09  -0.104220E-08
   0.776200E+05   0.166714E-08  -0.383634E-09  -0.677766E-09
   0.776400E+05   0.147739E-08  -0.271454E-09  -0.272154E-09
   0.776600E+05   0.116731E-08  -0.125805E-09   0.132533E-09
   0.776800E+05   0.750215E-09   0.433935E-10   0.492626E-09
   0.777000E+05   0.248607E-09   0.223424E-09   0.769744E-09
   0.777200E+05  -0.305232E-09   0.399999E-09   0.936800E-09
   0.777400E+05  -0.869826E-09   0.558719E-09   0.982115E-09
   0.777600E+05  -0.139676E-08   0.686584E-09   0.910973E-09
   0.777800E+05  -0.183467E-08   0.773369E-09   0.744402E-09
   0.778000E+05  -0.213465E-08   0.812697E-09   0.515477E-09
   0.778200E+05  -0.225645E-08   0.802666E-09   0.263853E-09
   0.778400E+05  -0.217466E-08   0.745956E-09   0.295041E-10
   0.778600E+05  -0.188358E-08   0.649414E-09  -0.153246E-09
   0.778800E+05  -0.140013E-08   0.523159E-09  -0.260457E-09
   0.779000E+05  -0.763838E-09   0.379358E-09  -0.281363E-09
   0.779200E+05  -0.337441E-10   0.230812E-09  -0.218919E-09
   0.779400E+05   0.717629E-09   0.895617E-10  -0.881905E-10
   0.779600E+05   0.141254E-08  -0.343228E-10   0.869585E-10
   0.779800E+05   0.197745E-08  -0.133620E-09   0.278187E-09
   0.780000E+05   0.235223E-08  -0.204419E-09   0.457205E-09
   0.780200E+05   0.249788E-08  -0.246131E-09   0.599756E-09
   0.780400E+05   0.240149E-08  -0.261108E-09   0.688500E-09
   0.780600E+05   0.207789E-08  -0.253950E-09   0.714472E-09
   0.780800E+05   0.156743E-08  -0.230633E-09   0.677114E-09
   0.781000E+05   0.930595E-09  -0.197615E-09   0.583094E-09
   0.781200E+05   0.239932E-09  -0.161028E-09   0.444325E-09
   0.781400E+05  -0.429298E-09  -0.126080E-09   0.275661E-09
   0.781600E+05  -0.100848E-08  -0.966975E-10   0.927043E-10
   0.781800E+05  -0.144368E-08  -0.754266E-10  -0.899454E-10
   0.782000E+05  -0.170131E-08  -0.635453E-10  -0.259829E-09
   0.782200E+05  -0.177074E-08  -0.613159E-10  -0.407151E-09
   0.782400E+05  -0.166376E-08  -0.682919E-10  -0.524811E-09
   0.782600E+05  -0.141110E-08  -0.835985E-10  -0.608145E-09
   0.782800E+05  -0.105688E-08  -0.106128E-09  -0.654579E-09
   0.783000E+05  -0.651810E-09  -0.134625E-09  -0.663349E-09
   0.783200E+05  -0.246291E-09  -0.167664E-09  -0.635339E-09
   0.783400E+05   0.115626E-09  -0.203565E-09  -0.573037E-09
   0.783600E+05   0.400732E-09  -0.240288E-09  -0.480486E-09
   0.783800E+05   0.589142E-09  -0.275378E-09  -0.363126E-09
   0.784000E+05   0.674750E-09  -0.305998E-09  -0.227436E-09
   0.784200E+05   0.663870E-09  -0.329072E-09  -0.803366E-10
   0.784400E+05   0.572565E-09  -0.341530E-09   0.715802E-10
   0.784600E+05   0.423231E-09  -0.340633E-09   0.222838E-09
   0.784800E+05   0.241041E-09  -0.324305E-09   0.369700E-09
   0.785000E+05   0.507232E-10  -0.291422E-09   0.510429E-09
   0.785200E+05  -0.125977E-09  -0.242010E-09   0.645040E-09
   0.785400E+05  -0.272020E-09  -0.177291E-09   0.774538E-09
   0.785600E+05  -0.375964E-09  -0.996053E-10   0.899718E-09
   0.785800E+05  -0.432161E-09  -0.121944E-10   0.101979E-08
   0.786000E+05  -0.440423E-09   0.810888E-10   0.113114E-08
   0.786200E+05  -0.405322E-09   0.176095E-09   0.122655E-08
   0.786400E+05  -0.335262E-09   0.268663E-09   0.129520E-08
   0.786600E+05  -0.241390E-09   0.354832E-09   0.132359E-08
   0.786800E+05  -0.136379E-09   0.430960E-09   0.129740E-08
   0.787000E+05  -0.330987E-10   0.493769E-09   0.120393E-08
   0.787200E+05   0.567928E-10   0.540339E-09   0.103493E-08
   0.787400E+05   0.124243E-09   0.568114E-09   0.789098E-09
   0.787600E+05   0.164043E-09   0.574949E-09   0.473850E-09
   0.787800E+05   0.175721E-09   0.559256E-09   0.105884E-09
   0.788000E+05   0.163868E-09   0.520242E-09  -0.289738E-09
   0.788200E+05   0.137745E-09   0.458208E-09  -0.681959E-09
   0.788400E+05   0.110086E-09   0.374859E-09  -0.103731E-08
   0.788600E+05   0.951675E-10   0.273537E-09  -0.132420E-08
   0.788800E+05   0.106352E-09   0.159292E-09  -0.151719E-08
   0.789000E+05   0.153468E-09   0.387162E-10  -0.160071E-08
   0.789200E+05   0.240483E-09  -0.804945E-10  -0.157131E-08
   0.789400E+05   0.363909E-09  -0.190231E-09  -0.143835E-08
   0.789600E+05   0.512349E-09  -0.282856E-09  -0.122266E-08
   0.789800E+05   0.667400E-09  -0.352156E-09  -0.953570E-09
   0.790000E+05   0.805892E-09  -0.394222E-09  -0.664665E-09
   0.790200E+05   0.903236E-09  -0.408085E-09  -0.388915E-09
   0.790400E+05   0.937377E-09  -0.396000E-09  -0.154058E-09
   0.790600E+05   0.892721E-09  -0.363262E-09   0.211085E-10
   0.790800E+05   0.763353E-09  -0.317582E-09   0.128882E-09
   0.791000E+05   0.554913E-09  -0.268048E-09   0.172959E-09
   0.791200E+05   0.284716E-09  -0.223839E-09   0.166874E-09
   0.791400E+05  -0.200262E-10  -0.192877E-09   0.130874E-09
   0.791600E+05  -0.325721E-09  -0.180613E-09   0.878008E-10
   0.791800E+05  -0.597138E-09  -0.189169E-09   0.587091E-10
   0.792000E+05  -0.802666E-09  -0.216961E-09   0.589547E-10
   0.792200E+05  -0.919229E-09  -0.258892E-09   0.954264E-10
   0.792400E+05  -0.936043E-09  -0.307078E-09   0.165357E-09
   0.792600E+05  -0.856544E-09  -0.352008E-09   0.256885E-09
   0.792800E+05  -0.698130E-09  -0.383957E-09   0.351237E-09
   0.793000E+05  -0.489685E-09  -0.394421E-09   0.426129E-09
   0.793200E+05  -0.267236E-09  -0.377362E-09   0.459798E-09
   0.793400E+05  -0.684161E-10  -0.330071E-09   0.434976E-09
   0.793600E+05   0.734172E-10  -0.253521E-09   0.342162E-09
   0.793800E+05   0.134471E-09  -0.152189E-09   0.181664E-09
   0.794000E+05   0.104372E-09  -0.333870E-10  -0.358997E-10
   0.794200E+05  -0.120201E-10   0.937570E-10  -0.290690E-09
   0.794400E+05  -0.195132E-09   0.219497E-09  -0.556136E-09
   0.794600E+05  -0.413447E-09   0.334647E-09  -0.802422E-09
   0.794800E+05  -0.628102E-09   0.431555E-09  -0.100043E-08
   0.795000E+05  -0.798610E-09   0.504772E-09  -0.112559E-08
   0.795200E+05  -0.888851E-09   0.551322E-09  -0.116101E-08
   0.795400E+05  -0.872447E-09   0.570616E-09  -0.109963E-08
   0.795600E+05  -0.736768E-09   0.564081E-09  -0.944996E-09
   0.795800E+05  -0.485018E-09   0.534603E-09  -0.710755E-09
   0.796000E+05  -0.136169E-09   0.485944E-09  -0.418890E-09
   0.796200E+05   0.277212E-09   0.422232E-09  -0.971051E-10
   0.796400E+05   0.712865E-09   0.347596E-09   0.224336E-09
   0.796600E+05   0.112392E-08   0.265997E-09   0.515868E-09
   0.796800E+05   0.146447E-08   0.181203E-09   0.751605E-09
   0.797000E+05   0.169489E-08   0.968603E-10   0.911739E-09
   0.797200E+05   0.178636E-08   0.165697E-10   0.984166E-09
   0.797400E+05   0.172400E-08  -0.561096E-10   0.965242E-09
   0.797600E+05   0.150844E-08  -0.117787E-09   0.859723E-09
   0.797800E+05   0.115561E-08  -0.165505E-09   0.679972E-09
   0.798000E+05   0.695105E-09  -0.197112E-09   0.444620E-09
   0.798200E+05   0.167058E-09  -0.211661E-09   0.176838E-09
   0.798400E+05  -0.381762E-09  -0.209736E-09  -0.975966E-10
   0.798600E+05  -0.902450E-09  -0.193620E-09  -0.352303E-09
   0.798800E+05  -0.134850E-08  -0.167208E-09  -0.562266E-09
   0.799000E+05  -0.168003E-08  -0.135658E-09  -0.705679E-09
   0.799200E+05  -0.186725E-08  -0.104784E-09  -0.765623E-09
   0.799400E+05  -0.189309E-08  -0.802895E-10  -0.731490E-09
   0.799600E+05  -0.175458E-08  -0.669463E-10  -0.600109E-09
   0.799800E+05  -0.146301E-08  -0.678700E-10  -0.376454E-09
   0.800000E+05  -0.104287E-08  -0.840107E-10  -0.738396E-10
   0.800200E+05  -0.529578E-09  -0.113963E-09   0.286501E-09
   0.800400E+05   0.336960E-10  -0.154130E-09   0.676565E-09
   0.800600E+05   0.599951E-09  -0.199221E-09   0.106346E-08
   0.800800E+05   0.112259E-08  -0.242999E-09   0.141202E-08
   0.801000E+05   0.155958E-08  -0.279145E-09   0.168791E-08
   0.801200E+05   0.187720E-08  -0.302104E-09   0.186112E-08
   0.801400E+05   0.205292E-08  -0.307767E-09   0.190931E-08
   0.801600E+05   0.207712E-08  -0.293888E-09   0.182079E-08
   0.801800E+05   0.195355E-08  -0.260206E-09   0.159653E-08
   0.802000E+05   0.169844E-08  -0.208259E-09   0.125101E-08
   0.802200E+05   0.133833E-08  -0.140995E-09   0.811441E-09
   0.802400E+05   0.906999E-09  -0.622551E-10   0.315548E-09
   0.802600E+05   0.441738E-09   0.237299E-10  -0.192170E-09
   0.802800E+05  -0.204502E-10   0.112736E-09  -0.665230E-09
   0.803000E+05  -0.446419E-09   0.200770E-09  -0.106048E-08
   0.803200E+05  -0.809731E-09   0.284103E-09  -0.134326E-08
   0.803400E+05  -0.109254E-08   0.359172E-09  -0.149173E-08
   0.803600E+05  -0.128635E-08   0.422406E-09  -0.149966E-08
   0.803800E+05  -0.139167E-08   0.470107E-09  -0.137724E-08
   0.804000E+05  -0.141664E-08   0.498478E-09  -0.114973E-08
   0.804200E+05  -0.137504E-08   0.503840E-09  -0.854017E-09
   0.804400E+05  -0.128386E-08   0.483080E-09  -0.533566E-09
   0.804600E+05  -0.116081E-08   0.434254E-09  -0.232340E-09
   0.804800E+05  -0.102220E-08   0.357246E-09   0.112977E-10
   0.805000E+05  -0.881237E-09   0.254337E-09   0.169883E-09
   0.805200E+05  -0.747066E-09   0.130533E-09   0.230496E-09
   0.805400E+05  -0.624448E-09  -0.646772E-11   0.196191E-09
   0.805600E+05  -0.514093E-09  -0.146744E-09   0.849604E-10
   0.805800E+05  -0.413472E-09  -0.279035E-09  -0.736036E-10
   0.806000E+05  -0.317945E-09  -0.391951E-09  -0.243434E-09
   0.806200E+05  -0.222001E-09  -0.475347E-09  -0.388070E-09
   0.806400E+05  -0.120443E-09  -0.521638E-09  -0.476697E-09
   0.806600E+05  -0.937146E-11  -0.526844E-09  -0.489163E-09
   0.806800E+05   0.113117E-09  -0.491183E-09  -0.419124E-09
   0.807000E+05   0.246551E-09  -0.419081E-09  -0.274804E-09
   0.807200E+05   0.388041E-09  -0.318589E-09  -0.772686E-10
   0.807400E+05   0.532512E-09  -0.200283E-09   0.143501E-09
   0.807600E+05   0.673178E-09  -0.758175E-10   0.354014E-09
   0.807800E+05   0.802184E-09   0.436316E-10   0.523217E-09
   0.808000E+05   0.911351E-09   0.148786E-09   0.627913E-09
   0.808200E+05   0.992947E-09   0.233309E-09   0.656710E-09
   0.808400E+05   0.104044E-08   0.294317E-09   0.611779E-09
   0.808600E+05   0.104914E-08   0.332297E-09   0.508123E-09
   0.808800E+05   0.101672E-08   0.350461E-09   0.370495E-09
   0.809000E+05   0.943485E-09   0.353694E-09   0.228521E-09
   0.809200E+05   0.832448E-09   0.347299E-09   0.110935E-09
   0.809400E+05   0.689137E-09   0.335796E-09   0.399753E-10
   0.809600E+05   0.521152E-09   0.321991E-09   0.269862E-10
   0.809800E+05   0.337525E-09   0.306502E-09   0.700480E-10
   0.810000E+05   0.147949E-09   0.287811E-09   0.154094E-09
   0.810200E+05  -0.380253E-10   0.262818E-09   0.253530E-09
   0.810400E+05  -0.211742E-09   0.227775E-09   0.336896E-09
   0.810600E+05  -0.366022E-09   0.179393E-09   0.372765E-09
   0.810800E+05  -0.495519E-09   0.115897E-09   0.335810E-09
   0.811000E+05  -0.596811E-09   0.377991E-10   0.211947E-09
   0.811200E+05  -0.668240E-09  -0.517726E-10   0.162246E-11
   0.811400E+05  -0.709554E-09  -0.147267E-09  -0.279368E-09
   0.811600E+05  -0.721448E-09  -0.241403E-09  -0.601716E-09
   0.811800E+05  -0.705119E-09  -0.326232E-09  -0.926788E-09
   0.812000E+05  -0.661938E-09  -0.394371E-09  -0.121247E-08
   0.812200E+05  -0.593332E-09  -0.440177E-09  -0.141967E-08
   0.812400E+05  -0.500913E-09  -0.460627E-09  -0.151841E-08
   0.812600E+05  -0.386825E-09  -0.455740E-09  -0.149243E-08
   0.812800E+05  -0.254255E-09  -0.428454E-09  -0.134166E-08
   0.813000E+05  -0.107968E-09  -0.383979E-09  -0.108208E-08
   0.813200E+05   0.452743E-10  -0.328752E-09  -0.743101E-09
   0.813400E+05   0.196544E-09  -0.269198E-09  -0.363050E-09
   0.813600E+05   0.334959E-09  -0.210527E-09   0.166401E-10
   0.813800E+05   0.448307E-09  -0.155825E-09   0.357341E-09
   0.814000E+05   0.524091E-09  -0.105594E-09   0.628414E-09
   0.814200E+05   0.550866E-09  -0.578696E-10   0.810825E-09
   0.814400E+05   0.519741E-09  -0.887882E-11   0.898737E-09
   0.814600E+05   0.425805E-09   0.458692E-10   0.898967E-09
   0.814800E+05   0.269291E-09   0.110267E-09   0.828562E-09
   0.815000E+05   0.562400E-10   0.186323E-09   0.711081E-09
   0.815200E+05  -0.201431E-09   0.273170E-09   0.572293E-09
   0.815400E+05  -0.486562E-09   0.366570E-09   0.436075E-09
   0.815600E+05  -0.778021E-09   0.459061E-09   0.321164E-09
   0.815800E+05  -0.105251E-08   0.540734E-09   0.239202E-09
   0.816000E+05  -0.128669E-08   0.600574E-09   0.194217E-09
   0.816200E+05  -0.145942E-08   0.628131E-09   0.183436E-09
   0.816400E+05  -0.155375E-08   0.615266E-09   0.199046E-09
   0.816600E+05  -0.155861E-08   0.557678E-09   0.230444E-09
   0.816800E+05  -0.146979E-08   0.455937E-09   0.266439E-09
   0.817000E+05  -0.129034E-08   0.315849E-09   0.297016E-09
   0.817200E+05  -0.103014E-08   0.148050E-09   0.314380E-09
   0.817400E+05  -0.704953E-09  -0.331209E-10   0.313261E-09
   0.817600E+05  -0.334888E-09  -0.211313E-09   0.290606E-09
   0.817800E+05   0.573945E-10  -0.370179E-09   0.244950E-09
   0.818000E+05   0.448590E-09  -0.495416E-09   0.175797E-09
   0.818200E+05   0.816553E-09  -0.576520E-09   0.832980E-10
   0.818400E+05   0.114184E-08  -0.608013E-09  -0.315888E-10
   0.818600E+05   0.140885E-08  -0.589967E-09  -0.166473E-09
   0.818800E+05   0.160659E-08  -0.527760E-09  -0.316602E-09
   0.819000E+05   0.172891E-08  -0.431144E-09  -0.473939E-09
   0.819200E+05   0.177443E-08  -0.312766E-09  -0.626627E-09
   0.819400E+05   0.174613E-08  -0.186393E-09  -0.759157E-09
   0.819600E+05   0.165065E-08  -0.651276E-10  -0.853476E-09
   0.819800E+05   0.149759E-08   0.401451E-10  -0.891025E-09
   0.820000E+05   0.129860E-08   0.121853E-09  -0.855527E-09
   0.820200E+05   0.106657E-08   0.176251E-09  -0.736082E-09
   0.820400E+05   0.814840E-09   0.203321E-09  -0.530046E-09
   0.820600E+05   0.556430E-09   0.206141E-09  -0.245085E-09
   0.820800E+05   0.303408E-09   0.189865E-09   0.100094E-09
   0.821000E+05   0.663099E-10   0.160519E-09   0.476666E-09
   0.821200E+05  -0.146314E-09   0.123840E-09   0.848299E-09
   0.821400E+05  -0.328222E-09   0.843436E-10   0.117523E-08
   0.821600E+05  -0.475646E-09   0.447625E-10   0.141923E-08
   0.821800E+05  -0.587264E-09   0.592248E-11   0.154886E-08
   0.822000E+05  -0.663985E-09  -0.329642E-10   0.154400E-08
   0.822200E+05  -0.708540E-09  -0.736784E-10   0.139910E-08
   0.822400E+05  -0.724920E-09  -0.118191E-09   0.112457E-08
   0.822600E+05  -0.717711E-09  -0.167845E-09   0.745857E-09
   0.822800E+05  -0.691428E-09  -0.222683E-09   0.300588E-09
   0.823000E+05  -0.649928E-09  -0.281048E-09  -0.166102E-09
   0.823200E+05  -0.596001E-09  -0.339526E-09  -0.607166E-09
   0.823400E+05  -0.531220E-09  -0.393228E-09  -0.979441E-09
   0.823600E+05  -0.456088E-09  -0.436373E-09  -0.124875E-08
   0.823800E+05  -0.370463E-09  -0.463039E-09  -0.139361E-08
   0.824000E+05  -0.274216E-09  -0.467975E-09  -0.140702E-08
   0.824200E+05  -0.167995E-09  -0.447329E-09  -0.129628E-08
   0.824400E+05  -0.539566E-10  -0.399184E-09  -0.108087E-08
   0.824600E+05   0.637004E-10  -0.323830E-09  -0.788972E-09
   0.824800E+05   0.178539E-09  -0.223762E-09  -0.453201E-09
   0.825000E+05   0.282131E-09  -0.103418E-09  -0.106372E-09
   0.825200E+05   0.364781E-09   0.312629E-10   0.222142E-09
   0.825400E+05   0.416670E-09   0.173383E-09   0.508919E-09
   0.825600E+05   0.429306E-09   0.315635E-09   0.737632E-09
   0.825800E+05   0.397055E-09   0.450785E-09   0.898907E-09
   0.826000E+05   0.318517E-09   0.572048E-09   0.989175E-09
   0.826200E+05   0.197494E-09   0.673339E-09   0.100898E-08
   0.826400E+05   0.433245E-10   0.749438E-09   0.961288E-09
   0.826600E+05  -0.129549E-09   0.796093E-09   0.850270E-09
   0.826800E+05  -0.302820E-09   0.810135E-09   0.680831E-09
   0.827000E+05  -0.456263E-09   0.789623E-09   0.459010E-09
   0.827200E+05  -0.570178E-09   0.734054E-09   0.193068E-09
   0.827400E+05  -0.628016E-09   0.644610E-09  -0.105121E-09
   0.827600E+05  -0.618813E-09   0.524397E-09  -0.418865E-09
   0.827800E+05  -0.539068E-09   0.378601E-09  -0.726163E-09
   0.828000E+05  -0.393732E-09   0.214493E-09  -0.100034E-08
   0.828200E+05  -0.196112E-09   0.411941E-10  -0.121202E-08
   0.828400E+05   0.333760E-10  -0.130824E-09  -0.133231E-08
   0.828600E+05   0.269503E-09  -0.290497E-09  -0.133694E-08
   0.828800E+05   0.485294E-09  -0.427138E-09  -0.121062E-08
   0.829000E+05   0.655476E-09  -0.531501E-09  -0.950923E-09
   0.829200E+05   0.759841E-09  -0.596804E-09  -0.570868E-09
   0.829400E+05   0.786024E-09  -0.619562E-09  -0.996092E-10
   0.829600E+05   0.731310E-09  -0.600078E-09   0.419235E-09
   0.829800E+05   0.603154E-09  -0.542507E-09   0.931582E-09
   0.830000E+05   0.418324E-09  -0.454437E-09   0.137889E-08
   0.830200E+05   0.200749E-09  -0.346032E-09   0.170541E-08
   0.830400E+05  -0.216607E-10  -0.228835E-09   0.186569E-08
   0.830600E+05  -0.220768E-09  -0.114382E-09   0.183129E-08
   0.830800E+05  -0.372039E-09  -0.128412E-10   0.159549E-08
   0.831000E+05  -0.457876E-09   0.681456E-10   0.117533E-08
   0.831200E+05  -0.469997E-09   0.124238E-09   0.610463E-09
   0.831400E+05  -0.410497E-09   0.154684E-09  -0.411183E-10
   0.831600E+05  -0.291433E-09   0.162084E-09  -0.710060E-09
   0.831800E+05  -0.132996E-09   0.151680E-09  -0.132428E-08
   0.832000E+05   0.394893E-10   0.130303E-09  -0.181811E-08
   0.832200E+05   0.199290E-09   0.105148E-09  -0.214068E-08
   0.832400E+05   0.322179E-09   0.825850E-10  -0.226219E-08
   0.832600E+05   0.389967E-09   0.672067E-10  -0.217732E-08
   0.832800E+05   0.393133E-09   0.612482E-10  -0.190519E-08
   0.833000E+05   0.332157E-09   0.644737E-10  -0.148589E-08
   0.833200E+05   0.217374E-09   0.745207E-10  -0.974309E-09
   0.833400E+05   0.673364E-10   0.876242E-10  -0.431979E-09
   0.833600E+05  -0.940377E-10   0.995703E-10   0.815859E-10
   0.833800E+05  -0.241142E-09   0.106695E-09   0.516864E-09
   0.834000E+05  -0.350616E-09   0.106733E-09   0.840384E-09
   0.834200E+05  -0.404952E-09   0.993639E-10   0.103802E-08
   0.834400E+05  -0.395227E-09   0.863336E-10   0.111515E-08
   0.834600E+05  -0.322542E-09   0.711475E-10   0.109375E-08
   0.834800E+05  -0.197929E-09   0.583722E-10   0.100707E-08
   0.835000E+05  -0.407353E-10   0.526833E-10   0.892851E-09
   0.835200E+05   0.124293E-09   0.578324E-10   0.786279E-09
   0.835400E+05   0.270797E-09   0.757292E-10   0.713820E-09
   0.835600E+05   0.374892E-09   0.105815E-09   0.689003E-09
   0.835800E+05   0.418933E-09   0.144855E-09   0.710728E-09
   0.836000E+05   0.394370E-09   0.187209E-09   0.764328E-09
   0.836200E+05   0.303253E-09   0.225539E-09   0.825064E-09
   0.836400E+05   0.158112E-09   0.251871E-09   0.863374E-09
   0.836600E+05  -0.197842E-10   0.258811E-09   0.850896E-09
   0.836800E+05  -0.203549E-09   0.240743E-09   0.766166E-09
   0.837000E+05  -0.364739E-09   0.194791E-09   0.599007E-09
   0.837200E+05  -0.477723E-09   0.121399E-09   0.352860E-09
   0.837400E+05  -0.523705E-09   0.244166E-10   0.446977E-10
   0.837600E+05  -0.493776E-09  -0.893157E-10  -0.297408E-09
   0.837800E+05  -0.390485E-09  -0.210814E-09  -0.638589E-09
   0.838000E+05  -0.227692E-09  -0.330096E-09  -0.942569E-09
   0.838200E+05  -0.286779E-10  -0.437445E-09  -0.117717E-08
   0.838400E+05   0.177218E-09  -0.524570E-09  -0.131903E-08
   0.838600E+05   0.358933E-09  -0.585515E-09  -0.135671E-08
   0.838800E+05   0.488332E-09  -0.617166E-09  -0.129180E-08
   0.839000E+05   0.544472E-09  -0.619305E-09  -0.113787E-08
   0.839200E+05   0.516809E-09  -0.594238E-09  -0.917656E-09
   0.839400E+05   0.406865E-09  -0.546102E-09  -0.658990E-09
   0.839600E+05   0.228080E-09  -0.479982E-09  -0.390295E-09
   0.839800E+05   0.388150E-11  -0.401035E-09  -0.136512E-09
   0.840000E+05  -0.235733E-09  -0.313769E-09   0.839108E-10
   0.840200E+05  -0.458575E-09  -0.221618E-09   0.260479E-09
   0.840400E+05  -0.634924E-09  -0.126857E-09   0.390451E-09
   0.840600E+05  -0.741746E-09  -0.308528E-10   0.477188E-09
   0.840800E+05  -0.765852E-09   0.654281E-10   0.527539E-09
   0.841000E+05  -0.705515E-09   0.160812E-09   0.548921E-09
   0.841200E+05  -0.570347E-09   0.253356E-09   0.546795E-09
   0.841400E+05  -0.379503E-09   0.339991E-09   0.523105E-09
   0.841600E+05  -0.158548E-09   0.416490E-09   0.476045E-09
   0.841800E+05   0.644848E-10   0.477794E-09   0.401175E-09
   0.842000E+05   0.263189E-09   0.518670E-09   0.293648E-09
   0.842200E+05   0.416382E-09   0.534605E-09   0.150997E-09
   0.842400E+05   0.510672E-09   0.522745E-09  -0.241843E-10
   0.842600E+05   0.541636E-09   0.482710E-09  -0.222360E-09
   0.842800E+05   0.513516E-09   0.417097E-09  -0.426528E-09
   0.843000E+05   0.437574E-09   0.331525E-09  -0.613350E-09
   0.843200E+05   0.329498E-09   0.234185E-09  -0.755931E-09
   0.843400E+05   0.206362E-09   0.134911E-09  -0.827847E-09
   0.843600E+05   0.837142E-10   0.438991E-10  -0.807803E-09
   0.843800E+05  -0.266833E-10  -0.297139E-10  -0.684065E-09
   0.844000E+05  -0.118112E-09  -0.791990E-10  -0.457831E-09
   0.844200E+05  -0.188975E-09  -0.101257E-09  -0.144813E-09
   0.844400E+05  -0.241774E-09  -0.965403E-10   0.225408E-09
   0.844600E+05  -0.281274E-09  -0.695554E-10   0.612334E-09
   0.844800E+05  -0.312286E-09  -0.279599E-10   0.969488E-09
   0.845000E+05  -0.337584E-09   0.186574E-10   0.125064E-08
   0.845200E+05  -0.356432E-09   0.603044E-10   0.141640E-08
   0.845400E+05  -0.364063E-09   0.881748E-10   0.144017E-08
   0.845600E+05  -0.352292E-09   0.960262E-10   0.131239E-08
   0.845800E+05  -0.311182E-09   0.811176E-10   0.104255E-08
   0.846000E+05  -0.231473E-09   0.445468E-10   0.658365E-09
   0.846200E+05  -0.107334E-09  -0.905928E-11   0.202384E-09
   0.846400E+05   0.611321E-10  -0.724387E-10  -0.273580E-09
   0.846600E+05   0.266146E-09  -0.137004E-09  -0.715349E-09
   0.846800E+05   0.491729E-09  -0.194328E-09  -0.107358E-08
   0.847000E+05   0.714625E-09  -0.237536E-09  -0.131014E-08
   0.847200E+05   0.906662E-09  -0.262361E-09  -0.140286E-08
   0.847400E+05   0.103830E-08  -0.267682E-09  -0.134777E-08
   0.847600E+05   0.108291E-08  -0.255467E-09  -0.115881E-08
   0.847800E+05   0.102106E-08  -0.230165E-09  -0.865005E-09
   0.848000E+05   0.844293E-09  -0.197669E-09  -0.505685E-09
   0.848200E+05   0.557542E-09  -0.164083E-09  -0.124545E-09
   0.848400E+05   0.179931E-09  -0.134537E-09   0.236467E-09
   0.848600E+05  -0.256432E-09  -0.112277E-09   0.542527E-09
   0.848800E+05  -0.709543E-09  -0.982054E-10   0.769807E-09
   0.849000E+05  -0.113214E-08  -0.909397E-10   0.907356E-09
   0.849200E+05  -0.147736E-08  -0.873632E-10   0.956883E-09
   0.849400E+05  -0.170455E-08  -0.835232E-10   0.930650E-09
   0.849600E+05  -0.178465E-08  -0.756754E-10   0.848017E-09
   0.849800E+05  -0.170413E-08  -0.612408E-10   0.731316E-09
   0.850000E+05  -0.146717E-08  -0.394605E-10   0.601847E-09
   0.850200E+05  -0.109554E-08  -0.116047E-10   0.476636E-09
   0.850400E+05  -0.626322E-09   0.193112E-10   0.366460E-09
   0.850600E+05  -0.107641E-09   0.492433E-10   0.275338E-09
   0.850800E+05   0.407015E-09   0.741081E-10   0.201406E-09
   0.851000E+05   0.865137E-09   0.908218E-10   0.138857E-09
   0.851200E+05   0.122140E-08   0.981486E-10   0.804240E-10
   0.851400E+05   0.144290E-08   0.971530E-10   0.198348E-10
   0.851600E+05   0.151281E-08   0.911275E-10  -0.462917E-10
   0.851800E+05   0.143193E-08   0.849828E-10  -0.117485E-09
   0.852000E+05   0.121806E-08   0.841996E-10  -0.189563E-09
   0.852200E+05   0.903251E-09   0.935469E-10  -0.255786E-09
   0.852400E+05   0.529405E-09   0.115832E-09  -0.308725E-09
   0.852600E+05   0.142798E-09   0.150954E-09  -0.342405E-09
   0.852800E+05  -0.211696E-09   0.195499E-09  -0.354185E-09
   0.853000E+05  -0.495943E-09   0.242984E-09  -0.345947E-09
   0.853200E+05  -0.682770E-09   0.284779E-09  -0.324259E-09
   0.853400E+05  -0.758560E-09   0.311547E-09  -0.299420E-09
   0.853600E+05  -0.723990E-09   0.314967E-09  -0.283512E-09
   0.853800E+05  -0.592898E-09   0.289415E-09  -0.287823E-09
   0.854000E+05  -0.389547E-09   0.233270E-09  -0.320126E-09
   0.854200E+05  -0.144755E-09   0.149582E-09  -0.382398E-09
   0.854400E+05   0.108516E-09   0.459209E-10  -0.469454E-09
   0.854600E+05   0.339487E-09  -0.665926E-10  -0.568887E-09
   0.854800E+05   0.523213E-09  -0.174948E-09  -0.662409E-09
   0.855000E+05   0.643133E-09  -0.266315E-09  -0.728482E-09
   0.855200E+05   0.692240E-09  -0.330161E-09  -0.745841E-09
   0.855400E+05   0.672857E-09  -0.360044E-09  -0.697340E-09
   0.855600E+05   0.595173E-09  -0.354734E-09  -0.573459E-09
   0.855800E+05   0.474875E-09  -0.318457E-09  -0.374830E-09
   0.856000E+05   0.330308E-09  -0.260194E-09  -0.113283E-09
   0.856200E+05   0.179645E-09  -0.192147E-09   0.188864E-09
   0.856400E+05   0.384615E-10  -0.127639E-09   0.501239E-09
   0.856600E+05  -0.819448E-10  -0.788006E-10   0.789270E-09
   0.856800E+05  -0.175348E-09  -0.544744E-10   0.101890E-08
   0.857000E+05  -0.240475E-09  -0.586887E-10   0.116143E-08
   0.857200E+05  -0.280129E-09  -0.899794E-10   0.119775E-08
   0.857400E+05  -0.299787E-09  -0.141672E-09   0.112128E-08
   0.857600E+05  -0.305994E-09  -0.203065E-09   0.939086E-09
   0.857800E+05  -0.304839E-09  -0.261301E-09   0.671130E-09
   0.858000E+05  -0.300779E-09  -0.303578E-09   0.347551E-09
   0.858200E+05  -0.295963E-09  -0.319317E-09   0.457621E-11
   0.858400E+05  -0.290115E-09  -0.301907E-09  -0.320394E-09
   0.858600E+05  -0.280920E-09  -0.249732E-09  -0.593761E-09
   0.858800E+05  -0.264787E-09  -0.166333E-09  -0.789986E-09
   0.859000E+05  -0.237798E-09  -0.597022E-10  -0.894543E-09
   0.859200E+05  -0.196658E-09   0.591174E-10  -0.905130E-09
   0.859400E+05  -0.139473E-09   0.177862E-09  -0.831057E-09
   0.859600E+05  -0.662651E-10   0.284952E-09  -0.690982E-09
   0.859800E+05   0.208456E-10   0.371148E-09  -0.509433E-09
   0.860000E+05   0.117744E-09   0.430672E-09  -0.312740E-09
   0.860200E+05   0.218656E-09   0.461657E-09  -0.125043E-09
   0.860400E+05   0.316630E-09   0.465888E-09   0.349792E-10
   0.860600E+05   0.404053E-09   0.447970E-09   0.156192E-09
   0.860800E+05   0.473165E-09   0.414124E-09   0.235656E-09
   0.861000E+05   0.516527E-09   0.370897E-09   0.277847E-09
   0.861200E+05   0.527446E-09   0.324041E-09   0.292698E-09
   0.861400E+05   0.500409E-09   0.277768E-09   0.292900E-09
   0.861600E+05   0.431544E-09   0.234495E-09   0.290996E-09
   0.861800E+05   0.319144E-09   0.195059E-09   0.296806E-09
   0.862000E+05   0.164235E-09   0.159294E-09   0.315605E-09
   0.862200E+05  -0.288692E-10   0.126766E-09   0.347351E-09
   0.862400E+05  -0.252125E-09   0.974591E-10   0.386999E-09
   0.862600E+05  -0.493564E-09   0.722038E-10   0.425788E-09
   0.862800E+05  -0.737469E-09   0.527196E-10   0.453179E-09
   0.863000E+05  -0.965048E-09   0.412511E-10   0.459047E-09
   0.863200E+05  -0.115562E-08   0.398703E-10   0.435717E-09
   0.863400E+05  -0.128832E-08   0.496182E-10   0.379460E-09
   0.863600E+05  -0.134416E-08   0.697080E-10   0.291236E-09
   0.863800E+05  -0.130827E-08   0.970164E-10   0.176592E-09
   0.864000E+05  -0.117203E-08   0.126041E-09   0.447959E-10
   0.864200E+05  -0.934823E-09   0.149406E-09  -0.925682E-10
   0.864400E+05  -0.605079E-09   0.158891E-09  -0.223267E-09
   0.864600E+05  -0.200467E-09   0.146824E-09  -0.336023E-09
   0.864800E+05   0.252933E-09   0.107601E-09  -0.421798E-09
   0.865000E+05   0.722443E-09   0.390468E-10  -0.474593E-09
   0.865200E+05   0.117147E-08  -0.566736E-10  -0.491691E-09
   0.865400E+05   0.156278E-08  -0.172805E-09  -0.473428E-09
   0.865600E+05   0.186208E-08  -0.298519E-09  -0.422628E-09
   0.865800E+05   0.204144E-08  -0.420168E-09  -0.343896E-09
   0.866000E+05   0.208225E-08  -0.523102E-09  -0.242973E-09
   0.866200E+05   0.197737E-08  -0.593776E-09  -0.126278E-09
   0.866400E+05   0.173224E-08  -0.621807E-09  -0.685353E-12
   0.866600E+05   0.136467E-08  -0.601631E-09   0.126471E-09
   0.866800E+05   0.903588E-09  -0.533484E-09   0.247309E-09
   0.867000E+05   0.386569E-09  -0.423534E-09   0.353354E-09
   0.867200E+05  -0.143459E-09  -0.283134E-09   0.435706E-09
   0.867400E+05  -0.642089E-09  -0.127312E-09   0.485510E-09
   0.867600E+05  -0.106753E-08   0.272559E-10   0.494759E-09
   0.867800E+05  -0.138451E-08   0.164466E-09   0.457342E-09
   0.868000E+05  -0.156767E-08   0.270861E-09   0.370185E-09
   0.868200E+05  -0.160405E-08   0.337236E-09   0.234252E-09
   0.868400E+05  -0.149447E-08   0.359556E-09   0.551628E-10
   0.868600E+05  -0.125361E-08   0.339100E-09  -0.156748E-09
   0.868800E+05  -0.908696E-09   0.281846E-09  -0.387056E-09
   0.869000E+05  -0.496931E-09   0.197263E-09  -0.618527E-09
   0.869200E+05  -0.618602E-10   0.967515E-10  -0.832919E-09
   0.869400E+05   0.351057E-09  -0.799505E-11  -0.101303E-08
   0.869600E+05   0.699184E-09  -0.106441E-09  -0.114471E-08
   0.869800E+05   0.947282E-09  -0.190274E-09  -0.121846E-08
   0.870000E+05   0.107141E-08  -0.253964E-09  -0.123037E-08
   0.870200E+05   0.106166E-08  -0.294820E-09  -0.118229E-08
   0.870400E+05   0.923416E-09  -0.312620E-09  -0.108108E-08
   0.870600E+05   0.676791E-09  -0.308961E-09  -0.937234E-09
   0.870800E+05   0.354411E-09  -0.286532E-09  -0.763039E-09
   0.871000E+05  -0.241895E-11  -0.248447E-09  -0.570647E-09
   0.871200E+05  -0.348660E-09  -0.197794E-09  -0.370408E-09
   0.871400E+05  -0.641051E-09  -0.137438E-09  -0.169768E-09
   0.871600E+05  -0.843500E-09  -0.700624E-10   0.270955E-10
   0.871800E+05  -0.931650E-09   0.161339E-11   0.218859E-09
   0.872000E+05  -0.896027E-09   0.745758E-10   0.406001E-09
   0.872200E+05  -0.743310E-09   0.145326E-09   0.589364E-09
   0.872400E+05  -0.495527E-09   0.209863E-09   0.768659E-09
   0.872600E+05  -0.187254E-09   0.263883E-09   0.941282E-09
   0.872800E+05   0.138826E-09   0.303192E-09   0.110171E-08
   0.873000E+05   0.437433E-09   0.324250E-09   0.124164E-08
   0.873200E+05   0.666538E-09   0.324754E-09   0.135091E-08
   0.873400E+05   0.792753E-09   0.304107E-09   0.141900E-08
   0.873600E+05   0.795564E-09   0.263687E-09   0.143691E-08
   0.873800E+05   0.669864E-09   0.206816E-09   0.139894E-08
   0.874000E+05   0.426462E-09   0.138430E-09   0.130415E-08
   0.874200E+05   0.905728E-10   0.644933E-10   0.115709E-08
   0.874400E+05  -0.301459E-09  -0.875122E-11   0.967715E-09
   0.874600E+05  -0.706713E-09  -0.755522E-10   0.750387E-09
   0.874800E+05  -0.108086E-08  -0.131309E-09   0.522207E-09
   0.875000E+05  -0.138329E-08  -0.173001E-09   0.300890E-09
   0.875200E+05  -0.158146E-08  -0.199331E-09   0.102571E-09
   0.875400E+05  -0.165413E-08  -0.210567E-09  -0.601019E-10
   0.875600E+05  -0.159296E-08  -0.208146E-09  -0.179287E-09
   0.875800E+05  -0.140266E-08  -0.194152E-09  -0.252496E-09
   0.876000E+05  -0.109964E-08  -0.170787E-09  -0.282338E-09
   0.876200E+05  -0.709605E-09  -0.139962E-09  -0.275561E-09
   0.876400E+05  -0.264445E-09  -0.103110E-09  -0.241640E-09
   0.876600E+05   0.201057E-09  -0.612337E-10  -0.191187E-09
   0.876800E+05   0.652354E-09  -0.151895E-10  -0.134499E-09
   0.877000E+05   0.105778E-08   0.339033E-10  -0.804661E-10
   0.877200E+05   0.139058E-08   0.842380E-10  -0.359825E-10
   0.877400E+05   0.163018E-08   0.133023E-09  -0.587256E-11
   0.877600E+05   0.176297E-08   0.176425E-09   0.678566E-11
   0.877800E+05   0.178250E-08   0.209822E-09   0.123296E-12
   0.878000E+05   0.168937E-08   0.228363E-09  -0.270433E-10
   0.878200E+05   0.149088E-08   0.227760E-09  -0.755249E-10
   0.878400E+05   0.120055E-08   0.205173E-09  -0.145736E-09
   0.878600E+05   0.837370E-09   0.160024E-09  -0.237322E-09
   0.878800E+05   0.424912E-09   0.945454E-10  -0.348520E-09
   0.879000E+05  -0.992604E-11   0.139232E-10  -0.475460E-09
   0.879200E+05  -0.438482E-09  -0.740389E-10  -0.611618E-09
   0.879400E+05  -0.832218E-09  -0.159742E-09  -0.747651E-09
   0.879600E+05  -0.116484E-08  -0.232998E-09  -0.871781E-09
   0.879800E+05  -0.141444E-08  -0.284443E-09  -0.970756E-09
   0.880000E+05  -0.156544E-08  -0.306942E-09  -0.103133E-08
   0.880200E+05  -0.161005E-08  -0.296737E-09  -0.104204E-08
   0.880400E+05  -0.154900E-08  -0.254140E-09  -0.994969E-09
   0.880600E+05  -0.139138E-08  -0.183636E-09  -0.887277E-09
   0.880800E+05  -0.115354E-08  -0.933510E-10  -0.722041E-09
   0.881000E+05  -0.857211E-09   0.604398E-11  -0.508375E-09
   0.881200E+05  -0.526958E-09   0.102835E-09  -0.260683E-09
   0.881400E+05  -0.187490E-09   0.185932E-09   0.283559E-11
   0.881600E+05   0.138928E-09   0.246446E-09   0.262200E-09
   0.881800E+05   0.434488E-09   0.278915E-09   0.497858E-09
   0.882000E+05   0.687039E-09   0.281997E-09   0.692748E-09
   0.882200E+05   0.890292E-09   0.258510E-09   0.833889E-09
   0.882400E+05   0.104310E-08   0.214837E-09   0.913291E-09
   0.882600E+05   0.114796E-08   0.159800E-09   0.928114E-09
   0.882800E+05   0.120917E-08   0.103182E-09   0.880137E-09
   0.883000E+05   0.123091E-08   0.541632E-10   0.774746E-09
   0.883200E+05   0.121582E-08   0.199049E-10   0.619710E-09
   0.883400E+05   0.116426E-08   0.451584E-11   0.424053E-09
   0.883600E+05   0.107450E-08   0.854178E-11   0.197251E-09
   0.883800E+05   0.943778E-09   0.290435E-10  -0.511012E-10
   0.884000E+05   0.769995E-09   0.602236E-10  -0.311154E-09
   0.884200E+05   0.553767E-09   0.944767E-10  -0.572332E-09
   0.884400E+05   0.300242E-09   0.123678E-09  -0.822771E-09
   0.884600E+05   0.203051E-10   0.140490E-09  -0.104894E-08
   0.884800E+05  -0.269213E-09   0.139491E-09  -0.123574E-08
   0.885000E+05  -0.546532E-09   0.117950E-09  -0.136720E-08
   0.885200E+05  -0.787092E-09   0.761610E-10  -0.142786E-08
   0.885400E+05  -0.966639E-09   0.173060E-10  -0.140471E-08
   0.885600E+05  -0.106476E-08  -0.530883E-10  -0.128939E-08
   0.885800E+05  -0.106833E-08  -0.127996E-09  -0.108023E-08
   0.886000E+05  -0.974167E-09  -0.199886E-09  -0.783793E-09
   0.886200E+05  -0.790514E-09  -0.261704E-09  -0.415535E-09
   0.886400E+05  -0.536842E-09  -0.307717E-09   0.767454E-12
   0.886600E+05  -0.241991E-09  -0.334094E-09   0.434746E-09
   0.886800E+05   0.592152E-10  -0.339197E-09   0.852296E-09
   0.887000E+05   0.330435E-09  -0.323560E-09   0.121918E-08
   0.887200E+05   0.538702E-09  -0.289617E-09   0.150489E-08
   0.887400E+05   0.659021E-09  -0.241233E-09   0.168632E-08
   0.887600E+05   0.677952E-09  -0.183138E-09   0.175055E-08
   0.887800E+05   0.595599E-09  -0.120349E-09   0.169649E-08
   0.888000E+05   0.425691E-09  -0.576410E-10   0.153500E-08
   0.888200E+05   0.193687E-09   0.879784E-12   0.128763E-08
   0.888400E+05  -0.668023E-10   0.520714E-10   0.983890E-09
   0.888600E+05  -0.318774E-09   0.939218E-10   0.657755E-09
   0.888800E+05  -0.527041E-09   0.125590E-09   0.343608E-09
   0.889000E+05  -0.663137E-09   0.147336E-09   0.723380E-10
   0.889200E+05  -0.709182E-09   0.160367E-09  -0.131974E-09
   0.889400E+05  -0.660169E-09   0.166602E-09  -0.254385E-09
   0.889600E+05  -0.524371E-09   0.168383E-09  -0.290203E-09
   0.889800E+05  -0.321855E-09   0.168151E-09  -0.244817E-09
   0.890000E+05  -0.813934E-10   0.168097E-09  -0.132380E-09
   0.890200E+05   0.163730E-09   0.169846E-09   0.264010E-10
   0.890400E+05   0.380369E-09   0.174181E-09   0.207043E-09
   0.890600E+05   0.539930E-09   0.180882E-09   0.384234E-09
   0.890800E+05   0.621943E-09   0.188688E-09   0.534619E-09
   0.891000E+05   0.616354E-09   0.195440E-09   0.639124E-09
   0.891200E+05   0.524293E-09   0.198372E-09   0.684624E-09
   0.891400E+05   0.357358E-09   0.194566E-09   0.664862E-09
   0.891600E+05   0.135625E-09   0.181477E-09   0.580588E-09
   0.891800E+05  -0.115204E-09   0.157478E-09   0.439011E-09
   0.892000E+05  -0.367051E-09   0.122315E-09   0.252655E-09
   0.892200E+05  -0.592649E-09   0.773780E-10   0.377979E-10
   0.892400E+05  -0.768247E-09   0.257259E-10  -0.187356E-09
   0.892600E+05  -0.875607E-09  -0.281789E-10  -0.404580E-09
   0.892800E+05  -0.903162E-09  -0.790122E-10  -0.597439E-09
   0.893000E+05  -0.846387E-09  -0.121339E-09  -0.752843E-09
   0.893200E+05  -0.707532E-09  -0.150467E-09  -0.862211E-09
   0.893400E+05  -0.494921E-09  -0.163252E-09  -0.922111E-09
   0.893600E+05  -0.222018E-09  -0.158730E-09  -0.934326E-09
   0.893800E+05   0.935821E-10  -0.138418E-09  -0.905313E-09
   0.894000E+05   0.431156E-09  -0.106235E-09  -0.845130E-09
   0.894200E+05   0.767860E-09  -0.680063E-10  -0.765928E-09
   0.894400E+05   0.107981E-08  -0.306158E-10  -0.680221E-09
   0.894600E+05   0.134332E-08  -0.934102E-12  -0.599148E-09
   0.894800E+05   0.153638E-08   0.153115E-10  -0.530975E-09
   0.895000E+05   0.164036E-08   0.145257E-10  -0.480074E-09
   0.895200E+05   0.164188E-08  -0.408670E-11  -0.446521E-09
   0.895400E+05   0.153458E-08  -0.383043E-10  -0.426404E-09
   0.895600E+05   0.132060E-08  -0.831841E-10  -0.412792E-09
   0.895800E+05   0.101146E-08  -0.131837E-09  -0.397221E-09
   0.896000E+05   0.627919E-09  -0.176563E-09  -0.371445E-09
   0.896200E+05   0.198892E-09  -0.210168E-09  -0.329181E-09
   0.896400E+05  -0.240875E-09  -0.227220E-09  -0.267509E-09
   0.896600E+05  -0.654043E-09  -0.225036E-09  -0.187715E-09
   0.896800E+05  -0.100458E-08  -0.204208E-09  -0.953807E-10
   0.897000E+05  -0.126185E-08  -0.168555E-09   0.295200E-12
   0.897200E+05  -0.140426E-08  -0.124509E-09   0.878631E-10
   0.897400E+05  -0.142207E-08  -0.800078E-10   0.155449E-09
   0.897600E+05  -0.131873E-08  -0.430933E-10   0.192755E-09
   0.897800E+05  -0.111067E-08  -0.204435E-10   0.192891E-09
   0.898000E+05  -0.825295E-09  -0.161036E-10   0.153748E-09
   0.898200E+05  -0.497638E-09  -0.306399E-10   0.786735E-10
   0.898400E+05  -0.165945E-09  -0.608757E-10  -0.236706E-10
   0.898600E+05   0.133115E-09  -0.100269E-09  -0.140232E-09
   0.898800E+05   0.368963E-09  -0.139882E-09  -0.255154E-09
   0.899000E+05   0.520690E-09  -0.169784E-09  -0.351768E-09
   0.899200E+05   0.579217E-09  -0.180659E-09  -0.414714E-09
   0.899400E+05   0.547747E-09  -0.165359E-09  -0.431882E-09
   0.899600E+05   0.440494E-09  -0.120125E-09  -0.395931E-09
   0.899800E+05   0.279950E-09  -0.453022E-10  -0.305198E-09
   0.900000E+05   0.931444E-10   0.545903E-10  -0.163929E-09
   0.900200E+05  -0.924957E-10   0.171420E-09   0.181529E-10
   0.900400E+05  -0.253030E-09   0.294542E-09   0.226849E-09
   0.900600E+05  -0.371070E-09   0.412235E-09   0.444887E-09
   0.900800E+05  -0.437604E-09   0.513254E-09   0.653568E-09
   0.901000E+05  -0.452378E-09   0.588222E-09   0.834472E-09
   0.901200E+05  -0.422889E-09   0.630669E-09   0.971078E-09
   0.901400E+05  -0.362249E-09   0.637563E-09   0.105019E-08
   0.901600E+05  -0.286353E-09   0.609294E-09   0.106311E-08
   0.901800E+05  -0.210872E-09   0.549159E-09   0.100642E-08
   0.902000E+05  -0.148576E-09   0.462492E-09   0.882456E-09
   0.902200E+05  -0.107411E-09   0.355624E-09   0.699334E-09
   0.902400E+05  -0.895830E-10   0.234889E-09   0.470501E-09
   0.902600E+05  -0.917292E-10   0.105858E-09   0.213846E-09
   0.902800E+05  -0.106052E-09  -0.270701E-10  -0.496662E-10
   0.903000E+05  -0.122152E-09  -0.160678E-09  -0.297772E-09
   0.903200E+05  -0.129185E-09  -0.292582E-09  -0.508965E-09
   0.903400E+05  -0.117957E-09  -0.420648E-09  -0.664657E-09
   0.903600E+05  -0.826007E-10  -0.542331E-09  -0.751196E-09
   0.903800E+05  -0.215817E-10  -0.654135E-09  -0.761470E-09
   0.904000E+05   0.620782E-10  -0.751332E-09  -0.695838E-09
   0.904200E+05   0.161345E-09  -0.828063E-09  -0.562204E-09
   0.904400E+05   0.266331E-09  -0.877822E-09  -0.375131E-09
   0.904600E+05   0.365846E-09  -0.894277E-09  -0.154051E-09
   0.904800E+05   0.449047E-09  -0.872281E-09   0.792153E-10
   0.905000E+05   0.506945E-09  -0.808894E-09   0.303313E-09
   0.905200E+05   0.533550E-09  -0.704214E-09   0.500131E-09
   0.905400E+05   0.526512E-09  -0.561849E-09   0.657082E-09
   0.905600E+05   0.487235E-09  -0.388914E-09   0.768467E-09
   0.905800E+05   0.420481E-09  -0.195509E-09   0.835695E-09
   0.906000E+05   0.333599E-09   0.624231E-11   0.866257E-09
   0.906200E+05   0.235496E-09   0.203482E-09   0.871635E-09
   0.906400E+05   0.135523E-09   0.384021E-09   0.864472E-09
   0.906600E+05   0.424166E-10   0.537652E-09   0.855529E-09
   0.906800E+05  -0.366058E-10   0.657165E-09   0.850994E-09
   0.907000E+05  -0.964973E-10   0.738908E-09   0.850678E-09
   0.907200E+05  -0.134761E-09   0.782839E-09   0.847525E-09
   0.907400E+05  -0.151538E-09   0.792063E-09   0.828594E-09
   0.907600E+05  -0.149428E-09   0.771971E-09   0.777448E-09
   0.907800E+05  -0.133065E-09   0.729141E-09   0.677584E-09
   0.908000E+05  -0.108505E-09   0.670200E-09   0.516339E-09
   0.908200E+05  -0.824762E-10   0.600855E-09   0.288559E-09
   0.908400E+05  -0.615560E-10   0.525240E-09  -0.673959E-12
   0.908600E+05  -0.513670E-10   0.445686E-09  -0.334850E-09
   0.908800E+05  -0.558635E-10   0.362918E-09  -0.686739E-09
   0.909000E+05  -0.768072E-10   0.276608E-09  -0.102105E-08
   0.909200E+05  -0.113508E-09   0.186150E-09  -0.129873E-08
   0.909400E+05  -0.162885E-09   0.914804E-10  -0.148243E-08
   0.909600E+05  -0.219861E-09  -0.624907E-11  -0.154213E-08
   0.909800E+05  -0.278070E-09  -0.104287E-09  -0.146028E-08
   0.910000E+05  -0.330778E-09  -0.198289E-09  -0.123546E-08
   0.910200E+05  -0.371904E-09  -0.282729E-09  -0.883907E-09
   0.910400E+05  -0.396974E-09  -0.351653E-09  -0.438728E-09
   0.910600E+05  -0.403851E-09  -0.399633E-09   0.533932E-10
   0.910800E+05  -0.393094E-09  -0.422762E-09   0.537463E-09
   0.911000E+05  -0.367876E-09  -0.419467E-09   0.956775E-09
   0.911200E+05  -0.333430E-09  -0.391007E-09   0.125994E-08
   0.911400E+05  -0.296111E-09  -0.341522E-09   0.140739E-08
   0.911600E+05  -0.262212E-09  -0.277605E-09   0.137642E-08
   0.911800E+05  -0.236738E-09  -0.207450E-09   0.116414E-08
   0.912000E+05  -0.222358E-09  -0.139710E-09   0.787996E-09
   0.912200E+05  -0.218755E-09  -0.822326E-10   0.283680E-09
   0.912400E+05  -0.222492E-09  -0.409153E-10  -0.299045E-09
   0.912600E+05  -0.227473E-09  -0.188444E-10  -0.902170E-09
   0.912800E+05  -0.225933E-09  -0.158920E-10  -0.146604E-08
   0.913000E+05  -0.209817E-09  -0.288348E-10  -0.193592E-08
   0.913200E+05  -0.172303E-09  -0.519826E-10  -0.226771E-08
   0.913400E+05  -0.109207E-09  -0.782142E-10  -0.243218E-08
   0.913600E+05  -0.200122E-10  -0.100245E-09  -0.241734E-08
   0.913800E+05   0.916872E-10  -0.111912E-09  -0.222881E-08
   0.914000E+05   0.218431E-09  -0.109251E-09  -0.188823E-08
   0.914200E+05   0.349809E-09  -0.911783E-10  -0.143022E-08
   0.914400E+05   0.473912E-09  -0.596671E-10  -0.898119E-09
   0.914600E+05   0.579085E-09  -0.193628E-10  -0.339317E-09
   0.914800E+05   0.655689E-09   0.232782E-10   0.199501E-09
   0.915000E+05   0.697563E-09   0.611918E-10   0.676593E-09
   0.915200E+05   0.702944E-09   0.880383E-10   0.105859E-08
   0.915400E+05   0.674677E-09   0.994318E-10   0.132284E-08
   0.915600E+05   0.619682E-09   0.938467E-10   0.145866E-08
   0.915800E+05   0.547769E-09   0.730359E-10   0.146736E-08
   0.916000E+05   0.470018E-09   0.418761E-10   0.136130E-08
   0.916200E+05   0.396991E-09   0.765254E-11   0.116209E-08
   0.916400E+05   0.337090E-09  -0.211067E-10   0.898044E-09
   0.916600E+05   0.295347E-09  -0.360597E-10   0.601320E-09
   0.916800E+05   0.272816E-09  -0.305070E-10   0.304770E-09
   0.917000E+05   0.266677E-09  -0.631581E-12   0.389046E-10
   0.917200E+05   0.270979E-09   0.536882E-10  -0.170871E-09
   0.917400E+05   0.277892E-09   0.128636E-09  -0.306489E-09
   0.917600E+05   0.279195E-09   0.216835E-09  -0.358731E-09
   0.917800E+05   0.267745E-09   0.308296E-09  -0.327859E-09
   0.918000E+05   0.238651E-09   0.391784E-09  -0.223296E-09
   0.918200E+05   0.189962E-09   0.456407E-09  -0.623571E-10
   0.918400E+05   0.122775E-09   0.493158E-09   0.131867E-09
   0.918600E+05   0.407720E-10   0.496188E-09   0.333241E-09
   0.918800E+05  -0.506830E-10   0.463605E-09   0.515655E-09
   0.919000E+05  -0.145681E-09   0.397690E-09   0.656056E-09
   0.919200E+05  -0.238899E-09   0.304500E-09   0.737096E-09
   0.919400E+05  -0.326489E-09   0.192947E-09   0.749039E-09
   0.919600E+05  -0.406547E-09   0.734922E-10   0.690704E-09
   0.919800E+05  -0.479086E-09  -0.433103E-10   0.569302E-09
   0.920000E+05  -0.545519E-09  -0.148204E-09   0.399213E-09
   0.920200E+05  -0.607782E-09  -0.234337E-09   0.199860E-09
   0.920400E+05  -0.667302E-09  -0.297932E-09  -0.699896E-11
   0.920600E+05  -0.724026E-09  -0.338436E-09  -0.200192E-09
   0.920800E+05  -0.775762E-09  -0.358170E-09  -0.361837E-09
   0.921000E+05  -0.817993E-09  -0.361561E-09  -0.479470E-09
   0.921200E+05  -0.844232E-09  -0.354121E-09  -0.547298E-09
   0.921400E+05  -0.846928E-09  -0.341358E-09  -0.566438E-09
   0.921600E+05  -0.818751E-09  -0.327817E-09  -0.544151E-09
   0.921800E+05  -0.754071E-09  -0.316397E-09  -0.492225E-09
   0.922000E+05  -0.650344E-09  -0.308050E-09  -0.424803E-09
   0.922200E+05  -0.509161E-09  -0.301882E-09  -0.356003E-09
   0.922400E+05  -0.336723E-09  -0.295602E-09  -0.297705E-09
   0.922600E+05  -0.143629E-09  -0.286224E-09  -0.257848E-09
   0.922800E+05   0.560471E-10  -0.270842E-09  -0.239448E-09
   0.923000E+05   0.246296E-09  -0.247357E-09  -0.240465E-09
   0.923200E+05   0.411106E-09  -0.214989E-09  -0.254469E-09
   0.923400E+05   0.536527E-09  -0.174497E-09  -0.271956E-09
   0.923600E+05   0.612550E-09  -0.128079E-09  -0.282062E-09
   0.923800E+05   0.634511E-09  -0.789732E-10  -0.274378E-09
   0.924000E+05   0.603809E-09  -0.308666E-10  -0.240581E-09
   0.924200E+05   0.527811E-09   0.127798E-10  -0.175644E-09
   0.924400E+05   0.418955E-09   0.493423E-10  -0.784786E-10
   0.924600E+05   0.293164E-09   0.774674E-10   0.480221E-10
   0.924800E+05   0.167801E-09   0.972432E-10   0.197493E-09
   0.925000E+05   0.594588E-10   0.110083E-09   0.361003E-09
   0.925200E+05  -0.181085E-10   0.118351E-09   0.528180E-09
   0.925400E+05  -0.556253E-10   0.124811E-09   0.688341E-09
   0.925600E+05  -0.492822E-10   0.132013E-09   0.831476E-09
   0.925800E+05  -0.956880E-12   0.141741E-09   0.948954E-09
   0.926000E+05   0.823380E-10   0.154634E-09   0.103392E-08
   0.926200E+05   0.189673E-09   0.170057E-09   0.108141E-08
   0.926400E+05   0.307884E-09   0.186235E-09   0.108824E-08
   0.926600E+05   0.423457E-09   0.200634E-09   0.105281E-08
   0.926800E+05   0.524334E-09   0.210495E-09   0.974895E-09
   0.927000E+05   0.601382E-09   0.213419E-09   0.855573E-09
   0.927200E+05   0.649330E-09   0.207882E-09   0.697228E-09
   0.927400E+05   0.667054E-09   0.193567E-09   0.503708E-09
   0.927600E+05   0.657221E-09   0.171449E-09   0.280529E-09
   0.927800E+05   0.625361E-09   0.143613E-09   0.350538E-10
   0.928000E+05   0.578568E-09   0.112841E-09  -0.223448E-09
   0.928200E+05   0.524032E-09   0.820462E-10  -0.483953E-09
   0.928400E+05   0.467677E-09   0.536742E-10  -0.734085E-09
   0.928600E+05   0.413111E-09   0.291997E-10  -0.960769E-09
   0.928800E+05   0.361070E-09   0.881859E-11  -0.115109E-08
   0.929000E+05   0.309445E-09  -0.858627E-11  -0.129325E-08
   0.929200E+05   0.253890E-09  -0.251902E-10  -0.137757E-08
   0.929400E+05   0.188911E-09  -0.437221E-10  -0.139732E-08
   0.929600E+05   0.109250E-09  -0.668033E-10  -0.134940E-08
   0.929800E+05   0.113453E-10  -0.962551E-10  -0.123468E-08
   0.930000E+05  -0.105400E-09  -0.132516E-09  -0.105811E-08
   0.930200E+05  -0.237774E-09  -0.174294E-09  -0.828447E-09
   0.930400E+05  -0.378506E-09  -0.218527E-09  -0.557827E-09
   0.930600E+05  -0.516718E-09  -0.260701E-09  -0.261040E-09
   0.930800E+05  -0.639065E-09  -0.295465E-09   0.452813E-10
   0.931000E+05  -0.731439E-09  -0.317460E-09   0.343597E-09
   0.931200E+05  -0.781032E-09  -0.322217E-09   0.616457E-09
   0.931400E+05  -0.778461E-09  -0.306970E-09   0.847539E-09
   0.931600E+05  -0.719640E-09  -0.271236E-09   0.102272E-08
   0.931800E+05  -0.607080E-09  -0.217036E-09   0.113109E-08
   0.932000E+05  -0.450367E-09  -0.148728E-09   0.116597E-08
   0.932200E+05  -0.265667E-09  -0.724506E-10   0.112569E-08
   0.932400E+05  -0.742208E-10   0.472841E-11   0.101411E-08
   0.932600E+05   0.100036E-09   0.758296E-10   0.840774E-09
   0.932800E+05   0.233477E-09   0.134966E-09   0.620507E-09
   0.933000E+05   0.306038E-09   0.178175E-09   0.372448E-09
   0.933200E+05   0.304280E-09   0.203928E-09   0.118488E-09
   0.933400E+05   0.223799E-09   0.213243E-09  -0.118791E-09
   0.933600E+05   0.706059E-10   0.209382E-09  -0.318479E-09
   0.933800E+05  -0.138820E-09   0.197178E-09  -0.463745E-09
   0.934000E+05  -0.378911E-09   0.182124E-09  -0.543946E-09
   0.934200E+05  -0.617739E-09   0.169384E-09  -0.556111E-09
   0.934400E+05  -0.820815E-09   0.162882E-09  -0.505516E-09
   0.934600E+05  -0.955504E-09   0.164649E-09  -0.405170E-09
   0.934800E+05  -0.995481E-09   0.174516E-09  -0.274194E-09
   0.935000E+05  -0.924635E-09   0.190212E-09  -0.135234E-09
   0.935200E+05  -0.739820E-09   0.207842E-09  -0.112380E-10
   0.935400E+05  -0.452051E-09   0.222652E-09   0.779640E-10
   0.935600E+05  -0.858765E-10   0.229935E-09   0.118743E-09
   0.935800E+05   0.323046E-09   0.225926E-09   0.105928E-09
   0.936000E+05   0.731926E-09   0.208527E-09   0.438162E-10
   0.936200E+05   0.109587E-08   0.177724E-09  -0.542748E-10
   0.936400E+05   0.137332E-08   0.135646E-09  -0.167935E-09
   0.936600E+05   0.153119E-08   0.862421E-10  -0.272812E-09
   0.936800E+05   0.154895E-08   0.346597E-10  -0.344536E-09
   0.937000E+05   0.142121E-08  -0.135842E-10  -0.362818E-09
   0.937200E+05   0.115834E-08  -0.534782E-10  -0.315044E-09
   0.937400E+05   0.785112E-09  -0.812936E-10  -0.198782E-09
   0.937600E+05   0.337588E-09  -0.951354E-10  -0.227279E-10
   0.937800E+05  -0.141327E-09  -0.951797E-10   0.194101E-09
   0.938000E+05  -0.607006E-09  -0.835707E-10   0.424864E-09
   0.938200E+05  -0.101818E-08  -0.640074E-10   0.638718E-09
   0.938400E+05  -0.134131E-08  -0.411034E-10   0.805402E-09
   0.938600E+05  -0.155362E-08  -0.196360E-10   0.899837E-09
   0.938800E+05  -0.164464E-08  -0.381686E-11   0.906036E-09
   0.939000E+05  -0.161592E-08   0.329813E-11   0.819670E-09
   0.939200E+05  -0.147931E-08   0.172149E-12   0.648876E-09
   0.939400E+05  -0.125422E-08  -0.131195E-10   0.413174E-09
   0.939600E+05  -0.964211E-09  -0.350588E-10   0.140648E-09
   0.939800E+05  -0.633710E-09  -0.630640E-10  -0.136141E-09
   0.940000E+05  -0.285325E-09  -0.939929E-10  -0.384877E-09
   0.940200E+05   0.619437E-10  -0.124671E-09  -0.578084E-09
   0.940400E+05   0.393341E-09  -0.152350E-09  -0.696892E-09
   0.940600E+05   0.697969E-09  -0.175019E-09  -0.733393E-09
   0.940800E+05   0.967624E-09  -0.191542E-09  -0.691280E-09
   0.941000E+05   0.119529E-08  -0.201604E-09  -0.584717E-09
   0.941200E+05   0.137373E-08  -0.205526E-09  -0.435708E-09
   0.941400E+05   0.149470E-08  -0.203983E-09  -0.270436E-09
   0.941600E+05   0.154888E-08  -0.197728E-09  -0.115211E-09
   0.941800E+05   0.152686E-08  -0.187357E-09   0.731268E-11
   0.942000E+05   0.142087E-08  -0.173193E-09   0.810679E-10
   0.942200E+05   0.122698E-08  -0.155290E-09   0.982606E-10
   0.942400E+05   0.947424E-09  -0.133551E-09   0.596371E-10
   0.942600E+05   0.592293E-09  -0.107915E-09  -0.265771E-10
   0.942800E+05   0.180359E-09  -0.785775E-10  -0.146759E-09
   0.943000E+05  -0.261423E-09  -0.461485E-10  -0.284534E-09
   0.943200E+05  -0.699795E-09  -0.117340E-10  -0.423476E-09
   0.943400E+05  -0.109833E-08   0.231127E-10  -0.549378E-09
   0.943600E+05  -0.142145E-08   0.565576E-10  -0.651757E-09
   0.943800E+05  -0.163875E-08   0.867463E-10  -0.724417E-09
   0.944000E+05  -0.172896E-08   0.112103E-09  -0.765124E-09
   0.944200E+05  -0.168305E-08   0.131605E-09  -0.774579E-09
   0.944400E+05  -0.150574E-08   0.144966E-09  -0.755048E-09
   0.944600E+05  -0.121533E-08   0.152685E-09  -0.709016E-09
   0.944800E+05  -0.841683E-09   0.155938E-09  -0.638206E-09
   0.945000E+05  -0.422736E-09   0.156315E-09  -0.543191E-09
   0.945200E+05   0.117659E-12   0.155468E-09  -0.423684E-09
   0.945400E+05   0.387016E-09   0.154710E-09  -0.279397E-09
   0.945600E+05   0.704325E-09   0.154669E-09  -0.111253E-09
   0.945800E+05   0.928372E-09   0.155062E-09   0.773847E-10
   0.946000E+05   0.104773E-08   0.154650E-09   0.279797E-09
   0.946200E+05   0.106377E-08   0.151399E-09   0.485597E-09
   0.946400E+05   0.989422E-09   0.142829E-09   0.681181E-09
   0.946600E+05   0.846535E-09   0.126517E-09   0.850946E-09
   0.946800E+05   0.662098E-09   0.100641E-09   0.979124E-09
   0.947000E+05   0.464099E-09   0.645012E-10   0.105193E-08
   0.947200E+05   0.277538E-09   0.188845E-10   0.105969E-08
   0.947400E+05   0.121222E-09  -0.337775E-10   0.998468E-09
   0.947600E+05   0.573734E-11  -0.895276E-10   0.871051E-09
   0.947800E+05  -0.671624E-10  -0.143266E-09   0.686912E-09
   0.948000E+05  -0.103765E-09  -0.189361E-09   0.461257E-09
   0.948200E+05  -0.116410E-09  -0.222395E-09   0.213232E-09
   0.948400E+05  -0.120690E-09  -0.237946E-09  -0.364074E-10
   0.948600E+05  -0.132310E-09  -0.233265E-09  -0.267792E-09
   0.948800E+05  -0.164122E-09  -0.207756E-09  -0.464218E-09
   0.949000E+05  -0.223761E-09  -0.163164E-09  -0.613851E-09
   0.949200E+05  -0.312228E-09  -0.103441E-09  -0.710625E-09
   0.949400E+05  -0.423593E-09  -0.343016E-10  -0.754242E-09
   0.949600E+05  -0.545801E-09   0.374723E-10  -0.749335E-09
   0.949800E+05  -0.662446E-09   0.104874E-09  -0.704013E-09
   0.950000E+05  -0.755216E-09   0.161540E-09  -0.628069E-09
   0.950200E+05  -0.806626E-09   0.202510E-09  -0.531201E-09
   0.950400E+05  -0.802677E-09   0.224785E-09  -0.421546E-09
   0.950600E+05  -0.735035E-09   0.227592E-09  -0.304761E-09
   0.950800E+05  -0.602473E-09   0.212337E-09  -0.183766E-09
   0.951000E+05  -0.411362E-09   0.182270E-09  -0.591093E-10
   0.951200E+05  -0.175170E-09   0.141917E-09   0.701567E-10
   0.951400E+05   0.869682E-10   0.963874E-10   0.205335E-09
   0.951600E+05   0.352431E-09   0.506677E-10   0.346929E-09
   0.951800E+05   0.597753E-09   0.900016E-11   0.493721E-09
   0.952000E+05   0.801398E-09  -0.255531E-10   0.642270E-09
   0.952200E+05   0.946329E-09  -0.513203E-10   0.786916E-09
   0.952400E+05   0.102202E-08  -0.679910E-10   0.920290E-09
   0.952600E+05   0.102566E-08  -0.763833E-10   0.103420E-08
   0.952800E+05   0.962423E-09  -0.780698E-10   0.112075E-08
   0.953000E+05   0.844658E-09  -0.749504E-10   0.117341E-08
   0.953200E+05   0.690202E-09  -0.688564E-10   0.118791E-08
   0.953400E+05   0.519940E-09  -0.612606E-10   0.116282E-08
   0.953600E+05   0.354963E-09  -0.531399E-10   0.109961E-08
   0.953800E+05   0.213694E-09  -0.450000E-10   0.100236E-08
   0.954000E+05   0.109380E-09  -0.370395E-10   0.877070E-09
   0.954200E+05   0.483085E-10  -0.293993E-10   0.730838E-09
   0.954400E+05   0.290308E-10  -0.224243E-10   0.570960E-09
   0.954600E+05   0.427234E-10  -0.168659E-10   0.404183E-09
   0.954800E+05   0.746716E-10  -0.139619E-10   0.236219E-09
   0.955000E+05   0.106685E-09  -0.153594E-10   0.715604E-10
   0.955200E+05   0.120113E-09  -0.228794E-10  -0.863926E-10
   0.955400E+05   0.990136E-10  -0.381572E-10  -0.234972E-09
   0.955600E+05   0.330117E-10  -0.622215E-10  -0.371778E-09
   0.955800E+05  -0.806253E-10  -0.950948E-10  -0.494246E-09
   0.956000E+05  -0.236022E-09  -0.135501E-09  -0.599377E-09
   0.956200E+05  -0.419034E-09  -0.180753E-09  -0.683726E-09
   0.956400E+05  -0.608892E-09  -0.226860E-09  -0.743683E-09
   0.956600E+05  -0.780914E-09  -0.268869E-09  -0.776018E-09
   0.956800E+05  -0.909937E-09  -0.301406E-09  -0.778598E-09
   0.957000E+05  -0.973940E-09  -0.319343E-09  -0.751127E-09
   0.957200E+05  -0.957335E-09  -0.318494E-09  -0.695758E-09
   0.957400E+05  -0.853415E-09  -0.296248E-09  -0.617407E-09
   0.957600E+05  -0.665614E-09  -0.252023E-09  -0.523667E-09
   0.957800E+05  -0.407366E-09  -0.187468E-09  -0.424259E-09
   0.958000E+05  -0.100606E-09  -0.106391E-09  -0.330041E-09
   0.958200E+05   0.226849E-09  -0.143909E-10  -0.251694E-09
   0.958400E+05   0.544656E-09   0.817337E-10  -0.198244E-09
   0.958600E+05   0.823521E-09   0.174735E-09  -0.175649E-09
   0.958800E+05   0.103849E-08   0.257710E-09  -0.185686E-09
   0.959000E+05   0.117152E-08   0.324823E-09  -0.225340E-09
   0.959200E+05   0.121298E-08   0.371880E-09  -0.286848E-09
   0.959400E+05   0.116207E-08   0.396653E-09  -0.358457E-09
   0.959600E+05   0.102608E-08   0.398949E-09  -0.425834E-09
   0.959800E+05   0.818807E-09   0.380422E-09  -0.473975E-09
   0.960000E+05   0.558526E-09   0.344171E-09  -0.489368E-09
   0.960200E+05   0.265757E-09   0.294212E-09  -0.462078E-09
   0.960400E+05  -0.386960E-10   0.234909E-09  -0.387449E-09
   0.960600E+05  -0.335261E-09   0.170460E-09  -0.267122E-09
   0.960800E+05  -0.606526E-09   0.104501E-09  -0.109184E-09
   0.961000E+05  -0.837634E-09   0.398904E-10   0.726464E-10
   0.961200E+05  -0.101630E-08  -0.213247E-10   0.260699E-09
   0.961400E+05  -0.113269E-08  -0.777842E-10   0.435696E-09
   0.961600E+05  -0.117936E-08  -0.128578E-09   0.579417E-09
   0.961800E+05  -0.115154E-08  -0.172967E-09   0.677276E-09
   0.962000E+05  -0.104766E-08  -0.210138E-09   0.720399E-09
   0.962200E+05  -0.870211E-09  -0.239047E-09   0.706861E-09
   0.962400E+05  -0.626646E-09  -0.258389E-09   0.641837E-09
   0.962600E+05  -0.330078E-09  -0.266723E-09   0.536641E-09
   0.962800E+05   0.574232E-12  -0.262697E-09   0.406768E-09
   0.963000E+05   0.341232E-09  -0.245364E-09   0.269266E-09
   0.963200E+05   0.664229E-09  -0.214493E-09   0.139865E-09
   0.963400E+05   0.940789E-09  -0.170830E-09   0.303663E-10
   0.963600E+05   0.114417E-08  -0.116232E-09  -0.532336E-10
   0.963800E+05   0.125308E-08  -0.536435E-10  -0.111541E-09
   0.964000E+05   0.125482E-08   0.131047E-10  -0.151305E-09
   0.964200E+05   0.114765E-08   0.796447E-10  -0.183748E-09
   0.964400E+05   0.941875E-09   0.141533E-09  -0.221966E-09
   0.964600E+05   0.659326E-09   0.194751E-09  -0.277861E-09
   0.964800E+05   0.331205E-09   0.236164E-09  -0.359153E-09
   0.965000E+05  -0.554280E-11   0.263880E-09  -0.467071E-09
   0.965200E+05  -0.312860E-09   0.277432E-09  -0.595185E-09
   0.965400E+05  -0.556585E-09   0.277776E-09  -0.729672E-09
   0.965600E+05  -0.711077E-09   0.267087E-09  -0.851061E-09
   0.965800E+05  -0.762773E-09   0.248397E-09  -0.937211E-09
   0.966000E+05  -0.712076E-09   0.225125E-09  -0.967065E-09
   0.966200E+05  -0.573281E-09   0.200574E-09  -0.924527E-09
   0.966400E+05  -0.372490E-09   0.177480E-09  -0.801793E-09
   0.966600E+05  -0.143823E-09   0.157660E-09  -0.601493E-09
   0.966800E+05   0.755196E-10   0.141831E-09  -0.337217E-09
   0.967000E+05   0.250617E-09   0.129603E-09  -0.322654E-10
   0.967200E+05   0.353781E-09   0.119648E-09   0.283255E-09
   0.967400E+05   0.368393E-09   0.110005E-09   0.576540E-09
   0.967600E+05   0.291053E-09   0.984752E-10   0.816755E-09
   0.967800E+05   0.131769E-09   0.830244E-10   0.979491E-09
   0.968000E+05  -0.877998E-10   0.621489E-10   0.105027E-08
   0.968200E+05  -0.337712E-09   0.351369E-10   0.102654E-08
   0.968400E+05  -0.584183E-09   0.219757E-11   0.917745E-09
   0.968600E+05  -0.794389E-09  -0.355555E-10   0.743614E-09
   0.968800E+05  -0.940913E-09  -0.762524E-10   0.530851E-09
   0.969000E+05  -0.100522E-08  -0.117516E-09   0.308874E-09
   0.969200E+05  -0.979673E-09  -0.156763E-09   0.105323E-09
   0.969400E+05  -0.867980E-09  -0.191515E-09  -0.578993E-10
   0.969600E+05  -0.683992E-09  -0.219667E-09  -0.167414E-09
   0.969800E+05  -0.449267E-09  -0.239678E-09  -0.219557E-09
   0.970000E+05  -0.189787E-09  -0.250679E-09  -0.219863E-09
   0.970200E+05   0.676187E-10  -0.252480E-09  -0.181036E-09
   0.970400E+05   0.298608E-09  -0.245507E-09  -0.119875E-09
   0.970600E+05   0.483993E-09  -0.230679E-09  -0.537916E-10
   0.970800E+05   0.611434E-09  -0.209270E-09   0.240818E-11
   0.971000E+05   0.676075E-09  -0.182760E-09   0.388697E-10
   0.971200E+05   0.680144E-09  -0.152727E-09   0.517870E-10
   0.971400E+05   0.631761E-09  -0.120755E-09   0.431228E-10
   0.971600E+05   0.543200E-09  -0.883786E-10   0.191197E-10
   0.971800E+05   0.428946E-09  -0.570496E-10  -0.119844E-10
   0.972000E+05   0.303826E-09  -0.281003E-10  -0.424763E-10
   0.972200E+05   0.181430E-09  -0.270098E-11  -0.673280E-10
   0.972400E+05   0.729575E-10   0.182052E-10  -0.854991E-10
   0.972600E+05  -0.134678E-10   0.339867E-10  -0.100085E-09
   0.972800E+05  -0.730527E-10   0.444186E-10  -0.117279E-09
   0.973000E+05  -0.104236E-09   0.497687E-10  -0.144378E-09
   0.973200E+05  -0.108340E-09   0.508464E-10  -0.187307E-09
   0.973400E+05  -0.890550E-10   0.489939E-10  -0.248235E-09
   0.973600E+05  -0.518436E-10   0.459976E-10  -0.323864E-09
   0.973800E+05  -0.329180E-11   0.439139E-10  -0.404872E-09
   0.974000E+05   0.495543E-10   0.448182E-10  -0.476719E-09
   0.974200E+05   0.998542E-10   0.505035E-10  -0.521775E-09
   0.974400E+05   0.141613E-09   0.621674E-10  -0.522432E-09
   0.974600E+05   0.170254E-09   0.801374E-10  -0.464638E-09
   0.974800E+05   0.183065E-09   0.103683E-09  -0.341162E-09
   0.975000E+05   0.179454E-09   0.130960E-09  -0.153934E-09
   0.975200E+05   0.160938E-09   0.159106E-09   0.850719E-10
   0.975400E+05   0.130857E-09   0.184499E-09   0.354661E-09
   0.975600E+05   0.937867E-10   0.203151E-09   0.626920E-09
   0.975800E+05   0.547460E-10   0.211196E-09   0.871011E-09
   0.976000E+05   0.182931E-10   0.205401E-09   0.105765E-08
   0.976200E+05  -0.123270E-10   0.183642E-09   0.116352E-08
   0.976400E+05  -0.358207E-10   0.145251E-09   0.117480E-08
   0.976600E+05  -0.531243E-10   0.912013E-10   0.108931E-08
   0.976800E+05  -0.672327E-10   0.240788E-10   0.916765E-09
   0.977000E+05  -0.825683E-10  -0.521533E-10   0.677160E-09
   0.977200E+05  -0.103970E-09  -0.132576E-09   0.397636E-09
   0.977400E+05  -0.135468E-09  -0.211858E-09   0.108279E-09
   0.977600E+05  -0.179068E-09  -0.284851E-09  -0.162326E-09
   0.977800E+05  -0.233799E-09  -0.347144E-09  -0.391036E-09
   0.978000E+05  -0.295234E-09  -0.395495E-09  -0.562943E-09
   0.978200E+05  -0.355639E-09  -0.428086E-09  -0.672562E-09
   0.978400E+05  -0.404801E-09  -0.444555E-09  -0.723305E-09
   0.978600E+05  -0.431439E-09  -0.445811E-09  -0.725436E-09
   0.978800E+05  -0.425013E-09  -0.433675E-09  -0.692971E-09
   0.979000E+05  -0.377641E-09  -0.410404E-09  -0.640188E-09
   0.979200E+05  -0.285804E-09  -0.378190E-09  -0.578453E-09
   0.979400E+05  -0.151523E-09  -0.338722E-09  -0.513964E-09
   0.979600E+05   0.172259E-10  -0.292900E-09  -0.446867E-09
   0.979800E+05   0.206974E-09  -0.240740E-09  -0.371847E-09
   0.980000E+05   0.400077E-09  -0.181512E-09  -0.280056E-09
   0.980200E+05   0.576726E-09  -0.114073E-09  -0.161944E-09
   0.980400E+05   0.717358E-09  -0.373502E-10  -0.103974E-10
   0.980600E+05   0.805128E-09   0.491231E-10   0.176495E-09
   0.980800E+05   0.828067E-09   0.144704E-09   0.393620E-09
   0.981000E+05   0.780623E-09   0.247284E-09   0.628386E-09
   0.981200E+05   0.664372E-09   0.353149E-09   0.861772E-09
   0.981400E+05   0.487824E-09   0.457109E-09   0.107075E-08
   0.981600E+05   0.265386E-09   0.552887E-09   0.123163E-08
   0.981800E+05   0.156710E-10   0.633741E-09   0.132387E-08
   0.982000E+05  -0.240571E-09   0.693224E-09   0.133346E-08
   0.982200E+05  -0.482608E-09   0.725972E-09   0.125547E-08
   0.982400E+05  -0.691667E-09   0.728415E-09   0.109525E-08
   0.982600E+05  -0.852467E-09   0.699278E-09   0.867944E-09
   0.982800E+05  -0.954199E-09   0.639812E-09   0.596518E-09
   0.983000E+05  -0.990970E-09   0.553707E-09   0.308573E-09
   0.983200E+05  -0.961754E-09   0.446689E-09   0.324338E-10
   0.983400E+05  -0.870009E-09   0.325878E-09  -0.206814E-09
   0.983600E+05  -0.723096E-09   0.198981E-09  -0.390716E-09
   0.983800E+05  -0.531633E-09   0.734606E-10  -0.509748E-09
   0.984000E+05  -0.308864E-09  -0.442189E-10  -0.564184E-09
   0.984200E+05  -0.700448E-10  -0.149141E-09  -0.563449E-09
   0.984400E+05   0.168197E-09  -0.238227E-09  -0.524107E-09
   0.984600E+05   0.388615E-09  -0.310236E-09  -0.466854E-09
   0.984800E+05   0.574292E-09  -0.365494E-09  -0.413037E-09
   0.985000E+05   0.709830E-09  -0.405428E-09  -0.381245E-09
   0.985200E+05   0.782749E-09  -0.431996E-09  -0.384513E-09
   0.985400E+05   0.784969E-09  -0.447133E-09  -0.428525E-09
   0.985600E+05   0.714194E-09  -0.452308E-09  -0.511047E-09
   0.985800E+05   0.574910E-09  -0.448275E-09  -0.622600E-09
   0.986000E+05   0.378778E-09  -0.435058E-09  -0.748209E-09
   0.986200E+05   0.144170E-09  -0.412155E-09  -0.869893E-09
   0.986400E+05  -0.105224E-09  -0.378914E-09  -0.969492E-09
   0.986600E+05  -0.342684E-09  -0.335000E-09  -0.103139E-08
   0.986800E+05  -0.541444E-09  -0.280835E-09  -0.104472E-08
   0.987000E+05  -0.677997E-09  -0.217932E-09  -0.100483E-08
   0.987200E+05  -0.735274E-09  -0.149026E-09  -0.913786E-09
   0.987400E+05  -0.705193E-09  -0.779729E-10  -0.779914E-09
   0.987600E+05  -0.590139E-09  -0.941269E-11  -0.616546E-09
   0.987800E+05  -0.403065E-09   0.517513E-10  -0.440156E-09
   0.988000E+05  -0.166095E-09   0.100976E-09  -0.268166E-09
   0.988200E+05   0.922461E-10   0.134698E-09  -0.116750E-09
   0.988400E+05   0.340829E-09   0.150847E-09   0.111095E-11
   0.988600E+05   0.550207E-09   0.149155E-09   0.771019E-10
   0.988800E+05   0.696767E-09   0.131222E-09   0.108419E-09
   0.989000E+05   0.766081E-09   0.100306E-09   0.979411E-10
   0.989200E+05   0.754947E-09   0.608933E-10   0.537493E-10
   0.989400E+05   0.671757E-09   0.181042E-10  -0.119250E-10
   0.989600E+05   0.535120E-09  -0.229599E-10  -0.841713E-10
   0.989800E+05   0.370927E-09  -0.578238E-10  -0.147124E-09
   0.990000E+05   0.208312E-09  -0.831079E-10  -0.185755E-09
   0.990200E+05   0.751351E-10  -0.967944E-10  -0.187550E-09
   0.990400E+05  -0.630400E-11  -0.982646E-10  -0.143913E-09
   0.990600E+05  -0.226460E-10  -0.881222E-10  -0.511721E-10
   0.990800E+05   0.285790E-10  -0.678589E-10   0.889090E-10
   0.991000E+05   0.138726E-09  -0.394411E-10   0.269159E-09
   0.991200E+05   0.289546E-09  -0.490638E-11   0.477555E-09
   0.991400E+05   0.456158E-09   0.339471E-10   0.698265E-09
   0.991600E+05   0.610987E-09   0.757229E-10   0.913075E-09
   0.991800E+05   0.728027E-09   0.119418E-09   0.110307E-08
   0.992000E+05   0.786723E-09   0.164261E-09   0.125043E-08
   0.992200E+05   0.774892E-09   0.209446E-09   0.134012E-08
   0.992400E+05   0.690252E-09   0.253841E-09   0.136139E-08
   0.992600E+05   0.540353E-09   0.295750E-09   0.130884E-08
   0.992800E+05   0.341022E-09   0.332804E-09   0.118311E-08
   0.993000E+05   0.113620E-09   0.362029E-09   0.990891E-09
   0.993200E+05  -0.118380E-09   0.380102E-09   0.744483E-09
   0.993400E+05  -0.332898E-09   0.383768E-09   0.460823E-09
   0.993600E+05  -0.512287E-09   0.370355E-09   0.160087E-09
   0.993800E+05  -0.645420E-09   0.338295E-09  -0.135971E-09
   0.994000E+05  -0.728587E-09   0.287561E-09  -0.405823E-09
   0.994200E+05  -0.765119E-09   0.219923E-09  -0.629940E-09
   0.994400E+05  -0.763920E-09   0.138967E-09  -0.792385E-09
   0.994600E+05  -0.737256E-09   0.498466E-10  -0.882100E-09
   0.994800E+05  -0.698213E-09  -0.412009E-10  -0.893788E-09
   0.995000E+05  -0.658327E-09  -0.127528E-09  -0.828320E-09
   0.995200E+05  -0.625748E-09  -0.202831E-09  -0.692662E-09
   0.995400E+05  -0.604228E-09  -0.261885E-09  -0.499308E-09
   0.995600E+05  -0.593029E-09  -0.301144E-09  -0.265298E-09
   0.995800E+05  -0.587661E-09  -0.319124E-09  -0.108834E-10
   0.996000E+05  -0.581255E-09  -0.316503E-09   0.242058E-09
   0.996200E+05  -0.566226E-09  -0.295951E-09   0.471729E-09
   0.996400E+05  -0.535917E-09  -0.261688E-09   0.658116E-09
   0.996600E+05  -0.485888E-09  -0.218878E-09   0.784569E-09
   0.996800E+05  -0.414669E-09  -0.172927E-09   0.839122E-09
   0.997000E+05  -0.323880E-09  -0.128805E-09   0.815455E-09
   0.997200E+05  -0.217763E-09  -0.904875E-10   0.713420E-09
   0.997400E+05  -0.102296E-09  -0.605783E-10   0.539083E-09
   0.997600E+05   0.159057E-10  -0.401664E-10   0.304268E-09
   0.997800E+05   0.130630E-09  -0.289059E-10   0.256493E-10
   0.998000E+05   0.236870E-09  -0.252868E-10  -0.276553E-09
   0.998200E+05   0.331241E-09  -0.270344E-10  -0.580151E-09
   0.998400E+05   0.411970E-09  -0.315579E-10  -0.862715E-09
   0.998600E+05   0.478542E-09  -0.363722E-10  -0.110331E-08
   0.998800E+05   0.531111E-09  -0.394300E-10  -0.128411E-08
   0.999000E+05   0.569885E-09  -0.393223E-10  -0.139169E-08
   0.999200E+05   0.594641E-09  -0.353357E-10  -0.141804E-08
   0.999400E+05   0.604510E-09  -0.273839E-10  -0.136107E-08
   0.999600E+05   0.598093E-09  -0.158482E-10  -0.122471E-08
   0.999800E+05   0.573886E-09  -0.137744E-11  -0.101850E-08
   0.100000E+06   0.530909E-09   0.153021E-10  -0.756860E-09
   0.100020E+06   0.469381E-09   0.335268E-10  -0.457956E-09
   0.100040E+06   0.391275E-09   0.527612E-10  -0.142349E-09
   0.100060E+06   0.300586E-09   0.725858E-10   0.168491E-09
   0.100080E+06   0.203225E-09   0.926232E-10   0.453715E-09
   0.100100E+06   0.106509E-09   0.112434E-09   0.694558E-09
   0.100120E+06   0.183143E-10   0.131415E-09   0.875647E-09
   0.100140E+06  -0.539647E-10   0.148744E-09   0.986068E-09
   0.100160E+06  -0.104484E-09   0.163379E-09   0.102012E-08
   0.100180E+06  -0.129838E-09   0.174134E-09   0.977711E-09
   0.100200E+06  -0.129606E-09   0.179814E-09   0.864348E-09
   0.100220E+06  -0.106458E-09   0.179376E-09   0.690735E-09
   0.100240E+06  -0.657829E-10   0.172106E-09   0.471965E-09
   0.100260E+06  -0.149148E-10   0.157740E-09   0.226387E-09
   0.100280E+06   0.379286E-10   0.136535E-09  -0.258048E-10
   0.100300E+06   0.848005E-10   0.109248E-09  -0.264133E-09
   0.100320E+06   0.119088E-09   0.770403E-10  -0.469436E-09
   0.100340E+06   0.136311E-09   0.413230E-10  -0.625372E-09
   0.100360E+06   0.134543E-09   0.357175E-11  -0.719691E-09
   0.100380E+06   0.114400E-09  -0.348444E-10  -0.745165E-09
   0.100400E+06   0.786440E-10  -0.727883E-10  -0.700102E-09
   0.100420E+06   0.314856E-10  -0.109407E-09  -0.588391E-09
   0.100440E+06  -0.222656E-10  -0.144101E-09  -0.419089E-09
   0.100460E+06  -0.780373E-10  -0.176429E-09  -0.205594E-09
   0.100480E+06  -0.132177E-09  -0.205961E-09   0.355039E-10
   0.100500E+06  -0.182371E-09  -0.232142E-09   0.285796E-09
   0.100520E+06  -0.227750E-09  -0.254181E-09   0.526514E-09
   0.100540E+06  -0.268695E-09  -0.271031E-09   0.739964E-09
   0.100560E+06  -0.306407E-09  -0.281454E-09   0.910822E-09
   0.100580E+06  -0.342348E-09  -0.284180E-09   0.102721E-08
   0.100600E+06  -0.377677E-09  -0.278148E-09   0.108149E-08
   0.100620E+06  -0.412781E-09  -0.262751E-09   0.107072E-08
   0.100640E+06  -0.447010E-09  -0.238073E-09   0.996791E-09
   0.100660E+06  -0.478629E-09  -0.205031E-09   0.866246E-09
   0.100680E+06  -0.505018E-09  -0.165391E-09   0.689724E-09
   0.100700E+06  -0.523040E-09  -0.121641E-09   0.481160E-09
   0.100720E+06  -0.529538E-09  -0.767239E-10   0.256701E-09
   0.100740E+06  -0.521840E-09  -0.336615E-10   0.334237E-10
   0.100760E+06  -0.498212E-09   0.485709E-11  -0.172074E-09
   0.100780E+06  -0.458172E-09   0.368629E-10  -0.345104E-09
   0.100800E+06  -0.402628E-09   0.613902E-10  -0.474219E-09
   0.100820E+06  -0.333831E-09   0.785984E-10  -0.552304E-09
   0.100840E+06  -0.255146E-09   0.897038E-10  -0.577283E-09
   0.100860E+06  -0.170691E-09   0.967225E-10  -0.552319E-09
   0.100880E+06  -0.848927E-10   0.102065E-09  -0.485437E-09
   0.100900E+06  -0.200959E-11   0.108053E-09  -0.388551E-09
   0.100920E+06   0.743103E-10   0.116443E-09  -0.275961E-09
   0.100940E+06   0.141399E-09   0.128049E-09  -0.162478E-09
   0.100960E+06   0.197824E-09   0.142540E-09  -0.614152E-10
   0.100980E+06   0.243501E-09   0.158448E-09   0.172965E-10
   0.101000E+06   0.279662E-09   0.173407E-09   0.685591E-10
   0.101020E+06   0.308654E-09   0.184570E-09   0.928776E-10
   0.101040E+06   0.333606E-09   0.189141E-09   0.962731E-10
   0.101060E+06   0.357972E-09   0.184930E-09   0.892878E-10
   0.101080E+06   0.384987E-09   0.170813E-09   0.851698E-10
   0.101100E+06   0.417100E-09   0.147024E-09   0.974714E-10
   0.101120E+06   0.455446E-09   0.115213E-09   0.137412E-09
   0.101140E+06   0.499422E-09   0.782566E-10   0.211425E-09
   0.101160E+06   0.546453E-09   0.398392E-10   0.319314E-09
   0.101180E+06   0.591995E-09   0.389333E-11   0.453383E-09
   0.101200E+06   0.629821E-09  -0.260201E-10   0.598751E-09
   0.101220E+06   0.652591E-09  -0.472732E-10   0.734924E-09
   0.101240E+06   0.652677E-09  -0.585779E-10   0.838432E-09
   0.101260E+06   0.623147E-09  -0.601659E-10   0.886223E-09
   0.101280E+06   0.558822E-09  -0.537106E-10   0.859280E-09
   0.101300E+06   0.457245E-09  -0.420095E-10   0.745944E-09
   0.101320E+06   0.319438E-09  -0.284835E-10   0.544353E-09
   0.101340E+06   0.150312E-09  -0.165869E-10   0.263594E-09
   0.101360E+06  -0.413614E-10  -0.923182E-11  -0.766920E-10
   0.101380E+06  -0.243447E-09  -0.832831E-11  -0.448276E-09
   0.101400E+06  -0.441398E-09  -0.145164E-10  -0.817631E-09
   0.101420E+06  -0.619560E-09  -0.271281E-10  -0.115009E-08
   0.101440E+06  -0.762715E-09  -0.443748E-10  -0.141431E-08
   0.101460E+06  -0.857656E-09  -0.637132E-10  -0.158630E-08
   0.101480E+06  -0.894628E-09  -0.823130E-10  -0.165249E-08
   0.101500E+06  -0.868457E-09  -0.975327E-10  -0.161135E-08
   0.101520E+06  -0.779224E-09  -0.107316E-09  -0.147326E-08
   0.101540E+06  -0.632406E-09  -0.110441E-09  -0.125879E-08
   0.101560E+06  -0.438473E-09  -0.106585E-09  -0.995497E-09
   0.101580E+06  -0.211991E-09  -0.962148E-10  -0.713930E-09
   0.101600E+06   0.296716E-10  -0.803377E-10  -0.443346E-09
   0.101620E+06   0.267869E-09  -0.601847E-10  -0.207845E-09
   0.101640E+06   0.484278E-09  -0.369006E-10  -0.234806E-10
   0.101660E+06   0.662412E-09  -0.113156E-10   0.103226E-09
   0.101680E+06   0.788900E-09   0.161528E-10   0.175228E-09
   0.101700E+06   0.854432E-09   0.454484E-10   0.203429E-09
   0.101720E+06   0.854316E-09   0.766933E-10   0.204025E-09
   0.101740E+06   0.788632E-09   0.109922E-09   0.195206E-09
   0.101760E+06   0.662015E-09   0.144799E-09   0.193798E-09
   0.101780E+06   0.483121E-09   0.180401E-09   0.212400E-09
   0.101800E+06   0.263862E-09   0.215117E-09   0.257469E-09
   0.101820E+06   0.184883E-10   0.246711E-09   0.328600E-09
   0.101840E+06  -0.237400E-09   0.272540E-09   0.419047E-09
   0.101860E+06  -0.487840E-09   0.289911E-09   0.517312E-09
   0.101880E+06  -0.717443E-09   0.296488E-09   0.609439E-09
   0.101900E+06  -0.912225E-09   0.290696E-09   0.681573E-09
   0.101920E+06  -0.106032E-08   0.272021E-09   0.722311E-09
   0.101940E+06  -0.115255E-08   0.241151E-09   0.724445E-09
   0.101960E+06  -0.118280E-08   0.199922E-09   0.685842E-09
   0.101980E+06  -0.114831E-08   0.151072E-09   0.609382E-09
   0.102000E+06  -0.104969E-08   0.978472E-10   0.502035E-09
   0.102020E+06  -0.890907E-09   0.435252E-10   0.373346E-09
   0.102040E+06  -0.678997E-09  -0.904483E-11   0.233656E-09
   0.102060E+06  -0.423738E-09  -0.578082E-10   0.924285E-10
   0.102080E+06  -0.137162E-09  -0.101704E-09  -0.430005E-10
   0.102100E+06   0.167003E-09  -0.140660E-09  -0.168052E-09
   0.102120E+06   0.473961E-09  -0.175394E-09  -0.280839E-09
   0.102140E+06   0.768521E-09  -0.207052E-09  -0.381504E-09
   0.102160E+06   0.103578E-08  -0.236773E-09  -0.471152E-09
   0.102180E+06   0.126185E-08  -0.265258E-09  -0.550673E-09
   0.102200E+06   0.143449E-08  -0.292438E-09  -0.619734E-09
   0.102220E+06   0.154385E-08  -0.317309E-09  -0.676195E-09
   0.102240E+06   0.158298E-08  -0.337974E-09  -0.716079E-09
   0.102260E+06   0.154846E-08  -0.351888E-09  -0.734118E-09
   0.102280E+06   0.144075E-08  -0.356254E-09  -0.724768E-09
   0.102300E+06   0.126442E-08  -0.348511E-09  -0.683462E-09
   0.102320E+06   0.102819E-08  -0.326818E-09  -0.607851E-09
   0.102340E+06   0.744679E-09  -0.290437E-09  -0.498745E-09
   0.102360E+06   0.429813E-09  -0.239956E-09  -0.360549E-09
   0.102380E+06   0.101993E-09  -0.177306E-09  -0.201079E-09
   0.102400E+06  -0.219070E-09  -0.105574E-09  -0.307618E-10
   0.102420E+06  -0.513715E-09  -0.286437E-10   0.138647E-09
   0.102440E+06  -0.763822E-09   0.492593E-10   0.295612E-09
   0.102460E+06  -0.954270E-09   0.124048E-09   0.430349E-09
   0.102480E+06  -0.107425E-08   0.192187E-09   0.536084E-09
   0.102500E+06  -0.111827E-08   0.250982E-09   0.609813E-09
   0.102520E+06  -0.108668E-08   0.298696E-09   0.652444E-09
   0.102540E+06  -0.985753E-09   0.334509E-09   0.668330E-09
   0.102560E+06  -0.827161E-09   0.358328E-09   0.664281E-09
   0.102580E+06  -0.626930E-09   0.370526E-09   0.648260E-09
   0.102600E+06  -0.403997E-09   0.371662E-09   0.628009E-09
   0.102620E+06  -0.178471E-09   0.362254E-09   0.609826E-09
   0.102640E+06   0.302017E-10   0.342660E-09   0.597711E-09
   0.102660E+06   0.204975E-09   0.313077E-09   0.592967E-09
   0.102680E+06   0.332670E-09   0.273664E-09   0.594291E-09
   0.102700E+06   0.405020E-09   0.224742E-09   0.598264E-09
   0.102720E+06   0.419195E-09   0.167023E-09   0.600097E-09
   0.102740E+06   0.377791E-09   0.101802E-09   0.594463E-09
   0.102760E+06   0.288289E-09   0.310560E-10   0.576236E-09
   0.102780E+06   0.162102E-09  -0.425795E-10   0.541021E-09
   0.102800E+06   0.133005E-10  -0.115975E-09   0.485423E-09
   0.102820E+06  -0.142805E-09  -0.185780E-09   0.407083E-09
   0.102840E+06  -0.291097E-09  -0.248767E-09   0.304572E-09
   0.102860E+06  -0.417957E-09  -0.302172E-09   0.177266E-09
   0.102880E+06  -0.512339E-09  -0.343982E-09   0.253426E-10
   0.102900E+06  -0.566551E-09  -0.373094E-09  -0.150028E-09
   0.102920E+06  -0.576706E-09  -0.389336E-09  -0.346264E-09
   0.102940E+06  -0.542841E-09  -0.393335E-09  -0.558792E-09
   0.102960E+06  -0.468738E-09  -0.386261E-09  -0.780457E-09
   0.102980E+06  -0.361471E-09  -0.369513E-09  -0.100109E-08
   0.103000E+06  -0.230749E-09  -0.344403E-09  -0.120744E-08
   0.103020E+06  -0.880765E-10  -0.311908E-09  -0.138369E-08
   0.103040E+06   0.541979E-10  -0.272555E-09  -0.151254E-08
   0.103060E+06   0.183898E-09  -0.226451E-09  -0.157685E-08
   0.103080E+06   0.290052E-09  -0.173468E-09  -0.156185E-08
   0.103100E+06   0.363860E-09  -0.113540E-09  -0.145729E-08
   0.103120E+06   0.399543E-09  -0.470087E-10  -0.125960E-08
   0.103140E+06   0.394973E-09   0.250519E-10  -0.973368E-09
   0.103160E+06   0.352015E-09   0.100617E-09  -0.611972E-09
   0.103180E+06   0.276516E-09   0.176647E-09  -0.197125E-09
   0.103200E+06   0.177884E-09   0.249222E-09   0.242729E-09
   0.103220E+06   0.682732E-10   0.313861E-09   0.675055E-09
   0.103240E+06  -0.386057E-10   0.365991E-09   0.106659E-08
   0.103260E+06  -0.128937E-09   0.401500E-09   0.138700E-08
   0.103280E+06  -0.190377E-09   0.417280E-09   0.161236E-08
   0.103300E+06  -0.213581E-09   0.411687E-09   0.172791E-08
   0.103320E+06  -0.193474E-09   0.384811E-09   0.172970E-08
   0.103340E+06  -0.130098E-09   0.338546E-09   0.162490E-08
   0.103360E+06  -0.288775E-10   0.276413E-09   0.143062E-08
   0.103380E+06   0.997642E-10   0.203174E-09   0.117152E-08
   0.103400E+06   0.241445E-09   0.124294E-09   0.876483E-09
   0.103420E+06   0.379419E-09   0.453227E-10   0.574782E-09
   0.103440E+06   0.496548E-09  -0.287001E-10   0.292467E-09
   0.103460E+06   0.577411E-09  -0.937454E-10   0.493173E-10
   0.103480E+06   0.610278E-09  -0.147122E-09  -0.143112E-09
   0.103500E+06   0.588668E-09  -0.187603E-09  -0.282123E-09
   0.103520E+06   0.512271E-09  -0.215337E-09  -0.373148E-09
   0.103540E+06   0.387102E-09  -0.231585E-09  -0.427817E-09
   0.103560E+06   0.224820E-09  -0.238328E-09  -0.461188E-09
   0.103580E+06   0.413193E-10  -0.237823E-09  -0.488590E-09
   0.103600E+06  -0.145236E-09  -0.232177E-09  -0.522620E-09
   0.103620E+06  -0.316665E-09  -0.223012E-09  -0.570766E-09
   0.103640E+06  -0.456997E-09  -0.211254E-09  -0.634018E-09
   0.103660E+06  -0.554352E-09  -0.197082E-09  -0.706682E-09
   0.103680E+06  -0.602227E-09  -0.180023E-09  -0.777386E-09
   0.103700E+06  -0.600002E-09  -0.159160E-09  -0.831089E-09
   0.103720E+06  -0.552627E-09  -0.133422E-09  -0.851764E-09
   0.103740E+06  -0.469550E-09  -0.101883E-09  -0.825290E-09
   0.103760E+06  -0.363081E-09  -0.640369E-10  -0.742106E-09
   0.103780E+06  -0.246458E-09  -0.199875E-10  -0.599190E-09
   0.103800E+06  -0.131939E-09   0.294513E-10  -0.401075E-09
   0.103820E+06  -0.292079E-10   0.827705E-10  -0.159737E-09
   0.103840E+06   0.556516E-10   0.137875E-09   0.106612E-09
   0.103860E+06   0.120488E-09   0.192264E-09   0.375633E-09
   0.103880E+06   0.166689E-09   0.243253E-09   0.623564E-09
   0.103900E+06   0.198181E-09   0.288197E-09   0.828108E-09
   0.103920E+06   0.220031E-09   0.324694E-09   0.971108E-09
   0.103940E+06   0.236930E-09   0.350731E-09   0.104064E-08
   0.103960E+06   0.251861E-09   0.364789E-09   0.103226E-08
   0.103980E+06   0.265211E-09   0.365877E-09   0.949272E-09
   0.104000E+06   0.274494E-09   0.353539E-09   0.802026E-09
   0.104020E+06   0.274769E-09   0.327821E-09   0.606410E-09
   0.104040E+06   0.259662E-09   0.289239E-09   0.381755E-09
   0.104060E+06   0.222824E-09   0.238746E-09   0.148486E-09
   0.104080E+06   0.159545E-09   0.177721E-09  -0.741630E-10
   0.104100E+06   0.682162E-10   0.107961E-09  -0.270074E-09
   0.104120E+06  -0.486484E-10   0.316838E-10  -0.427610E-09
   0.104140E+06  -0.184051E-09  -0.484814E-10  -0.540288E-09
   0.104160E+06  -0.326921E-09  -0.129531E-09  -0.606748E-09
   0.104180E+06  -0.463275E-09  -0.208170E-09  -0.630113E-09
   0.104200E+06  -0.577955E-09  -0.280942E-09  -0.616899E-09
   0.104220E+06  -0.656700E-09  -0.344422E-09  -0.575677E-09
   0.104240E+06  -0.688205E-09  -0.395440E-09  -0.515705E-09
   0.104260E+06  -0.665847E-09  -0.431339E-09  -0.445730E-09
   0.104280E+06  -0.588791E-09  -0.450210E-09  -0.373088E-09
   0.104300E+06  -0.462288E-09  -0.451099E-09  -0.303186E-09
   0.104320E+06  -0.297123E-09  -0.434128E-09  -0.239367E-09
   0.104340E+06  -0.108292E-09  -0.400522E-09  -0.183112E-09
   0.104360E+06   0.868758E-10  -0.352521E-09  -0.134462E-09
   0.104380E+06   0.270857E-09  -0.293183E-09  -0.925466E-10
   0.104400E+06   0.428002E-09  -0.226094E-09  -0.561014E-10
   0.104420E+06   0.546225E-09  -0.155027E-09  -0.238729E-10
   0.104440E+06   0.618084E-09  -0.835877E-10   0.514304E-11
   0.104460E+06   0.641138E-09  -0.148987E-10   0.316397E-10
   0.104480E+06   0.617579E-09   0.486307E-10   0.560844E-10
   0.104500E+06   0.553284E-09   0.105421E-09   0.788854E-10
   0.104520E+06   0.456503E-09   0.154707E-09   0.100565E-09
   0.104540E+06   0.336454E-09   0.196405E-09   0.121863E-09
   0.104560E+06   0.202097E-09   0.230880E-09   0.143720E-09
   0.104580E+06   0.612757E-10   0.258670E-09   0.167119E-09
   0.104600E+06  -0.796373E-10   0.280221E-09   0.192817E-09
   0.104620E+06  -0.215608E-09   0.295684E-09   0.221005E-09
   0.104640E+06  -0.342425E-09   0.304823E-09   0.250993E-09
   0.104660E+06  -0.455991E-09   0.307054E-09   0.280994E-09
   0.104680E+06  -0.551657E-09   0.301621E-09   0.308099E-09
   0.104700E+06  -0.623829E-09   0.287862E-09   0.328458E-09
   0.104720E+06  -0.666002E-09   0.265535E-09   0.337702E-09
   0.104740E+06  -0.671306E-09   0.235114E-09   0.331536E-09
   0.104760E+06  -0.633516E-09   0.197991E-09   0.306424E-09
   0.104780E+06  -0.548365E-09   0.156527E-09   0.260254E-09
   0.104800E+06  -0.414937E-09   0.113912E-09   0.192850E-09
   0.104820E+06  -0.236827E-09   0.738358E-10   0.106235E-09
   0.104840E+06  -0.228262E-10   0.399924E-10   0.457250E-11
   0.104860E+06   0.213108E-09   0.155125E-10  -0.106238E-09
   0.104880E+06   0.452691E-09   0.239580E-11  -0.219241E-09
   0.104900E+06   0.674927E-09   0.105868E-11  -0.327305E-09
   0.104920E+06   0.858351E-09   0.100894E-10  -0.424034E-09
   0.104940E+06   0.983613E-09   0.262767E-10  -0.504569E-09
   0.104960E+06   0.103604E-08   0.449371E-10  -0.566132E-09
   0.104980E+06   0.100779E-08   0.605155E-10  -0.608194E-09
   0.105000E+06   0.899314E-09   0.673815E-10  -0.632248E-09
   0.105020E+06   0.719785E-09   0.607096E-10  -0.641211E-09
   0.105040E+06   0.486435E-09   0.373039E-10  -0.638569E-09
   0.105060E+06   0.222846E-09  -0.377198E-11  -0.627417E-09
   0.105080E+06  -0.436511E-10  -0.608710E-10  -0.609604E-09
   0.105100E+06  -0.285133E-09  -0.129816E-09  -0.585144E-09
   0.105120E+06  -0.476404E-09  -0.204343E-09  -0.552050E-09
   0.105140E+06  -0.598044E-09  -0.276872E-09  -0.506645E-09
   0.105160E+06  -0.638799E-09  -0.339517E-09  -0.444333E-09
   0.105180E+06  -0.596995E-09  -0.385159E-09  -0.360709E-09
   0.105200E+06  -0.480782E-09  -0.408437E-09  -0.252819E-09
   0.105220E+06  -0.307183E-09  -0.406497E-09  -0.120340E-09
   0.105240E+06  -0.100048E-09  -0.379377E-09   0.335739E-10
   0.105260E+06   0.112830E-09  -0.329967E-09   0.201955E-09
   0.105280E+06   0.303090E-09  -0.263566E-09   0.374334E-09
   0.105300E+06   0.445255E-09  -0.187092E-09   0.537696E-09
   0.105320E+06   0.519856E-09  -0.108083E-09   0.677991E-09
   0.105340E+06   0.515830E-09  -0.336535E-10   0.781980E-09
   0.105360E+06   0.431936E-09   0.304370E-10   0.839146E-09
   0.105380E+06   0.276985E-09   0.804540E-10   0.843366E-09
   0.105400E+06   0.688822E-10   0.115006E-09   0.794052E-09
   0.105420E+06  -0.167430E-09   0.134977E-09   0.696562E-09
   0.105440E+06  -0.402891E-09   0.143105E-09   0.561778E-09
   0.105460E+06  -0.607754E-09   0.143308E-09   0.404883E-09
   0.105480E+06  -0.755155E-09   0.139870E-09   0.243500E-09
   0.105500E+06  -0.824373E-09   0.136664E-09   0.954590E-10
   0.105520E+06  -0.803417E-09   0.136515E-09  -0.234775E-10
   0.105540E+06  -0.690612E-09   0.140829E-09  -0.101597E-09
   0.105560E+06  -0.494991E-09   0.149516E-09  -0.132632E-09
   0.105580E+06  -0.235415E-09   0.161211E-09  -0.116365E-09
   0.105600E+06   0.614728E-10   0.173711E-09  -0.583816E-10
   0.105620E+06   0.364244E-09   0.184533E-09   0.309791E-10
   0.105640E+06   0.640280E-09   0.191470E-09   0.138281E-09
   0.105660E+06   0.859538E-09   0.193030E-09   0.248986E-09
   0.105680E+06   0.998028E-09   0.188673E-09   0.349465E-09
   0.105700E+06   0.104058E-08   0.178803E-09   0.428725E-09
   0.105720E+06   0.982557E-09   0.164548E-09   0.479599E-09
   0.105740E+06   0.830305E-09   0.147365E-09   0.499259E-09
   0.105760E+06   0.600282E-09   0.128584E-09   0.489034E-09
   0.105780E+06   0.316990E-09   0.108997E-09   0.453608E-09
   0.105800E+06   0.998787E-11   0.885827E-10   0.399808E-09
   0.105820E+06  -0.289629E-09   0.664530E-10   0.335217E-09
   0.105840E+06  -0.552818E-09   0.410258E-10   0.266861E-09
   0.105860E+06  -0.755786E-09   0.104108E-10   0.200224E-09
   0.105880E+06  -0.882407E-09  -0.270727E-10   0.138698E-09
   0.105900E+06  -0.925557E-09  -0.723478E-10   0.835547E-10
   0.105920E+06  -0.887276E-09  -0.125120E-09   0.343801E-10
   0.105940E+06  -0.777773E-09  -0.183605E-09  -0.101739E-10
   0.105960E+06  -0.613498E-09  -0.244525E-09  -0.514942E-10
   0.105980E+06  -0.414609E-09  -0.303379E-09  -0.901884E-10
   0.106000E+06  -0.202223E-09  -0.354972E-09  -0.125525E-09
   0.106020E+06   0.414393E-11  -0.394111E-09  -0.155261E-09
   0.106040E+06   0.188598E-09  -0.416365E-09  -0.175896E-09
   0.106060E+06   0.340124E-09  -0.418741E-09  -0.183322E-09
   0.106080E+06   0.452969E-09  -0.400177E-09  -0.173731E-09
   0.106100E+06   0.526226E-09  -0.361755E-09  -0.144611E-09
   0.106120E+06   0.562774E-09  -0.306593E-09  -0.956335E-10
   0.106140E+06   0.567865E-09  -0.239440E-09  -0.292457E-10
   0.106160E+06   0.547643E-09  -0.166035E-09   0.491646E-10
   0.106180E+06   0.507903E-09  -0.923403E-10   0.131589E-09
   0.106200E+06   0.453267E-09  -0.237822E-10   0.208178E-09
   0.106220E+06   0.386915E-09   0.353930E-10   0.268386E-09
   0.106240E+06   0.310813E-09   0.825332E-10   0.302299E-09
   0.106260E+06   0.226346E-09   0.116720E-09   0.301969E-09
   0.106280E+06   0.135112E-09   0.138623E-09   0.262541E-09
   0.106300E+06   0.396702E-10   0.150125E-09   0.183014E-09
   0.106320E+06  -0.560078E-10   0.153785E-09   0.665312E-10
   0.106340E+06  -0.146506E-09   0.152268E-09  -0.798511E-10
   0.106360E+06  -0.225425E-09   0.147836E-09  -0.245862E-09
   0.106380E+06  -0.286260E-09   0.142002E-09  -0.419088E-09
   0.106400E+06  -0.323538E-09   0.135388E-09  -0.586270E-09
   0.106420E+06  -0.333980E-09   0.127816E-09  -0.734643E-09
   0.106440E+06  -0.317427E-09   0.118583E-09  -0.853163E-09
   0.106460E+06  -0.277308E-09   0.106857E-09  -0.933473E-09
   0.106480E+06  -0.220501E-09   0.921003E-10  -0.970518E-09
   0.106500E+06  -0.156553E-09   0.744279E-10  -0.962769E-09
   0.106520E+06  -0.963446E-10   0.548181E-10  -0.912073E-09
   0.106540E+06  -0.504081E-10   0.351283E-10  -0.823184E-09
   0.106560E+06  -0.271798E-10   0.179070E-10  -0.703080E-09
   0.106580E+06  -0.315007E-10   0.603302E-11  -0.560164E-09
   0.106600E+06  -0.636460E-10   0.224598E-11  -0.403464E-09
   0.106620E+06  -0.119085E-09   0.865403E-11  -0.241923E-09
   0.106640E+06  -0.189044E-09   0.263085E-10  -0.838344E-10
   0.106660E+06  -0.261811E-09   0.549228E-10   0.635422E-10
   0.106680E+06  -0.324577E-09   0.927867E-10   0.194182E-09
   0.106700E+06  -0.365511E-09   0.136894E-09   0.303353E-09
   0.106720E+06  -0.375724E-09   0.183260E-09   0.387570E-09
   0.106740E+06  -0.350778E-09   0.227385E-09   0.444506E-09
   0.106760E+06  -0.291479E-09   0.264780E-09   0.472902E-09
   0.106780E+06  -0.203806E-09   0.291490E-09   0.472535E-09
   0.106800E+06  -0.979888E-10   0.304517E-09   0.444233E-09
   0.106820E+06   0.131087E-10   0.302123E-09   0.389960E-09
   0.106840E+06   0.116034E-09   0.283943E-09   0.312931E-09
   0.106860E+06   0.198856E-09   0.250941E-09   0.217702E-09
   0.106880E+06   0.252980E-09   0.205217E-09   0.110198E-09
   0.106900E+06   0.274369E-09   0.149707E-09  -0.239672E-11
   0.106920E+06   0.263957E-09   0.878419E-10  -0.111923E-09
   0.106940E+06   0.227210E-09   0.232041E-10  -0.209723E-09
   0.106960E+06   0.172923E-09  -0.407750E-10  -0.287309E-09
   0.106980E+06   0.111495E-09  -0.101045E-09  -0.337170E-09
   0.107000E+06   0.529836E-10  -0.155089E-09  -0.353636E-09
   0.107020E+06   0.532945E-11  -0.201000E-09  -0.333692E-09
   0.107040E+06  -0.269625E-10  -0.237500E-09  -0.277619E-09
   0.107060E+06  -0.434243E-10  -0.263916E-09  -0.189330E-09
   0.107080E+06  -0.474215E-10  -0.280125E-09  -0.763268E-10
   0.107100E+06  -0.451896E-10  -0.286490E-09   0.507976E-10
   0.107120E+06  -0.442999E-10  -0.283783E-09   0.179286E-09
   0.107140E+06  -0.518505E-10  -0.273095E-09   0.295509E-09
   0.107160E+06  -0.727284E-10  -0.255730E-09   0.386477E-09
   0.107180E+06  -0.108275E-09  -0.233088E-09   0.441397E-09
   0.107200E+06  -0.155622E-09  -0.206536E-09   0.453049E-09
   0.107220E+06  -0.207832E-09  -0.177280E-09   0.418785E-09
   0.107240E+06  -0.254859E-09  -0.146259E-09   0.340985E-09
   0.107260E+06  -0.285156E-09  -0.114086E-09   0.226865E-09
   0.107280E+06  -0.287691E-09  -0.810455E-10   0.876469E-10
   0.107300E+06  -0.254015E-09  -0.471677E-10  -0.628316E-10
   0.107320E+06  -0.180033E-09  -0.123709E-10  -0.209869E-09
   0.107340E+06  -0.671754E-10   0.233445E-10  -0.339768E-09
   0.107360E+06   0.772528E-10   0.596851E-10  -0.441540E-09
   0.107380E+06   0.240608E-09   0.958811E-10  -0.508182E-09
   0.107400E+06   0.406283E-09   0.130576E-09  -0.537316E-09
   0.107420E+06   0.555709E-09   0.161829E-09  -0.531107E-09
   0.107440E+06   0.670714E-09   0.187252E-09  -0.495454E-09
   0.107460E+06   0.735884E-09   0.204280E-09  -0.438610E-09
   0.107480E+06   0.740597E-09   0.210542E-09  -0.369469E-09
   0.107500E+06   0.680455E-09   0.204283E-09  -0.295823E-09
   0.107520E+06   0.557927E-09   0.184767E-09  -0.222919E-09
   0.107540E+06   0.382144E-09   0.152573E-09  -0.152572E-09
   0.107560E+06   0.167885E-09   0.109737E-09  -0.830283E-10
   0.107580E+06  -0.660743E-10   0.596738E-10  -0.961357E-11
   0.107600E+06  -0.299021E-09   0.688140E-11   0.739273E-10
   0.107620E+06  -0.510513E-09  -0.435491E-10   0.173636E-09
   0.107640E+06  -0.682465E-09  -0.865596E-10   0.293419E-09
   0.107660E+06  -0.800889E-09  -0.117792E-09   0.433367E-09
   0.107680E+06  -0.857111E-09  -0.134195E-09   0.588661E-09
   0.107700E+06  -0.848399E-09  -0.134467E-09   0.749316E-09
   0.107720E+06  -0.777956E-09  -0.119268E-09   0.900889E-09
   0.107740E+06  -0.654341E-09  -0.911477E-10   0.102608E-08
   0.107760E+06  -0.490424E-09  -0.542031E-10   0.110707E-08
   0.107780E+06  -0.301981E-09  -0.135067E-10   0.112813E-08
   0.107800E+06  -0.106105E-09   0.255986E-10   0.107830E-08
   0.107820E+06   0.804430E-10   0.582352E-10   0.953404E-09
   0.107840E+06   0.242787E-09   0.806382E-10   0.757398E-09
   0.107860E+06   0.369269E-09   0.906165E-10   0.502469E-09
   0.107880E+06   0.452452E-09   0.877599E-10   0.208083E-09
   0.107900E+06   0.489706E-09   0.733671E-10  -0.101034E-09
   0.107920E+06   0.483316E-09   0.501213E-10  -0.397661E-09
   0.107940E+06   0.440088E-09   0.215744E-10  -0.655215E-09
   0.107960E+06   0.370471E-09  -0.846104E-11  -0.850784E-09
   0.107980E+06   0.287272E-09  -0.365083E-10  -0.967657E-09
   0.108000E+06   0.204077E-09  -0.599104E-10  -0.997019E-09
   0.108020E+06   0.133542E-09  -0.771269E-10  -0.938603E-09
   0.108040E+06   0.857663E-10  -0.878072E-10  -0.800295E-09
   0.108060E+06   0.669426E-10  -0.926449E-10  -0.596801E-09
   0.108080E+06   0.784838E-10  -0.930578E-10  -0.347662E-09
   0.108100E+06   0.116769E-09  -0.907694E-10  -0.749243E-10
   0.108120E+06   0.173575E-09  -0.873772E-10   0.199167E-09
   0.108140E+06   0.237174E-09  -0.839955E-10   0.454164E-09
   0.108160E+06   0.293968E-09  -0.810358E-10   0.672892E-09
   0.108180E+06   0.330457E-09  -0.781608E-10   0.842318E-09
   0.108200E+06   0.335257E-09  -0.744087E-10   0.953830E-09
   0.108220E+06   0.300893E-09  -0.684535E-10   0.100308E-08
   0.108240E+06   0.225066E-09  -0.589400E-10   0.989514E-09
   0.108260E+06   0.111225E-09  -0.448216E-10   0.915866E-09
   0.108280E+06  -0.316945E-10  -0.256310E-10   0.787635E-09
   0.108300E+06  -0.190307E-09  -0.163418E-11   0.612740E-09
   0.108320E+06  -0.348470E-09   0.261606E-10   0.401283E-09
   0.108340E+06  -0.489372E-09   0.561299E-10   0.165361E-09
   0.108360E+06  -0.597705E-09   0.862671E-10  -0.811972E-10
   0.108380E+06  -0.661600E-09   0.114466E-09  -0.323291E-09
   0.108400E+06  -0.674047E-09   0.138797E-09  -0.545309E-09
   0.108420E+06  -0.633593E-09   0.157716E-09  -0.732201E-09
   0.108440E+06  -0.544254E-09   0.170186E-09  -0.870800E-09
   0.108460E+06  -0.414689E-09   0.175672E-09  -0.951242E-09
   0.108480E+06  -0.256800E-09   0.174050E-09  -0.968261E-09
   0.108500E+06  -0.840301E-10   0.165454E-09  -0.922129E-09
   0.108520E+06   0.903706E-10   0.150107E-09  -0.819020E-09
   0.108540E+06   0.254825E-09   0.128199E-09  -0.670658E-09
   0.108560E+06   0.400447E-09   0.998347E-10  -0.493228E-09
   0.108580E+06   0.521488E-09   0.650917E-10  -0.305627E-09
   0.108600E+06   0.615215E-09   0.241624E-10  -0.127281E-09
   0.108620E+06   0.681331E-09  -0.224375E-10   0.241745E-10
   0.108640E+06   0.721114E-09  -0.736508E-10   0.135032E-09
   0.108660E+06   0.736516E-09  -0.127706E-09   0.197122E-09
   0.108680E+06   0.729403E-09  -0.182047E-09   0.208674E-09
   0.108700E+06   0.701128E-09  -0.233402E-09   0.174301E-09
   0.108720E+06   0.652460E-09  -0.278002E-09   0.104115E-09
   0.108740E+06   0.583888E-09  -0.311940E-09   0.121268E-10
   0.108760E+06   0.496152E-09  -0.331611E-09  -0.858026E-10
   0.108780E+06   0.390843E-09  -0.334185E-09  -0.174149E-09
   0.108800E+06   0.270898E-09  -0.318018E-09  -0.239715E-09
   0.108820E+06   0.140803E-09  -0.282956E-09  -0.273146E-09
   0.108840E+06   0.644292E-11  -0.230449E-09  -0.269794E-09
   0.108860E+06  -0.125428E-09  -0.163477E-09  -0.229856E-09
   0.108880E+06  -0.247992E-09  -0.862806E-10  -0.157853E-09
   0.108900E+06  -0.355297E-09  -0.393318E-11  -0.615953E-10
   0.108920E+06  -0.443094E-09   0.781750E-10   0.491294E-10
   0.108940E+06  -0.509404E-09   0.154872E-09   0.163915E-09
   0.108960E+06  -0.554649E-09   0.221680E-09   0.272928E-09
   0.108980E+06  -0.581311E-09   0.275178E-09   0.367786E-09
   0.109000E+06  -0.593157E-09   0.313198E-09   0.442054E-09
   0.109020E+06  -0.594173E-09   0.334858E-09   0.491380E-09
   0.109040E+06  -0.587450E-09   0.340442E-09   0.513364E-09
   0.109060E+06  -0.574256E-09   0.331168E-09   0.507273E-09
   0.109080E+06  -0.553527E-09   0.308899E-09   0.473740E-09
   0.109100E+06  -0.521945E-09   0.275847E-09   0.414531E-09
   0.109120E+06  -0.474623E-09   0.234334E-09   0.332444E-09
   0.109140E+06  -0.406324E-09   0.186613E-09   0.231294E-09
   0.109160E+06  -0.312998E-09   0.134784E-09   0.115956E-09
   0.109180E+06  -0.193343E-09   0.807905E-10  -0.766362E-11
   0.109200E+06  -0.500626E-10   0.264487E-10  -0.132789E-09
   0.109220E+06   0.109468E-09  -0.264933E-10  -0.252153E-09
   0.109240E+06   0.273346E-09  -0.763250E-10  -0.358588E-09
   0.109260E+06   0.426149E-09  -0.121383E-09  -0.445774E-09
   0.109280E+06   0.550722E-09  -0.160118E-09  -0.509037E-09
   0.109300E+06   0.630495E-09  -0.191199E-09  -0.546045E-09
   0.109320E+06   0.651988E-09  -0.213656E-09  -0.557249E-09
   0.109340E+06   0.607088E-09  -0.226999E-09  -0.545940E-09
   0.109360E+06   0.494702E-09  -0.231308E-09  -0.517873E-09
   0.109380E+06   0.321500E-09  -0.227249E-09  -0.480457E-09
   0.109400E+06   0.101568E-09  -0.216009E-09  -0.441632E-09
   0.109420E+06  -0.144995E-09  -0.199156E-09  -0.408584E-09
   0.109440E+06  -0.394360E-09  -0.178431E-09  -0.386526E-09
   0.109460E+06  -0.621795E-09  -0.155532E-09  -0.377753E-09
   0.109480E+06  -0.804613E-09  -0.131896E-09  -0.381137E-09
   0.109500E+06  -0.924808E-09  -0.108545E-09  -0.392184E-09
   0.109520E+06  -0.971000E-09  -0.860189E-10  -0.403632E-09
   0.109540E+06  -0.939438E-09  -0.643882E-10  -0.406535E-09
   0.109560E+06  -0.833952E-09  -0.433713E-10  -0.391628E-09
   0.109580E+06  -0.664930E-09  -0.225065E-10  -0.350780E-09
   0.109600E+06  -0.447558E-09  -0.135197E-11  -0.278280E-09
   0.109620E+06  -0.199631E-09   0.203307E-10  -0.171774E-09
   0.109640E+06   0.606828E-10   0.424506E-10  -0.327074E-10
   0.109660E+06   0.316766E-09   0.645464E-10   0.133771E-09
   0.109680E+06   0.554920E-09   0.858386E-10   0.319392E-09
   0.109700E+06   0.765018E-09   0.105367E-09   0.513719E-09
   0.109720E+06   0.940462E-09   0.122181E-09   0.705286E-09
   0.109740E+06   0.107756E-08   0.135548E-09   0.882737E-09
   0.109760E+06   0.117459E-08   0.145122E-09   0.103579E-08
   0.109780E+06   0.123074E-08   0.151043E-09   0.115593E-08
   0.109800E+06   0.124530E-08   0.153941E-09   0.123673E-08
   0.109820E+06   0.121722E-08   0.154824E-09   0.127395E-08
   0.109840E+06   0.114515E-08   0.154880E-09   0.126531E-08
   0.109860E+06   0.102797E-08   0.155227E-09   0.121025E-08
   0.109880E+06   0.865641E-09   0.156650E-09   0.110970E-08
   0.109900E+06   0.660217E-09   0.159388E-09   0.965927E-09
   0.109920E+06   0.416730E-09   0.163008E-09   0.782597E-09
   0.109940E+06   0.143765E-09   0.166410E-09   0.564941E-09
   0.109960E+06  -0.146486E-09   0.167953E-09   0.320010E-09
   0.109980E+06  -0.438745E-09   0.165709E-09   0.568749E-10
   0.110000E+06  -0.715726E-09   0.157782E-09  -0.213358E-09
   0.110020E+06  -0.959658E-09   0.142656E-09  -0.477807E-09
   0.110040E+06  -0.115403E-08   0.119500E-09  -0.722429E-09
   0.110060E+06  -0.128532E-08   0.883863E-10  -0.932972E-09
   0.110080E+06  -0.134451E-08   0.503672E-10  -0.109620E-08
   0.110100E+06  -0.132809E-08   0.740786E-11  -0.120125E-08
   0.110120E+06  -0.123849E-08  -0.378279E-10  -0.124088E-08
   0.110140E+06  -0.108392E-08  -0.822960E-10  -0.121256E-08
   0.110160E+06  -0.877534E-09  -0.122948E-09  -0.111904E-08
   0.110180E+06  -0.636191E-09  -0.157100E-09  -0.968378E-09
   0.110200E+06  -0.378853E-09  -0.182736E-09  -0.773453E-09
   0.110220E+06  -0.124891E-09  -0.198700E-09  -0.550802E-09
   0.110240E+06   0.107555E-09  -0.204749E-09  -0.319083E-09
   0.110260E+06   0.302986E-09  -0.201469E-09  -0.972466E-10
   0.110280E+06   0.449635E-09  -0.190073E-09   0.973340E-10
   0.110300E+06   0.540153E-09  -0.172134E-09   0.250566E-09
   0.110320E+06   0.571897E-09  -0.149300E-09   0.352967E-09
   0.110340E+06   0.546836E-09  -0.123044E-09   0.400473E-09
   0.110360E+06   0.471126E-09  -0.945074E-10   0.394658E-09
   0.110380E+06   0.354426E-09  -0.644421E-10   0.342341E-09
   0.110400E+06   0.209009E-09  -0.332700E-10   0.254657E-09
   0.110420E+06   0.487583E-10  -0.123036E-11   0.145708E-09
   0.110440E+06  -0.111915E-09   0.314215E-10   0.309547E-10
   0.110460E+06  -0.259139E-09   0.642162E-10  -0.744714E-10
   0.110480E+06  -0.380600E-09   0.963212E-10  -0.157358E-09
   0.110500E+06  -0.466418E-09   0.126482E-09  -0.207743E-09
   0.110520E+06  -0.509842E-09   0.153072E-09  -0.219859E-09
   0.110540E+06  -0.507694E-09   0.174254E-09  -0.192606E-09
   0.110560E+06  -0.460514E-09   0.188216E-09  -0.129526E-09
   0.110580E+06  -0.372406E-09   0.193450E-09  -0.382633E-10
   0.110600E+06  -0.250567E-09   0.189015E-09   0.703902E-10
   0.110620E+06  -0.104560E-09   0.174719E-09   0.183799E-09
   0.110640E+06   0.546024E-10   0.151202E-09   0.288974E-09
   0.110660E+06   0.215463E-09   0.119868E-09   0.374099E-09
   0.110680E+06   0.367110E-09   0.827037E-10   0.429917E-09
   0.110700E+06   0.500035E-09   0.419880E-10   0.450814E-09
   0.110720E+06   0.606779E-09  -0.456484E-13   0.435473E-09
   0.110740E+06   0.682311E-09  -0.415279E-10   0.386989E-09
   0.110760E+06   0.724114E-09  -0.811969E-10   0.312447E-09
   0.110780E+06   0.732022E-09  -0.118512E-09   0.221970E-09
   0.110800E+06   0.707849E-09  -0.153614E-09   0.127369E-09
   0.110820E+06   0.654908E-09  -0.187128E-09   0.405651E-10
   0.110840E+06   0.577508E-09  -0.219849E-09  -0.280208E-10
   0.110860E+06   0.480500E-09  -0.252366E-09  -0.708724E-10
   0.110880E+06   0.368941E-09  -0.284694E-09  -0.843823E-10
   0.110900E+06   0.247892E-09  -0.316001E-09  -0.692984E-10
   0.110920E+06   0.122339E-09  -0.344480E-09  -0.305387E-10
   0.110940E+06  -0.280244E-11  -0.367425E-09   0.236132E-10
   0.110960E+06  -0.122665E-09  -0.381505E-09   0.828215E-10
   0.110980E+06  -0.232437E-09  -0.383198E-09   0.136335E-09
   0.111000E+06  -0.327469E-09  -0.369349E-09   0.174700E-09
   0.111020E+06  -0.403491E-09  -0.337735E-09   0.191301E-09
   0.111040E+06  -0.456936E-09  -0.287550E-09   0.183472E-09
   0.111060E+06  -0.485340E-09  -0.219737E-09   0.153020E-09
   0.111080E+06  -0.487740E-09  -0.137070E-09   0.106057E-09
   0.111100E+06  -0.464995E-09  -0.439846E-10   0.521624E-10
   0.111120E+06  -0.419955E-09   0.538493E-10   0.298516E-11
   0.111140E+06  -0.357414E-09   0.150144E-09  -0.295107E-10
   0.111160E+06  -0.283807E-09   0.238724E-09  -0.349011E-10
   0.111180E+06  -0.206679E-09   0.314244E-09  -0.598925E-11
   0.111200E+06  -0.133949E-09   0.372803E-09   0.599214E-10
   0.111220E+06  -0.730741E-10   0.412340E-09   0.160350E-09
   0.111240E+06  -0.301961E-10   0.432760E-09   0.287656E-09
   0.111260E+06  -0.940193E-11   0.435772E-09   0.429741E-09
   0.111280E+06  -0.121891E-10   0.424464E-09   0.571354E-09
   0.111300E+06  -0.372190E-10   0.402691E-09   0.695792E-09
   0.111320E+06  -0.803982E-10   0.374381E-09   0.786814E-09
   0.111340E+06  -0.135288E-09   0.342874E-09   0.830484E-09
   0.111360E+06  -0.193799E-09   0.310408E-09   0.816754E-09
   0.111380E+06  -0.247088E-09   0.277838E-09   0.740595E-09
   0.111400E+06  -0.286558E-09   0.244633E-09   0.602560E-09
   0.111420E+06  -0.304845E-09   0.209149E-09   0.408765E-09
   0.111440E+06  -0.296661E-09   0.169125E-09   0.170293E-09
   0.111460E+06  -0.259431E-09   0.122311E-09  -0.978615E-10
   0.111480E+06  -0.193611E-09   0.671148E-10  -0.378187E-09
   0.111500E+06  -0.102699E-09   0.315158E-11  -0.652227E-09
   0.111520E+06   0.710280E-11  -0.684190E-10  -0.902164E-09
   0.111540E+06   0.127503E-09  -0.144819E-09  -0.111229E-08
   0.111560E+06   0.248955E-09  -0.221875E-09  -0.127022E-08
   0.111580E+06   0.361632E-09  -0.294501E-09  -0.136777E-08
   0.111600E+06   0.456412E-09  -0.357366E-09  -0.140148E-08
   0.111620E+06   0.525801E-09  -0.405648E-09  -0.137267E-08
   0.111640E+06   0.564679E-09  -0.435727E-09  -0.128715E-08
   0.111660E+06   0.570797E-09  -0.445732E-09  -0.115454E-08
   0.111680E+06   0.544987E-09  -0.435818E-09  -0.987301E-09
   0.111700E+06   0.491051E-09  -0.408157E-09  -0.799549E-09
   0.111720E+06   0.415361E-09  -0.366615E-09  -0.605778E-09
   0.111740E+06   0.326193E-09  -0.316187E-09  -0.419567E-09
   0.111760E+06   0.232891E-09  -0.262269E-09  -0.252430E-09
   0.111780E+06   0.144926E-09  -0.209895E-09  -0.112902E-09
   0.111800E+06   0.709612E-10  -0.163047E-09  -0.595613E-11
   0.111820E+06   0.180135E-10  -0.124151E-09   0.671836E-10
   0.111840E+06  -0.920975E-11  -0.938426E-10   0.108829E-09
   0.111860E+06  -0.873037E-11  -0.710063E-10   0.124232E-09
   0.111880E+06   0.185517E-10  -0.531008E-10   0.120687E-09
   0.111900E+06   0.689884E-10  -0.366858E-10   0.106461E-09
   0.111920E+06   0.136565E-09  -0.180677E-10   0.896738E-10
   0.111940E+06   0.213487E-09   0.604605E-11   0.772917E-10
   0.111960E+06   0.290904E-09   0.379877E-10   0.743528E-10
   0.111980E+06   0.359696E-09   0.787494E-10   0.835260E-10
   0.112000E+06   0.411256E-09   0.127831E-09   0.105042E-09
   0.112020E+06   0.438197E-09   0.183323E-09   0.136983E-09
   0.112040E+06   0.434936E-09   0.242199E-09   0.175859E-09
   0.112060E+06   0.398133E-09   0.300750E-09   0.217362E-09
   0.112080E+06   0.326954E-09   0.355079E-09   0.257166E-09
   0.112100E+06   0.223163E-09   0.401578E-09   0.291619E-09
   0.112120E+06   0.910564E-10   0.437306E-09   0.318252E-09
   0.112140E+06  -0.627603E-10   0.460229E-09   0.335996E-09
   0.112160E+06  -0.229734E-09   0.469292E-09   0.345126E-09
   0.112180E+06  -0.399853E-09   0.464351E-09   0.346946E-09
   0.112200E+06  -0.562249E-09   0.445991E-09   0.343322E-09
   0.112220E+06  -0.705897E-09   0.415295E-09   0.336156E-09
   0.112240E+06  -0.820386E-09   0.373620E-09   0.326923E-09
   0.112260E+06  -0.896721E-09   0.322432E-09   0.316376E-09
   0.112280E+06  -0.928108E-09   0.263225E-09   0.304466E-09
   0.112300E+06  -0.910647E-09   0.197538E-09   0.290497E-09
   0.112320E+06  -0.843864E-09   0.127046E-09   0.273474E-09
   0.112340E+06  -0.731001E-09   0.536819E-10   0.252558E-09
   0.112360E+06  -0.578995E-09  -0.202515E-10   0.227519E-09
   0.112380E+06  -0.398115E-09  -0.920403E-10   0.199085E-09
   0.112400E+06  -0.201231E-09  -0.158618E-09   0.169084E-09
   0.112420E+06  -0.277322E-11  -0.216742E-09   0.140339E-09
   0.112440E+06   0.182550E-09  -0.263286E-09   0.116311E-09
   0.112460E+06   0.341141E-09  -0.295593E-09   0.100534E-09
   0.112480E+06   0.461868E-09  -0.311864E-09   0.959588E-10
   0.112500E+06   0.537202E-09  -0.311479E-09   0.104308E-09
   0.112520E+06   0.564005E-09  -0.295222E-09   0.125575E-09
   0.112540E+06   0.543848E-09  -0.265330E-09   0.157779E-09
   0.112560E+06   0.482790E-09  -0.225364E-09   0.197032E-09
   0.112580E+06   0.390638E-09  -0.179886E-09   0.237926E-09
   0.112600E+06   0.279763E-09  -0.133987E-09   0.274204E-09
   0.112620E+06   0.163621E-09  -0.927188E-10   0.299600E-09
   0.112640E+06   0.551655E-10  -0.605153E-10   0.308736E-09
   0.112660E+06  -0.346422E-10  -0.406705E-10   0.297912E-09
   0.112680E+06  -0.980159E-10  -0.349551E-10   0.265686E-09
   0.112700E+06  -0.131072E-09  -0.434212E-10   0.213129E-09
   0.112720E+06  -0.134007E-09  -0.644187E-10   0.143726E-09
   0.112740E+06  -0.110718E-09  -0.948186E-10   0.629368E-10
   0.112760E+06  -0.679303E-10  -0.130407E-09  -0.225086E-10
   0.112780E+06  -0.139916E-10  -0.166395E-09  -0.105478E-09
   0.112800E+06   0.424838E-10  -0.197965E-09  -0.179330E-09
   0.112820E+06   0.939038E-10  -0.220793E-09  -0.238702E-09
   0.112840E+06   0.134721E-09  -0.231479E-09  -0.280094E-09
   0.112860E+06   0.162044E-09  -0.227835E-09  -0.302161E-09
   0.112880E+06   0.175752E-09  -0.209022E-09  -0.305718E-09
   0.112900E+06   0.178135E-09  -0.175523E-09  -0.293458E-09
   0.112920E+06   0.173128E-09  -0.128996E-09  -0.269458E-09
   0.112940E+06   0.165306E-09  -0.720243E-10  -0.238566E-09
   0.112960E+06   0.158827E-09  -0.782096E-11  -0.205749E-09
   0.112980E+06   0.156512E-09   0.600672E-10  -0.175508E-09
   0.113000E+06   0.159239E-09   0.128032E-09  -0.151412E-09
   0.113020E+06   0.165736E-09   0.192623E-09  -0.135788E-09
   0.113040E+06   0.172824E-09   0.250707E-09  -0.129595E-09
   0.113060E+06   0.176036E-09   0.299577E-09  -0.132434E-09
   0.113080E+06   0.170507E-09   0.337020E-09  -0.142697E-09
   0.113100E+06   0.151960E-09   0.361361E-09  -0.157795E-09
   0.113120E+06   0.117600E-09   0.371499E-09  -0.174441E-09
   0.113140E+06   0.667572E-10   0.366945E-09  -0.188974E-09
   0.113160E+06   0.116124E-11   0.347855E-09  -0.197688E-09
   0.113180E+06  -0.752064E-10   0.315050E-09  -0.197195E-09
   0.113200E+06  -0.156647E-09   0.270024E-09  -0.184780E-09
   0.113220E+06  -0.236571E-09   0.214901E-09  -0.158761E-09
   0.113240E+06  -0.308466E-09   0.152347E-09  -0.118820E-09
   0.113260E+06  -0.366836E-09   0.854273E-10  -0.662623E-10
   0.113280E+06  -0.407949E-09   0.174148E-10  -0.416228E-11
   0.113300E+06  -0.430273E-09  -0.484360E-10   0.626737E-10
   0.113320E+06  -0.434539E-09  -0.109124E-09   0.127959E-09
   0.113340E+06  -0.423430E-09  -0.162114E-09   0.184422E-09
   0.113360E+06  -0.400987E-09  -0.205508E-09   0.224534E-09
   0.113380E+06  -0.371836E-09  -0.238141E-09   0.241409E-09
   0.113400E+06  -0.340388E-09  -0.259603E-09   0.229783E-09
   0.113420E+06  -0.310155E-09  -0.270180E-09   0.186943E-09
   0.113440E+06  -0.283295E-09  -0.270734E-09   0.113451E-09
   0.113460E+06  -0.260429E-09  -0.262541E-09   0.135340E-10
   0.113480E+06  -0.240754E-09  -0.247115E-09  -0.104965E-09
   0.113500E+06  -0.222386E-09  -0.226047E-09  -0.231143E-09
   0.113520E+06  -0.202839E-09  -0.200886E-09  -0.352058E-09
   0.113540E+06  -0.179544E-09  -0.173065E-09  -0.454133E-09
   0.113560E+06  -0.150296E-09  -0.143869E-09  -0.524775E-09
   0.113580E+06  -0.113561E-09  -0.114453E-09  -0.553996E-09
   0.113600E+06  -0.686125E-10  -0.858629E-10  -0.535802E-09
   0.113620E+06  -0.155084E-10  -0.590612E-10  -0.469143E-09
   0.113640E+06   0.450334E-10  -0.349232E-10  -0.358263E-09
   0.113660E+06   0.111794E-09  -0.141996E-10  -0.212369E-09
   0.113680E+06   0.183169E-09   0.255545E-11  -0.446442E-10
   0.113700E+06   0.257195E-09   0.150790E-10   0.129287E-09
   0.113720E+06   0.331470E-09   0.234915E-10   0.293222E-09
   0.113740E+06   0.402992E-09   0.283604E-10   0.432333E-09
   0.113760E+06   0.467992E-09   0.307054E-10   0.534921E-09
   0.113780E+06   0.521853E-09   0.319280E-10   0.593736E-09
   0.113800E+06   0.559187E-09   0.336589E-10   0.606677E-09
   0.113820E+06   0.574170E-09   0.375343E-10   0.576791E-09
   0.113840E+06   0.561112E-09   0.449318E-10   0.511590E-09
   0.113860E+06   0.515267E-09   0.567045E-10   0.421806E-09
   0.113880E+06   0.433738E-09   0.729652E-10   0.319794E-09
   0.113900E+06   0.316372E-09   0.929639E-10   0.217836E-09
   0.113920E+06   0.166435E-09   0.115094E-09   0.126597E-09
   0.113940E+06  -0.906652E-11   0.137043E-09   0.539491E-10
   0.113960E+06  -0.199545E-09   0.156073E-09   0.431996E-11
   0.113980E+06  -0.391527E-09   0.169406E-09  -0.213904E-10
   0.114000E+06  -0.569838E-09   0.174648E-09  -0.253643E-10
   0.114020E+06  -0.719152E-09   0.170195E-09  -0.120224E-10
   0.114040E+06  -0.825713E-09   0.155545E-09   0.130317E-10
   0.114060E+06  -0.878988E-09   0.131463E-09   0.440703E-10
   0.114080E+06  -0.872999E-09   0.999580E-10   0.761133E-10
   0.114100E+06  -0.807155E-09   0.640720E-10   0.105475E-09
   0.114120E+06  -0.686422E-09   0.274950E-10   0.129920E-09
   0.114140E+06  -0.520825E-09  -0.593144E-11   0.148457E-09
   0.114160E+06  -0.324331E-09  -0.327553E-10   0.160849E-09
   0.114180E+06  -0.113287E-09  -0.504121E-10   0.167017E-09
   0.114200E+06   0.953749E-10  -0.576045E-10   0.166469E-09
   0.114220E+06   0.285902E-09  -0.544992E-10   0.157953E-09
   0.114240E+06   0.445239E-09  -0.427099E-10   0.139398E-09
   0.114260E+06   0.564102E-09  -0.250663E-10   0.108217E-09
   0.114280E+06   0.637517E-09  -0.520282E-11   0.618981E-10
   0.114300E+06   0.664815E-09   0.129691E-10  -0.119735E-11
   0.114320E+06   0.649150E-09   0.258246E-10  -0.810267E-10
   0.114340E+06   0.596677E-09   0.305383E-10  -0.175205E-09
   0.114360E+06   0.515570E-09   0.254713E-10  -0.278672E-09
   0.114380E+06   0.415031E-09   0.103749E-10  -0.383789E-09
   0.114400E+06   0.304428E-09  -0.136127E-10  -0.480925E-09
   0.114420E+06   0.192649E-09  -0.441698E-10  -0.559456E-09
   0.114440E+06   0.876642E-10  -0.781549E-10  -0.609079E-09
   0.114460E+06  -0.370969E-11  -0.112068E-09  -0.621228E-09
   0.114480E+06  -0.759478E-10  -0.142536E-09  -0.590383E-09
   0.114500E+06  -0.124921E-09  -0.166742E-09  -0.515059E-09
   0.114520E+06  -0.148041E-09  -0.182744E-09  -0.398295E-09
   0.114540E+06  -0.144465E-09  -0.189630E-09  -0.247564E-09
   0.114560E+06  -0.115343E-09  -0.187513E-09  -0.740907E-10
   0.114580E+06  -0.640324E-10  -0.177368E-09   0.108343E-09
   0.114600E+06   0.381710E-11  -0.160752E-09   0.284920E-09
   0.114620E+06   0.804193E-10  -0.139474E-09   0.441442E-09
   0.114640E+06   0.156323E-09  -0.115265E-09   0.565864E-09
   0.114660E+06   0.221228E-09  -0.895128E-10   0.649509E-09
   0.114680E+06   0.265107E-09  -0.631007E-10   0.687798E-09
   0.114700E+06   0.279515E-09  -0.363731E-10   0.680430E-09
   0.114720E+06   0.258902E-09  -0.922530E-11   0.630996E-09
   0.114740E+06   0.201735E-09   0.187058E-10   0.546144E-09
   0.114760E+06   0.111194E-09   0.477926E-10   0.434440E-09
   0.114780E+06  -0.471233E-11   0.781601E-10   0.305121E-09
   0.114800E+06  -0.133698E-09   0.109472E-09   0.166937E-09
   0.114820E+06  -0.260433E-09   0.140806E-09   0.272603E-10
   0.114840E+06  -0.368312E-09   0.170634E-09  -0.108429E-09
   0.114860E+06  -0.441565E-09   0.196940E-09  -0.236639E-09
   0.114880E+06  -0.467421E-09   0.217427E-09  -0.355562E-09
   0.114900E+06  -0.438005E-09   0.229821E-09  -0.464475E-09
   0.114920E+06  -0.351702E-09   0.232193E-09  -0.562988E-09
   0.114940E+06  -0.213752E-09   0.223270E-09  -0.650302E-09
   0.114960E+06  -0.359728E-10   0.202690E-09  -0.724626E-09
   0.114980E+06   0.164382E-09   0.171133E-09  -0.782892E-09
   0.115000E+06   0.366505E-09   0.130341E-09  -0.820823E-09
   0.115020E+06   0.548406E-09   0.829952E-10  -0.833362E-09
   0.115040E+06   0.689478E-09   0.324662E-10  -0.815407E-09
   0.115060E+06   0.772912E-09  -0.175181E-10  -0.762729E-09
   0.115080E+06   0.787673E-09  -0.632609E-10  -0.672928E-09
   0.115100E+06   0.729774E-09  -0.101480E-09  -0.546265E-09
   0.115120E+06   0.602718E-09  -0.129642E-09  -0.386208E-09
   0.115140E+06   0.417073E-09  -0.146203E-09  -0.199598E-09
   0.115160E+06   0.189258E-09  -0.150721E-09   0.363855E-11
   0.115180E+06  -0.602927E-10  -0.143845E-09   0.211219E-09
   0.115200E+06  -0.309329E-09  -0.127160E-09   0.409609E-09
   0.115220E+06  -0.536097E-09  -0.102937E-09   0.585362E-09
   0.115240E+06  -0.721491E-09  -0.738166E-10   0.726543E-09
   0.115260E+06  -0.850817E-09  -0.424696E-10   0.824039E-09
   0.115280E+06  -0.915011E-09  -0.112883E-10   0.872579E-09
   0.115300E+06  -0.911215E-09   0.178480E-10   0.871336E-09
   0.115320E+06  -0.842700E-09   0.437080E-10   0.823992E-09
   0.115340E+06  -0.718190E-09   0.657255E-10   0.738277E-09
   0.115360E+06  -0.550703E-09   0.839079E-10   0.625011E-09
   0.115380E+06  -0.356060E-09   0.986577E-10   0.496775E-09
   0.115400E+06  -0.151227E-09   0.110546E-09   0.366385E-09
   0.115420E+06   0.473349E-10   0.120084E-09   0.245371E-09
   0.115440E+06   0.225143E-09   0.127535E-09   0.142663E-09
   0.115460E+06   0.370878E-09   0.132806E-09   0.636671E-10
   0.115480E+06   0.477169E-09   0.135445E-09   0.985488E-11
   0.115500E+06   0.540920E-09   0.134732E-09  -0.210868E-10
   0.115520E+06   0.563190E-09   0.129865E-09  -0.345662E-10
   0.115540E+06   0.548630E-09   0.120194E-09  -0.379722E-10
   0.115560E+06   0.504586E-09   0.105451E-09  -0.393085E-10
   0.115580E+06   0.439963E-09   0.859378E-10  -0.457864E-10
   0.115600E+06   0.363998E-09   0.626241E-10  -0.625993E-10
   0.115620E+06   0.285088E-09   0.371173E-10  -0.920696E-10
   0.115640E+06   0.209834E-09   0.115095E-10  -0.133304E-09
   0.115660E+06   0.142391E-09  -0.118900E-10  -0.182412E-09
   0.115680E+06   0.842433E-10  -0.308949E-10  -0.233244E-09
   0.115700E+06   0.343925E-10  -0.438000E-10  -0.278536E-09
   0.115720E+06  -0.100503E-10  -0.496949E-10  -0.311261E-09
   0.115740E+06  -0.529792E-10  -0.486726E-10  -0.325958E-09
   0.115760E+06  -0.982523E-10  -0.418923E-10  -0.319812E-09
   0.115780E+06  -0.148665E-09  -0.314709E-10  -0.293296E-09
   0.115800E+06  -0.205115E-09  -0.202157E-10  -0.250257E-09
   0.115820E+06  -0.266100E-09  -0.112297E-10  -0.197406E-09
   0.115840E+06  -0.327653E-09  -0.745216E-11  -0.143309E-09
   0.115860E+06  -0.383746E-09  -0.112037E-10  -0.970176E-10
   0.115880E+06  -0.427102E-09  -0.238132E-10  -0.665743E-10
   0.115900E+06  -0.450308E-09  -0.453866E-10  -0.576350E-10
   0.115920E+06  -0.447057E-09  -0.747591E-10  -0.724438E-10
   0.115940E+06  -0.413302E-09  -0.109641E-09  -0.109333E-09
   0.115960E+06  -0.348146E-09  -0.146932E-09  -0.162835E-09
   0.115980E+06  -0.254284E-09  -0.183163E-09  -0.224400E-09
   0.116000E+06  -0.137935E-09  -0.214972E-09  -0.283596E-09
   0.116020E+06  -0.822325E-11  -0.239567E-09  -0.329608E-09
   0.116040E+06   0.123887E-09  -0.255071E-09  -0.352792E-09
   0.116060E+06   0.246968E-09  -0.260714E-09  -0.346042E-09
   0.116080E+06   0.350594E-09  -0.256835E-09  -0.305749E-09
   0.116100E+06   0.426689E-09  -0.244710E-09  -0.232240E-09
   0.116120E+06   0.470526E-09  -0.226229E-09  -0.129624E-09
   0.116140E+06   0.481247E-09  -0.203500E-09  -0.511762E-11
   0.116160E+06   0.461808E-09  -0.178441E-09   0.132020E-09
   0.116180E+06   0.418375E-09  -0.152445E-09   0.271737E-09
   0.116200E+06   0.359263E-09  -0.126172E-09   0.404423E-09
   0.116220E+06   0.293606E-09  -0.995109E-10   0.521915E-09
   0.116240E+06   0.229947E-09  -0.717028E-10   0.618142E-09
   0.116260E+06   0.175000E-09  -0.416190E-10   0.689356E-09
   0.116280E+06   0.132741E-09  -0.812035E-11   0.733947E-09
   0.116300E+06   0.103988E-09   0.295592E-10   0.751972E-09
   0.116320E+06   0.864955E-10   0.714850E-10   0.744531E-09
   0.116340E+06   0.755407E-10   0.116812E-09   0.713165E-09
   0.116360E+06   0.648867E-10   0.163734E-09   0.659430E-09
   0.116380E+06   0.479518E-10   0.209611E-09   0.584748E-09
   0.116400E+06   0.189941E-10   0.251253E-09   0.490560E-09
   0.116420E+06  -0.258744E-10   0.285311E-09   0.378726E-09
   0.116440E+06  -0.879930E-10   0.308723E-09   0.252062E-09
   0.116460E+06  -0.165864E-09   0.319123E-09   0.114850E-09
   0.116480E+06  -0.255295E-09   0.315173E-09  -0.268552E-10
   0.116500E+06  -0.349912E-09   0.296727E-09  -0.165251E-09
   0.116520E+06  -0.441951E-09   0.264848E-09  -0.291223E-09
   0.116540E+06  -0.523193E-09   0.221645E-09  -0.395187E-09
   0.116560E+06  -0.585883E-09   0.169979E-09  -0.468242E-09
   0.116580E+06  -0.623529E-09   0.113090E-09  -0.503451E-09
   0.116600E+06  -0.631487E-09   0.542093E-10  -0.497059E-09
   0.116620E+06  -0.607289E-09  -0.378254E-11  -0.449392E-09
   0.116640E+06  -0.550721E-09  -0.585934E-10  -0.365278E-09
   0.116660E+06  -0.463711E-09  -0.108626E-09  -0.253846E-09
   0.116680E+06  -0.350074E-09  -0.152947E-09  -0.127705E-09
   0.116700E+06  -0.215207E-09  -0.191135E-09  -0.156823E-11
   0.116720E+06  -0.657708E-10  -0.223058E-09   0.109482E-09
   0.116740E+06   0.905895E-10  -0.248623E-09   0.191855E-09
   0.116760E+06   0.245510E-09  -0.267565E-09   0.235163E-09
   0.116780E+06   0.390174E-09  -0.279325E-09   0.233526E-09
   0.116800E+06   0.515624E-09  -0.283025E-09   0.186286E-09
   0.116820E+06   0.613183E-09  -0.277586E-09   0.980327E-10
   0.116840E+06   0.674983E-09  -0.261931E-09  -0.220561E-10
   0.116860E+06   0.694622E-09  -0.235260E-09  -0.161435E-09
   0.116880E+06   0.667894E-09  -0.197338E-09  -0.305782E-09
   0.116900E+06   0.593498E-09  -0.148727E-09  -0.440709E-09
   0.116920E+06   0.473624E-09  -0.909295E-10  -0.553346E-09
   0.116940E+06   0.314290E-09  -0.263940E-10  -0.633593E-09
   0.116960E+06   0.125309E-09   0.416259E-10  -0.674883E-09
   0.116980E+06  -0.801748E-10   0.109345E-09  -0.674424E-09
   0.117000E+06  -0.286602E-09   0.172820E-09  -0.632946E-09
   0.117020E+06  -0.477314E-09   0.228364E-09  -0.554085E-09
   0.117040E+06  -0.636150E-09   0.272946E-09  -0.443558E-09
   0.117060E+06  -0.749128E-09   0.304513E-09  -0.308320E-09
   0.117080E+06  -0.806032E-09   0.322179E-09  -0.155848E-09
   0.117100E+06  -0.801646E-09   0.326263E-09   0.633734E-11
   0.117120E+06  -0.736493E-09   0.318162E-09   0.170892E-09
   0.117140E+06  -0.616918E-09   0.300086E-09   0.330647E-09
   0.117160E+06  -0.454497E-09   0.274698E-09   0.478481E-09
   0.117180E+06  -0.264817E-09   0.244712E-09   0.607207E-09
   0.117200E+06  -0.657611E-10   0.212525E-09   0.709591E-09
   0.117220E+06   0.124480E-09   0.179916E-09   0.778608E-09
   0.117240E+06   0.289412E-09   0.147893E-09   0.807957E-09
   0.117260E+06   0.416014E-09   0.116666E-09   0.792801E-09
   0.117280E+06   0.496035E-09   0.857849E-10   0.730624E-09
   0.117300E+06   0.526672E-09   0.543796E-10   0.622038E-09
   0.117320E+06   0.510539E-09   0.214818E-10   0.471365E-09
   0.117340E+06   0.454968E-09  -0.136441E-10   0.286814E-09
   0.117360E+06   0.370743E-09  -0.512140E-10   0.801669E-10
   0.117380E+06   0.270482E-09  -0.907340E-10  -0.134090E-09
   0.117400E+06   0.166891E-09  -0.130941E-09  -0.340102E-09
   0.117420E+06   0.711445E-10  -0.169888E-09  -0.522304E-09
   0.117440E+06  -0.838775E-11  -0.205153E-09  -0.667172E-09
   0.117460E+06  -0.669139E-10  -0.234157E-09  -0.764816E-09
   0.117480E+06  -0.103406E-09  -0.254517E-09  -0.810151E-09
   0.117500E+06  -0.120219E-09  -0.264392E-09  -0.803456E-09
   0.117520E+06  -0.122224E-09  -0.262763E-09  -0.750212E-09
   0.117540E+06  -0.115639E-09  -0.249598E-09  -0.660228E-09
   0.117560E+06  -0.106734E-09  -0.225883E-09  -0.546164E-09
   0.117580E+06  -0.100634E-09  -0.193498E-09  -0.421686E-09
   0.117600E+06  -0.100397E-09  -0.154988E-09  -0.299530E-09
   0.117620E+06  -0.106500E-09  -0.113231E-09  -0.189768E-09
   0.117640E+06  -0.116799E-09  -0.710830E-10  -0.985708E-10
   0.117660E+06  -0.126946E-09  -0.310431E-10  -0.276317E-10
   0.117680E+06  -0.131190E-09   0.501059E-11   0.256449E-10
   0.117700E+06  -0.123425E-09   0.359724E-10   0.672469E-10
   0.117720E+06  -0.983128E-10   0.615328E-10   0.105106E-09
   0.117740E+06  -0.523171E-10   0.820759E-10   0.147350E-09
   0.117760E+06   0.155050E-10   0.984765E-10   0.200557E-09
   0.117780E+06   0.103070E-09   0.111836E-09   0.268310E-09
   0.117800E+06   0.205250E-09   0.123205E-09   0.350292E-09
   0.117820E+06   0.314261E-09   0.133341E-09   0.442076E-09
   0.117840E+06   0.420423E-09   0.142545E-09   0.535636E-09
   0.117860E+06   0.513162E-09   0.150597E-09   0.620490E-09
   0.117880E+06   0.582161E-09   0.156804E-09   0.685285E-09
   0.117900E+06   0.618493E-09   0.160136E-09   0.719543E-09
   0.117920E+06   0.615630E-09   0.159436E-09   0.715291E-09
   0.117940E+06   0.570210E-09   0.153648E-09   0.668307E-09
   0.117960E+06   0.482493E-09   0.142034E-09   0.578794E-09
   0.117980E+06   0.356466E-09   0.124329E-09   0.451378E-09
   0.118000E+06   0.199605E-09   0.100815E-09   0.294481E-09
   0.118020E+06   0.223115E-10   0.723065E-10   0.119172E-09
   0.118040E+06  -0.162899E-09   0.400412E-10  -0.622764E-10
   0.118060E+06  -0.342397E-09   0.551681E-11  -0.237876E-09
   0.118080E+06  -0.502538E-09  -0.297072E-10  -0.397226E-09
   0.118100E+06  -0.630769E-09  -0.641966E-10  -0.532416E-09
   0.118120E+06  -0.716666E-09  -0.967872E-10  -0.638440E-09
   0.118140E+06  -0.752819E-09  -0.126661E-09  -0.713090E-09
   0.118160E+06  -0.735496E-09  -0.153345E-09  -0.756429E-09
   0.118180E+06  -0.665036E-09  -0.176638E-09  -0.769998E-09
   0.118200E+06  -0.545926E-09  -0.196486E-09  -0.755962E-09
   0.118220E+06  -0.386551E-09  -0.212838E-09  -0.716388E-09
   0.118240E+06  -0.198615E-09  -0.225514E-09  -0.652833E-09
   0.118260E+06   0.373503E-11  -0.234123E-09  -0.566309E-09
   0.118280E+06   0.205018E-09  -0.238045E-09  -0.457627E-09
   0.118300E+06   0.389681E-09  -0.236487E-09  -0.328031E-09
   0.118320E+06   0.543413E-09  -0.228611E-09  -0.179946E-09
   0.118340E+06   0.654373E-09  -0.213700E-09  -0.176416E-10
   0.118360E+06   0.714241E-09  -0.191331E-09   0.152373E-09
   0.118380E+06   0.718947E-09  -0.161533E-09   0.321393E-09
   0.118400E+06   0.669031E-09  -0.124871E-09   0.479052E-09
   0.118420E+06   0.569565E-09  -0.824607E-10   0.614320E-09
   0.118440E+06   0.429636E-09  -0.358863E-10   0.716843E-09
   0.118460E+06   0.261458E-09   0.129561E-10   0.778409E-09
   0.118480E+06   0.791855E-10   0.620695E-10   0.794284E-09
   0.118500E+06  -0.102434E-09   0.109584E-09   0.764190E-09
   0.118520E+06  -0.269421E-09   0.153958E-09   0.692693E-09
   0.118540E+06  -0.409797E-09   0.194123E-09   0.588912E-09
   0.118560E+06  -0.514549E-09   0.229533E-09   0.465542E-09
   0.118580E+06  -0.578241E-09   0.260122E-09   0.337294E-09
   0.118600E+06  -0.599217E-09   0.286171E-09   0.218990E-09
   0.118620E+06  -0.579402E-09   0.308107E-09   0.123578E-09
   0.118640E+06  -0.523751E-09   0.326277E-09   0.603912E-10
   0.118660E+06  -0.439456E-09   0.340747E-09   0.339093E-10
   0.118680E+06  -0.334998E-09   0.351157E-09   0.432262E-10
   0.118700E+06  -0.219216E-09   0.356666E-09   0.823077E-10
   0.118720E+06  -0.100467E-09   0.356015E-09   0.140995E-09
   0.118740E+06   0.140087E-10   0.347688E-09   0.206595E-09
   0.118760E+06   0.118472E-09   0.330153E-09   0.265797E-09
   0.118780E+06   0.208817E-09   0.302152E-09   0.306620E-09
   0.118800E+06   0.282483E-09   0.262979E-09   0.320083E-09
   0.118820E+06   0.338193E-09   0.212706E-09   0.301346E-09
   0.118840E+06   0.375623E-09   0.152314E-09   0.250173E-09
   0.118860E+06   0.395069E-09   0.837030E-10   0.170660E-09
   0.118880E+06   0.397176E-09   0.957549E-11   0.703349E-10
   0.118900E+06   0.382791E-09  -0.667910E-10  -0.412257E-10
   0.118920E+06   0.352936E-09  -0.141853E-09  -0.153974E-09
   0.118940E+06   0.308900E-09  -0.212144E-09  -0.258915E-09
   0.118960E+06   0.252393E-09  -0.274604E-09  -0.349311E-09
   0.118980E+06   0.185721E-09  -0.326847E-09  -0.421398E-09
   0.119000E+06   0.111905E-09  -0.367336E-09  -0.474518E-09
   0.119020E+06   0.347096E-10  -0.395441E-09  -0.510692E-09
   0.119040E+06  -0.414694E-10  -0.411385E-09  -0.533763E-09
   0.119060E+06  -0.111848E-09  -0.416093E-09  -0.548281E-09
   0.119080E+06  -0.171620E-09  -0.410975E-09  -0.558379E-09
   0.119100E+06  -0.216396E-09  -0.397681E-09  -0.566844E-09
   0.119120E+06  -0.242662E-09  -0.377872E-09  -0.574556E-09
   0.119140E+06  -0.248183E-09  -0.353039E-09  -0.580378E-09
   0.119160E+06  -0.232303E-09  -0.324384E-09  -0.581507E-09
   0.119180E+06  -0.196091E-09  -0.292782E-09  -0.574182E-09
   0.119200E+06  -0.142305E-09  -0.258817E-09  -0.554601E-09
   0.119220E+06  -0.751818E-10  -0.222864E-09  -0.519839E-09
   0.119240E+06  -0.718883E-13  -0.185206E-09  -0.468596E-09
   0.119260E+06   0.770409E-10  -0.146145E-09  -0.401611E-09
   0.119280E+06   0.150077E-09  -0.106092E-09  -0.321667E-09
   0.119300E+06   0.213397E-09  -0.656242E-10  -0.233192E-09
   0.119320E+06   0.262294E-09  -0.254830E-10  -0.141540E-09
   0.119340E+06   0.293373E-09   0.134592E-10  -0.521022E-10
   0.119360E+06   0.304812E-09   0.502689E-10   0.305728E-10
   0.119380E+06   0.296471E-09   0.840348E-10   0.103465E-09
   0.119400E+06   0.269855E-09   0.113949E-09   0.165441E-09
   0.119420E+06   0.227924E-09   0.139371E-09   0.217208E-09
   0.119440E+06   0.174796E-09   0.159865E-09   0.260874E-09
   0.119460E+06   0.115342E-09   0.175212E-09   0.299207E-09
   0.119480E+06   0.547146E-10   0.185399E-09   0.334742E-09
   0.119500E+06  -0.215097E-11   0.190596E-09   0.368939E-09
   0.119520E+06  -0.510303E-10   0.191129E-09   0.401560E-09
   0.119540E+06  -0.888561E-10   0.187464E-09   0.430429E-09
   0.119560E+06  -0.114072E-09   0.180198E-09   0.451643E-09
   0.119580E+06  -0.126855E-09   0.170067E-09   0.460229E-09
   0.119600E+06  -0.129163E-09   0.157949E-09   0.451138E-09
   0.119620E+06  -0.124602E-09   0.144865E-09   0.420410E-09
   0.119640E+06  -0.118073E-09   0.131951E-09   0.366296E-09
   0.119660E+06  -0.115248E-09   0.120402E-09   0.290103E-09
   0.119680E+06  -0.121885E-09   0.111375E-09   0.196582E-09
   0.119700E+06  -0.143063E-09   0.105863E-09   0.937521E-10
   0.119720E+06  -0.182411E-09   0.104548E-09  -0.787659E-11
   0.119740E+06  -0.241435E-09   0.107651E-09  -0.965762E-10
   0.119760E+06  -0.319036E-09   0.114820E-09  -0.161009E-09
   0.119780E+06  -0.411299E-09   0.125066E-09  -0.191918E-09
   0.119800E+06  -0.511622E-09   0.136781E-09  -0.183643E-09
   0.119820E+06  -0.611194E-09   0.147846E-09  -0.135198E-09
   0.119840E+06  -0.699786E-09   0.155825E-09  -0.507288E-10
   0.119860E+06  -0.766808E-09   0.158232E-09   0.607389E-10
   0.119880E+06  -0.802487E-09   0.152838E-09   0.186267E-09
   0.119900E+06  -0.799049E-09   0.137981E-09   0.310546E-09
   0.119920E+06  -0.751734E-09   0.112822E-09   0.417803E-09
   0.119940E+06  -0.659529E-09   0.775273E-10   0.493809E-09
   0.119960E+06  -0.525492E-09   0.333233E-10   0.527694E-09
   0.119980E+06  -0.356626E-09  -0.175745E-10   0.513320E-09
   0.120000E+06  -0.163292E-09  -0.721633E-10   0.450023E-09
   0.120020E+06   0.417574E-10  -0.126957E-09   0.342633E-09
   0.120040E+06   0.244622E-09  -0.178355E-09   0.200804E-09
   0.120060E+06   0.431621E-09  -0.223019E-09   0.377487E-10
   0.120080E+06   0.590602E-09  -0.258215E-09  -0.131398E-09
   0.120100E+06   0.712049E-09  -0.282060E-09  -0.291366E-09
   0.120120E+06   0.789852E-09  -0.293658E-09  -0.428432E-09
   0.120140E+06   0.821664E-09  -0.293089E-09  -0.531784E-09
   0.120160E+06   0.808828E-09  -0.281284E-09  -0.594418E-09
   0.120180E+06   0.755922E-09  -0.259795E-09  -0.613501E-09
   0.120200E+06   0.670012E-09  -0.230513E-09  -0.590227E-09
   0.120220E+06   0.559737E-09  -0.195384E-09  -0.529231E-09
   0.120240E+06   0.434371E-09  -0.156164E-09  -0.437729E-09
   0.120260E+06   0.302984E-09  -0.114264E-09  -0.324529E-09
   0.120280E+06   0.173791E-09  -0.706987E-10  -0.199073E-09
   0.120300E+06   0.537463E-10  -0.261369E-10  -0.706265E-10
   0.120320E+06  -0.516269E-10   0.189586E-10   0.523127E-10
   0.120340E+06  -0.138210E-09   0.641436E-10   0.162382E-09
   0.120360E+06  -0.203145E-09   0.108802E-09   0.253522E-09
   0.120380E+06  -0.244661E-09   0.151998E-09   0.321024E-09
   0.120400E+06  -0.261938E-09   0.192412E-09   0.361526E-09
   0.120420E+06  -0.255074E-09   0.228378E-09   0.373031E-09
   0.120440E+06  -0.225158E-09   0.258028E-09   0.354985E-09
   0.120460E+06  -0.174418E-09   0.279513E-09   0.308412E-09
   0.120480E+06  -0.106389E-09   0.291281E-09   0.236060E-09
   0.120500E+06  -0.260086E-10   0.292341E-09   0.142506E-09
   0.120520E+06   0.604374E-10   0.282478E-09   0.341169E-10
   0.120540E+06   0.145584E-09   0.262362E-09  -0.811853E-10
   0.120560E+06   0.221493E-09   0.233541E-09  -0.194402E-09
   0.120580E+06   0.280370E-09   0.198288E-09  -0.296172E-09
   0.120600E+06   0.315418E-09   0.159344E-09  -0.377668E-09
   0.120620E+06   0.321705E-09   0.119581E-09  -0.431564E-09
   0.120640E+06   0.296911E-09   0.816424E-10  -0.452940E-09
   0.120660E+06   0.241822E-09   0.476140E-10  -0.439984E-09
   0.120680E+06   0.160456E-09   0.187907E-10  -0.394349E-09
   0.120700E+06   0.597764E-10  -0.443758E-11  -0.321102E-09
   0.120720E+06  -0.510099E-10  -0.225544E-10  -0.228213E-09
   0.120740E+06  -0.161478E-09  -0.367497E-10  -0.125649E-09
   0.120760E+06  -0.261212E-09  -0.486475E-10  -0.241764E-10
   0.120780E+06  -0.341049E-09  -0.599756E-10   0.659634E-10
   0.120800E+06  -0.394170E-09  -0.722330E-10   0.136322E-09
   0.120820E+06  -0.416871E-09  -0.864112E-10   0.181264E-09
   0.120840E+06  -0.408902E-09  -0.102814E-09   0.198590E-09
   0.120860E+06  -0.373336E-09  -0.121002E-09   0.189678E-09
   0.120880E+06  -0.315995E-09  -0.139865E-09   0.159117E-09
   0.120900E+06  -0.244542E-09  -0.157804E-09   0.113907E-09
   0.120920E+06  -0.167374E-09  -0.172995E-09   0.623432E-10
   0.120940E+06  -0.925174E-10  -0.183673E-09   0.127685E-10
   0.120960E+06  -0.266672E-10  -0.188402E-09  -0.276170E-10
   0.120980E+06   0.254795E-10  -0.186282E-09  -0.537066E-10
   0.121000E+06   0.615284E-10  -0.177060E-09  -0.630660E-10
   0.121020E+06   0.813249E-10  -0.161150E-09  -0.560666E-10
   0.121040E+06   0.865791E-10  -0.139550E-09  -0.355767E-10
   0.121060E+06   0.802886E-10  -0.113696E-09  -0.628476E-11
   0.121080E+06   0.660911E-10  -0.852759E-10   0.262164E-10
   0.121100E+06   0.476786E-10  -0.560403E-10   0.564197E-10
   0.121120E+06   0.283751E-10  -0.276442E-10   0.798030E-10
   0.121140E+06   0.109306E-10  -0.153611E-11   0.934941E-10
   0.121160E+06  -0.247157E-11   0.210969E-10   0.966060E-10
   0.121180E+06  -0.100492E-10   0.393349E-10   0.902095E-10
   0.121200E+06  -0.101920E-10   0.524989E-10   0.769725E-10
   0.121220E+06  -0.127445E-11   0.601147E-10   0.605527E-10
   0.121240E+06   0.183946E-10   0.618886E-10   0.448673E-10
   0.121260E+06   0.504289E-10   0.577112E-10   0.333784E-10
   0.121280E+06   0.960240E-10   0.476925E-10   0.285206E-10
   0.121300E+06   0.155473E-09   0.322244E-10   0.313666E-10
   0.121320E+06   0.227639E-09   0.120512E-10   0.415743E-10
   0.121340E+06   0.309515E-09  -0.116744E-10   0.576083E-10
   0.121360E+06   0.396011E-09  -0.373750E-10   0.771766E-10
   0.121380E+06   0.480057E-09  -0.630914E-10   0.977850E-10
   0.121400E+06   0.553092E-09  -0.865947E-10   0.117296E-09
   0.121420E+06   0.605904E-09  -0.105565E-09   0.134378E-09
   0.121440E+06   0.629745E-09  -0.117818E-09   0.148769E-09
   0.121460E+06   0.617543E-09  -0.121554E-09   0.161288E-09
   0.121480E+06   0.565062E-09  -0.115586E-09   0.173617E-09
   0.121500E+06   0.471765E-09  -0.995252E-10   0.187879E-09
   0.121520E+06   0.341268E-09  -0.738767E-10   0.206115E-09
   0.121540E+06   0.181237E-09  -0.400409E-10   0.229736E-09
   0.121560E+06   0.274357E-11  -0.207978E-12   0.259082E-09
   0.121580E+06  -0.180868E-09   0.428386E-10   0.293149E-09
   0.121600E+06  -0.355453E-09   0.859852E-10   0.329558E-09
   0.121620E+06  -0.507662E-09   0.126084E-09   0.364757E-09
   0.121640E+06  -0.626435E-09   0.160241E-09   0.394443E-09
   0.121660E+06  -0.704187E-09   0.186067E-09   0.414122E-09
   0.121680E+06  -0.737506E-09   0.201857E-09   0.419716E-09
   0.121700E+06  -0.727292E-09   0.206690E-09   0.408132E-09
   0.121720E+06  -0.678336E-09   0.200439E-09   0.377682E-09
   0.121740E+06  -0.598428E-09   0.183718E-09   0.328307E-09
   0.121760E+06  -0.497155E-09   0.157761E-09   0.261569E-09
   0.121780E+06  -0.384598E-09   0.124273E-09   0.180421E-09
   0.121800E+06  -0.270119E-09   0.852775E-10   0.888020E-10
   0.121820E+06  -0.161424E-09   0.429632E-10  -0.887033E-11
   0.121840E+06  -0.640060E-10  -0.444092E-12  -0.108230E-09
   0.121860E+06   0.189735E-10  -0.427862E-10  -0.205422E-09
   0.121880E+06   0.864268E-10  -0.820564E-10  -0.297439E-09
   0.121900E+06   0.138788E-09  -0.116467E-09  -0.382270E-09
   0.121920E+06   0.177321E-09  -0.144510E-09  -0.458884E-09
   0.121940E+06   0.203445E-09  -0.165011E-09  -0.527031E-09
   0.121960E+06   0.218219E-09  -0.177188E-09  -0.586942E-09
   0.121980E+06   0.222075E-09  -0.180687E-09  -0.638965E-09
   0.122000E+06   0.214840E-09  -0.175625E-09  -0.683221E-09
   0.122020E+06   0.196025E-09  -0.162580E-09  -0.719332E-09
   0.122040E+06   0.165285E-09  -0.142573E-09  -0.746276E-09
   0.122060E+06   0.122949E-09  -0.116989E-09  -0.762381E-09
   0.122080E+06   0.704621E-10  -0.874690E-10  -0.765471E-09
   0.122100E+06   0.106618E-10  -0.557798E-10  -0.753140E-09
   0.122120E+06  -0.522254E-10  -0.236579E-10  -0.723112E-09
   0.122140E+06  -0.112866E-09   0.733068E-11  -0.673644E-09
   0.122160E+06  -0.165355E-09   0.359064E-10  -0.603921E-09
   0.122180E+06  -0.203927E-09   0.611472E-10  -0.514387E-09
   0.122200E+06  -0.223712E-09   0.825058E-10  -0.406988E-09
   0.122220E+06  -0.221422E-09   0.997705E-10  -0.285274E-09
   0.122240E+06  -0.195832E-09   0.112982E-09  -0.154360E-09
   0.122260E+06  -0.147995E-09   0.122318E-09  -0.207214E-10
   0.122280E+06  -0.811312E-10   0.127980E-09   0.108162E-09
   0.122300E+06  -0.230874E-12   0.130092E-09   0.224303E-09
   0.122320E+06   0.885811E-10   0.128641E-09   0.319822E-09
   0.122340E+06   0.178800E-09   0.123475E-09   0.387636E-09
   0.122360E+06   0.264303E-09   0.114351E-09   0.422180E-09
   0.122380E+06   0.340001E-09   0.101028E-09   0.420075E-09
   0.122400E+06   0.402285E-09   0.833939E-10   0.380701E-09
   0.122420E+06   0.449220E-09   0.615804E-10   0.306566E-09
   0.122440E+06   0.480469E-09   0.360636E-10   0.203422E-09
   0.122460E+06   0.496994E-09   0.770765E-11   0.800703E-10
   0.122480E+06   0.500611E-09  -0.222547E-10  -0.521808E-10
   0.122500E+06   0.493469E-09  -0.523089E-10  -0.180379E-09
   0.122520E+06   0.477581E-09  -0.808027E-10  -0.291067E-09
   0.122540E+06   0.454458E-09  -0.106126E-09  -0.371594E-09
   0.122560E+06   0.424927E-09  -0.126897E-09  -0.411465E-09
   0.122580E+06   0.389119E-09  -0.142118E-09  -0.403565E-09
   0.122600E+06   0.346634E-09  -0.151280E-09  -0.345105E-09
   0.122620E+06   0.296816E-09  -0.154387E-09  -0.238134E-09
   0.122640E+06   0.239080E-09  -0.151900E-09  -0.895386E-10
   0.122660E+06   0.173205E-09  -0.144604E-09   0.895275E-10
   0.122680E+06   0.995490E-10  -0.133427E-09   0.284726E-09
   0.122700E+06   0.191270E-10  -0.119235E-09   0.480029E-09
   0.122720E+06  -0.664400E-10  -0.102654E-09   0.659451E-09
   0.122740E+06  -0.155097E-09  -0.839390E-10   0.808795E-09
   0.122760E+06  -0.244594E-09  -0.629374E-10   0.917189E-09
   0.122780E+06  -0.332744E-09  -0.391403E-10   0.978209E-09
   0.122800E+06  -0.417617E-09  -0.118345E-10   0.990433E-09
   0.122820E+06  -0.497643E-09   0.196755E-10   0.957355E-09
   0.122840E+06  -0.571591E-09   0.558082E-10   0.886672E-09
   0.122860E+06  -0.638410E-09   0.964541E-10   0.789061E-09
   0.122880E+06  -0.697002E-09   0.140780E-09   0.676616E-09
   0.122900E+06  -0.745947E-09   0.187130E-09   0.561194E-09
   0.122920E+06  -0.783279E-09   0.233050E-09   0.452898E-09
   0.122940E+06  -0.806385E-09   0.275446E-09   0.358924E-09
   0.122960E+06  -0.812060E-09   0.310861E-09   0.282919E-09
   0.122980E+06  -0.796782E-09   0.335843E-09   0.224936E-09
   0.123000E+06  -0.757165E-09   0.347354E-09   0.181948E-09
   0.123020E+06  -0.690567E-09   0.343168E-09   0.148816E-09
   0.123040E+06  -0.595749E-09   0.322188E-09   0.119528E-09
   0.123060E+06  -0.473494E-09   0.284657E-09   0.884833E-10
   0.123080E+06  -0.327059E-09   0.232216E-09   0.516088E-10
   0.123100E+06  -0.162376E-09   0.167793E-09   0.711395E-11
   0.123120E+06   0.120985E-10   0.953518E-10  -0.442240E-10
   0.123140E+06   0.185882E-09   0.195184E-10  -0.992801E-10
   0.123160E+06   0.347311E-09  -0.548619E-10  -0.153250E-09
   0.123180E+06   0.484642E-09  -0.123183E-09  -0.200632E-09
   0.123200E+06   0.587295E-09  -0.181495E-09  -0.236335E-09
   0.123220E+06   0.647082E-09  -0.226830E-09  -0.256718E-09
   0.123240E+06   0.659261E-09  -0.257408E-09  -0.260363E-09
   0.123260E+06   0.623279E-09  -0.272704E-09  -0.248457E-09
   0.123280E+06   0.543072E-09  -0.273377E-09  -0.224712E-09
   0.123300E+06   0.426887E-09  -0.261094E-09  -0.194841E-09
   0.123320E+06   0.286601E-09  -0.238269E-09  -0.165683E-09
   0.123340E+06   0.136620E-09  -0.207763E-09  -0.144131E-09
   0.123360E+06  -0.754371E-11  -0.172585E-09  -0.136034E-09
   0.123380E+06  -0.130838E-09  -0.135629E-09  -0.145259E-09
   0.123400E+06  -0.220229E-09  -0.994607E-10  -0.173064E-09
   0.123420E+06  -0.266054E-09  -0.661792E-10  -0.217863E-09
   0.123440E+06  -0.263037E-09  -0.373379E-10  -0.275428E-09
   0.123460E+06  -0.210848E-09  -0.139277E-10  -0.339457E-09
   0.123480E+06  -0.114151E-09   0.359861E-11  -0.402441E-09
   0.123500E+06   0.178555E-10   0.152743E-10  -0.456665E-09
   0.123520E+06   0.172348E-09   0.215514E-10  -0.495204E-09
   0.123540E+06   0.334142E-09   0.232253E-10  -0.512776E-09
   0.123560E+06   0.487166E-09   0.213546E-10  -0.506342E-09
   0.123580E+06   0.616006E-09   0.171731E-10  -0.475401E-09
   0.123600E+06   0.707361E-09   0.119915E-10  -0.421959E-09
   0.123620E+06   0.751275E-09   0.708633E-11  -0.350228E-09
   0.123640E+06   0.742035E-09   0.357916E-11  -0.266105E-09
   0.123660E+06   0.678673E-09   0.231410E-11  -0.176546E-09
   0.123680E+06   0.565010E-09   0.374830E-11  -0.888878E-10
   0.123700E+06   0.409273E-09   0.787352E-11  -0.102338E-10
   0.123720E+06   0.223318E-09   0.141874E-10   0.530820E-10
   0.123740E+06   0.215287E-10   0.217291E-10   0.959015E-10
   0.123760E+06  -0.180502E-09   0.291860E-10   0.114531E-09
   0.123780E+06  -0.367379E-09   0.350664E-10   0.106919E-09
   0.123800E+06  -0.525294E-09   0.379199E-10   0.727457E-10
   0.123820E+06  -0.643238E-09   0.365773E-10   0.134406E-10
   0.123840E+06  -0.713960E-09   0.303737E-10  -0.678649E-10
   0.123860E+06  -0.734545E-09   0.193145E-10  -0.166450E-09
   0.123880E+06  -0.706579E-09   0.415373E-11  -0.276195E-09
   0.123900E+06  -0.635871E-09  -0.136400E-10  -0.389862E-09
   0.123920E+06  -0.531766E-09  -0.320328E-10  -0.499474E-09
   0.123940E+06  -0.406107E-09  -0.486769E-10  -0.596787E-09
   0.123960E+06  -0.271973E-09  -0.612325E-10  -0.673834E-09
   0.123980E+06  -0.142317E-09  -0.677124E-10  -0.723498E-09
   0.124000E+06  -0.286512E-10  -0.667978E-10  -0.740068E-09
   0.124020E+06   0.600671E-10  -0.580723E-10  -0.719703E-09
   0.124040E+06   0.118234E-09  -0.421331E-10  -0.660765E-09
   0.124060E+06   0.143998E-09  -0.205573E-10  -0.563955E-09
   0.124080E+06   0.139228E-09   0.427896E-11  -0.432263E-09
   0.124100E+06   0.109064E-09   0.295044E-10  -0.270711E-09
   0.124120E+06   0.611334E-10   0.521378E-10  -0.859448E-10
   0.124140E+06   0.452364E-11   0.694960E-10   0.114283E-09
   0.124160E+06  -0.513286E-10   0.795653E-10   0.321658E-09
   0.124180E+06  -0.977151E-10   0.812785E-10   0.527820E-09
   0.124200E+06  -0.127563E-09   0.746567E-10   0.724792E-09
   0.124220E+06  -0.136086E-09   0.607967E-10   0.905285E-09
   0.124240E+06  -0.121119E-09   0.417062E-10   0.106288E-08
   0.124260E+06  -0.831522E-10   0.200156E-10   0.119212E-08
   0.124280E+06  -0.250774E-10  -0.138841E-11   0.128848E-08
   0.124300E+06   0.482656E-10  -0.197506E-10   0.134841E-08
   0.124320E+06   0.130666E-09  -0.328005E-10   0.136932E-08
   0.124340E+06   0.215157E-09  -0.390202E-10   0.134965E-08
   0.124360E+06   0.294597E-09  -0.377958E-10   0.128905E-08
   0.124380E+06   0.362178E-09  -0.294382E-10   0.118852E-08
   0.124400E+06   0.411838E-09  -0.150827E-10   0.105062E-08
   0.124420E+06   0.438587E-09   0.350717E-11   0.879634E-09
   0.124440E+06   0.438771E-09   0.241912E-10   0.681551E-09
   0.124460E+06   0.410303E-09   0.447185E-10   0.463981E-09
   0.124480E+06   0.352869E-09   0.629658E-10   0.235816E-09
   0.124500E+06   0.268107E-09   0.771199E-10   0.674844E-11
   0.124520E+06   0.159746E-09   0.857892E-10  -0.213374E-09
   0.124540E+06   0.336327E-10   0.880427E-10  -0.415250E-09
   0.124560E+06  -0.102386E-09   0.833920E-10  -0.590827E-09
   0.124580E+06  -0.238797E-09   0.717380E-10  -0.733893E-09
   0.124600E+06  -0.365004E-09   0.533065E-10  -0.840482E-09
   0.124620E+06  -0.470138E-09   0.285962E-10  -0.909051E-09
   0.124640E+06  -0.544072E-09  -0.164859E-11  -0.940382E-09
   0.124660E+06  -0.578531E-09  -0.364385E-10  -0.937259E-09
   0.124680E+06  -0.568158E-09  -0.745205E-10  -0.903959E-09
   0.124700E+06  -0.511395E-09  -0.114359E-09  -0.845635E-09
   0.124720E+06  -0.411011E-09  -0.154135E-09  -0.767710E-09
   0.124740E+06  -0.274177E-09  -0.191789E-09  -0.675350E-09
   0.124760E+06  -0.111998E-09  -0.225105E-09  -0.573093E-09
   0.124780E+06   0.614734E-10  -0.251861E-09  -0.464685E-09
   0.124800E+06   0.230659E-09  -0.270001E-09  -0.353101E-09
   0.124820E+06   0.380152E-09  -0.277842E-09  -0.240728E-09
   0.124840E+06   0.496477E-09  -0.274255E-09  -0.129645E-09
   0.124860E+06   0.569665E-09  -0.258809E-09  -0.219096E-10
   0.124880E+06   0.594442E-09  -0.231839E-09   0.802304E-10
   0.124900E+06   0.570818E-09  -0.194433E-09   0.174248E-09
   0.124920E+06   0.504020E-09  -0.148326E-09   0.257426E-09
   0.124940E+06   0.403735E-09  -0.957218E-10   0.327095E-09
   0.124960E+06   0.282794E-09  -0.390725E-10   0.381005E-09
   0.124980E+06   0.155451E-09   0.191606E-10   0.417733E-09
   0.125000E+06   0.355403E-10   0.767129E-10   0.437051E-09
   0.125020E+06  -0.652469E-10   0.131665E-09   0.440168E-09
   0.125040E+06  -0.138706E-09   0.182510E-09   0.429757E-09
   0.125060E+06  -0.180900E-09   0.228141E-09   0.409758E-09
   0.125080E+06  -0.192272E-09   0.267756E-09   0.384927E-09
   0.125100E+06  -0.177113E-09   0.300730E-09   0.360209E-09
   0.125120E+06  -0.142476E-09   0.326470E-09   0.339999E-09
   0.125140E+06  -0.967561E-10   0.344303E-09   0.327427E-09
   0.125160E+06  -0.481543E-10   0.353427E-09   0.323756E-09
   0.125180E+06  -0.331042E-11   0.352944E-09   0.328037E-09
   0.125200E+06   0.336893E-10   0.341981E-09   0.337069E-09
   0.125220E+06   0.617657E-10   0.319879E-09   0.345700E-09
   0.125240E+06   0.827040E-10   0.286412E-09   0.347465E-09
   0.125260E+06   0.100455E-09   0.242008E-09   0.335453E-09
   0.125280E+06   0.120021E-09   0.187902E-09   0.303320E-09
   0.125300E+06   0.146125E-09   0.126204E-09   0.246281E-09
   0.125320E+06   0.181927E-09   0.598350E-10   0.161955E-09
   0.125340E+06   0.227993E-09  -0.766227E-11   0.509181E-10
   0.125360E+06   0.281738E-09  -0.724246E-10  -0.831091E-10
   0.125380E+06   0.337437E-09  -0.130647E-09  -0.233482E-09
   0.125400E+06   0.386826E-09  -0.178983E-09  -0.391238E-09
   0.125420E+06   0.420207E-09  -0.214912E-09  -0.546013E-09
   0.125440E+06   0.427903E-09  -0.237010E-09  -0.687135E-09
   0.125460E+06   0.401821E-09  -0.245094E-09  -0.804761E-09
   0.125480E+06   0.336892E-09  -0.240202E-09  -0.890897E-09
   0.125500E+06   0.232150E-09  -0.224420E-09  -0.940176E-09
   0.125520E+06   0.912914E-10  -0.200588E-09  -0.950288E-09
   0.125540E+06  -0.774039E-10  -0.171913E-09  -0.922038E-09
   0.125560E+06  -0.261765E-09  -0.141561E-09  -0.859030E-09
   0.125580E+06  -0.446966E-09  -0.112289E-09  -0.767047E-09
   0.125600E+06  -0.617133E-09  -0.861569E-10  -0.653241E-09
   0.125620E+06  -0.757106E-09  -0.643718E-10  -0.525246E-09
   0.125640E+06  -0.854131E-09  -0.472672E-10  -0.390355E-09
   0.125660E+06  -0.899257E-09  -0.344144E-10  -0.254860E-09
   0.125680E+06  -0.888274E-09  -0.248346E-10  -0.123638E-09
   0.125700E+06  -0.822099E-09  -0.172682E-10  -0.942844E-14
   0.125720E+06  -0.706568E-09  -0.104499E-10   0.114150E-09
   0.125740E+06  -0.551699E-09  -0.334147E-11   0.218102E-09
   0.125760E+06  -0.370538E-09   0.471403E-11   0.311817E-09
   0.125780E+06  -0.177750E-09   0.139364E-10   0.395533E-09
   0.125800E+06   0.118697E-10   0.241512E-10   0.469384E-09
   0.125820E+06   0.184788E-09   0.349115E-10   0.533153E-09
   0.125840E+06   0.329880E-09   0.456667E-10   0.586197E-09
   0.125860E+06   0.439227E-09   0.559381E-10   0.627536E-09
   0.125880E+06   0.508513E-09   0.654615E-10   0.656058E-09
   0.125900E+06   0.537019E-09   0.742681E-10   0.670785E-09
   0.125920E+06   0.527262E-09   0.826850E-10   0.671136E-09
   0.125940E+06   0.484351E-09   0.912581E-10   0.657106E-09
   0.125960E+06   0.415180E-09   0.100613E-09   0.629329E-09
   0.125980E+06   0.327549E-09   0.111281E-09   0.589006E-09
   0.126000E+06   0.229326E-09   0.123535E-09   0.537707E-09
   0.126020E+06   0.127739E-09   0.137255E-09   0.477100E-09
   0.126040E+06   0.288542E-10   0.151862E-09   0.408673E-09
   0.126060E+06  -0.627251E-10   0.166340E-09   0.333506E-09
   0.126080E+06  -0.143929E-09   0.179326E-09   0.252171E-09
   0.126100E+06  -0.213087E-09   0.189272E-09   0.164789E-09
   0.126120E+06  -0.269637E-09   0.194643E-09   0.712391E-10
   0.126140E+06  -0.313724E-09   0.194116E-09  -0.284908E-10
   0.126160E+06  -0.345780E-09   0.186754E-09  -0.133887E-09
   0.126180E+06  -0.366134E-09   0.172114E-09  -0.243506E-09
   0.126200E+06  -0.374728E-09   0.150290E-09  -0.354675E-09
   0.126220E+06  -0.370981E-09   0.121879E-09  -0.463364E-09
   0.126240E+06  -0.353835E-09   0.878785E-10  -0.564294E-09
   0.126260E+06  -0.321973E-09   0.495521E-10  -0.651287E-09
   0.126280E+06  -0.274184E-09   0.827389E-11  -0.717829E-09
   0.126300E+06  -0.209831E-09  -0.346052E-10  -0.757792E-09
   0.126320E+06  -0.129333E-09  -0.778549E-10  -0.766198E-09
   0.126340E+06  -0.345865E-10  -0.120409E-09  -0.739936E-09
   0.126360E+06   0.707600E-10  -0.161359E-09  -0.678316E-09
   0.126380E+06   0.181253E-09  -0.199903E-09  -0.583376E-09
   0.126400E+06   0.289840E-09  -0.235272E-09  -0.459887E-09
   0.126420E+06   0.388342E-09  -0.266668E-09  -0.315061E-09
   0.126440E+06   0.468174E-09  -0.293221E-09  -0.157974E-09
   0.126460E+06   0.521219E-09  -0.313992E-09   0.120685E-11
   0.126480E+06   0.540768E-09  -0.328033E-09   0.152112E-09
   0.126500E+06   0.522409E-09  -0.334484E-09   0.285056E-09
   0.126520E+06   0.464718E-09  -0.332713E-09   0.391845E-09
   0.126540E+06   0.369671E-09  -0.322443E-09   0.466403E-09
   0.126560E+06   0.242693E-09  -0.303868E-09   0.505186E-09
   0.126580E+06   0.923093E-10  -0.277708E-09   0.507351E-09
   0.126600E+06  -0.705491E-10  -0.245199E-09   0.474703E-09
   0.126620E+06  -0.233543E-09  -0.208002E-09   0.411440E-09
   0.126640E+06  -0.384084E-09  -0.168046E-09   0.323746E-09
   0.126660E+06  -0.510527E-09  -0.127320E-09   0.219286E-09
   0.126680E+06  -0.603256E-09  -0.876486E-10   0.106639E-09
   0.126700E+06  -0.655532E-09  -0.504907E-10  -0.529340E-11
   0.126720E+06  -0.664021E-09  -0.167888E-10  -0.107873E-09
   0.126740E+06  -0.628947E-09   0.130990E-10  -0.193296E-09
   0.126760E+06  -0.553897E-09   0.393747E-10  -0.255124E-09
   0.126780E+06  -0.445310E-09   0.626833E-10  -0.288759E-09
   0.126800E+06  -0.311752E-09   0.839245E-10  -0.291841E-09
   0.126820E+06  -0.163076E-09   0.104024E-09  -0.264522E-09
   0.126840E+06  -0.957304E-11   0.123702E-09  -0.209581E-09
   0.126860E+06   0.138799E-09   0.143287E-09  -0.132340E-09
   0.126880E+06   0.273047E-09   0.162595E-09  -0.403477E-10
   0.126900E+06   0.385611E-09   0.180914E-09   0.571739E-10
   0.126920E+06   0.470671E-09   0.197084E-09   0.150110E-09
   0.126940E+06   0.524330E-09   0.209670E-09   0.228398E-09
   0.126960E+06   0.544694E-09   0.217195E-09   0.283068E-09
   0.126980E+06   0.531891E-09   0.218399E-09   0.307251E-09
   0.127000E+06   0.488050E-09   0.212475E-09   0.297051E-09
   0.127020E+06   0.417230E-09   0.199248E-09   0.252155E-09
   0.127040E+06   0.325278E-09   0.179263E-09   0.176083E-09
   0.127060E+06   0.219580E-09   0.153761E-09   0.760257E-10
   0.127080E+06   0.108668E-09   0.124559E-09  -0.377497E-10
   0.127100E+06   0.166265E-11   0.938383E-10  -0.152868E-09
   0.127120E+06  -0.924454E-10   0.638783E-10  -0.256105E-09
   0.127140E+06  -0.165628E-09   0.367819E-10  -0.334793E-09
   0.127160E+06  -0.211688E-09   0.142272E-10  -0.378214E-09
   0.127180E+06  -0.227050E-09  -0.271510E-11  -0.378826E-09
   0.127200E+06  -0.211344E-09  -0.136737E-10  -0.333157E-09
   0.127220E+06  -0.167670E-09  -0.189688E-10  -0.242285E-09
   0.127240E+06  -0.102447E-09  -0.195109E-10  -0.111829E-09
   0.127260E+06  -0.248183E-10  -0.166275E-10   0.485429E-10
   0.127280E+06   0.543563E-10  -0.118474E-10   0.226023E-09
   0.127300E+06   0.123825E-09  -0.668015E-11   0.405900E-09
   0.127320E+06   0.173414E-09  -0.242274E-11   0.572971E-09
   0.127340E+06   0.195447E-09  -0.217296E-13   0.712978E-09
   0.127360E+06   0.185904E-09  -0.511438E-14   0.813921E-09
   0.127380E+06   0.145117E-09  -0.248689E-11   0.867117E-09
   0.127400E+06   0.778973E-10  -0.723416E-11   0.867904E-09
   0.127420E+06  -0.697839E-11  -0.137765E-10   0.815936E-09
   0.127440E+06  -0.978625E-10  -0.215329E-10   0.715067E-09
   0.127460E+06  -0.181778E-09  -0.299296E-10   0.572847E-09
   0.127480E+06  -0.246195E-09  -0.384885E-10   0.399706E-09
   0.127500E+06  -0.280788E-09  -0.468721E-10   0.207923E-09
   0.127520E+06  -0.278915E-09  -0.548817E-10   0.104890E-10
   0.127540E+06  -0.238598E-09  -0.624144E-10  -0.180023E-09
   0.127560E+06  -0.162860E-09  -0.693949E-10  -0.352468E-09
   0.127580E+06  -0.593644E-10  -0.756990E-10  -0.497928E-09
   0.127600E+06   0.605838E-10  -0.810900E-10  -0.610251E-09
   0.127620E+06   0.183531E-09  -0.851836E-10  -0.686266E-09
   0.127640E+06   0.295629E-09  -0.874511E-10  -0.725708E-09
   0.127660E+06   0.384401E-09  -0.872649E-10  -0.730846E-09
   0.127680E+06   0.440252E-09  -0.839774E-10  -0.705909E-09
   0.127700E+06   0.457537E-09  -0.770226E-10  -0.656364E-09
   0.127720E+06   0.435036E-09  -0.660229E-10  -0.588157E-09
   0.127740E+06   0.375810E-09  -0.508824E-10  -0.507003E-09
   0.127760E+06   0.286505E-09  -0.318509E-10  -0.417827E-09
   0.127780E+06   0.176235E-09  -0.954804E-11  -0.324406E-09
   0.127800E+06   0.552595E-10   0.150579E-10  -0.229261E-09
   0.127820E+06  -0.663401E-10   0.407135E-10  -0.133792E-09
   0.127840E+06  -0.179780E-09   0.659790E-10  -0.386163E-10
   0.127860E+06  -0.278343E-09   0.893477E-10   0.559466E-10
   0.127880E+06  -0.357715E-09   0.109373E-09   0.149356E-09
   0.127900E+06  -0.415907E-09   0.124788E-09   0.240379E-09
   0.127920E+06  -0.452825E-09   0.134604E-09   0.326779E-09
   0.127940E+06  -0.469631E-09   0.138180E-09   0.405218E-09
   0.127960E+06  -0.468048E-09   0.135264E-09   0.471426E-09
   0.127980E+06  -0.449763E-09   0.125995E-09   0.520613E-09
   0.128000E+06  -0.416044E-09   0.110881E-09   0.548088E-09
   0.128020E+06  -0.367633E-09   0.907548E-10   0.549976E-09
   0.128040E+06  -0.304920E-09   0.667082E-10   0.523932E-09
   0.128060E+06  -0.228326E-09   0.400203E-10   0.469728E-09
   0.128080E+06  -0.138807E-09   0.120813E-10   0.389597E-09
   0.128100E+06  -0.383206E-10  -0.156853E-10   0.288270E-09
   0.128120E+06   0.698328E-10  -0.418969E-10   0.172667E-09
   0.128140E+06   0.180921E-09  -0.652814E-10   0.512681E-10
   0.128160E+06   0.288972E-09  -0.847400E-10  -0.667574E-10
   0.128180E+06   0.387245E-09  -0.994031E-10  -0.172558E-09
   0.128200E+06   0.468915E-09  -0.108675E-09  -0.258594E-09
   0.128220E+06   0.527866E-09  -0.112267E-09  -0.319488E-09
   0.128240E+06   0.559465E-09  -0.110215E-09  -0.352601E-09
   0.128260E+06   0.561186E-09  -0.102883E-09  -0.358264E-09
   0.128280E+06   0.532990E-09  -0.909393E-10  -0.339624E-09
   0.128300E+06   0.477387E-09  -0.753228E-10  -0.302143E-09
   0.128320E+06   0.399184E-09  -0.571823E-10  -0.252816E-09
   0.128340E+06   0.304941E-09  -0.378021E-10  -0.199234E-09
   0.128360E+06   0.202244E-09  -0.185129E-10  -0.148620E-09
   0.128380E+06   0.988803E-10  -0.595609E-12  -0.106984E-09
   0.128400E+06   0.205058E-11   0.148162E-10  -0.784914E-10
   0.128420E+06  -0.822868E-10   0.268268E-10  -0.651355E-10
   0.128440E+06  -0.149859E-09   0.348543E-10  -0.667252E-10
   0.128460E+06  -0.198275E-09   0.386844E-10  -0.811684E-10
   0.128480E+06  -0.226979E-09   0.384949E-10  -0.104983E-09
   0.128500E+06  -0.237006E-09   0.348468E-10  -0.133940E-09
   0.128520E+06  -0.230603E-09   0.286391E-10  -0.163724E-09
   0.128540E+06  -0.210789E-09   0.210285E-10  -0.190524E-09
   0.128560E+06  -0.180947E-09   0.133182E-10  -0.211462E-09
   0.128580E+06  -0.144480E-09   0.682501E-11  -0.224817E-09
   0.128600E+06  -0.104578E-09   0.273466E-11  -0.230047E-09
   0.128620E+06  -0.640937E-10   0.196220E-11  -0.227628E-09
   0.128640E+06  -0.255144E-10   0.503097E-11  -0.218763E-09
   0.128660E+06   0.902448E-11   0.119870E-10  -0.205042E-09
   0.128680E+06   0.377090E-10   0.223607E-10  -0.188111E-09
   0.128700E+06   0.590479E-10   0.351855E-10  -0.169416E-09
   0.128720E+06   0.719247E-10   0.490750E-10  -0.150055E-09
   0.128740E+06   0.757019E-10   0.623546E-10  -0.130744E-09
   0.128760E+06   0.703609E-10   0.732364E-10  -0.111891E-09
   0.128780E+06   0.566398E-10   0.800193E-10  -0.937301E-10
   0.128800E+06   0.361245E-10   0.812918E-10  -0.764787E-10
   0.128820E+06   0.112488E-10   0.761144E-10  -0.604610E-10
   0.128840E+06  -0.148289E-10   0.641585E-10  -0.461700E-10
   0.128860E+06  -0.384864E-10   0.457831E-10  -0.342406E-10
   0.128880E+06  -0.560230E-10   0.220390E-10  -0.253390E-10
   0.128900E+06  -0.641327E-10  -0.540381E-11  -0.199865E-10
   0.128920E+06  -0.604055E-10  -0.343982E-10  -0.183582E-10
   0.128940E+06  -0.437843E-10  -0.625166E-10  -0.200989E-10
   0.128960E+06  -0.149025E-10  -0.872822E-10  -0.242033E-10
   0.128980E+06   0.237625E-10  -0.106407E-09  -0.289936E-10
   0.129000E+06   0.679662E-10  -0.118014E-09  -0.322114E-10
   0.129020E+06   0.112018E-09  -0.120816E-09  -0.312247E-10
   0.129040E+06   0.149331E-09  -0.114240E-09  -0.233228E-10
   0.129060E+06   0.173144E-09  -0.984734E-10  -0.606247E-11
   0.129080E+06   0.177339E-09  -0.744495E-10   0.223859E-10
   0.129100E+06   0.157264E-09  -0.437540E-10   0.629436E-10
   0.129120E+06   0.110435E-09  -0.848356E-11   0.115424E-09
   0.129140E+06   0.370426E-10   0.289365E-10   0.178461E-09
   0.129160E+06  -0.598225E-10   0.659545E-10   0.249569E-09
   0.129180E+06  -0.174276E-09   0.100094E-09   0.325337E-09
   0.129200E+06  -0.298068E-09   0.129140E-09   0.401719E-09
   0.129220E+06  -0.421316E-09   0.151285E-09   0.474377E-09
   0.129240E+06  -0.533448E-09   0.165250E-09   0.539045E-09
   0.129260E+06  -0.624267E-09   0.170334E-09   0.591842E-09
   0.129280E+06  -0.685015E-09   0.166438E-09   0.629526E-09
   0.129300E+06  -0.709300E-09   0.154025E-09   0.649644E-09
   0.129320E+06  -0.693789E-09   0.134050E-09   0.650591E-09
   0.129340E+06  -0.638579E-09   0.107856E-09   0.631587E-09
   0.129360E+06  -0.547199E-09   0.770491E-10   0.592600E-09
   0.129380E+06  -0.426247E-09   0.433645E-10   0.534251E-09
   0.129400E+06  -0.284709E-09   0.853751E-11   0.457733E-09
   0.129420E+06  -0.133037E-09  -0.258120E-10   0.364786E-09
   0.129440E+06   0.178976E-10  -0.582718E-10   0.257707E-09
   0.129460E+06   0.157848E-09  -0.876980E-10   0.139427E-09
   0.129480E+06   0.278118E-09  -0.113243E-09   0.135840E-10
   0.129500E+06   0.372271E-09  -0.134350E-09  -0.115403E-09
   0.129520E+06   0.436541E-09  -0.150716E-09  -0.242350E-09
   0.129540E+06   0.469934E-09  -0.162244E-09  -0.361424E-09
   0.129560E+06   0.474026E-09  -0.168977E-09  -0.466414E-09
   0.129580E+06   0.452510E-09  -0.171041E-09  -0.551148E-09
   0.129600E+06   0.410581E-09  -0.168599E-09  -0.610043E-09
   0.129620E+06   0.354244E-09  -0.161839E-09  -0.638722E-09
   0.129640E+06   0.289656E-09  -0.150970E-09  -0.634639E-09
   0.129660E+06   0.222563E-09  -0.136266E-09  -0.597596E-09
   0.129680E+06   0.157907E-09  -0.118109E-09  -0.530067E-09
   0.129700E+06   0.996137E-10  -0.970511E-10  -0.437241E-09
   0.129720E+06   0.505516E-10  -0.738647E-10  -0.326738E-09
   0.129740E+06   0.126256E-10  -0.495671E-10  -0.207991E-09
   0.129760E+06  -0.130474E-10  -0.254130E-10  -0.913363E-10
   0.129780E+06  -0.259460E-10  -0.284077E-11   0.130994E-10
   0.129800E+06  -0.259874E-10   0.166237E-10   0.965677E-10
   0.129820E+06  -0.134436E-10   0.315024E-10   0.152778E-09
   0.129840E+06   0.110557E-10   0.405220E-10   0.178723E-09
   0.129860E+06   0.464455E-10   0.427750E-10   0.175120E-09
   0.129880E+06   0.911050E-10   0.378603E-10   0.146379E-09
   0.129900E+06   0.142741E-09   0.259826E-10   0.100071E-09
   0.129920E+06   0.198327E-09   0.799164E-11   0.459553E-10
   0.129940E+06   0.254133E-09  -0.146486E-10  -0.533037E-11
   0.129960E+06   0.305877E-09  -0.399631E-10  -0.437305E-10
   0.129980E+06   0.349000E-09  -0.656318E-10  -0.611862E-10
   0.130000E+06   0.379034E-09  -0.892020E-10  -0.527952E-10
   0.130020E+06   0.392027E-09  -0.108322E-09  -0.175422E-10
   0.130040E+06   0.384970E-09  -0.120969E-09   0.415188E-10
   0.130060E+06   0.356150E-09  -0.125645E-09   0.117665E-09
   0.130080E+06   0.305400E-09  -0.121515E-09   0.201445E-09
   0.130100E+06   0.234187E-09  -0.108473E-09   0.282015E-09
   0.130120E+06   0.145523E-09  -0.871365E-10   0.348693E-09
   0.130140E+06   0.437303E-10  -0.587599E-10   0.392485E-09
   0.130160E+06  -0.659453E-10  -0.250946E-10   0.407362E-09
   0.130180E+06  -0.177791E-09   0.117949E-10   0.391091E-09
   0.130200E+06  -0.286121E-09   0.497292E-10   0.345499E-09
   0.130220E+06  -0.385739E-09   0.866055E-10   0.276130E-09
   0.130240E+06  -0.472324E-09   0.120559E-09   0.191346E-09
   0.130260E+06  -0.542704E-09   0.150082E-09   0.101023E-09
   0.130280E+06  -0.594996E-09   0.174089E-09   0.150493E-10
   0.130300E+06  -0.628616E-09   0.191935E-09  -0.581511E-10
   0.130320E+06  -0.644163E-09   0.203383E-09  -0.112824E-09
   0.130340E+06  -0.643208E-09   0.208543E-09  -0.146643E-09
   0.130360E+06  -0.628013E-09   0.207790E-09  -0.160903E-09
   0.130380E+06  -0.601217E-09   0.201685E-09  -0.160127E-09
   0.130400E+06  -0.565516E-09   0.190897E-09  -0.151162E-09
   0.130420E+06  -0.523364E-09   0.176147E-09  -0.141905E-09
   0.130440E+06  -0.476732E-09   0.158178E-09  -0.139879E-09
   0.130460E+06  -0.426926E-09   0.137730E-09  -0.150879E-09
   0.130480E+06  -0.374507E-09   0.115547E-09  -0.177908E-09
   0.130500E+06  -0.319295E-09   0.923763E-10  -0.220562E-09
   0.130520E+06  -0.260490E-09   0.689744E-10  -0.274961E-09
   0.130540E+06  -0.196887E-09   0.460984E-10  -0.334223E-09
   0.130560E+06  -0.127175E-09   0.244891E-10  -0.389410E-09
   0.130580E+06  -0.502885E-10   0.483940E-11  -0.430786E-09
   0.130600E+06   0.342219E-10  -0.122473E-10  -0.449203E-09
   0.130620E+06   0.125861E-09  -0.263001E-10  -0.437404E-09
   0.130640E+06   0.222947E-09  -0.370196E-10  -0.391063E-09
   0.130660E+06   0.322515E-09  -0.443030E-10  -0.309424E-09
   0.130680E+06   0.420388E-09  -0.482503E-10  -0.195474E-09
   0.130700E+06   0.511447E-09  -0.491471E-10  -0.556421E-10
   0.130720E+06   0.590075E-09  -0.474260E-10   0.100891E-09
   0.130740E+06   0.650739E-09  -0.436107E-10   0.263168E-09
   0.130760E+06   0.688639E-09  -0.382512E-10   0.419556E-09
   0.130780E+06   0.700347E-09  -0.318611E-10   0.558832E-09
   0.130800E+06   0.684318E-09  -0.248667E-10   0.671126E-09
   0.130820E+06   0.641228E-09  -0.175768E-10   0.748626E-09
   0.130840E+06   0.574041E-09  -0.101801E-10   0.786010E-09
   0.130860E+06   0.487799E-09  -0.276861E-11   0.780609E-09
   0.130880E+06   0.389149E-09   0.461471E-11   0.732337E-09
   0.130900E+06   0.285655E-09   0.119144E-10   0.643466E-09
   0.130920E+06   0.184996E-09   0.189982E-10   0.518301E-09
   0.130940E+06   0.941536E-10   0.256035E-10   0.362818E-09
   0.130960E+06   0.187090E-10   0.313073E-10   0.184319E-09
   0.130980E+06  -0.376635E-10   0.355269E-10  -0.890847E-11
   0.131000E+06  -0.734302E-10   0.375582E-10  -0.207913E-09
   0.131020E+06  -0.891449E-10   0.366467E-10  -0.403422E-09
   0.131040E+06  -0.871350E-10   0.320852E-10  -0.586226E-09
   0.131060E+06  -0.709910E-10   0.233239E-10  -0.747611E-09
   0.131080E+06  -0.449595E-10   0.100773E-10  -0.879859E-09
   0.131100E+06  -0.133450E-10  -0.758937E-11  -0.976755E-09
   0.131120E+06   0.199807E-10  -0.292090E-10  -0.103407E-08
   0.131140E+06   0.518910E-10  -0.539070E-10  -0.104997E-08
   0.131160E+06   0.801060E-10  -0.804452E-10  -0.102518E-08
   0.131180E+06   0.103099E-09  -0.107312E-09  -0.963065E-09
   0.131200E+06   0.119860E-09  -0.132850E-09  -0.869282E-09
   0.131220E+06   0.129600E-09  -0.155400E-09  -0.751330E-09
   0.131240E+06   0.131483E-09  -0.173454E-09  -0.617819E-09
   0.131260E+06   0.124476E-09  -0.185781E-09  -0.477635E-09
   0.131280E+06   0.107365E-09  -0.191528E-09  -0.339087E-09
   0.131300E+06   0.789443E-10  -0.190270E-09  -0.209148E-09
   0.131320E+06   0.383615E-10  -0.182011E-09  -0.928791E-10
   0.131340E+06  -0.144671E-10  -0.167140E-09   0.687650E-11
   0.131360E+06  -0.784610E-10  -0.146350E-09   0.895130E-10
   0.131380E+06  -0.151102E-09  -0.120532E-09   0.156402E-09
   0.131400E+06  -0.228372E-09  -0.906721E-10   0.210414E-09
   0.131420E+06  -0.304949E-09  -0.577594E-10   0.255309E-09
   0.131440E+06  -0.374664E-09  -0.227213E-10   0.295094E-09
   0.131460E+06  -0.431168E-09   0.136018E-10   0.333456E-09
   0.131480E+06  -0.468723E-09   0.504461E-10   0.373335E-09
   0.131500E+06  -0.482967E-09   0.870809E-10   0.416684E-09
   0.131520E+06  -0.471559E-09   0.122748E-09   0.464418E-09
   0.131540E+06  -0.434555E-09   0.156599E-09   0.516513E-09
   0.131560E+06  -0.374470E-09   0.187648E-09   0.572200E-09
   0.131580E+06  -0.295988E-09   0.214764E-09   0.630170E-09
   0.131600E+06  -0.205376E-09   0.236693E-09   0.688742E-09
   0.131620E+06  -0.109688E-09   0.252143E-09   0.745927E-09
   0.131640E+06  -0.158902E-10   0.259902E-09   0.799407E-09
   0.131660E+06   0.699425E-10   0.258981E-09   0.846432E-09
   0.131680E+06   0.143242E-09   0.248770E-09   0.883699E-09
   0.131700E+06   0.201275E-09   0.229170E-09   0.907290E-09
   0.131720E+06   0.243154E-09   0.200689E-09   0.912736E-09
   0.131740E+06   0.269558E-09   0.164472E-09   0.895258E-09
   0.131760E+06   0.282230E-09   0.122253E-09   0.850205E-09
   0.131780E+06   0.283394E-09   0.762349E-10   0.773656E-09
   0.131800E+06   0.275196E-09   0.289046E-10   0.663124E-09
   0.131820E+06   0.259309E-09  -0.172062E-10   0.518232E-09
   0.131840E+06   0.236766E-09  -0.597705E-10   0.341266E-09
   0.131860E+06   0.208061E-09  -0.969023E-10   0.137463E-09
   0.131880E+06   0.173466E-09  -0.127343E-09  -0.850434E-10
   0.131900E+06   0.133495E-09  -0.150570E-09  -0.315661E-09
   0.131920E+06   0.893727E-10  -0.166810E-09  -0.542142E-09
   0.131940E+06   0.433877E-10  -0.176959E-09  -0.751658E-09
   0.131960E+06  -0.989161E-12  -0.182403E-09  -0.932028E-09
   0.131980E+06  -0.392913E-10  -0.184783E-09  -0.107291E-08
   0.132000E+06  -0.665517E-10  -0.185725E-09  -0.116681E-08
   0.132020E+06  -0.780457E-10  -0.186577E-09  -0.120977E-08
   0.132040E+06  -0.701622E-10  -0.188199E-09  -0.120156E-08
   0.132060E+06  -0.412415E-10  -0.190825E-09  -0.114551E-08
   0.132080E+06   0.778861E-11  -0.194032E-09  -0.104783E-08
   0.132100E+06   0.731252E-10  -0.196815E-09  -0.916715E-09
   0.132120E+06   0.148243E-09  -0.197749E-09  -0.761214E-09
   0.132140E+06   0.224509E-09  -0.195233E-09  -0.590208E-09
   0.132160E+06   0.292192E-09  -0.187756E-09  -0.411533E-09
   0.132180E+06   0.341735E-09  -0.174156E-09  -0.231431E-09
   0.132200E+06   0.365093E-09  -0.153835E-09  -0.543867E-10
   0.132220E+06   0.356927E-09  -0.126879E-09   0.116676E-09
   0.132240E+06   0.315463E-09  -0.940878E-10   0.279887E-09
   0.132260E+06   0.242850E-09  -0.568906E-10   0.433766E-09
   0.132280E+06   0.144964E-09  -0.171782E-10   0.576536E-09
   0.132300E+06   0.306734E-10   0.229333E-10   0.705581E-09
   0.132320E+06  -0.893347E-10   0.613610E-10   0.817159E-09
   0.132340E+06  -0.203979E-09   0.962980E-10   0.906455E-09
   0.132360E+06  -0.303245E-09   0.126403E-09   0.967971E-09
   0.132380E+06  -0.379458E-09   0.150910E-09   0.996188E-09
   0.132400E+06  -0.428177E-09   0.169641E-09   0.986402E-09
   0.132420E+06  -0.448591E-09   0.182936E-09   0.935574E-09
   0.132440E+06  -0.443371E-09   0.191501E-09   0.843053E-09
   0.132460E+06  -0.418023E-09   0.196223E-09   0.711032E-09
   0.132480E+06  -0.379881E-09   0.197978E-09   0.544662E-09
   0.132500E+06  -0.336901E-09   0.197458E-09   0.351788E-09
   0.132520E+06  -0.296470E-09   0.195072E-09   0.142349E-09
   0.132540E+06  -0.264402E-09   0.190904E-09  -0.724848E-10
   0.132560E+06  -0.244268E-09   0.184756E-09  -0.281295E-09
   0.132580E+06  -0.237136E-09   0.176246E-09  -0.473398E-09
   0.132600E+06  -0.241702E-09   0.164949E-09  -0.639691E-09
   0.132620E+06  -0.254774E-09   0.150544E-09  -0.773258E-09
   0.132640E+06  -0.271959E-09   0.132934E-09  -0.869702E-09
   0.132660E+06  -0.288429E-09   0.112326E-09  -0.927169E-09
   0.132680E+06  -0.299622E-09   0.892382E-10  -0.946136E-09
   0.132700E+06  -0.301773E-09   0.644529E-10  -0.929007E-09
   0.132720E+06  -0.292215E-09   0.389107E-10  -0.879626E-09
   0.132740E+06  -0.269452E-09   0.135768E-10  -0.802779E-09
   0.132760E+06  -0.233045E-09  -0.106953E-10  -0.703766E-09
   0.132780E+06  -0.183395E-09  -0.332742E-10  -0.588069E-09
   0.132800E+06  -0.121512E-09  -0.538141E-10  -0.461133E-09
   0.132820E+06  -0.488596E-10  -0.722567E-10  -0.328243E-09
   0.132840E+06   0.326900E-10  -0.887756E-10  -0.194446E-09
   0.132860E+06   0.120774E-09  -0.103673E-09  -0.644979E-10
   0.132880E+06   0.212377E-09  -0.117254E-09   0.572333E-10
   0.132900E+06   0.303663E-09  -0.129704E-09   0.166893E-09
   0.132920E+06   0.389894E-09  -0.141000E-09   0.261316E-09
   0.132940E+06   0.465515E-09  -0.150871E-09   0.338218E-09
   0.132960E+06   0.524471E-09  -0.158826E-09   0.396365E-09
   0.132980E+06   0.560755E-09  -0.164233E-09   0.435674E-09
   0.133000E+06   0.569147E-09  -0.166448E-09   0.457217E-09
   0.133020E+06   0.546040E-09  -0.164961E-09   0.463087E-09
   0.133040E+06   0.490220E-09  -0.159527E-09   0.456156E-09
   0.133060E+06   0.403449E-09  -0.150261E-09   0.439724E-09
   0.133080E+06   0.290730E-09  -0.137663E-09   0.417129E-09
   0.133100E+06   0.160142E-09  -0.122584E-09   0.391367E-09
   0.133120E+06   0.222464E-10  -0.106108E-09   0.364780E-09
   0.133140E+06  -0.110918E-09  -0.894012E-10   0.338872E-09
   0.133160E+06  -0.227112E-09  -0.735253E-10   0.314266E-09
   0.133180E+06  -0.315291E-09  -0.592723E-10   0.290813E-09
   0.133200E+06  -0.366917E-09  -0.470370E-10   0.267818E-09
   0.133220E+06  -0.377006E-09  -0.367585E-10   0.244335E-09
   0.133240E+06  -0.344747E-09  -0.279410E-10   0.219484E-09
   0.133260E+06  -0.273615E-09  -0.197511E-10   0.192700E-09
   0.133280E+06  -0.170960E-09  -0.111743E-10   0.163904E-09
   0.133300E+06  -0.471300E-10  -0.120289E-11   0.133537E-09
   0.133320E+06   0.857221E-10   0.109801E-10   0.102476E-09
   0.133340E+06   0.214994E-09   0.258526E-10   0.718548E-10
   0.133360E+06   0.328949E-09   0.434691E-10   0.428276E-10
   0.133380E+06   0.417830E-09   0.634529E-10   0.163373E-10
   0.133400E+06   0.474641E-09   0.850654E-10  -0.706135E-11
   0.133420E+06   0.495534E-09   0.107337E-09  -0.272830E-10
   0.133440E+06   0.479797E-09   0.129231E-09  -0.446807E-10
   0.133460E+06   0.429511E-09   0.149812E-09  -0.599080E-10
   0.133480E+06   0.348977E-09   0.168376E-09  -0.737040E-10
   0.133500E+06   0.244029E-09   0.184531E-09  -0.866508E-10
   0.133520E+06   0.121364E-09   0.198190E-09  -0.989560E-10
   0.133540E+06  -0.120293E-10   0.209511E-09  -0.110312E-09
   0.133560E+06  -0.149289E-09   0.218758E-09  -0.119868E-09
   0.133580E+06  -0.283933E-09   0.226144E-09  -0.126332E-09
   0.133600E+06  -0.409977E-09   0.231678E-09  -0.128180E-09
   0.133620E+06  -0.521986E-09   0.235045E-09  -0.123964E-09
   0.133640E+06  -0.615098E-09   0.235556E-09  -0.112627E-09
   0.133660E+06  -0.685101E-09   0.232182E-09  -0.938153E-10
   0.133680E+06  -0.728569E-09   0.223668E-09  -0.680823E-10
   0.133700E+06  -0.743068E-09   0.208723E-09  -0.369834E-10
   0.133720E+06  -0.727389E-09   0.186243E-09  -0.301348E-11
   0.133740E+06  -0.681766E-09   0.155545E-09   0.305978E-10
   0.133760E+06  -0.608007E-09   0.116559E-09   0.602092E-10
   0.133780E+06  -0.509478E-09   0.699564E-10   0.821658E-10
   0.133800E+06  -0.390937E-09   0.171771E-10   0.932136E-10
   0.133820E+06  -0.258190E-09  -0.396410E-10   0.908765E-10
   0.133840E+06  -0.117629E-09  -0.978300E-10   0.737440E-10
   0.133860E+06   0.243001E-10  -0.154434E-09   0.416383E-10
   0.133880E+06   0.161598E-09  -0.206488E-09  -0.435899E-11
   0.133900E+06   0.289126E-09  -0.251303E-09  -0.620116E-10
   0.133920E+06   0.402854E-09  -0.286710E-09  -0.128148E-09
   0.133940E+06   0.499921E-09  -0.311235E-09  -0.198960E-09
   0.133960E+06   0.578524E-09  -0.324190E-09  -0.270339E-09
   0.133980E+06   0.637663E-09  -0.325668E-09  -0.338216E-09
   0.134000E+06   0.676834E-09  -0.316452E-09  -0.398867E-09
   0.134020E+06   0.695747E-09  -0.297863E-09  -0.449154E-09
   0.134040E+06   0.694134E-09  -0.271563E-09  -0.486701E-09
   0.134060E+06   0.671716E-09  -0.239356E-09  -0.509982E-09
   0.134080E+06   0.628332E-09  -0.203003E-09  -0.518334E-09
   0.134100E+06   0.564211E-09  -0.164086E-09  -0.511911E-09
   0.134120E+06   0.480314E-09  -0.123918E-09  -0.491576E-09
   0.134140E+06   0.378676E-09  -0.835135E-10  -0.458760E-09
   0.134160E+06   0.262642E-09  -0.436062E-10  -0.415303E-09
   0.134180E+06   0.136921E-09  -0.470975E-11  -0.363287E-09
   0.134200E+06   0.742791E-11   0.328050E-10  -0.304881E-09
   0.134220E+06  -0.119113E-09   0.686257E-10  -0.242200E-09
   0.134240E+06  -0.235738E-09   0.102423E-09  -0.177214E-09
   0.134260E+06  -0.335919E-09   0.133798E-09  -0.111673E-09
   0.134280E+06  -0.414234E-09   0.162247E-09  -0.470931E-10
   0.134300E+06  -0.466924E-09   0.187163E-09   0.152375E-10
   0.134320E+06  -0.492242E-09   0.207852E-09   0.742131E-10
   0.134340E+06  -0.490552E-09   0.223568E-09   0.128858E-09
   0.134360E+06  -0.464143E-09   0.233571E-09   0.178273E-09
   0.134380E+06  -0.416826E-09   0.237183E-09   0.221605E-09
   0.134400E+06  -0.353366E-09   0.233849E-09   0.258042E-09
   0.134420E+06  -0.278870E-09   0.223209E-09   0.286852E-09
   0.134440E+06  -0.198222E-09   0.205149E-09   0.307453E-09
   0.134460E+06  -0.115664E-09   0.179861E-09   0.319508E-09
   0.134480E+06  -0.345710E-10   0.147878E-09   0.323025E-09
   0.134500E+06   0.425675E-10   0.110097E-09   0.318434E-09
   0.134520E+06   0.113997E-09   0.677741E-10   0.306621E-09
   0.134540E+06   0.178435E-09   0.224918E-10   0.288902E-09
   0.134560E+06   0.234797E-09  -0.239079E-10   0.266927E-09
   0.134580E+06   0.281977E-09  -0.694202E-10   0.242521E-09
   0.134600E+06   0.318758E-09  -0.112002E-09   0.217484E-09
   0.134620E+06   0.343881E-09  -0.149711E-09   0.193386E-09
   0.134640E+06   0.356242E-09  -0.180852E-09   0.171385E-09
   0.134660E+06   0.355185E-09  -0.204106E-09   0.152121E-09
   0.134680E+06   0.340798E-09  -0.218631E-09   0.135697E-09
   0.134700E+06   0.314130E-09  -0.224132E-09   0.121774E-09
   0.134720E+06   0.277256E-09  -0.220867E-09   0.109763E-09
   0.134740E+06   0.233143E-09  -0.209609E-09   0.990824E-10
   0.134760E+06   0.185322E-09  -0.191563E-09   0.894380E-10
   0.134780E+06   0.137408E-09  -0.168242E-09   0.810652E-10
   0.134800E+06   0.925569E-10  -0.141323E-09   0.748743E-10
   0.134820E+06   0.529604E-10  -0.112500E-09   0.724571E-10
   0.134840E+06   0.194953E-10  -0.833536E-10   0.759276E-10
   0.134860E+06  -0.839153E-11  -0.552443E-10   0.876050E-10
   0.134880E+06  -0.325193E-10  -0.292465E-10   0.109574E-09
   0.134900E+06  -0.555389E-10  -0.612188E-11   0.143187E-09
   0.134920E+06  -0.802986E-10   0.136703E-10   0.188586E-09
   0.134940E+06  -0.109118E-09   0.299324E-10   0.244338E-09
   0.134960E+06  -0.143116E-09   0.426702E-10   0.307250E-09
   0.134980E+06  -0.181722E-09   0.520279E-10   0.372432E-09
   0.135000E+06  -0.222491E-09   0.582281E-10   0.433607E-09
   0.135020E+06  -0.261285E-09   0.615250E-10   0.483674E-09
   0.135040E+06  -0.292804E-09   0.621744E-10   0.515436E-09
   0.135060E+06  -0.311408E-09   0.604220E-10   0.522428E-09
   0.135080E+06  -0.312104E-09   0.565061E-10   0.499730E-09
   0.135100E+06  -0.291508E-09   0.506708E-10   0.444651E-09
   0.135120E+06  -0.248644E-09   0.431832E-10   0.357197E-09
   0.135140E+06  -0.185400E-09   0.343491E-10   0.240259E-09
   0.135160E+06  -0.106553E-09   0.245248E-10   0.994846E-10
   0.135180E+06  -0.193405E-10   0.141207E-10  -0.571495E-10
   0.135200E+06   0.673836E-10   0.359827E-11  -0.220009E-09
   0.135220E+06   0.144286E-09  -0.654076E-11  -0.378645E-09
   0.135240E+06   0.202809E-09  -0.157709E-10  -0.522712E-09
   0.135260E+06   0.236352E-09  -0.235647E-10  -0.642850E-09
   0.135280E+06   0.241196E-09  -0.294190E-10  -0.731459E-09
   0.135300E+06   0.217024E-09  -0.328863E-10  -0.783284E-09
   0.135320E+06   0.166949E-09  -0.336089E-10  -0.795765E-09
   0.135340E+06   0.970655E-10  -0.313577E-10  -0.769159E-09
   0.135360E+06   0.155750E-10  -0.260695E-10  -0.706413E-09
   0.135380E+06  -0.683545E-10  -0.178821E-10  -0.612847E-09
   0.135400E+06  -0.145831E-09  -0.715806E-11  -0.495666E-09
   0.135420E+06  -0.209383E-09   0.550668E-11  -0.363363E-09
   0.135440E+06  -0.253847E-09   0.192977E-10  -0.225060E-09
   0.135460E+06  -0.276858E-09   0.332232E-10  -0.898283E-10
   0.135480E+06  -0.278906E-09   0.461839E-10   0.339684E-10
   0.135500E+06  -0.262962E-09   0.570663E-10   0.139265E-09
   0.135520E+06  -0.233759E-09   0.648532E-10   0.220782E-09
   0.135540E+06  -0.196856E-09   0.687374E-10   0.275382E-09
   0.135560E+06  -0.157661E-09   0.682254E-10   0.302255E-09
   0.135580E+06  -0.120548E-09   0.632145E-10   0.302911E-09
   0.135600E+06  -0.882315E-10   0.540308E-10   0.280977E-09
   0.135620E+06  -0.614631E-10   0.414198E-10   0.241801E-09
   0.135640E+06  -0.390950E-10   0.264871E-10   0.191874E-09
   0.135660E+06  -0.184769E-10   0.105954E-10   0.138153E-09
   0.135680E+06   0.389495E-11  -0.477166E-11   0.873255E-10
   0.135700E+06   0.315925E-10  -0.181601E-10   0.451021E-10
   0.135720E+06   0.674676E-10  -0.282929E-10   0.156389E-10
   0.135740E+06   0.112988E-09  -0.341935E-10   0.114462E-11
   0.135760E+06   0.167799E-09  -0.352711E-10   0.173664E-11
   0.135780E+06   0.229576E-09  -0.313587E-10   0.155635E-10
   0.135800E+06   0.294182E-09  -0.227026E-10   0.391776E-10
   0.135820E+06   0.356105E-09  -0.990797E-11   0.681032E-10
   0.135840E+06   0.409105E-09   0.614600E-11   0.975162E-10
   0.135860E+06   0.446979E-09   0.244081E-10   0.122933E-09
   0.135880E+06   0.464342E-09   0.437563E-10   0.140805E-09
   0.135900E+06   0.457317E-09   0.630863E-10   0.148933E-09
   0.135920E+06   0.424059E-09   0.813764E-10   0.146643E-09
   0.135940E+06   0.365037E-09   0.977277E-10   0.134710E-09
   0.135960E+06   0.283074E-09   0.111381E-09   0.115053E-09
   0.135980E+06   0.183119E-09   0.121715E-09   0.902761E-10
   0.136000E+06   0.718039E-10   0.128244E-09   0.631366E-10
   0.136020E+06  -0.431710E-10   0.130611E-09   0.360437E-10
   0.136040E+06  -0.153754E-09   0.128594E-09   0.106813E-10
   0.136060E+06  -0.252282E-09   0.122122E-09  -0.121862E-10
   0.136080E+06  -0.332185E-09   0.111304E-09  -0.326999E-10
   0.136100E+06  -0.388564E-09   0.964486E-10  -0.516991E-10
   0.136120E+06  -0.418623E-09   0.780891E-10  -0.703774E-10
   0.136140E+06  -0.421890E-09   0.569779E-10  -0.898828E-10
   0.136160E+06  -0.400219E-09   0.340623E-10  -0.110950E-09
   0.136180E+06  -0.357574E-09   0.104285E-10  -0.133647E-09
   0.136200E+06  -0.299616E-09  -0.127794E-10  -0.157285E-09
   0.136220E+06  -0.233123E-09  -0.344578E-10  -0.180515E-09
   0.136240E+06  -0.165304E-09  -0.536450E-10  -0.201578E-09
   0.136260E+06  -0.103069E-09  -0.696107E-10  -0.218664E-09
   0.136280E+06  -0.523369E-10  -0.819182E-10  -0.230274E-09
   0.136300E+06  -0.174373E-10  -0.904492E-10  -0.235536E-09
   0.136320E+06  -0.689921E-12  -0.953861E-10  -0.234365E-09
   0.136340E+06  -0.219812E-11  -0.971537E-10  -0.227458E-09
   0.136360E+06  -0.198909E-10  -0.963325E-10  -0.216107E-09
   0.136380E+06  -0.498094E-10  -0.935570E-10  -0.201869E-09
   0.136400E+06  -0.866114E-10  -0.894177E-10  -0.186184E-09
   0.136420E+06  -0.124235E-09  -0.843846E-10  -0.170007E-09
   0.136440E+06  -0.156649E-09  -0.787649E-10  -0.153564E-09
   0.136460E+06  -0.178590E-09  -0.727000E-10  -0.136292E-09
   0.136480E+06  -0.186209E-09  -0.662014E-10  -0.116988E-09
   0.136500E+06  -0.177539E-09  -0.592151E-10  -0.941516E-10
   0.136520E+06  -0.152720E-09  -0.516980E-10  -0.664642E-10
   0.136540E+06  -0.113973E-09  -0.436895E-10  -0.332928E-10
   0.136560E+06  -0.653103E-10  -0.353593E-10   0.488309E-11
   0.136580E+06  -0.120310E-10  -0.270211E-10   0.462342E-10
   0.136600E+06   0.399322E-10  -0.191043E-10   0.876071E-10
   0.136620E+06   0.847275E-10  -0.120902E-10   0.124840E-09
   0.136640E+06   0.117272E-09  -0.642282E-11   0.153337E-09
   0.136660E+06   0.133828E-09  -0.241359E-11   0.168817E-09
   0.136680E+06   0.132399E-09  -0.160527E-12   0.168105E-09
   0.136700E+06   0.112914E-09   0.498954E-12   0.149825E-09
   0.136720E+06   0.771861E-10  -0.120143E-13   0.114849E-09
   0.136740E+06   0.286715E-10  -0.106191E-11   0.664080E-10
   0.136760E+06  -0.279281E-10  -0.190956E-11   0.981012E-11
   0.136780E+06  -0.871561E-10  -0.183418E-11  -0.481994E-10
   0.136800E+06  -0.143322E-09  -0.274213E-12  -0.100357E-09
   0.136820E+06  -0.190990E-09   0.305107E-11  -0.139926E-09
   0.136840E+06  -0.225392E-09   0.806154E-11  -0.161703E-09
   0.136860E+06  -0.242743E-09   0.142961E-10  -0.162804E-09
   0.136880E+06  -0.240439E-09   0.209604E-10  -0.143109E-09
   0.136900E+06  -0.217159E-09   0.270386E-10  -0.105273E-09
   0.136920E+06  -0.172892E-09   0.314530E-10  -0.542980E-10
   0.136940E+06  -0.108902E-09   0.332460E-10   0.324732E-11
   0.136960E+06  -0.276598E-10   0.317537E-10   0.602507E-10
   0.136980E+06   0.672510E-10   0.267394E-10   0.110129E-09
   0.137000E+06   0.171253E-09   0.184632E-10   0.147782E-09
   0.137020E+06   0.278930E-09   0.767131E-11   0.170265E-09
   0.137040E+06   0.384234E-09  -0.449500E-11   0.177077E-09
   0.137060E+06   0.480760E-09  -0.166592E-10   0.170037E-09
   0.137080E+06   0.562097E-09  -0.274120E-10   0.152775E-09
   0.137100E+06   0.622240E-09  -0.355242E-10   0.129968E-09
   0.137120E+06   0.656059E-09  -0.401340E-10   0.106450E-09
   0.137140E+06   0.659760E-09  -0.408766E-10   0.863793E-10
   0.137160E+06   0.631309E-09  -0.379335E-10   0.726047E-10
   0.137180E+06   0.570747E-09  -0.319937E-10   0.663399E-10
   0.137200E+06   0.480344E-09  -0.241314E-10   0.671835E-10
   0.137220E+06   0.364557E-09  -0.156222E-10   0.734586E-10
   0.137240E+06   0.229778E-09  -0.772917E-11   0.827799E-10
   0.137260E+06   0.838768E-10  -0.149552E-11   0.927142E-10
   0.137280E+06  -0.644189E-10   0.241967E-11   0.101386E-09
   0.137300E+06  -0.206237E-09   0.383485E-11   0.107895E-09
   0.137320E+06  -0.333298E-09   0.305208E-11   0.112458E-09
   0.137340E+06  -0.438583E-09   0.775704E-12   0.116243E-09
   0.137360E+06  -0.516860E-09  -0.204127E-11   0.120930E-09
   0.137380E+06  -0.565016E-09  -0.439504E-11   0.128107E-09
   0.137400E+06  -0.582160E-09  -0.543682E-11   0.138627E-09
   0.137420E+06  -0.569505E-09  -0.464910E-11   0.152078E-09
   0.137440E+06  -0.530056E-09  -0.195960E-11   0.166502E-09
   0.137460E+06  -0.468171E-09   0.222841E-11   0.178436E-09
   0.137480E+06  -0.389050E-09   0.709617E-11   0.183319E-09
   0.137500E+06  -0.298239E-09   0.115504E-10   0.176190E-09
   0.137520E+06  -0.201204E-09   0.144211E-10   0.152586E-09
   0.137540E+06  -0.103016E-09   0.146822E-10   0.109475E-09
   0.137560E+06  -0.816778E-11   0.116559E-10   0.460555E-10
   0.137580E+06   0.794892E-10   0.516525E-11  -0.357288E-10
   0.137600E+06   0.156715E-09  -0.439251E-11  -0.131078E-09
   0.137620E+06   0.220808E-09  -0.160659E-10  -0.232662E-09
   0.137640E+06   0.269541E-09  -0.284601E-10  -0.331366E-09
   0.137660E+06   0.301138E-09  -0.399223E-10  -0.417345E-09
   0.137680E+06   0.314332E-09  -0.487701E-10  -0.481233E-09
   0.137700E+06   0.308496E-09  -0.535294E-10  -0.515337E-09
   0.137720E+06   0.283841E-09  -0.531423E-10  -0.514619E-09
   0.137740E+06   0.241622E-09  -0.471144E-10  -0.477343E-09
   0.137760E+06   0.184321E-09  -0.355808E-10  -0.405274E-09
   0.137780E+06   0.115726E-09  -0.192836E-10  -0.303430E-09
   0.137800E+06   0.408745E-10   0.531303E-12  -0.179433E-09
   0.137820E+06  -0.341798E-10   0.222792E-10  -0.425610E-10
   0.137840E+06  -0.102778E-09   0.442336E-10   0.973294E-10
   0.137860E+06  -0.158217E-09   0.647257E-10   0.230872E-09
   0.137880E+06  -0.194416E-09   0.823152E-10   0.350089E-09
   0.137900E+06  -0.206597E-09   0.959123E-10   0.449009E-09
   0.137920E+06  -0.191899E-09   0.104839E-09   0.523970E-09
   0.137940E+06  -0.149848E-09   0.108828E-09   0.573583E-09
   0.137960E+06  -0.825792E-10   0.107974E-09   0.598430E-09
   0.137980E+06   0.520839E-11   0.102650E-09   0.600579E-09
   0.138000E+06   0.106593E-09   0.934138E-10   0.583027E-09
   0.138020E+06   0.213044E-09   0.809184E-10   0.549175E-09
   0.138040E+06   0.315242E-09   0.658519E-10   0.502409E-09
   0.138060E+06   0.404019E-09   0.489015E-10   0.445841E-09
   0.138080E+06   0.471307E-09   0.307479E-10   0.382214E-09
   0.138100E+06   0.510982E-09   0.120793E-10   0.313933E-09
   0.138120E+06   0.519499E-09  -0.639040E-11   0.243172E-09
   0.138140E+06   0.496245E-09  -0.239113E-10   0.171993E-09
   0.138160E+06   0.443555E-09  -0.397096E-10   0.102413E-09
   0.138180E+06   0.366407E-09  -0.530266E-10   0.363830E-10
   0.138200E+06   0.271820E-09  -0.631857E-10  -0.243309E-10
   0.138220E+06   0.168038E-09  -0.696764E-10  -0.783467E-10
   0.138240E+06   0.636114E-10  -0.722422E-10  -0.124897E-09
   0.138260E+06  -0.335265E-10  -0.709521E-10  -0.164030E-09
   0.138280E+06  -0.116859E-09  -0.662403E-10  -0.196723E-09
   0.138300E+06  -0.181880E-09  -0.588988E-10  -0.224853E-09
   0.138320E+06  -0.226408E-09  -0.500173E-10  -0.251003E-09
   0.138340E+06  -0.250612E-09  -0.408732E-10  -0.278112E-09
   0.138360E+06  -0.256739E-09  -0.327849E-10  -0.309013E-09
   0.138380E+06  -0.248624E-09  -0.269462E-10  -0.345911E-09
   0.138400E+06  -0.231038E-09  -0.242680E-10  -0.389901E-09
   0.138420E+06  -0.208986E-09  -0.252491E-10  -0.440592E-09
   0.138440E+06  -0.187041E-09  -0.298993E-10  -0.495921E-09
   0.138460E+06  -0.168810E-09  -0.377256E-10  -0.552191E-09
   0.138480E+06  -0.156581E-09  -0.477868E-10  -0.604350E-09
   0.138500E+06  -0.151191E-09  -0.588076E-10  -0.646472E-09
   0.138520E+06  -0.152108E-09  -0.693376E-10  -0.672401E-09
   0.138540E+06  -0.157693E-09  -0.779322E-10  -0.676460E-09
   0.138560E+06  -0.165580E-09  -0.833276E-10  -0.654140E-09
   0.138580E+06  -0.173124E-09  -0.845885E-10  -0.602673E-09
   0.138600E+06  -0.177819E-09  -0.812054E-10  -0.521424E-09
   0.138620E+06  -0.177657E-09  -0.731331E-10  -0.412058E-09
   0.138640E+06  -0.171361E-09  -0.607657E-10  -0.278448E-09
   0.138660E+06  -0.158498E-09  -0.448570E-10  -0.126372E-09
   0.138680E+06  -0.139454E-09  -0.264014E-10   0.369760E-10
   0.138700E+06  -0.115323E-09  -0.649443E-11   0.203586E-09
   0.138720E+06  -0.877105E-10   0.138039E-10   0.365267E-09
   0.138740E+06  -0.585361E-10   0.335839E-10   0.514250E-09
   0.138760E+06  -0.298285E-10   0.521630E-10   0.643689E-09
   0.138780E+06  -0.356547E-11   0.691189E-10   0.748027E-09
   0.138800E+06   0.184425E-10   0.842758E-10   0.823203E-09
   0.138820E+06   0.346268E-10   0.976534E-10   0.866712E-09
   0.138840E+06   0.437072E-10   0.109391E-09   0.877528E-09
   0.138860E+06   0.447309E-10   0.119661E-09   0.855950E-09
   0.138880E+06   0.371204E-10   0.128589E-09   0.803387E-09
   0.138900E+06   0.207408E-10   0.136197E-09   0.722144E-09
   0.138920E+06  -0.401601E-11   0.142372E-09   0.615234E-09
   0.138940E+06  -0.361447E-10   0.146872E-09   0.486226E-09
   0.138960E+06  -0.739620E-10   0.149356E-09   0.339156E-09
   0.138980E+06  -0.115094E-09   0.149445E-09   0.178467E-09
   0.139000E+06  -0.156542E-09   0.146790E-09   0.898233E-11
   0.139020E+06  -0.194842E-09   0.141136E-09  -0.164128E-09
   0.139040E+06  -0.226325E-09   0.132381E-09  -0.335408E-09
   0.139060E+06  -0.247448E-09   0.120608E-09  -0.499221E-09
   0.139080E+06  -0.255180E-09   0.106094E-09  -0.649913E-09
   0.139100E+06  -0.247366E-09   0.892900E-10  -0.782026E-09
   0.139120E+06  -0.223046E-09   0.707808E-10  -0.890566E-09
   0.139140E+06  -0.182645E-09   0.512313E-10  -0.971281E-09
   0.139160E+06  -0.128026E-09   0.313258E-10  -0.102093E-08
   0.139180E+06  -0.623635E-10   0.117132E-10  -0.103752E-08
   0.139200E+06   0.101343E-10  -0.703642E-11  -0.102047E-08
   0.139220E+06   0.846325E-10  -0.244584E-10  -0.970659E-09
   0.139240E+06   0.156149E-09  -0.402017E-10  -0.890440E-09
   0.139260E+06   0.220044E-09  -0.540222E-10  -0.783478E-09
   0.139280E+06   0.272443E-09  -0.657647E-10  -0.654554E-09
   0.139300E+06   0.310558E-09  -0.753420E-10  -0.509294E-09
   0.139320E+06   0.332852E-09  -0.827158E-10  -0.353861E-09
   0.139340E+06   0.339045E-09  -0.878867E-10  -0.194641E-09
   0.139360E+06   0.329982E-09  -0.908939E-10  -0.379537E-10
   0.139380E+06   0.307389E-09  -0.918257E-10   0.110216E-09
   0.139400E+06   0.273584E-09  -0.908354E-10   0.244440E-09
   0.139420E+06   0.231189E-09  -0.881589E-10   0.360036E-09
   0.139440E+06   0.182889E-09  -0.841245E-10   0.453226E-09
   0.139460E+06   0.131288E-09  -0.791514E-10   0.521281E-09
   0.139480E+06   0.788402E-10  -0.737305E-10   0.562651E-09
   0.139500E+06   0.278711E-10  -0.683881E-10   0.577088E-09
   0.139520E+06  -0.193632E-10  -0.636358E-10   0.565742E-09
   0.139540E+06  -0.606178E-10  -0.599119E-10   0.531220E-09
   0.139560E+06  -0.936478E-10  -0.575253E-10   0.477565E-09
   0.139580E+06  -0.116279E-09  -0.566111E-10   0.410142E-09
   0.139600E+06  -0.126574E-09  -0.571080E-10   0.335387E-09
   0.139620E+06  -0.123084E-09  -0.587618E-10   0.260414E-09
   0.139640E+06  -0.105149E-09  -0.611601E-10   0.192489E-09
   0.139660E+06  -0.731955E-10  -0.637908E-10   0.138404E-09
   0.139680E+06  -0.289602E-10  -0.661186E-10   0.103794E-09
   0.139700E+06   0.244164E-10  -0.676666E-10   0.924909E-10
   0.139720E+06   0.824734E-10  -0.680879E-10   0.105988E-09
   0.139740E+06   0.139710E-09  -0.672145E-10   0.143108E-09
   0.139760E+06   0.190047E-09  -0.650735E-10   0.199942E-09
   0.139780E+06   0.227431E-09  -0.618658E-10   0.270100E-09
   0.139800E+06   0.246488E-09  -0.579085E-10   0.345280E-09
   0.139820E+06   0.243167E-09  -0.535513E-10   0.416103E-09
   0.139840E+06   0.215256E-09  -0.490796E-10   0.473140E-09
   0.139860E+06   0.162699E-09  -0.446243E-10   0.508005E-09
   0.139880E+06   0.876853E-10  -0.400938E-10   0.514381E-09
   0.139900E+06  -0.554202E-11  -0.351463E-10   0.488837E-09
   0.139920E+06  -0.111096E-09  -0.292097E-10   0.431332E-09
   0.139940E+06  -0.222042E-09  -0.215524E-10   0.345313E-09
   0.139960E+06  -0.331088E-09  -0.113963E-10   0.237401E-09
   0.139980E+06  -0.431268E-09   0.194212E-11   0.116677E-09
   0.140000E+06  -0.516547E-09   0.189040E-10  -0.632074E-11
   0.140020E+06  -0.582260E-09   0.395572E-10  -0.120781E-09
   0.140040E+06  -0.625353E-09   0.635050E-10  -0.216815E-09
   0.140060E+06  -0.644416E-09   0.898518E-10  -0.286517E-09
   0.140080E+06  -0.639536E-09   0.117235E-09  -0.324751E-09
   0.140100E+06  -0.612020E-09   0.143922E-09  -0.329577E-09
   0.140120E+06  -0.564059E-09   0.167965E-09  -0.302272E-09
   0.140140E+06  -0.498384E-09   0.187392E-09  -0.246966E-09
   0.140160E+06  -0.417994E-09   0.200407E-09  -0.169969E-09
   0.140180E+06  -0.325961E-09   0.205576E-09  -0.789015E-10
   0.140200E+06  -0.225345E-09   0.201976E-09   0.182388E-10
   0.140220E+06  -0.119183E-09   0.189287E-09   0.113942E-09
   0.140240E+06  -0.105270E-10   0.167808E-09   0.201868E-09
   0.140260E+06   0.975152E-10   0.138417E-09   0.277266E-09
   0.140280E+06   0.201780E-09   0.102468E-09   0.337122E-09
   0.140300E+06   0.299117E-09   0.616481E-10   0.380031E-09
   0.140320E+06   0.386530E-09   0.178167E-10   0.405877E-09
   0.140340E+06   0.461377E-09  -0.271453E-10   0.415398E-09
   0.140360E+06   0.521606E-09  -0.714668E-10   0.409738E-09
   0.140380E+06   0.565956E-09  -0.113576E-09   0.390069E-09
   0.140400E+06   0.594101E-09  -0.152149E-09   0.357361E-09
   0.140420E+06   0.606674E-09  -0.186112E-09   0.312321E-09
   0.140440E+06   0.605174E-09  -0.214618E-09   0.255487E-09
   0.140460E+06   0.591741E-09  -0.237004E-09   0.187460E-09
   0.140480E+06   0.568842E-09  -0.252747E-09   0.109180E-09
   0.140500E+06   0.538912E-09  -0.261434E-09   0.221977E-10
   0.140520E+06   0.504021E-09  -0.262758E-09  -0.711482E-10
   0.140540E+06   0.465613E-09  -0.256539E-09  -0.167683E-09
   0.140560E+06   0.424383E-09  -0.242763E-09  -0.263512E-09
   0.140580E+06   0.380305E-09  -0.221642E-09  -0.354282E-09
   0.140600E+06   0.332806E-09  -0.193667E-09  -0.435562E-09
   0.140620E+06   0.281066E-09  -0.159642E-09  -0.503274E-09
   0.140640E+06   0.224365E-09  -0.120698E-09  -0.554115E-09
   0.140660E+06   0.162440E-09  -0.782603E-10  -0.585894E-09
   0.140680E+06   0.957459E-10  -0.339761E-10  -0.597746E-09
   0.140700E+06   0.255990E-10   0.103843E-10  -0.590182E-09
   0.140720E+06  -0.458460E-10   0.530574E-10  -0.564980E-09
   0.140740E+06  -0.115778E-09   0.924181E-10  -0.524939E-09
   0.140760E+06  -0.181039E-09   0.127102E-09  -0.473539E-09
   0.140780E+06  -0.238513E-09   0.156101E-09  -0.414566E-09
   0.140800E+06  -0.285509E-09   0.178816E-09  -0.351742E-09
   0.140820E+06  -0.320091E-09   0.195066E-09  -0.288432E-09
   0.140840E+06  -0.341280E-09   0.205057E-09  -0.227437E-09
   0.140860E+06  -0.349115E-09   0.209309E-09  -0.170890E-09
   0.140880E+06  -0.344554E-09   0.208558E-09  -0.120260E-09
   0.140900E+06  -0.329263E-09   0.203661E-09  -0.764258E-10
   0.140920E+06  -0.305332E-09   0.195492E-09  -0.397914E-10
   0.140940E+06  -0.274976E-09   0.184873E-09  -0.104197E-10
   0.140960E+06  -0.240305E-09   0.172519E-09   0.118564E-10
   0.140980E+06  -0.203183E-09   0.159020E-09   0.273576E-10
   0.141000E+06  -0.165204E-09   0.144846E-09   0.365237E-10
   0.141020E+06  -0.127782E-09   0.130362E-09   0.399158E-10
   0.141040E+06  -0.923082E-10   0.115862E-09   0.382405E-10
   0.141060E+06  -0.603189E-10   0.101591E-09   0.323772E-10
   0.141080E+06  -0.336085E-10   0.877547E-10   0.233899E-10
   0.141100E+06  -0.142346E-10   0.745212E-10   0.125109E-10
   0.141120E+06  -0.437673E-11   0.620040E-10   0.109041E-11
   0.141140E+06  -0.604900E-11   0.502378E-10  -0.948433E-11
   0.141160E+06  -0.206983E-10   0.391540E-10  -0.178901E-10
   0.141180E+06  -0.487561E-10   0.285650E-10  -0.229743E-10
   0.141200E+06  -0.892302E-10   0.181649E-10  -0.238508E-10
   0.141220E+06  -0.139429E-09   0.755338E-11  -0.199730E-10
   0.141240E+06  -0.194903E-09  -0.371969E-11  -0.111756E-10
   0.141260E+06  -0.249646E-09  -0.160900E-10   0.231520E-11
   0.141280E+06  -0.296584E-09  -0.299059E-10   0.198994E-10
   0.141300E+06  -0.328287E-09  -0.453560E-10   0.406399E-10
   0.141320E+06  -0.337850E-09  -0.624115E-10   0.633094E-10
   0.141340E+06  -0.319813E-09  -0.807910E-10   0.864413E-10
   0.141360E+06  -0.270983E-09  -0.999566E-10   0.108382E-09
   0.141380E+06  -0.191051E-09  -0.119142E-09   0.127344E-09
   0.141400E+06  -0.828852E-10  -0.137410E-09   0.141479E-09
   0.141420E+06   0.475492E-10  -0.153734E-09   0.148957E-09
   0.141440E+06   0.191649E-09  -0.167084E-09   0.148086E-09
   0.141460E+06   0.338963E-09  -0.176522E-09   0.137451E-09
   0.141480E+06   0.478218E-09  -0.181274E-09   0.116089E-09
   0.141500E+06   0.598446E-09  -0.180791E-09   0.836597E-10
   0.141520E+06   0.690078E-09  -0.174783E-09   0.406112E-10
   0.141540E+06   0.745872E-09  -0.163226E-09  -0.116972E-10
   0.141560E+06   0.761557E-09  -0.146355E-09  -0.709489E-10
   0.141580E+06   0.736152E-09  -0.124640E-09  -0.133918E-09
   0.141600E+06   0.671916E-09  -0.987533E-10  -0.196633E-09
   0.141620E+06   0.573989E-09  -0.695433E-10  -0.254646E-09
   0.141640E+06   0.449778E-09  -0.380023E-10  -0.303401E-09
   0.141660E+06   0.308181E-09  -0.524338E-11  -0.338665E-09
   0.141680E+06   0.158763E-09   0.275248E-10  -0.356961E-09
   0.141700E+06   0.109656E-10   0.590274E-10  -0.355966E-09
   0.141720E+06  -0.126566E-09   0.879633E-10  -0.334816E-09
   0.141740E+06  -0.246502E-09   0.113059E-09  -0.294260E-09
   0.141760E+06  -0.343177E-09   0.133138E-09  -0.236654E-09
   0.141780E+06  -0.412771E-09   0.147203E-09  -0.165766E-09
   0.141800E+06  -0.453365E-09   0.154527E-09  -0.864328E-10
   0.141820E+06  -0.464885E-09   0.154731E-09  -0.407723E-11
   0.141840E+06  -0.448993E-09   0.147858E-09   0.758341E-10
   0.141860E+06  -0.408912E-09   0.134402E-09   0.148343E-09
   0.141880E+06  -0.349220E-09   0.115310E-09   0.209487E-09
   0.141900E+06  -0.275592E-09   0.919272E-10   0.256673E-09
   0.141920E+06  -0.194487E-09   0.659060E-10   0.288880E-09
   0.141940E+06  -0.112760E-09   0.390722E-10   0.306685E-09
   0.141960E+06  -0.372128E-10   0.132682E-10   0.312098E-09
   0.141980E+06   0.259174E-10  -0.980984E-11   0.308244E-09
   0.142000E+06   0.714783E-10  -0.287635E-10   0.298920E-09
   0.142020E+06   0.958928E-10  -0.426110E-10   0.288101E-09
   0.142040E+06   0.975517E-10  -0.508613E-10   0.279433E-09
   0.142060E+06   0.770437E-10  -0.535330E-10   0.275790E-09
   0.142080E+06   0.371756E-10  -0.511180E-10   0.278937E-09
   0.142100E+06  -0.172494E-10  -0.444959E-10   0.289336E-09
   0.142120E+06  -0.798897E-10  -0.348114E-10   0.306105E-09
   0.142140E+06  -0.143522E-09  -0.233326E-10   0.327145E-09
   0.142160E+06  -0.200827E-09  -0.113086E-10   0.349399E-09
   0.142180E+06  -0.245210E-09   0.155443E-12   0.369227E-09
   0.142200E+06  -0.271547E-09   0.101913E-10   0.382840E-09
   0.142220E+06  -0.276768E-09   0.182205E-10   0.386755E-09
   0.142240E+06  -0.260180E-09   0.239635E-10   0.378216E-09
   0.142260E+06  -0.223509E-09   0.274109E-10   0.355540E-09
   0.142280E+06  -0.170630E-09   0.287632E-10   0.318346E-09
   0.142300E+06  -0.107043E-09   0.283546E-10   0.267643E-09
   0.142320E+06  -0.391672E-10   0.265720E-10   0.205767E-09
   0.142340E+06   0.264602E-10   0.237838E-10   0.136172E-09
   0.142360E+06   0.839556E-10   0.202866E-10   0.630845E-10
   0.142380E+06   0.128739E-09   0.162765E-10  -0.892437E-11
   0.142400E+06   0.157981E-09   0.118454E-10  -0.754246E-10
   0.142420E+06   0.170797E-09   0.699952E-11  -0.132600E-09
   0.142440E+06   0.168194E-09   0.169268E-11  -0.177658E-09
   0.142460E+06   0.152778E-09  -0.413280E-11  -0.209128E-09
   0.142480E+06   0.128306E-09  -0.105069E-10  -0.227002E-09
   0.142500E+06   0.991401E-10  -0.174011E-10  -0.232693E-09
   0.142520E+06   0.696930E-10  -0.247108E-10  -0.228825E-09
   0.142540E+06   0.439411E-10  -0.322528E-10  -0.218855E-09
   0.142560E+06   0.250476E-10  -0.397773E-10  -0.206588E-09
   0.142580E+06   0.151306E-10  -0.469893E-10  -0.195648E-09
   0.142600E+06   0.151752E-10  -0.535775E-10  -0.188964E-09
   0.142620E+06   0.250710E-10  -0.592422E-10  -0.188364E-09
   0.142640E+06   0.437393E-10  -0.637204E-10  -0.194310E-09
   0.142660E+06   0.693146E-10  -0.668038E-10  -0.205854E-09
   0.142680E+06   0.993461E-10  -0.683492E-10  -0.220788E-09
   0.142700E+06   0.130997E-09  -0.682811E-10  -0.235995E-09
   0.142720E+06   0.161231E-09  -0.665895E-10  -0.247946E-09
   0.142740E+06   0.186994E-09  -0.633250E-10  -0.253262E-09
   0.142760E+06   0.205392E-09  -0.585938E-10  -0.249268E-09
   0.142780E+06   0.213884E-09  -0.525544E-10  -0.234440E-09
   0.142800E+06   0.210490E-09  -0.454154E-10  -0.208679E-09
   0.142820E+06   0.193998E-09  -0.374351E-10  -0.173363E-09
   0.142840E+06   0.164158E-09  -0.289184E-10  -0.131166E-09
   0.142860E+06   0.121827E-09  -0.202105E-10  -0.856661E-10
   0.142880E+06   0.690172E-10  -0.116828E-10  -0.408066E-10
   0.142900E+06   0.882472E-11  -0.371170E-11  -0.294210E-12
   0.142920E+06  -0.547870E-10   0.335010E-11   0.329681E-10
   0.142940E+06  -0.117346E-09   0.920733E-11   0.573174E-10
   0.142960E+06  -0.174345E-09   0.136557E-10   0.725617E-10
   0.142980E+06  -0.221767E-09   0.166100E-10   0.799647E-10
   0.143000E+06  -0.256604E-09   0.181202E-10   0.819800E-10
   0.143020E+06  -0.277265E-09   0.183718E-10   0.817772E-10
   0.143040E+06  -0.283821E-09   0.176656E-10   0.826353E-10
   0.143060E+06  -0.278007E-09   0.163795E-10   0.873029E-10
   0.143080E+06  -0.262986E-09   0.149155E-10   0.974341E-10
   0.143100E+06  -0.242876E-09   0.136376E-10   0.113198E-09
   0.143120E+06  -0.222109E-09   0.128133E-10   0.133133E-09
   0.143140E+06  -0.204719E-09   0.125659E-10   0.154280E-09
   0.143160E+06  -0.193664E-09   0.128489E-10   0.172584E-09
   0.143180E+06  -0.190310E-09   0.134489E-10   0.183500E-09
   0.143200E+06  -0.194154E-09   0.140175E-10   0.182730E-09
   0.143220E+06  -0.202855E-09   0.141331E-10   0.166964E-09
   0.143240E+06  -0.212578E-09   0.133801E-10   0.134521E-09
   0.143260E+06  -0.218602E-09   0.114373E-10   0.857818E-10
   0.143280E+06  -0.216104E-09   0.815880E-11   0.233551E-10
   0.143300E+06  -0.200990E-09   0.363425E-11  -0.480650E-10
   0.143320E+06  -0.170645E-09  -0.178466E-11  -0.122126E-09
   0.143340E+06  -0.124469E-09  -0.749799E-11  -0.191479E-09
   0.143360E+06  -0.641076E-10  -0.127136E-10  -0.248585E-09
   0.143380E+06   0.665757E-11  -0.165379E-10  -0.286562E-09
   0.143400E+06   0.823613E-10  -0.180952E-10  -0.299964E-09
   0.143420E+06   0.156564E-09  -0.166514E-10  -0.285408E-09
   0.143440E+06   0.222715E-09  -0.117309E-10  -0.241962E-09
   0.143460E+06   0.275038E-09  -0.320582E-11  -0.171275E-09
   0.143480E+06   0.309290E-09   0.865529E-11  -0.774469E-10
   0.143500E+06   0.323284E-09   0.231872E-10   0.333411E-10
   0.143520E+06   0.317113E-09   0.393779E-10   0.153374E-09
   0.143540E+06   0.293032E-09   0.559613E-10   0.274059E-09
   0.143560E+06   0.255048E-09   0.715427E-10   0.386628E-09
   0.143580E+06   0.208290E-09   0.847383E-10   0.482815E-09
   0.143600E+06   0.158275E-09   0.943132E-10   0.555459E-09
   0.143620E+06   0.110184E-09   0.993002E-10   0.598999E-09
   0.143640E+06   0.682586E-10   0.990870E-10   0.609840E-09
   0.143660E+06   0.354114E-10   0.934643E-10   0.586573E-09
   0.143680E+06   0.130676E-10   0.826326E-10   0.530058E-09
   0.143700E+06   0.125231E-11   0.671702E-10   0.443371E-09
   0.143720E+06  -0.113642E-11   0.479726E-10   0.331604E-09
   0.143740E+06   0.406117E-11   0.261699E-10   0.201547E-09
   0.143760E+06   0.146825E-10   0.303505E-11   0.612374E-10
   0.143780E+06   0.286049E-10  -0.201088E-10  -0.805923E-10
   0.143800E+06   0.439948E-10  -0.419759E-10  -0.215156E-09
   0.143820E+06   0.594165E-10  -0.613946E-10  -0.334299E-09
   0.143840E+06   0.738067E-10  -0.773732E-10  -0.431178E-09
   0.143860E+06   0.863536E-10  -0.891528E-10  -0.500874E-09
   0.143880E+06   0.963355E-10  -0.962487E-10  -0.540869E-09
   0.143900E+06   0.102983E-09  -0.984783E-10  -0.551318E-09
   0.143920E+06   0.105413E-09  -0.959739E-10  -0.535073E-09
   0.143940E+06   0.102674E-09  -0.891776E-10  -0.497429E-09
   0.143960E+06   0.938856E-10  -0.788144E-10  -0.445587E-09
   0.143980E+06   0.784683E-10  -0.658410E-10  -0.387898E-09
   0.144000E+06   0.563892E-10  -0.513695E-10  -0.332931E-09
   0.144020E+06   0.283736E-10  -0.365706E-10  -0.288499E-09
   0.144040E+06  -0.398346E-11  -0.225610E-10  -0.260734E-09
   0.144060E+06  -0.382500E-10  -0.102895E-10  -0.253343E-09
   0.144080E+06  -0.713499E-10  -0.432736E-12  -0.267136E-09
   0.144100E+06  -0.999021E-10   0.668191E-11  -0.299899E-09
   0.144120E+06  -0.120658E-09   0.111150E-10  -0.346638E-09
   0.144140E+06  -0.130968E-09   0.133053E-10  -0.400153E-09
   0.144160E+06  -0.129194E-09   0.140095E-10  -0.451903E-09
   0.144180E+06  -0.115002E-09   0.141966E-10  -0.493024E-09
   0.144200E+06  -0.894572E-10   0.149098E-10  -0.515389E-09
   0.144220E+06  -0.549271E-10   0.171139E-10  -0.512569E-09
   0.144240E+06  -0.147735E-10   0.215508E-10  -0.480579E-09
   0.144260E+06   0.271008E-10   0.286238E-10  -0.418313E-09
   0.144280E+06   0.667859E-10   0.383305E-10  -0.327631E-09
   0.144300E+06   0.100892E-09   0.502533E-10  -0.213102E-09
   0.144320E+06   0.126984E-09   0.636098E-10  -0.814430E-10
   0.144340E+06   0.143853E-09   0.773566E-10   0.592497E-10
   0.144360E+06   0.151588E-09   0.903286E-10   0.200369E-09
   0.144380E+06   0.151446E-09   0.101393E-09   0.333650E-09
   0.144400E+06   0.145539E-09   0.109594E-09   0.451902E-09
   0.144420E+06   0.136415E-09   0.114263E-09   0.549535E-09
   0.144440E+06   0.126592E-09   0.115087E-09   0.622856E-09
   0.144460E+06   0.118139E-09   0.112115E-09   0.670105E-09
   0.144480E+06   0.112364E-09   0.105716E-09   0.691286E-09
   0.144500E+06   0.109656E-09   0.964903E-10   0.687840E-09
   0.144520E+06   0.109507E-09   0.851632E-10   0.662245E-09
   0.144540E+06   0.110676E-09   0.724704E-10   0.617613E-09
   0.144560E+06   0.111481E-09   0.590640E-10   0.557341E-09
   0.144580E+06   0.110137E-09   0.454507E-10   0.484874E-09
   0.144600E+06   0.105089E-09   0.319719E-10   0.403577E-09
   0.144620E+06   0.952682E-10   0.188236E-10   0.316704E-09
   0.144640E+06   0.802486E-10   0.610847E-11   0.227436E-09
   0.144660E+06   0.602643E-10  -0.609832E-11   0.138938E-09
   0.144680E+06   0.361108E-10  -0.176852E-10   0.543796E-10
   0.144700E+06   0.895325E-11  -0.284618E-10  -0.231048E-10
   0.144720E+06  -0.199136E-10  -0.381493E-10  -0.905432E-10
   0.144740E+06  -0.493015E-10  -0.464092E-10  -0.145328E-09
   0.144760E+06  -0.783161E-10  -0.529055E-10  -0.185467E-09
   0.144780E+06  -0.106462E-09  -0.573884E-10  -0.209833E-09
   0.144800E+06  -0.133651E-09  -0.597808E-10  -0.218363E-09
   0.144820E+06  -0.160113E-09  -0.602461E-10  -0.212151E-09
   0.144840E+06  -0.186240E-09  -0.592209E-10  -0.193404E-09
   0.144860E+06  -0.212386E-09  -0.573969E-10  -0.165242E-09
   0.144880E+06  -0.238676E-09  -0.556515E-10  -0.131359E-09
   0.144900E+06  -0.264842E-09  -0.549318E-10  -0.955915E-10
   0.144920E+06  -0.290132E-09  -0.561107E-10  -0.614459E-10
   0.144940E+06  -0.313294E-09  -0.598360E-10  -0.316660E-10
   0.144960E+06  -0.332639E-09  -0.664019E-10  -0.790312E-11
   0.144980E+06  -0.346179E-09  -0.756642E-10   0.945100E-11
   0.145000E+06  -0.351809E-09  -0.870195E-10   0.212428E-10
   0.145020E+06  -0.347517E-09  -0.994537E-10   0.293456E-10
   0.145040E+06  -0.331599E-09  -0.111656E-09   0.362930E-10
   0.145060E+06  -0.302859E-09  -0.122185E-09   0.448153E-10
   0.145080E+06  -0.260777E-09  -0.129654E-09   0.573556E-10
   0.145100E+06  -0.205642E-09  -0.132916E-09   0.756442E-10
   0.145120E+06  -0.138638E-09  -0.131215E-09   0.100400E-09
   0.145140E+06  -0.618868E-10  -0.124273E-09   0.131206E-09
   0.145160E+06   0.215703E-10  -0.112311E-09   0.166575E-09
   0.145180E+06   0.107853E-09  -0.960003E-10   0.204185E-09
   0.145200E+06   0.192400E-09  -0.763428E-10   0.241246E-09
   0.145220E+06   0.270206E-09  -0.545223E-10   0.274915E-09
   0.145240E+06   0.336150E-09  -0.317380E-10   0.302705E-09
   0.145260E+06   0.385402E-09  -0.905792E-11   0.322798E-09
   0.145280E+06   0.413875E-09   0.126863E-10   0.334221E-09
   0.145300E+06   0.418699E-09   0.329457E-10   0.336857E-09
   0.145320E+06   0.398659E-09   0.514380E-10   0.331303E-09
   0.145340E+06   0.354519E-09   0.680770E-10   0.318610E-09
   0.145360E+06   0.289197E-09   0.828658E-10   0.299957E-09
   0.145380E+06   0.207714E-09   0.957794E-10   0.276347E-09
   0.145400E+06   0.116900E-09   0.106664E-09   0.248362E-09
   0.145420E+06   0.248571E-10   0.115175E-09   0.216062E-09
   0.145440E+06  -0.597959E-10   0.120773E-09   0.179012E-09
   0.145460E+06  -0.128810E-09   0.122777E-09   0.136463E-09
   0.145480E+06  -0.175238E-09   0.120472E-09   0.876234E-10
   0.145500E+06  -0.194288E-09   0.113246E-09   0.319861E-10
   0.145520E+06  -0.183977E-09   0.100739E-09  -0.303781E-10
   0.145540E+06  -0.145499E-09   0.829658E-10  -0.986105E-10
   0.145560E+06  -0.832175E-10   0.603986E-10  -0.170993E-09
   0.145580E+06  -0.428038E-11   0.339820E-10  -0.245036E-09
   0.145600E+06   0.821240E-10   0.508080E-11  -0.317710E-09
   0.145620E+06   0.165780E-09  -0.246362E-10  -0.385790E-09
   0.145640E+06   0.236610E-09  -0.533595E-10  -0.446249E-09
   0.145660E+06   0.285840E-09  -0.793228E-10  -0.496625E-09
   0.145680E+06   0.307016E-09  -0.100981E-09  -0.535292E-09
   0.145700E+06   0.296742E-09  -0.117157E-09  -0.561602E-09
   0.145720E+06   0.255033E-09  -0.127130E-09  -0.575850E-09
   0.145740E+06   0.185256E-09  -0.130672E-09  -0.579088E-09
   0.145760E+06   0.936649E-10  -0.128010E-09  -0.572827E-09
   0.145780E+06  -0.114030E-10  -0.119752E-09  -0.558679E-09
   0.145800E+06  -0.120541E-09  -0.106767E-09  -0.538027E-09
   0.145820E+06  -0.224369E-09  -0.900691E-10  -0.511770E-09
   0.145840E+06  -0.314552E-09  -0.707084E-10  -0.480221E-09
   0.145860E+06  -0.384631E-09  -0.496880E-10  -0.443154E-09
   0.145880E+06  -0.430546E-09  -0.279216E-10  -0.400003E-09
   0.145900E+06  -0.450834E-09  -0.622332E-11  -0.350169E-09
   0.145920E+06  -0.446486E-09   0.146763E-10  -0.293357E-09
   0.145940E+06  -0.420525E-09   0.341029E-10  -0.229882E-09
   0.145960E+06  -0.377398E-09   0.514160E-10  -0.160865E-09
   0.145980E+06  -0.322276E-09   0.660056E-10  -0.882637E-10
   0.146000E+06  -0.260387E-09   0.773150E-10  -0.147286E-10
   0.146020E+06  -0.196457E-09   0.848901E-10   0.567072E-10
   0.146040E+06  -0.134337E-09   0.884459E-10   0.123050E-09
   0.146060E+06  -0.768258E-10   0.879371E-10   0.181804E-09
   0.146080E+06  -0.256841E-10   0.836127E-10   0.231375E-09
   0.146100E+06   0.182007E-10   0.760398E-10   0.271341E-09
   0.146120E+06   0.545640E-10   0.660819E-10   0.302531E-09
   0.146140E+06   0.834930E-10   0.548296E-10   0.326874E-09
   0.146160E+06   0.105193E-09   0.434882E-10   0.347048E-09
   0.146180E+06   0.119833E-09   0.332373E-10   0.365969E-09
   0.146200E+06   0.127488E-09   0.250833E-10   0.386214E-09
   0.146220E+06   0.128177E-09   0.197304E-10   0.409468E-09
   0.146240E+06   0.121955E-09   0.174924E-10   0.436102E-09
   0.146260E+06   0.109047E-09   0.182609E-10   0.464958E-09
   0.146280E+06   0.899558E-10   0.215389E-10   0.493377E-09
   0.146300E+06   0.655413E-10   0.265332E-10   0.517496E-09
   0.146320E+06   0.370249E-10   0.322918E-10   0.532738E-09
   0.146340E+06   0.593710E-11   0.378623E-10   0.534459E-09
   0.146360E+06  -0.259883E-10   0.424442E-10   0.518621E-09
   0.146380E+06  -0.569455E-10   0.455090E-10   0.482401E-09
   0.146400E+06  -0.851861E-10   0.468677E-10   0.424651E-09
   0.146420E+06  -0.109122E-09   0.466748E-10   0.346124E-09
   0.146440E+06  -0.127386E-09   0.453701E-10   0.249468E-09
   0.146460E+06  -0.138851E-09   0.435716E-10   0.138970E-09
   0.146480E+06  -0.142608E-09   0.419387E-10   0.201276E-10
   0.146500E+06  -0.137947E-09   0.410334E-10  -0.100891E-09
   0.146520E+06  -0.124332E-09   0.412054E-10  -0.217814E-09
   0.146540E+06  -0.101426E-09   0.425207E-10  -0.324778E-09
   0.146560E+06  -0.691473E-10   0.447469E-10  -0.416714E-09
   0.146580E+06  -0.277782E-10   0.473960E-10  -0.489600E-09
   0.146600E+06   0.219102E-10   0.498140E-10  -0.540550E-09
   0.146620E+06   0.785350E-10   0.513007E-10  -0.567790E-09
   0.146640E+06   0.140023E-09   0.512333E-10  -0.570555E-09
   0.146660E+06   0.203613E-09   0.491732E-10  -0.548963E-09
   0.146680E+06   0.265956E-09   0.449342E-10  -0.503914E-09
   0.146700E+06   0.323330E-09   0.386014E-10  -0.437048E-09
   0.146720E+06   0.371952E-09   0.304986E-10  -0.350760E-09
   0.146740E+06   0.408349E-09   0.211144E-10  -0.248258E-09
   0.146760E+06   0.429742E-09   0.110005E-10  -0.133625E-09
   0.146780E+06   0.434384E-09   0.666246E-12  -0.118401E-10
   0.146800E+06   0.421790E-09  -0.951071E-11   0.111303E-09
   0.146820E+06   0.392821E-09  -0.193401E-10   0.229398E-09
   0.146840E+06   0.349598E-09  -0.288301E-10   0.335767E-09
   0.146860E+06   0.295250E-09  -0.381532E-10   0.423928E-09
   0.146880E+06   0.233534E-09  -0.475743E-10   0.488124E-09
   0.146900E+06   0.168372E-09  -0.573582E-10   0.523872E-09
   0.146920E+06   0.103394E-09  -0.676735E-10   0.528431E-09
   0.146940E+06   0.415358E-10  -0.785155E-10   0.501130E-09
   0.146960E+06  -0.152277E-10  -0.896623E-10   0.443496E-09
   0.146980E+06  -0.659803E-10  -0.100676E-09   0.359151E-09
   0.147000E+06  -0.110782E-09  -0.110945E-09   0.253483E-09
   0.147020E+06  -0.150422E-09  -0.119768E-09   0.133139E-09
   0.147040E+06  -0.186051E-09  -0.126454E-09   0.539871E-11
   0.147060E+06  -0.218768E-09  -0.130430E-09  -0.122487E-09
   0.147080E+06  -0.249221E-09  -0.131325E-09  -0.243898E-09
   0.147100E+06  -0.277313E-09  -0.129031E-09  -0.353322E-09
   0.147120E+06  -0.302049E-09  -0.123712E-09  -0.446651E-09
   0.147140E+06  -0.321567E-09  -0.115772E-09  -0.521277E-09
   0.147160E+06  -0.333346E-09  -0.105782E-09  -0.575999E-09
   0.147180E+06  -0.334573E-09  -0.943892E-10  -0.610789E-09
   0.147200E+06  -0.322593E-09  -0.822046E-10  -0.626461E-09
   0.147220E+06  -0.295396E-09  -0.697147E-10  -0.624339E-09
   0.147240E+06  -0.252053E-09  -0.572122E-10  -0.605950E-09
   0.147260E+06  -0.193034E-09  -0.447671E-10  -0.572825E-09
   0.147280E+06  -0.120364E-09  -0.322398E-10  -0.526404E-09
   0.147300E+06  -0.375875E-10  -0.193324E-10  -0.468054E-09
   0.147320E+06   0.504538E-10  -0.566881E-11  -0.399167E-09
   0.147340E+06   0.138011E-09   0.911076E-11  -0.321307E-09
   0.147360E+06   0.218931E-09   0.252579E-10  -0.236335E-09
   0.147380E+06   0.287214E-09   0.428413E-10  -0.146497E-09
   0.147400E+06   0.337565E-09   0.617006E-10  -0.544163E-10
   0.147420E+06   0.365882E-09   0.814355E-10   0.370049E-10
   0.147440E+06   0.369629E-09   0.101430E-09   0.124766E-09
   0.147460E+06   0.348064E-09   0.120903E-09   0.206008E-09
   0.147480E+06   0.302319E-09   0.138986E-09   0.278264E-09
   0.147500E+06   0.235317E-09   0.154795E-09   0.339685E-09
   0.147520E+06   0.151558E-09   0.167513E-09   0.389192E-09
   0.147540E+06   0.567957E-10   0.176446E-09   0.426532E-09
   0.147560E+06  -0.423736E-10   0.181067E-09   0.452232E-09
   0.147580E+06  -0.138962E-09   0.181034E-09   0.467457E-09
   0.147600E+06  -0.226067E-09   0.176192E-09   0.473805E-09
   0.147620E+06  -0.297335E-09   0.166559E-09   0.473064E-09
   0.147640E+06  -0.347396E-09   0.152307E-09   0.466986E-09
   0.147660E+06  -0.372238E-09   0.133739E-09   0.457099E-09
   0.147680E+06  -0.369500E-09   0.111273E-09   0.444593E-09
   0.147700E+06  -0.338678E-09   0.854342E-10   0.430275E-09
   0.147720E+06  -0.281201E-09   0.568478E-10   0.414594E-09
   0.147740E+06  -0.200390E-09   0.262385E-10   0.397717E-09
   0.147760E+06  -0.101276E-09  -0.557287E-11   0.379619E-09
   0.147780E+06   0.971690E-11  -0.376801E-10   0.360172E-09
   0.147800E+06   0.125199E-09  -0.691129E-10   0.339198E-09
   0.147820E+06   0.237342E-09  -0.988705E-10   0.316483E-09
   0.147840E+06   0.338459E-09  -0.125966E-09   0.291757E-09
   0.147860E+06   0.421581E-09  -0.149480E-09   0.264639E-09
   0.147880E+06   0.481002E-09  -0.168612E-09   0.234591E-09
   0.147900E+06   0.512712E-09  -0.182731E-09   0.200894E-09
   0.147920E+06   0.514699E-09  -0.191410E-09   0.162673E-09
   0.147940E+06   0.487072E-09  -0.194447E-09   0.118985E-09
   0.147960E+06   0.432002E-09  -0.191868E-09   0.689747E-10
   0.147980E+06   0.353481E-09  -0.183905E-09   0.120701E-10
   0.148000E+06   0.256930E-09  -0.170971E-09  -0.517927E-10
   0.148020E+06   0.148702E-09  -0.153613E-09  -0.121969E-09
   0.148040E+06   0.355210E-10  -0.132476E-09  -0.196959E-09
   0.148060E+06  -0.760642E-10  -0.108260E-09  -0.274355E-09
   0.148080E+06  -0.180172E-09  -0.816980E-10  -0.350907E-09
   0.148100E+06  -0.271967E-09  -0.535323E-10  -0.422699E-09
   0.148120E+06  -0.347904E-09  -0.245138E-10  -0.485449E-09
   0.148140E+06  -0.405820E-09   0.459797E-11  -0.534872E-09
   0.148160E+06  -0.444880E-09   0.330292E-10  -0.567094E-09
   0.148180E+06  -0.465407E-09   0.599904E-10  -0.579037E-09
   0.148200E+06  -0.468624E-09   0.846831E-10  -0.568753E-09
   0.148220E+06  -0.456365E-09   0.106319E-09  -0.535643E-09
   0.148240E+06  -0.430784E-09   0.124151E-09  -0.480559E-09
   0.148260E+06  -0.394105E-09   0.137517E-09  -0.405757E-09
   0.148280E+06  -0.348448E-09   0.145888E-09  -0.314731E-09
   0.148300E+06  -0.295725E-09   0.148913E-09  -0.211945E-09
   0.148320E+06  -0.237621E-09   0.146463E-09  -0.102496E-09
   0.148340E+06  -0.175637E-09   0.138653E-09   0.824499E-11
   0.148360E+06  -0.111167E-09   0.125843E-09   0.114979E-09
   0.148380E+06  -0.455886E-10   0.108624E-09   0.212779E-09
   0.148400E+06   0.196572E-10   0.877742E-10   0.297332E-09
   0.148420E+06   0.830316E-10   0.642052E-10   0.365113E-09
   0.148440E+06   0.142905E-09   0.388947E-10   0.413492E-09
   0.148460E+06   0.197617E-09   0.128206E-10   0.440792E-09
   0.148480E+06   0.245569E-09  -0.131001E-10   0.446319E-09
   0.148500E+06   0.285343E-09  -0.380558E-10   0.430364E-09
   0.148520E+06   0.315813E-09  -0.613680E-10   0.394198E-09
   0.148540E+06   0.336237E-09  -0.824975E-10   0.340049E-09
   0.148560E+06   0.346302E-09  -0.101033E-09   0.271059E-09
   0.148580E+06   0.346117E-09  -0.116663E-09   0.191207E-09
   0.148600E+06   0.336158E-09  -0.129147E-09   0.105171E-09
   0.148620E+06   0.317171E-09  -0.138279E-09   0.181276E-10
   0.148640E+06   0.290047E-09  -0.143864E-09  -0.645348E-10
   0.148660E+06   0.255708E-09  -0.145709E-09  -0.137559E-09
   0.148680E+06   0.215017E-09  -0.143624E-09  -0.196222E-09
   0.148700E+06   0.168735E-09  -0.137448E-09  -0.236744E-09
   0.148720E+06   0.117534E-09  -0.127085E-09  -0.256675E-09
   0.148740E+06   0.620782E-10  -0.112550E-09  -0.255196E-09
   0.148760E+06   0.314544E-11  -0.940149E-10  -0.233292E-09
   0.148780E+06  -0.582243E-10  -0.718563E-10  -0.193759E-09
   0.148800E+06  -0.120587E-09  -0.466784E-10  -0.141028E-09
   0.148820E+06  -0.181994E-09  -0.193228E-10  -0.808038E-10
   0.148840E+06  -0.239964E-09   0.915042E-11  -0.195411E-10
   0.148860E+06  -0.291548E-09   0.375069E-10   0.361789E-10
   0.148880E+06  -0.333495E-09   0.644095E-10   0.803194E-10
   0.148900E+06  -0.362523E-09   0.885090E-10   0.108021E-09
   0.148920E+06  -0.375648E-09   0.108548E-09   0.116124E-09
   0.148940E+06  -0.370556E-09   0.123470E-09   0.103507E-09
   0.148960E+06  -0.345955E-09   0.132514E-09   0.712104E-10
   0.148980E+06  -0.301871E-09   0.135297E-09   0.223106E-10
   0.149000E+06  -0.239818E-09   0.131858E-09  -0.384337E-10
   0.149020E+06  -0.162839E-09   0.122676E-09  -0.105121E-09
   0.149040E+06  -0.753791E-10   0.108632E-09  -0.171371E-09
   0.149060E+06   0.170061E-10   0.909495E-10  -0.231022E-09
   0.149080E+06   0.108064E-09   0.710818E-10  -0.278780E-09
   0.149100E+06   0.191360E-09   0.505904E-10  -0.310746E-09
   0.149120E+06   0.260824E-09   0.310046E-10  -0.324737E-09
   0.149140E+06   0.311281E-09   0.136875E-10  -0.320398E-09
   0.149160E+06   0.338898E-09  -0.278355E-12  -0.299076E-09
   0.149180E+06   0.341509E-09  -0.101739E-10  -0.263496E-09
   0.149200E+06   0.318780E-09  -0.156844E-10  -0.217296E-09
   0.149220E+06   0.272213E-09  -0.168951E-10  -0.164490E-09
   0.149240E+06   0.204985E-09  -0.142452E-10  -0.108941E-09
   0.149260E+06   0.121655E-09  -0.844441E-11  -0.539147E-10
   0.149280E+06   0.277724E-10  -0.368720E-12  -0.178844E-11
   0.149300E+06  -0.705627E-10   0.905355E-11   0.460749E-10
   0.149320E+06  -0.167158E-09   0.189473E-10   0.892649E-10
   0.149340E+06  -0.256150E-09   0.285755E-10   0.128106E-09
   0.149360E+06  -0.332374E-09   0.373928E-10   0.163331E-09
   0.149380E+06  -0.391655E-09   0.450647E-10   0.195713E-09
   0.149400E+06  -0.431014E-09   0.514513E-10   0.225715E-09
   0.149420E+06  -0.448791E-09   0.565649E-10   0.253234E-09
   0.149440E+06  -0.444693E-09   0.605105E-10   0.277463E-09
   0.149460E+06  -0.419760E-09   0.634214E-10   0.296918E-09
   0.149480E+06  -0.376278E-09   0.654037E-10   0.309597E-09
   0.149500E+06  -0.317615E-09   0.664980E-10   0.313264E-09
   0.149520E+06  -0.248006E-09   0.666651E-10   0.305799E-09
   0.149540E+06  -0.172282E-09   0.657955E-10   0.285553E-09
   0.149560E+06  -0.955410E-10   0.637399E-10   0.251665E-09
   0.149580E+06  -0.227915E-10   0.603514E-10   0.204272E-09
   0.149600E+06   0.414246E-10   0.555317E-10   0.144599E-09
   0.149620E+06   0.933933E-10   0.492691E-10   0.749152E-10
   0.149640E+06   0.130542E-09   0.416613E-10  -0.164190E-11
   0.149660E+06   0.151663E-09   0.329192E-10  -0.813255E-10
   0.149680E+06   0.157025E-09   0.233490E-10  -0.160098E-09
   0.149700E+06   0.148333E-09   0.133186E-10  -0.233951E-09
   0.149720E+06   0.128547E-09   0.321310E-11  -0.299202E-09
   0.149740E+06   0.101558E-09  -0.661074E-11  -0.352717E-09
   0.149760E+06   0.717625E-10  -0.158634E-10  -0.392070E-09
   0.149780E+06   0.435754E-10  -0.243476E-10  -0.415625E-09
   0.149800E+06   0.209485E-10  -0.319667E-10  -0.422552E-09
   0.149820E+06   0.695166E-11  -0.387154E-10  -0.412808E-09
   0.149840E+06   0.347147E-11  -0.446563E-10  -0.387099E-09
   0.149860E+06   0.110665E-10  -0.498892E-10  -0.346825E-09
   0.149880E+06   0.289943E-10  -0.545191E-10  -0.294042E-09
   0.149900E+06   0.554008E-10  -0.586302E-10  -0.231398E-09
   0.149920E+06   0.876366E-10  -0.622706E-10  -0.162067E-09
   0.149940E+06   0.122650E-09  -0.654493E-10  -0.896326E-10
   0.149960E+06   0.157391E-09  -0.681457E-10  -0.179235E-10
   0.149980E+06   0.189171E-09  -0.703266E-10   0.492174E-10
   0.150000E+06   0.215921E-09  -0.719661E-10   0.108216E-09
   0.150020E+06   0.236321E-09  -0.730621E-10   0.156085E-09
   0.150040E+06   0.249803E-09  -0.736457E-10   0.190734E-09
   0.150060E+06   0.256432E-09  -0.737792E-10   0.211229E-09
   0.150080E+06   0.256714E-09  -0.735449E-10   0.217952E-09
   0.150100E+06   0.251384E-09  -0.730258E-10   0.212612E-09
   0.150120E+06   0.241212E-09  -0.722847E-10   0.198090E-09
   0.150140E+06   0.226881E-09  -0.713457E-10   0.178123E-09
   0.150160E+06   0.208958E-09  -0.701850E-10   0.156842E-09
   0.150180E+06   0.187945E-09  -0.687342E-10   0.138241E-09
   0.150200E+06   0.164410E-09  -0.668947E-10   0.125623E-09
   0.150220E+06   0.139132E-09  -0.645642E-10   0.121139E-09
   0.150240E+06   0.113228E-09  -0.616671E-10   0.125464E-09
   0.150260E+06   0.882023E-10  -0.581837E-10   0.137697E-09
   0.150280E+06   0.658896E-10  -0.541708E-10   0.155487E-09
   0.150300E+06   0.482764E-10  -0.497671E-10   0.175399E-09
   0.150320E+06   0.372155E-10  -0.451810E-10   0.193446E-09
   0.150340E+06   0.340748E-10  -0.406612E-10   0.205734E-09
   0.150360E+06   0.393810E-10  -0.364531E-10   0.209101E-09
   0.150380E+06   0.525304E-10  -0.327489E-10   0.201662E-09
   0.150400E+06   0.716310E-10  -0.296402E-10   0.183160E-09
   0.150420E+06   0.935304E-10  -0.270829E-10   0.155075E-09
   0.150440E+06   0.114048E-09  -0.248815E-10   0.120452E-09
   0.150460E+06   0.128403E-09  -0.226983E-10   0.834935E-10
   0.150480E+06   0.131791E-09  -0.200888E-10   0.489576E-10
   0.150500E+06   0.120034E-09  -0.165587E-10   0.214702E-10
   0.150520E+06   0.902108E-10  -0.116363E-10   0.484976E-11
   0.150540E+06   0.411789E-10  -0.494959E-11   0.155288E-11
   0.150560E+06  -0.261044E-10   0.370420E-11   0.123253E-10
   0.150580E+06  -0.108509E-09   0.143056E-10   0.361067E-10
   0.150600E+06  -0.200932E-09   0.265870E-10   0.701990E-10
   0.150620E+06  -0.296747E-09   0.400372E-10   0.110663E-09
   0.150640E+06  -0.388453E-09   0.539381E-10   0.152873E-09
   0.150660E+06  -0.468436E-09   0.674291E-10   0.192143E-09
   0.150680E+06  -0.529743E-09   0.795924E-10   0.224315E-09
   0.150700E+06  -0.566776E-09   0.895477E-10   0.246233E-09
   0.150720E+06  -0.575826E-09   0.965466E-10   0.256035E-09
   0.150740E+06  -0.555388E-09   0.100055E-09   0.253234E-09
   0.150760E+06  -0.506231E-09   0.998130E-10   0.238595E-09
   0.150780E+06  -0.431244E-09   0.958690E-10   0.213863E-09
   0.150800E+06  -0.335085E-09   0.885800E-10   0.181384E-09
   0.150820E+06  -0.223707E-09   0.785812E-10   0.143718E-09
   0.150840E+06  -0.103806E-09   0.667284E-10   0.103291E-09
   0.150860E+06   0.177171E-10   0.540168E-10   0.621618E-10
   0.150880E+06   0.134256E-09   0.414862E-10   0.219034E-10
   0.150900E+06   0.239902E-09   0.301206E-10  -0.163833E-10
   0.150920E+06   0.329751E-09   0.207522E-10  -0.519661E-10
   0.150940E+06   0.400105E-09   0.139794E-10  -0.843291E-10
   0.150960E+06   0.448590E-09   0.101058E-10  -0.113026E-09
   0.150980E+06   0.474194E-09   0.910823E-11  -0.137587E-09
   0.151000E+06   0.477251E-09   0.106369E-10  -0.157498E-09
   0.151020E+06   0.459370E-09   0.140499E-10  -0.172281E-09
   0.151040E+06   0.423316E-09   0.184788E-10  -0.181625E-09
   0.151060E+06   0.372835E-09   0.229228E-10  -0.185559E-09
   0.151080E+06   0.312411E-09   0.263581E-10  -0.184599E-09
   0.151100E+06   0.246960E-09   0.278569E-10  -0.179831E-09
   0.151120E+06   0.181467E-09   0.266987E-10  -0.172888E-09
   0.151140E+06   0.120584E-09   0.224618E-10  -0.165804E-09
   0.151160E+06   0.682198E-10   0.150842E-10  -0.160773E-09
   0.151180E+06   0.271829E-10   0.488274E-11  -0.159821E-09
   0.151200E+06  -0.109362E-11  -0.747273E-11  -0.164473E-09
   0.151220E+06  -0.166836E-10  -0.210293E-10  -0.175466E-09
   0.151240E+06  -0.211319E-10  -0.346586E-10  -0.192564E-09
   0.151260E+06  -0.172384E-10  -0.471892E-10  -0.214527E-09
   0.151280E+06  -0.867886E-11  -0.575477E-10  -0.239241E-09
   0.151300E+06   0.495539E-12  -0.648895E-10  -0.264005E-09
   0.151320E+06   0.641477E-11  -0.687023E-10  -0.285922E-09
   0.151340E+06   0.592648E-11  -0.688668E-10  -0.302331E-09
   0.151360E+06  -0.296601E-11  -0.656654E-10  -0.311217E-09
   0.151380E+06  -0.208294E-10  -0.597383E-10  -0.311503E-09
   0.151400E+06  -0.467333E-10  -0.519906E-10  -0.303203E-09
   0.151420E+06  -0.783997E-10  -0.434659E-10  -0.287379E-09
   0.151440E+06  -0.112549E-09  -0.352022E-10  -0.265934E-09
   0.151460E+06  -0.145388E-09  -0.280926E-10  -0.241258E-09
   0.151480E+06  -0.173164E-09  -0.227710E-10  -0.215808E-09
   0.151500E+06  -0.192704E-09  -0.195380E-10  -0.191695E-09
   0.151520E+06  -0.201849E-09  -0.183397E-10  -0.170339E-09
   0.151540E+06  -0.199739E-09  -0.187984E-10  -0.152277E-09
   0.151560E+06  -0.186881E-09  -0.202923E-10  -0.137129E-09
   0.151580E+06  -0.165037E-09  -0.220672E-10  -0.123754E-09
   0.151600E+06  -0.136922E-09  -0.233641E-10  -0.110533E-09
   0.151620E+06  -0.105795E-09  -0.235397E-10  -0.957483E-10
   0.151640E+06  -0.749985E-10  -0.221618E-10  -0.779671E-10
   0.151660E+06  -0.475247E-10  -0.190649E-10  -0.563684E-10
   0.151680E+06  -0.256723E-10  -0.143572E-10  -0.309435E-10
   0.151700E+06  -0.108351E-10  -0.838087E-11  -0.253675E-11
   0.151720E+06  -0.344272E-11  -0.163489E-11   0.272821E-10
   0.151740E+06  -0.304314E-11   0.532642E-11   0.564874E-10
   0.151760E+06  -0.849446E-11   0.119982E-10   0.829600E-10
   0.151780E+06  -0.182201E-10   0.180151E-10   0.104873E-09
   0.151800E+06  -0.304749E-10   0.232108E-10   0.121030E-09
   0.151820E+06  -0.435768E-10   0.276363E-10   0.131096E-09
   0.151840E+06  -0.560714E-10   0.315347E-10   0.135674E-09
   0.151860E+06  -0.668169E-10   0.352782E-10   0.136222E-09
   0.151880E+06  -0.749939E-10   0.392787E-10   0.134818E-09
   0.151900E+06  -0.800629E-10   0.438901E-10   0.133818E-09
   0.151920E+06  -0.816984E-10   0.493178E-10   0.135468E-09
   0.151940E+06  -0.797295E-10   0.555552E-10   0.141532E-09
   0.151960E+06  -0.741112E-10   0.623548E-10   0.152998E-09
   0.151980E+06  -0.649346E-10   0.692420E-10   0.169900E-09
   0.152000E+06  -0.524713E-10   0.755671E-10   0.191298E-09
   0.152020E+06  -0.372324E-10   0.805871E-10   0.215380E-09
   0.152040E+06  -0.200150E-10   0.835643E-10   0.239697E-09
   0.152060E+06  -0.190845E-11   0.838634E-10   0.261465E-09
   0.152080E+06   0.157617E-10   0.810348E-10   0.277895E-09
   0.152100E+06   0.315577E-10   0.748700E-10   0.286497E-09
   0.152120E+06   0.441123E-10   0.654237E-10   0.285333E-09
   0.152140E+06   0.523419E-10   0.530029E-10   0.273180E-09
   0.152160E+06   0.556509E-10   0.381260E-10   0.249605E-09
   0.152180E+06   0.540825E-10   0.214640E-10   0.214966E-09
   0.152200E+06   0.483763E-10   0.377351E-11   0.170342E-09
   0.152220E+06   0.399062E-10  -0.141666E-10   0.117440E-09
   0.152240E+06   0.304971E-10  -0.316071E-10   0.584764E-10
   0.152260E+06   0.221382E-10  -0.478632E-10  -0.393614E-11
   0.152280E+06   0.166368E-10  -0.623338E-10  -0.668932E-10
   0.152300E+06   0.152712E-10  -0.745061E-10  -0.127304E-09
   0.152320E+06   0.185077E-10  -0.839557E-10  -0.182000E-09
   0.152340E+06   0.258385E-10  -0.903447E-10  -0.227868E-09
   0.152360E+06   0.357800E-10  -0.934266E-10  -0.262007E-09
   0.152380E+06   0.460459E-10  -0.930586E-10  -0.281916E-09
   0.152400E+06   0.538742E-10  -0.892211E-10  -0.285697E-09
   0.152420E+06   0.564631E-10  -0.820393E-10  -0.272264E-09
   0.152440E+06   0.514441E-10  -0.718010E-10  -0.241514E-09
   0.152460E+06   0.373142E-10  -0.589619E-10  -0.194443E-09
   0.152480E+06   0.137515E-10  -0.441331E-10  -0.133168E-09
   0.152500E+06  -0.182450E-10  -0.280476E-10  -0.608455E-10
   0.152520E+06  -0.564199E-10  -0.115067E-10   0.185236E-10
   0.152540E+06  -0.975251E-10   0.468761E-11   0.100387E-09
   0.152560E+06  -0.137743E-09   0.198050E-10   0.180004E-09
   0.152580E+06  -0.173207E-09   0.332526E-10   0.252837E-09
   0.152600E+06  -0.200526E-09   0.446229E-10   0.314929E-09
   0.152620E+06  -0.217241E-09   0.537150E-10   0.363209E-09
   0.152640E+06  -0.222138E-09   0.605258E-10   0.395705E-09
   0.152660E+06  -0.215364E-09   0.652115E-10   0.411628E-09
   0.152680E+06  -0.198346E-09   0.680272E-10   0.411330E-09
   0.152700E+06  -0.173526E-09   0.692560E-10   0.396145E-09
   0.152720E+06  -0.143964E-09   0.691410E-10   0.368143E-09
   0.152740E+06  -0.112884E-09   0.678332E-10   0.329838E-09
   0.152760E+06  -0.832309E-10   0.653669E-10   0.283883E-09
   0.152780E+06  -0.573161E-10   0.616662E-10   0.232811E-09
   0.152800E+06  -0.365908E-10   0.565825E-10   0.178823E-09
   0.152820E+06  -0.215775E-10   0.499549E-10   0.123674E-09
   0.152840E+06  -0.119448E-10   0.416824E-10   0.686290E-10
   0.152860E+06  -0.669547E-11   0.317911E-10   0.145072E-10
   0.152880E+06  -0.441630E-11   0.204843E-10  -0.382259E-10
   0.152900E+06  -0.353327E-11   0.816209E-11  -0.893251E-10
   0.152920E+06  -0.252345E-11  -0.459429E-11  -0.138625E-09
   0.152940E+06  -0.501991E-13  -0.170732E-10  -0.185908E-09
   0.152960E+06   0.498851E-11  -0.285108E-10  -0.230798E-09
   0.152980E+06   0.134862E-10  -0.381838E-10  -0.272692E-09
   0.153000E+06   0.261963E-10  -0.455018E-10  -0.310719E-09
   0.153020E+06   0.438021E-10  -0.500832E-10  -0.343745E-09
   0.153040E+06   0.669463E-10  -0.518027E-10  -0.370406E-09
   0.153060E+06   0.961920E-10  -0.508012E-10  -0.389177E-09
   0.153080E+06   0.131904E-09  -0.474602E-10  -0.398461E-09
   0.153100E+06   0.174063E-09  -0.423428E-10  -0.396713E-09
   0.153120E+06   0.222055E-09  -0.361152E-10  -0.382588E-09
   0.153140E+06   0.274469E-09  -0.294604E-10  -0.355103E-09
   0.153160E+06   0.328983E-09  -0.229998E-10  -0.313810E-09
   0.153180E+06   0.382367E-09  -0.172343E-10  -0.258967E-09
   0.153200E+06   0.430633E-09  -0.125113E-10  -0.191670E-09
   0.153220E+06   0.469350E-09  -0.902168E-11  -0.113942E-09
   0.153240E+06   0.494084E-09  -0.682056E-11  -0.287411E-10
   0.153260E+06   0.500905E-09  -0.586561E-11   0.601212E-10
   0.153280E+06   0.486908E-09  -0.606130E-11   0.148169E-09
   0.153300E+06   0.450648E-09  -0.729901E-11   0.230543E-09
   0.153320E+06   0.392429E-09  -0.948453E-11   0.302366E-09
   0.153340E+06   0.314395E-09  -0.125488E-10   0.359143E-09
   0.153360E+06   0.220401E-09  -0.164422E-10   0.397166E-09
   0.153380E+06   0.115674E-09  -0.211164E-10   0.413865E-09
   0.153400E+06   0.631718E-11  -0.265033E-10   0.408064E-09
   0.153420E+06  -0.101282E-09  -0.324961E-10   0.380101E-09
   0.153440E+06  -0.201049E-09  -0.389438E-10   0.331793E-09
   0.153460E+06  -0.287746E-09  -0.456596E-10   0.266256E-09
   0.153480E+06  -0.357366E-09  -0.524442E-10   0.187589E-09
   0.153500E+06  -0.407346E-09  -0.591195E-10   0.100479E-09
   0.153520E+06  -0.436599E-09  -0.655624E-10   0.976257E-11
   0.153540E+06  -0.445381E-09  -0.717303E-10  -0.799790E-10
   0.153560E+06  -0.435049E-09  -0.776668E-10  -0.164754E-09
   0.153580E+06  -0.407763E-09  -0.834833E-10  -0.241381E-09
   0.153600E+06  -0.366188E-09  -0.893134E-10  -0.307571E-09
   0.153620E+06  -0.313264E-09  -0.952463E-10  -0.361895E-09
   0.153640E+06  -0.252049E-09  -0.101249E-09  -0.403630E-09
   0.153660E+06  -0.185658E-09  -0.107094E-09  -0.432562E-09
   0.153680E+06  -0.117269E-09  -0.112305E-09  -0.448760E-09
   0.153700E+06  -0.501540E-10  -0.116141E-09  -0.452390E-09
   0.153720E+06   0.123000E-10  -0.117627E-09  -0.443592E-09
   0.153740E+06   0.666378E-10  -0.115632E-09  -0.422454E-09
   0.153760E+06   0.109469E-09  -0.108991E-09  -0.389067E-09
   0.153780E+06   0.137697E-09  -0.966645E-10  -0.343647E-09
   0.153800E+06   0.148832E-09  -0.778942E-10  -0.286698E-09
   0.153820E+06   0.141333E-09  -0.523598E-10  -0.219165E-09
   0.153840E+06   0.114935E-09  -0.202886E-10  -0.142535E-09
   0.153860E+06   0.708894E-10   0.174895E-10  -0.588663E-10
   0.153880E+06   0.120664E-10   0.595579E-10   0.292762E-10
   0.153900E+06  -0.571246E-10   0.104000E-09   0.118974E-09
   0.153920E+06  -0.131000E-09   0.148553E-09   0.207170E-09
   0.153940E+06  -0.203043E-09   0.190803E-09   0.290915E-09
   0.153960E+06  -0.266471E-09   0.228403E-09   0.367594E-09
   0.153980E+06  -0.314861E-09   0.259288E-09   0.435100E-09
   0.154000E+06  -0.342765E-09   0.281847E-09   0.491921E-09
   0.154020E+06  -0.346236E-09   0.295048E-09   0.537135E-09
   0.154040E+06  -0.323193E-09   0.298487E-09   0.570305E-09
   0.154060E+06  -0.273612E-09   0.292368E-09   0.591323E-09
   0.154080E+06  -0.199505E-09   0.277422E-09   0.600214E-09
   0.154100E+06  -0.104717E-09   0.254774E-09   0.596976E-09
   0.154120E+06   0.542776E-11   0.225786E-09   0.581465E-09
   0.154140E+06   0.124576E-09   0.191903E-09   0.553377E-09
   0.154160E+06   0.245838E-09   0.154518E-09   0.512330E-09
   0.154180E+06   0.362271E-09   0.114880E-09   0.458028E-09
   0.154200E+06   0.467317E-09   0.740379E-10   0.390486E-09
   0.154220E+06   0.555159E-09   0.328502E-10   0.310256E-09
   0.154240E+06   0.621005E-09  -0.798389E-11   0.218628E-09
   0.154260E+06   0.661292E-09  -0.478590E-10   0.117727E-09
   0.154280E+06   0.673815E-09  -0.861950E-10   0.104985E-10
   0.154300E+06   0.657812E-09  -0.122377E-09  -0.994376E-10
   0.154320E+06   0.613996E-09  -0.155722E-09  -0.208061E-09
   0.154340E+06   0.544530E-09  -0.185472E-09  -0.311305E-09
   0.154360E+06   0.452959E-09  -0.210825E-09  -0.405445E-09
   0.154380E+06   0.344056E-09  -0.230988E-09  -0.487463E-09
   0.154400E+06   0.223597E-09  -0.245246E-09  -0.555326E-09
   0.154420E+06   0.980378E-10  -0.253037E-09  -0.608134E-09
   0.154440E+06  -0.258886E-10  -0.254011E-09  -0.646119E-09
   0.154460E+06  -0.141638E-09  -0.248068E-09  -0.670481E-09
   0.154480E+06  -0.243346E-09  -0.235372E-09  -0.683112E-09
   0.154500E+06  -0.326293E-09  -0.216335E-09  -0.686225E-09
   0.154520E+06  -0.387288E-09  -0.191579E-09  -0.681975E-09
   0.154540E+06  -0.424919E-09  -0.161887E-09  -0.672112E-09
   0.154560E+06  -0.439631E-09  -0.128150E-09  -0.657732E-09
   0.154580E+06  -0.433609E-09  -0.913219E-10  -0.639151E-09
   0.154600E+06  -0.410469E-09  -0.523890E-10  -0.615925E-09
   0.154620E+06  -0.374796E-09  -0.123522E-10  -0.586994E-09
   0.154640E+06  -0.331587E-09   0.277725E-10  -0.550924E-09
   0.154660E+06  -0.285655E-09   0.669501E-10  -0.506204E-09
   0.154680E+06  -0.241092E-09   0.104123E-09  -0.451540E-09
   0.154700E+06  -0.200842E-09   0.138222E-09  -0.386108E-09
   0.154720E+06  -0.166456E-09   0.168188E-09  -0.309722E-09
   0.154740E+06  -0.138043E-09   0.193026E-09  -0.222917E-09
   0.154760E+06  -0.114421E-09   0.211869E-09  -0.126930E-09
   0.154780E+06  -0.934421E-10   0.224054E-09  -0.236130E-10
   0.154800E+06  -0.724355E-10   0.229198E-09   0.847010E-10
   0.154820E+06  -0.487016E-10   0.227258E-09   0.195344E-09
   0.154840E+06  -0.199876E-10   0.218562E-09   0.305443E-09
   0.154860E+06   0.151196E-10   0.203803E-09   0.412020E-09
   0.154880E+06   0.569333E-10   0.183985E-09   0.512055E-09
   0.154900E+06   0.104564E-09   0.160345E-09   0.602521E-09
   0.154920E+06   0.155977E-09   0.134229E-09   0.680423E-09
   0.154940E+06   0.208200E-09   0.106966E-09   0.742850E-09
   0.154960E+06   0.257626E-09   0.797470E-10   0.787079E-09
   0.154980E+06   0.300393E-09   0.535215E-10   0.810730E-09
   0.155000E+06   0.332768E-09   0.289382E-10   0.811982E-09
   0.155020E+06   0.351517E-09   0.633026E-11   0.789822E-09
   0.155040E+06   0.354206E-09  -0.142521E-10   0.744293E-09
   0.155060E+06   0.339430E-09  -0.329681E-10   0.676704E-09
   0.155080E+06   0.306947E-09  -0.500862E-10   0.589752E-09
   0.155100E+06   0.257728E-09  -0.658768E-10   0.487505E-09
   0.155120E+06   0.193915E-09  -0.805148E-10   0.375248E-09
   0.155140E+06   0.118709E-09  -0.940116E-10   0.259157E-09
   0.155160E+06   0.361836E-10  -0.106187E-09   0.145850E-09
   0.155180E+06  -0.489558E-10  -0.116686E-09   0.418421E-10
   0.155200E+06  -0.131671E-09  -0.125035E-09  -0.470243E-10
   0.155220E+06  -0.206927E-09  -0.130728E-09  -0.116112E-09
   0.155240E+06  -0.270059E-09  -0.133329E-09  -0.162409E-09
   0.155260E+06  -0.317139E-09  -0.132563E-09  -0.184791E-09
   0.155280E+06  -0.345325E-09  -0.128386E-09  -0.184077E-09
   0.155300E+06  -0.353146E-09  -0.121022E-09  -0.162889E-09
   0.155320E+06  -0.340692E-09  -0.110951E-09  -0.125322E-09
   0.155340E+06  -0.309684E-09  -0.988534E-10  -0.764741E-10
   0.155360E+06  -0.263387E-09  -0.855275E-10  -0.219007E-10
   0.155380E+06  -0.206363E-09  -0.717783E-10   0.329436E-10
   0.155400E+06  -0.144080E-09  -0.583101E-10   0.832016E-10
   0.155420E+06  -0.824091E-10  -0.456349E-10   0.124998E-09
   0.155440E+06  -0.270517E-10  -0.340126E-10   0.155676E-09
   0.155460E+06   0.170286E-10  -0.234345E-10   0.173870E-09
   0.155480E+06   0.461041E-10  -0.136521E-10   0.179431E-09
   0.155500E+06   0.580476E-10  -0.424742E-11   0.173231E-09
   0.155520E+06   0.525147E-10   0.526713E-11   0.156889E-09
   0.155540E+06   0.309178E-10   0.153353E-10   0.132476E-09
   0.155560E+06  -0.380388E-11   0.262487E-10   0.102231E-09
   0.155580E+06  -0.475864E-10   0.380607E-10   0.683314E-10
   0.155600E+06  -0.957584E-10   0.505380E-10   0.327455E-10
   0.155620E+06  -0.143601E-09   0.631562E-10  -0.284433E-11
   0.155640E+06  -0.186869E-09   0.751428E-10  -0.370447E-10
   0.155660E+06  -0.222208E-09   0.855604E-10  -0.687072E-10
   0.155680E+06  -0.247409E-09   0.934192E-10  -0.968648E-10
   0.155700E+06  -0.261470E-09   0.978020E-10  -0.120676E-09
   0.155720E+06  -0.264488E-09   0.979842E-10  -0.139399E-09
   0.155740E+06  -0.257388E-09   0.935317E-10  -0.152408E-09
   0.155760E+06  -0.241571E-09   0.843639E-10  -0.159255E-09
   0.155780E+06  -0.218537E-09   0.707720E-10  -0.159761E-09
   0.155800E+06  -0.189559E-09   0.533922E-10  -0.154125E-09
   0.155820E+06  -0.155473E-09   0.331381E-10  -0.143019E-09
   0.155840E+06  -0.116607E-09   0.111020E-10  -0.127647E-09
   0.155860E+06  -0.728776E-10  -0.115601E-10  -0.109743E-09
   0.155880E+06  -0.240205E-10  -0.337439E-10  -0.915037E-10
   0.155900E+06   0.300929E-10  -0.544966E-10  -0.754394E-10
   0.155920E+06   0.891134E-10  -0.730886E-10  -0.641654E-10
   0.155940E+06   0.151923E-09  -0.890492E-10  -0.601473E-10
   0.155960E+06   0.216459E-09  -0.102164E-09  -0.654309E-10
   0.155980E+06   0.279703E-09  -0.112434E-09  -0.813897E-10
   0.156000E+06   0.337856E-09  -0.120013E-09  -0.108521E-09
   0.156020E+06   0.386680E-09  -0.125126E-09  -0.146325E-09
   0.156040E+06   0.421976E-09  -0.127991E-09  -0.193270E-09
   0.156060E+06   0.440121E-09  -0.128747E-09  -0.246882E-09
   0.156080E+06   0.438587E-09  -0.127420E-09  -0.303913E-09
   0.156100E+06   0.416366E-09  -0.123906E-09  -0.360606E-09
   0.156120E+06   0.374212E-09  -0.117997E-09  -0.413012E-09
   0.156140E+06   0.314680E-09  -0.109430E-09  -0.457322E-09
   0.156160E+06   0.241925E-09  -0.979584E-10  -0.490190E-09
   0.156180E+06   0.161293E-09  -0.834321E-10  -0.508995E-09
   0.156200E+06   0.787551E-10  -0.658674E-10  -0.512035E-09
   0.156220E+06   0.252340E-12  -0.455017E-10  -0.498620E-09
   0.156240E+06  -0.689493E-10  -0.228182E-10  -0.469066E-09
   0.156260E+06  -0.124815E-09   0.146234E-11  -0.424605E-09
   0.156280E+06  -0.164929E-09   0.264247E-10  -0.367218E-09
   0.156300E+06  -0.188668E-09   0.510295E-10  -0.299430E-09
   0.156320E+06  -0.197141E-09   0.742021E-10  -0.224092E-09
   0.156340E+06  -0.192908E-09   0.949279E-10  -0.144181E-09
   0.156360E+06  -0.179531E-09   0.112340E-09  -0.626342E-10
   0.156380E+06  -0.161018E-09   0.125787E-09   0.177575E-10
   0.156400E+06  -0.141250E-09   0.134880E-09   0.944123E-10
   0.156420E+06  -0.123456E-09   0.139495E-09   0.164973E-09
   0.156440E+06  -0.109831E-09   0.139765E-09   0.227304E-09
   0.156460E+06  -0.101312E-09   0.136030E-09   0.279481E-09
   0.156480E+06  -0.975642E-10   0.128783E-09   0.319812E-09
   0.156500E+06  -0.971475E-10   0.118609E-09   0.346889E-09
   0.156520E+06  -0.978350E-10   0.106124E-09   0.359686E-09
   0.156540E+06  -0.970345E-10   0.919361E-10   0.357689E-09
   0.156560E+06  -0.922413E-10   0.766145E-10   0.341050E-09
   0.156580E+06  -0.814602E-10   0.606828E-10   0.310726E-09
   0.156600E+06  -0.635374E-10   0.446229E-10   0.268571E-09
   0.156620E+06  -0.383622E-10   0.288883E-10   0.217357E-09
   0.156640E+06  -0.691642E-11   0.139182E-10   0.160694E-09
   0.156660E+06   0.288254E-10   0.144603E-12   0.102835E-09
   0.156680E+06   0.661268E-10  -0.120113E-10   0.483820E-10
   0.156700E+06   0.101812E-09  -0.221565E-10   0.191387E-11
   0.156720E+06   0.132637E-09  -0.299563E-10  -0.324295E-10
   0.156740E+06   0.155656E-09  -0.351704E-10  -0.513515E-10
   0.156760E+06   0.168552E-09  -0.376914E-10  -0.527426E-10
   0.156780E+06   0.169879E-09  -0.375745E-10  -0.359166E-10
   0.156800E+06   0.159208E-09  -0.350535E-10  -0.170629E-11
   0.156820E+06   0.137169E-09  -0.305363E-10   0.475963E-10
   0.156840E+06   0.105382E-09  -0.245797E-10   0.108449E-09
   0.156860E+06   0.663018E-10  -0.178432E-10   0.176391E-09
   0.156880E+06   0.230007E-10  -0.110295E-10   0.246456E-09
   0.156900E+06  -0.210960E-10  -0.481618E-11   0.313615E-09
   0.156920E+06  -0.624882E-10   0.208988E-12   0.373191E-09
   0.156940E+06  -0.978714E-10   0.360326E-11   0.421209E-09
   0.156960E+06  -0.124383E-09   0.510600E-11   0.454646E-09
   0.156980E+06  -0.139806E-09   0.465427E-11   0.471557E-09
   0.157000E+06  -0.142726E-09   0.237605E-11   0.471094E-09
   0.157020E+06  -0.132624E-09  -0.143618E-11   0.453430E-09
   0.157040E+06  -0.109919E-09  -0.636610E-11   0.419623E-09
   0.157060E+06  -0.759367E-10  -0.119215E-10   0.371437E-09
   0.157080E+06  -0.328297E-10  -0.175824E-10   0.311178E-09
   0.157100E+06   0.165692E-10  -0.228428E-10   0.241540E-09
   0.157120E+06   0.689379E-10  -0.272423E-10   0.165480E-09
   0.157140E+06   0.120699E-09  -0.303865E-10   0.861296E-10
   0.157160E+06   0.168279E-09  -0.319560E-10   0.670890E-11
   0.157180E+06   0.208379E-09  -0.317093E-10  -0.695586E-10
   0.157200E+06   0.238230E-09  -0.294814E-10  -0.139554E-09
   0.157220E+06   0.255819E-09  -0.251856E-10  -0.200404E-09
   0.157240E+06   0.260058E-09  -0.188187E-10  -0.249652E-09
   0.157260E+06   0.250887E-09  -0.104728E-10  -0.285449E-09
   0.157280E+06   0.229283E-09  -0.351498E-12  -0.306740E-09
   0.157300E+06   0.197190E-09   0.112132E-10  -0.313402E-09
   0.157320E+06   0.157353E-09   0.237486E-10  -0.306329E-09
   0.157340E+06   0.113085E-09   0.366396E-10  -0.287396E-09
   0.157360E+06   0.679740E-10   0.491437E-10  -0.259332E-09
   0.157380E+06   0.255716E-10   0.604262E-10  -0.225472E-09
   0.157400E+06  -0.109254E-10   0.696153E-10  -0.189426E-09
   0.157420E+06  -0.389536E-10   0.758757E-10  -0.154702E-09
   0.157440E+06  -0.568031E-10   0.784930E-10  -0.124331E-09
   0.157460E+06  -0.637559E-10   0.769593E-10  -0.100544E-09
   0.157480E+06  -0.601289E-10   0.710496E-10  -0.845559E-10
   0.157500E+06  -0.472206E-10   0.608767E-10  -0.764821E-10
   0.157520E+06  -0.271657E-10   0.469150E-10  -0.754060E-10
   0.157540E+06  -0.271628E-11   0.299864E-10  -0.795855E-10
   0.157560E+06   0.230292E-10   0.112070E-10  -0.867665E-10
   0.157580E+06   0.469217E-10  -0.810333E-11  -0.945578E-10
   0.157600E+06   0.660519E-10  -0.265402E-10  -0.100808E-09
   0.157620E+06   0.780109E-10  -0.427495E-10  -0.103930E-09
   0.157640E+06   0.810957E-10  -0.555631E-10  -0.103122E-09
   0.157660E+06   0.744457E-10  -0.641198E-10  -0.984606E-10
   0.157680E+06   0.580999E-10  -0.679559E-10  -0.908567E-10
   0.157700E+06   0.329740E-10  -0.670547E-10  -0.818792E-10
   0.157720E+06   0.764675E-12  -0.618471E-10  -0.734910E-10
   0.157740E+06  -0.362087E-10  -0.531648E-10  -0.677336E-10
   0.157760E+06  -0.752072E-10  -0.421477E-10  -0.664122E-10
   0.157780E+06  -0.113302E-09  -0.301197E-10  -0.708260E-10
   0.157800E+06  -0.147610E-09  -0.184446E-10  -0.815783E-10
   0.157820E+06  -0.175521E-09  -0.837998E-11  -0.984858E-10
   0.157840E+06  -0.194891E-09  -0.944560E-12  -0.120589E-09
   0.157860E+06  -0.204197E-09   0.318483E-11  -0.146248E-09
   0.157880E+06  -0.202645E-09   0.373739E-11  -0.173310E-09
   0.157900E+06  -0.190210E-09   0.866740E-12  -0.199303E-09
   0.157920E+06  -0.167628E-09  -0.487694E-11  -0.221645E-09
   0.157940E+06  -0.136330E-09  -0.126163E-10  -0.237833E-09
   0.157960E+06  -0.983204E-10  -0.212490E-10  -0.245617E-09
   0.157980E+06  -0.560264E-10  -0.295706E-10  -0.243129E-09
   0.158000E+06  -0.121132E-10  -0.364042E-10  -0.228995E-09
   0.158020E+06   0.307082E-10  -0.407238E-10  -0.202424E-09
   0.158040E+06   0.698698E-10  -0.417585E-10  -0.163280E-09
   0.158060E+06   0.103116E-09  -0.390681E-10  -0.112143E-09
   0.158080E+06   0.128639E-09  -0.325830E-10  -0.503510E-10
   0.158100E+06   0.145177E-09  -0.226076E-10   0.199968E-10
   0.158120E+06   0.152057E-09  -0.978550E-11   0.960800E-10
   0.158140E+06   0.149200E-09   0.496713E-11   0.174466E-09
   0.158160E+06   0.137077E-09   0.205533E-10   0.251296E-09
   0.158180E+06   0.116636E-09   0.358027E-10   0.322548E-09
   0.158200E+06   0.892115E-10   0.495845E-10   0.384358E-09
   0.158220E+06   0.564219E-10   0.609140E-10   0.433383E-09
   0.158240E+06   0.200725E-10   0.690418E-10   0.467140E-09
   0.158260E+06  -0.179294E-10   0.735182E-10   0.484296E-09
   0.158280E+06  -0.556462E-10   0.742249E-10   0.484842E-09
   0.158300E+06  -0.911695E-10   0.713709E-10   0.470124E-09
   0.158320E+06  -0.122674E-09   0.654530E-10   0.442702E-09
   0.158340E+06  -0.148476E-09   0.571857E-10   0.406043E-09
   0.158360E+06  -0.167101E-09   0.474080E-10   0.364087E-09
   0.158380E+06  -0.177372E-09   0.369788E-10   0.320724E-09
   0.158400E+06  -0.178511E-09   0.266735E-10   0.279268E-09
   0.158420E+06  -0.170253E-09   0.170944E-10   0.241998E-09
   0.158440E+06  -0.152950E-09   0.860896E-11   0.209840E-09
   0.158460E+06  -0.127652E-09   0.132079E-11   0.182248E-09
   0.158480E+06  -0.961357E-10  -0.491883E-11   0.157310E-09
   0.158500E+06  -0.608653E-10  -0.104631E-10   0.132066E-09
   0.158520E+06  -0.248632E-10  -0.157910E-10   0.103013E-09
   0.158540E+06   0.850458E-11  -0.214098E-10   0.667122E-10
   0.158560E+06   0.358219E-10  -0.277532E-10   0.204222E-10
   0.158580E+06   0.539692E-10  -0.350914E-10  -0.373471E-10
   0.158600E+06   0.604855E-10  -0.434664E-10  -0.106435E-09
   0.158620E+06   0.538974E-10  -0.526640E-10  -0.184858E-09
   0.158640E+06   0.339699E-10  -0.622280E-10  -0.268885E-09
   0.158660E+06   0.183409E-11  -0.715132E-10  -0.353373E-09
   0.158680E+06  -0.400362E-10  -0.797731E-10  -0.432300E-09
   0.158700E+06  -0.880086E-10  -0.862649E-10  -0.499439E-09
   0.158720E+06  -0.137626E-09  -0.903601E-10  -0.549072E-09
   0.158740E+06  -0.184054E-09  -0.916389E-10  -0.576652E-09
   0.158760E+06  -0.222592E-09  -0.899581E-10  -0.579332E-09
   0.158780E+06  -0.249177E-09  -0.854775E-10  -0.556275E-09
   0.158800E+06  -0.260832E-09  -0.786435E-10  -0.508734E-09
   0.158820E+06  -0.255972E-09  -0.701302E-10  -0.439882E-09
   0.158840E+06  -0.234562E-09  -0.607485E-10  -0.354438E-09
   0.158860E+06  -0.198081E-09  -0.513361E-10  -0.258137E-09
   0.158880E+06  -0.149316E-09  -0.426453E-10  -0.157120E-09
   0.158900E+06  -0.920208E-10  -0.352456E-10  -0.573345E-10
   0.158920E+06  -0.304751E-10  -0.294556E-10   0.359968E-10
   0.158940E+06   0.309686E-10  -0.253123E-10   0.118768E-09
   0.158960E+06   0.883092E-10  -0.225826E-10   0.188220E-09
   0.158980E+06   0.138229E-09  -0.208132E-10   0.242993E-09
   0.159000E+06   0.178301E-09  -0.194095E-10   0.283022E-09
   0.159020E+06   0.207066E-09  -0.177315E-10   0.309301E-09
   0.159040E+06   0.223976E-09  -0.151916E-10   0.323580E-09
   0.159060E+06   0.229255E-09  -0.113401E-10   0.328011E-09
   0.159080E+06   0.223708E-09  -0.592648E-11   0.324831E-09
   0.159100E+06   0.208521E-09   0.106965E-11   0.316079E-09
   0.159120E+06   0.185102E-09   0.944164E-11   0.303395E-09
   0.159140E+06   0.154984E-09   0.187885E-10   0.287903E-09
   0.159160E+06   0.119796E-09   0.285713E-10   0.270179E-09
   0.159180E+06   0.812845E-10   0.381829E-10   0.250289E-09
   0.159200E+06   0.413735E-10   0.470205E-10   0.227885E-09
   0.159220E+06   0.220425E-11   0.545517E-10   0.202348E-09
   0.159240E+06  -0.338659E-10   0.603652E-10   0.172941E-09
   0.159260E+06  -0.643404E-10   0.642024E-10   0.138976E-09
   0.159280E+06  -0.867460E-10   0.659690E-10   0.999790E-10
   0.159300E+06  -0.988721E-10   0.657264E-10   0.558259E-10
   0.159320E+06  -0.990554E-10   0.636696E-10   0.685854E-11
   0.159340E+06  -0.864667E-10   0.600953E-10  -0.460411E-10
   0.159360E+06  -0.613439E-10   0.553660E-10  -0.101424E-09
   0.159380E+06  -0.251212E-10   0.498759E-10  -0.157301E-09
   0.159400E+06   0.195842E-10   0.440211E-10  -0.211233E-09
   0.159420E+06   0.691463E-10   0.381767E-10  -0.260470E-09
   0.159440E+06   0.119256E-09   0.326813E-10  -0.302156E-09
   0.159460E+06   0.165362E-09   0.278272E-10  -0.333553E-09
   0.159480E+06   0.203177E-09   0.238561E-10  -0.352295E-09
   0.159500E+06   0.229167E-09   0.209562E-10  -0.356618E-09
   0.159520E+06   0.240967E-09   0.192616E-10  -0.345559E-09
   0.159540E+06   0.237647E-09   0.188508E-10  -0.319081E-09
   0.159560E+06   0.219804E-09   0.197445E-10  -0.278122E-09
   0.159580E+06   0.189449E-09   0.219043E-10  -0.224540E-09
   0.159600E+06   0.149720E-09   0.252301E-10  -0.160977E-09
   0.159620E+06   0.104461E-09   0.295603E-10  -0.906424E-10
   0.159640E+06   0.577261E-10   0.346739E-10  -0.170449E-10
   0.159660E+06   0.132893E-10   0.402960E-10   0.562850E-10
   0.159680E+06  -0.257753E-10   0.461068E-10   0.126060E-09
   0.159700E+06  -0.573847E-10   0.517552E-10   0.189452E-09
   0.159720E+06  -0.805794E-10   0.568751E-10   0.244232E-09
   0.159740E+06  -0.954878E-10   0.611050E-10   0.288834E-09
   0.159760E+06  -0.103147E-09   0.641091E-10   0.322340E-09
   0.159780E+06  -0.105218E-09   0.655982E-10   0.344395E-09
   0.159800E+06  -0.103658E-09   0.653497E-10   0.355089E-09
   0.159820E+06  -0.100397E-09   0.632238E-10   0.354822E-09
   0.159840E+06  -0.970721E-10   0.591753E-10   0.344182E-09
   0.159860E+06  -0.948643E-10   0.532589E-10   0.323859E-09
   0.159880E+06  -0.944286E-10   0.456274E-10   0.294604E-09
   0.159900E+06  -0.959297E-10   0.365225E-10   0.257232E-09
   0.159920E+06  -0.991477E-10   0.262574E-10   0.212663E-09
   0.159940E+06  -0.103622E-09   0.151954E-10   0.161970E-09
   0.159960E+06  -0.108791E-09   0.372278E-11   0.106433E-09
   0.159980E+06  -0.114106E-09  -0.777814E-11   0.475609E-10
   0.160000E+06  -0.119084E-09  -0.189544E-10  -0.129269E-10
   0.160020E+06  -0.123312E-09  -0.295028E-10  -0.731599E-10
   0.160040E+06  -0.126403E-09  -0.391831E-10  -0.131220E-09
   0.160060E+06  -0.127939E-09  -0.478222E-10  -0.185269E-09
   0.160080E+06  -0.127419E-09  -0.553098E-10  -0.233688E-09
   0.160100E+06  -0.124242E-09  -0.615861E-10  -0.275192E-09
   0.160120E+06  -0.117753E-09  -0.666245E-10  -0.308916E-09
   0.160140E+06  -0.107335E-09  -0.704123E-10  -0.334443E-09
   0.160160E+06  -0.925602E-10  -0.729332E-10  -0.351786E-09
   0.160180E+06  -0.733431E-10  -0.741557E-10  -0.361308E-09
   0.160200E+06  -0.500888E-10  -0.740285E-10  -0.363611E-09
   0.160220E+06  -0.237762E-10  -0.724856E-10  -0.359408E-09
   0.160240E+06   0.404420E-11  -0.694597E-10  -0.349397E-09
   0.160260E+06   0.313576E-10  -0.649014E-10  -0.334155E-09
   0.160280E+06   0.558965E-10  -0.588021E-10  -0.314085E-09
   0.160300E+06   0.754325E-10  -0.512144E-10  -0.289388E-09
   0.160320E+06   0.881086E-10  -0.422672E-10  -0.260098E-09
   0.160340E+06   0.927588E-10  -0.321720E-10  -0.226137E-09
   0.160360E+06   0.891614E-10  -0.212177E-10  -0.187399E-09
   0.160380E+06   0.781762E-10  -0.975506E-11  -0.143833E-09
   0.160400E+06   0.617338E-10   0.182821E-11  -0.955209E-10
   0.160420E+06   0.426689E-10   0.131369E-10  -0.427369E-10
   0.160440E+06   0.244105E-10   0.237983E-10   0.140163E-10
   0.160460E+06   0.105706E-10   0.334876E-10   0.739882E-10
   0.160480E+06   0.448553E-11   0.419445E-10   0.136176E-09
   0.160500E+06   0.877682E-11   0.489779E-10   0.199325E-09
   0.160520E+06   0.249937E-10   0.544594E-10   0.261935E-09
   0.160540E+06   0.533884E-10   0.583065E-10   0.322262E-09
   0.160560E+06   0.928555E-10   0.604601E-10   0.378329E-09
   0.160580E+06   0.141040E-09   0.608617E-10   0.427947E-09
   0.160600E+06   0.194598E-09   0.594359E-10   0.468774E-09
   0.160620E+06   0.249565E-09   0.560828E-10   0.498393E-09
   0.160640E+06   0.301777E-09   0.506844E-10   0.514455E-09
   0.160660E+06   0.347298E-09   0.431248E-10   0.514858E-09
   0.160680E+06   0.382774E-09   0.333222E-10   0.497955E-09
   0.160700E+06   0.405702E-09   0.212669E-10   0.462789E-09
   0.160720E+06   0.414562E-09   0.706046E-11   0.409296E-09
   0.160740E+06   0.408838E-09  -0.905444E-11   0.338472E-09
   0.160760E+06   0.388918E-09  -0.266778E-10   0.252448E-09
   0.160780E+06   0.355929E-09  -0.452561E-10   0.154462E-09
   0.160800E+06   0.311519E-09  -0.641078E-10   0.487041E-10
   0.160820E+06   0.257651E-09  -0.824684E-10  -0.599415E-10
   0.160840E+06   0.196413E-09  -0.995498E-10  -0.166263E-09
   0.160860E+06   0.129888E-09  -0.114607E-09  -0.265135E-09
   0.160880E+06   0.600736E-10  -0.127001E-09  -0.351944E-09
   0.160900E+06  -0.111486E-10  -0.136250E-09  -0.422970E-09
   0.160920E+06  -0.820038E-10  -0.142062E-09  -0.475673E-09
   0.160940E+06  -0.150802E-09  -0.144343E-09  -0.508854E-09
   0.160960E+06  -0.215918E-09  -0.143178E-09  -0.522662E-09
   0.160980E+06  -0.275780E-09  -0.138797E-09  -0.518458E-09
   0.161000E+06  -0.328891E-09  -0.131520E-09  -0.498556E-09
   0.161020E+06  -0.373865E-09  -0.121708E-09  -0.465875E-09
   0.161040E+06  -0.409470E-09  -0.109705E-09  -0.423558E-09
   0.161060E+06  -0.434688E-09  -0.958093E-10  -0.374611E-09
   0.161080E+06  -0.448758E-09  -0.802505E-10  -0.321607E-09
   0.161100E+06  -0.451208E-09  -0.631958E-10  -0.266494E-09
   0.161120E+06  -0.441870E-09  -0.447706E-10  -0.210518E-09
   0.161140E+06  -0.420888E-09  -0.250925E-10  -0.154266E-09
   0.161160E+06  -0.388714E-09  -0.430888E-11  -0.978043E-10
   0.161180E+06  -0.346117E-09   0.173706E-10  -0.408801E-10
   0.161200E+06  -0.294199E-09   0.396544E-10   0.168498E-10
   0.161220E+06  -0.234421E-09   0.621664E-10   0.756080E-10
   0.161240E+06  -0.168640E-09   0.844625E-10   0.135332E-09
   0.161260E+06  -0.991345E-10   0.106061E-09   0.195578E-09
   0.161280E+06  -0.286013E-10   0.126484E-09   0.255494E-09
   0.161300E+06   0.398914E-10   0.145291E-09   0.313864E-09
   0.161320E+06   0.103016E-09   0.162118E-09   0.369197E-09
   0.161340E+06   0.157371E-09   0.176681E-09   0.419837E-09
   0.161360E+06   0.199729E-09   0.188773E-09   0.464078E-09
   0.161380E+06   0.227334E-09   0.198240E-09   0.500255E-09
   0.161400E+06   0.238216E-09   0.204938E-09   0.526809E-09
   0.161420E+06   0.231481E-09   0.208689E-09   0.542319E-09
   0.161440E+06   0.207518E-09   0.209246E-09   0.545527E-09
   0.161460E+06   0.168113E-09   0.206269E-09   0.535341E-09
   0.161480E+06   0.116407E-09   0.199335E-09   0.510874E-09
   0.161500E+06   0.567126E-10   0.187972E-09   0.471499E-09
   0.161520E+06  -0.581837E-11   0.171727E-09   0.416942E-09
   0.161540E+06  -0.656317E-10   0.150249E-09   0.347413E-09
   0.161560E+06  -0.117276E-09   0.123386E-09   0.263742E-09
   0.161580E+06  -0.155911E-09   0.912720E-10   0.167524E-09
   0.161600E+06  -0.177762E-09   0.543922E-10   0.612087E-10
   0.161620E+06  -0.180467E-09   0.136147E-10  -0.518617E-10
   0.161640E+06  -0.163278E-09  -0.298244E-10  -0.167513E-09
   0.161660E+06  -0.127099E-09  -0.743792E-10  -0.280898E-09
   0.161680E+06  -0.743646E-10  -0.118294E-09  -0.386764E-09
   0.161700E+06  -0.878116E-11  -0.159730E-09  -0.479792E-09
   0.161720E+06   0.650242E-10  -0.196910E-09  -0.555006E-09
   0.161740E+06   0.141906E-09  -0.228249E-09  -0.608179E-09
   0.161760E+06   0.216603E-09  -0.252475E-09  -0.636215E-09
   0.161780E+06   0.284102E-09  -0.268703E-09  -0.637449E-09
   0.161800E+06   0.339936E-09  -0.276477E-09  -0.611836E-09
   0.161820E+06   0.380402E-09  -0.275761E-09  -0.560997E-09
   0.161840E+06   0.402707E-09  -0.266900E-09  -0.488122E-09
   0.161860E+06   0.405045E-09  -0.250548E-09  -0.397735E-09
   0.161880E+06   0.386637E-09  -0.227586E-09  -0.295352E-09
   0.161900E+06   0.347730E-09  -0.199040E-09  -0.187052E-09
   0.161920E+06   0.289593E-09  -0.166012E-09  -0.790183E-10
   0.161940E+06   0.214489E-09  -0.129629E-09   0.229037E-10
   0.161960E+06   0.125628E-09  -0.910145E-10   0.113612E-09
   0.161980E+06   0.270792E-10  -0.512792E-10   0.189061E-09
   0.162000E+06  -0.763671E-10  -0.115216E-10   0.246482E-09
   0.162020E+06  -0.179412E-09   0.271657E-10   0.284479E-09
   0.162040E+06  -0.276533E-09   0.636995E-10   0.303028E-09
   0.162060E+06  -0.362339E-09   0.970211E-10   0.303364E-09
   0.162080E+06  -0.431963E-09   0.126130E-09   0.287800E-09
   0.162100E+06  -0.481465E-09   0.150135E-09   0.259474E-09
   0.162120E+06  -0.508195E-09   0.168312E-09   0.222070E-09
   0.162140E+06  -0.511059E-09   0.180169E-09   0.179519E-09
   0.162160E+06  -0.490656E-09   0.185498E-09   0.135711E-09
   0.162180E+06  -0.449251E-09   0.184408E-09   0.942293E-10
   0.162200E+06  -0.390579E-09   0.177332E-09   0.581193E-10
   0.162220E+06  -0.319490E-09   0.165000E-09   0.297098E-10
   0.162240E+06  -0.241473E-09   0.148386E-09   0.104876E-10
   0.162260E+06  -0.162129E-09   0.128619E-09   0.103336E-11
   0.162280E+06  -0.866312E-10   0.106895E-09   0.102228E-11
   0.162300E+06  -0.192712E-10   0.843733E-10   0.928799E-11
   0.162320E+06   0.368794E-10   0.620866E-10   0.239468E-10
   0.162340E+06   0.801386E-10   0.408747E-10   0.425748E-10
   0.162360E+06   0.110207E-09   0.213442E-10   0.624268E-10
   0.162380E+06   0.127999E-09   0.386122E-11   0.806815E-10
   0.162400E+06   0.135338E-09  -0.114246E-10   0.946942E-10
   0.162420E+06   0.134586E-09  -0.245324E-10   0.102238E-09
   0.162440E+06   0.128251E-09  -0.355872E-10   0.101709E-09
   0.162460E+06   0.118641E-09  -0.447524E-10   0.922810E-10
   0.162480E+06   0.107608E-09  -0.521701E-10   0.739901E-10
   0.162500E+06   0.964134E-10  -0.579170E-10   0.477395E-10
   0.162520E+06   0.857097E-10  -0.619829E-10   0.152236E-10
   0.162540E+06   0.756415E-10  -0.642735E-10  -0.212246E-10
   0.162560E+06   0.660143E-10  -0.646352E-10  -0.588503E-10
   0.162580E+06   0.564991E-10  -0.628971E-10  -0.947362E-10
   0.162600E+06   0.468235E-10  -0.589216E-10  -0.126081E-09
   0.162620E+06   0.369143E-10  -0.526553E-10  -0.150466E-09
   0.162640E+06   0.269662E-10  -0.441706E-10  -0.166085E-09
   0.162660E+06   0.174317E-10  -0.336929E-10  -0.171912E-09
   0.162680E+06   0.894182E-11  -0.216062E-10  -0.167789E-09
   0.162700E+06   0.218433E-11  -0.843927E-11  -0.154421E-09
   0.162720E+06  -0.222983E-11   0.516849E-11  -0.133288E-09
   0.162740E+06  -0.387724E-11   0.185155E-10  -0.106471E-09
   0.162760E+06  -0.258461E-11   0.308952E-10  -0.764292E-10
   0.162780E+06   0.157035E-11   0.416537E-10  -0.457373E-10
   0.162800E+06   0.831788E-11   0.502437E-10  -0.168287E-10
   0.162820E+06   0.172982E-10   0.562657E-10   0.823393E-11
   0.162840E+06   0.281789E-10   0.594955E-10   0.279315E-10
   0.162860E+06   0.407555E-10   0.598949E-10   0.413846E-10
   0.162880E+06   0.550051E-10   0.576067E-10   0.483663E-10
   0.162900E+06   0.710737E-10   0.529348E-10   0.492329E-10
   0.162920E+06   0.891909E-10   0.463151E-10   0.447874E-10
   0.162940E+06   0.109525E-09   0.382777E-10   0.360991E-10
   0.162960E+06   0.132004E-09   0.294078E-10   0.243094E-10
   0.162980E+06   0.156143E-09   0.203060E-10   0.104529E-10
   0.163000E+06   0.180912E-09   0.115514E-10  -0.467433E-11
   0.163020E+06   0.204693E-09   0.366930E-11  -0.205823E-10
   0.163040E+06   0.225338E-09  -0.289528E-11  -0.370769E-10
   0.163060E+06   0.240337E-09  -0.779898E-11  -0.541773E-10
   0.163080E+06   0.247081E-09  -0.108150E-10  -0.719739E-10
   0.163100E+06   0.243194E-09  -0.118423E-10  -0.904543E-10
   0.163120E+06   0.226869E-09  -0.109084E-10  -0.109329E-09
   0.163140E+06   0.197171E-09  -0.816577E-11  -0.127891E-09
   0.163160E+06   0.154245E-09  -0.388209E-11  -0.144944E-09
   0.163180E+06   0.994067E-10   0.157672E-11  -0.158811E-09
   0.163200E+06   0.350773E-10   0.776874E-11  -0.167448E-09
   0.163220E+06  -0.354085E-10   0.142033E-10  -0.168642E-09
   0.163240E+06  -0.108113E-09   0.203710E-10  -0.160284E-09
   0.163260E+06  -0.178869E-09   0.257741E-10  -0.140675E-09
   0.163280E+06  -0.243669E-09   0.299552E-10  -0.108830E-09
   0.163300E+06  -0.299010E-09   0.325211E-10  -0.647357E-10
   0.163320E+06  -0.342152E-09   0.331606E-10  -0.951512E-11
   0.163340E+06  -0.371273E-09   0.316554E-10   0.545206E-10
   0.163360E+06  -0.385487E-09   0.278842E-10   0.123957E-09
   0.163380E+06  -0.384775E-09   0.218219E-10   0.194493E-09
   0.163400E+06  -0.369824E-09   0.135349E-10   0.261272E-09
   0.163420E+06  -0.341844E-09   0.317618E-11   0.319294E-09
   0.163440E+06  -0.302382E-09  -0.901880E-11   0.363865E-09
   0.163460E+06  -0.253183E-09  -0.227335E-10   0.391030E-09
   0.163480E+06  -0.196112E-09  -0.375701E-10   0.397954E-09
   0.163500E+06  -0.133127E-09  -0.530485E-10   0.383195E-09
   0.163520E+06  -0.663143E-10  -0.686084E-10   0.346850E-09
   0.163540E+06   0.207155E-11  -0.836162E-10   0.290563E-09
   0.163560E+06   0.695797E-10  -0.973827E-10   0.217396E-09
   0.163580E+06   0.133586E-09  -0.109191E-09   0.131576E-09
   0.163600E+06   0.191386E-09  -0.118337E-09   0.381606E-10
   0.163620E+06   0.240370E-09  -0.124180E-09  -0.573527E-10
   0.163640E+06   0.278251E-09  -0.126200E-09  -0.149423E-09
   0.163660E+06   0.303332E-09  -0.124049E-09  -0.232843E-09
   0.163680E+06   0.314752E-09  -0.117604E-09  -0.303055E-09
   0.163700E+06   0.312674E-09  -0.106991E-09  -0.356397E-09
   0.163720E+06   0.298362E-09  -0.926009E-10  -0.390266E-09
   0.163740E+06   0.274122E-09  -0.750685E-10  -0.403190E-09
   0.163760E+06   0.243105E-09  -0.552330E-10  -0.394835E-09
   0.163780E+06   0.208977E-09  -0.340743E-10  -0.365947E-09
   0.163800E+06   0.175507E-09  -0.126347E-10  -0.318244E-09
   0.163820E+06   0.146119E-09   0.806432E-11  -0.254289E-09
   0.163840E+06   0.123482E-09   0.271007E-10  -0.177331E-09
   0.163860E+06   0.109187E-09   0.437157E-10  -0.911494E-10
   0.163880E+06   0.103570E-09   0.573574E-10   0.123538E-12
   0.163900E+06   0.105703E-09   0.676973E-10   0.921724E-10
   0.163920E+06   0.113557E-09   0.746231E-10   0.180681E-09
   0.163940E+06   0.124301E-09   0.782100E-10   0.261520E-09
   0.163960E+06   0.134710E-09   0.786777E-10   0.330928E-09
   0.163980E+06   0.141603E-09   0.763418E-10   0.385703E-09
   0.164000E+06   0.142263E-09   0.715677E-10   0.423358E-09
   0.164020E+06   0.134766E-09   0.647346E-10   0.442271E-09
   0.164040E+06   0.118199E-09   0.562123E-10   0.441777E-09
   0.164060E+06   0.927196E-10   0.463529E-10   0.422209E-09
   0.164080E+06   0.594904E-10   0.354946E-10   0.384884E-09
   0.164100E+06   0.204812E-10   0.239715E-10   0.332009E-09
   0.164120E+06  -0.218020E-10   0.121255E-10   0.266533E-09
   0.164140E+06  -0.646253E-10   0.312654E-12   0.191941E-09
   0.164160E+06  -0.105326E-09  -0.110995E-10   0.112012E-09
   0.164180E+06  -0.141564E-09  -0.217449E-10   0.305631E-10
   0.164200E+06  -0.171507E-09  -0.312818E-10  -0.487982E-10
   0.164220E+06  -0.193928E-09  -0.394196E-10  -0.122886E-09
   0.164240E+06  -0.208238E-09  -0.459464E-10  -0.189102E-09
   0.164260E+06  -0.214446E-09  -0.507487E-10  -0.245531E-09
   0.164280E+06  -0.213091E-09  -0.538191E-10  -0.290974E-09
   0.164300E+06  -0.205142E-09  -0.552489E-10  -0.324907E-09
   0.164320E+06  -0.191896E-09  -0.552055E-10  -0.347392E-09
   0.164340E+06  -0.174882E-09  -0.538979E-10  -0.358947E-09
   0.164360E+06  -0.155761E-09  -0.515363E-10  -0.360401E-09
   0.164380E+06  -0.136236E-09  -0.482930E-10  -0.352744E-09
   0.164400E+06  -0.117945E-09  -0.442731E-10  -0.337011E-09
   0.164420E+06  -0.102356E-09  -0.395001E-10  -0.314190E-09
   0.164440E+06  -0.906396E-10  -0.339211E-10  -0.285175E-09
   0.164460E+06  -0.835531E-10  -0.274305E-10  -0.250763E-09
   0.164480E+06  -0.813325E-10  -0.199091E-10  -0.211681E-09
   0.164500E+06  -0.836206E-10  -0.112714E-10  -0.168641E-09
   0.164520E+06  -0.894508E-10  -0.151283E-11  -0.122398E-09
   0.164540E+06  -0.973016E-10   0.925251E-11  -0.738116E-10
   0.164560E+06  -0.105230E-09   0.207716E-10  -0.238786E-10
   0.164580E+06  -0.111075E-09   0.326538E-10   0.262532E-10
   0.164600E+06  -0.112725E-09   0.443961E-10   0.753076E-10
   0.164620E+06  -0.108390E-09   0.554287E-10   0.121930E-09
   0.164640E+06  -0.968776E-10   0.651748E-10   0.164762E-09
   0.164660E+06  -0.777992E-10   0.731166E-10   0.202529E-09
   0.164680E+06  -0.516839E-10   0.788565E-10   0.234128E-09
   0.164700E+06  -0.199774E-10   0.821653E-10   0.258706E-09
   0.164720E+06   0.150875E-10   0.830094E-10   0.275718E-09
   0.164740E+06   0.507333E-10   0.815534E-10   0.284952E-09
   0.164760E+06   0.839651E-10   0.781383E-10   0.286527E-09
   0.164780E+06   0.111936E-09   0.732381E-10   0.280856E-09
   0.164800E+06   0.132303E-09   0.674016E-10   0.268586E-09
   0.164820E+06   0.143510E-09   0.611871E-10   0.250521E-09
   0.164840E+06   0.144978E-09   0.551006E-10   0.227536E-09
   0.164860E+06   0.137144E-09   0.495432E-10   0.200494E-09
   0.164880E+06   0.121372E-09   0.447765E-10   0.170179E-09
   0.164900E+06   0.997328E-10   0.409063E-10   0.137247E-09
   0.164920E+06   0.746951E-10   0.378889E-10   0.102205E-09
   0.164940E+06   0.487733E-10   0.355537E-10   0.654168E-10
   0.164960E+06   0.241879E-10   0.336405E-10   0.271291E-10
   0.164980E+06   0.258915E-11   0.318434E-10  -0.124763E-10
   0.165000E+06  -0.151160E-10   0.298564E-10  -0.532227E-10
   0.165020E+06  -0.288101E-10   0.274133E-10  -0.948735E-10
   0.165040E+06  -0.390835E-10   0.243183E-10  -0.137073E-09
   0.165060E+06  -0.470411E-10   0.204637E-10  -0.179302E-09
   0.165080E+06  -0.540356E-10   0.158342E-10  -0.220849E-09
   0.165100E+06  -0.613716E-10   0.104991E-10  -0.260814E-09
   0.165120E+06  -0.700317E-10   0.459407E-11  -0.298124E-09
   0.165140E+06  -0.804668E-10  -0.170233E-11  -0.331583E-09
   0.165160E+06  -0.924868E-10  -0.819457E-11  -0.359931E-09
   0.165180E+06  -0.105263E-09  -0.146936E-10  -0.381919E-09
   0.165200E+06  -0.117444E-09  -0.210350E-10  -0.396386E-09
   0.165220E+06  -0.127358E-09  -0.270891E-10  -0.402327E-09
   0.165240E+06  -0.133272E-09  -0.327624E-10  -0.398958E-09
   0.165260E+06  -0.133668E-09  -0.379920E-10  -0.385760E-09
   0.165280E+06  -0.127487E-09  -0.427325E-10  -0.362507E-09
   0.165300E+06  -0.114303E-09  -0.469402E-10  -0.329273E-09
   0.165320E+06  -0.944196E-10  -0.505572E-10  -0.286437E-09
   0.165340E+06  -0.688475E-10  -0.534993E-10  -0.234664E-09
   0.165360E+06  -0.392009E-10  -0.556493E-10  -0.174890E-09
   0.165380E+06  -0.750745E-11  -0.568594E-10  -0.108311E-09
   0.165400E+06   0.240288E-10  -0.569622E-10  -0.363686E-10
   0.165420E+06   0.532804E-10  -0.557910E-10   0.392598E-10
   0.165440E+06   0.784325E-10  -0.532049E-10   0.116667E-09
   0.165460E+06   0.981718E-10  -0.491180E-10   0.193731E-09
   0.165480E+06   0.111811E-09  -0.435275E-10   0.268147E-09
   0.165500E+06   0.119334E-09  -0.365352E-10   0.337472E-09
   0.165520E+06   0.121367E-09  -0.283608E-10   0.399212E-09
   0.165540E+06   0.119078E-09  -0.193412E-10   0.450929E-09
   0.165560E+06   0.114024E-09  -0.991674E-11   0.490385E-09
   0.165580E+06   0.107965E-09  -0.601991E-12   0.515707E-09
   0.165600E+06   0.102653E-09   0.805476E-11   0.525556E-09
   0.165620E+06   0.996369E-10   0.155211E-10   0.519294E-09
   0.165640E+06   0.100075E-09   0.213331E-10   0.497110E-09
   0.165660E+06   0.104589E-09   0.251457E-10   0.460096E-09
   0.165680E+06   0.113162E-09   0.267738E-10   0.410250E-09
   0.165700E+06   0.125089E-09   0.262199E-10   0.350398E-09
   0.165720E+06   0.139004E-09   0.236824E-10   0.284025E-09
   0.165740E+06   0.152957E-09   0.195442E-10   0.215034E-09
   0.165760E+06   0.164578E-09   0.143404E-10   0.147438E-09
   0.165780E+06   0.171288E-09   0.870805E-11   0.850302E-10
   0.165800E+06   0.170571E-09   0.332288E-11   0.310529E-10
   0.165820E+06   0.160264E-09  -0.117066E-11  -0.120898E-10
   0.165840E+06   0.138856E-09  -0.422808E-11  -0.430460E-10
   0.165860E+06   0.105740E-09  -0.546430E-11  -0.616253E-10
   0.165880E+06   0.614068E-10  -0.469698E-11  -0.687905E-10
   0.165900E+06   0.752446E-11  -0.196779E-11  -0.665271E-10
   0.165920E+06  -0.531031E-10   0.246107E-11  -0.576050E-10
   0.165940E+06  -0.116719E-09   0.813543E-11  -0.452556E-10
   0.165960E+06  -0.178925E-09   0.144597E-10  -0.328041E-10
   0.165980E+06  -0.235102E-09   0.207634E-10  -0.232969E-10
   0.166000E+06  -0.280889E-09   0.263759E-10  -0.191697E-10
   0.166020E+06  -0.312667E-09   0.306996E-10  -0.219945E-10
   0.166040E+06  -0.327989E-09   0.332736E-10  -0.323349E-10
   0.166060E+06  -0.325891E-09   0.338174E-10  -0.497257E-10
   0.166080E+06  -0.307034E-09   0.322529E-10  -0.727770E-10
   0.166100E+06  -0.273665E-09   0.286989E-10  -0.993871E-10
   0.166120E+06  -0.229373E-09   0.234418E-10  -0.127036E-09
   0.166140E+06  -0.178683E-09   0.168868E-10  -0.153121E-09
   0.166160E+06  -0.126526E-09   0.949788E-11  -0.175289E-09
   0.166180E+06  -0.776625E-10   0.173441E-11  -0.191728E-09
   0.166200E+06  -0.361294E-10  -0.600404E-11  -0.201379E-09
   0.166220E+06  -0.478630E-11  -0.134181E-10  -0.204041E-09
   0.166240E+06   0.149765E-10  -0.203279E-10  -0.200366E-09
   0.166260E+06   0.233328E-10  -0.266701E-10  -0.191736E-09
   0.166280E+06   0.219090E-10  -0.324732E-10  -0.180053E-09
   0.166300E+06   0.134879E-10  -0.378186E-10  -0.167469E-09
   0.166320E+06   0.157358E-11  -0.427932E-10  -0.156078E-09
   0.166340E+06  -0.101154E-10  -0.474451E-10  -0.147641E-09
   0.166360E+06  -0.181508E-10  -0.517492E-10  -0.143347E-09
   0.166380E+06  -0.198276E-10  -0.555901E-10  -0.143664E-09
   0.166400E+06  -0.134685E-10  -0.587670E-10  -0.148287E-09
   0.166420E+06   0.143421E-11  -0.610181E-10  -0.156195E-09
   0.166440E+06   0.242458E-10  -0.620625E-10  -0.165796E-09
   0.166460E+06   0.533681E-10  -0.616503E-10  -0.175154E-09
   0.166480E+06   0.865286E-10  -0.596137E-10  -0.182258E-09
   0.166500E+06   0.121127E-09  -0.559080E-10  -0.185294E-09
   0.166520E+06   0.154581E-09  -0.506356E-10  -0.182899E-09
   0.166540E+06   0.184621E-09  -0.440481E-10  -0.174342E-09
   0.166560E+06   0.209497E-09  -0.365245E-10  -0.159631E-09
   0.166580E+06   0.228072E-09  -0.285288E-10  -0.139512E-09
   0.166600E+06   0.239818E-09  -0.205537E-10  -0.115379E-09
   0.166620E+06   0.244727E-09  -0.130581E-10  -0.890961E-10
   0.166640E+06   0.243163E-09  -0.640996E-11  -0.627561E-10
   0.166660E+06   0.235712E-09  -0.841817E-12  -0.384125E-10
   0.166680E+06   0.223045E-09   0.357338E-11  -0.178142E-10
   0.166700E+06   0.205836E-09   0.692243E-11  -0.217997E-11
   0.166720E+06   0.184734E-09   0.942901E-11   0.796091E-11
   0.166740E+06   0.160391E-09   0.114113E-10   0.128402E-10
   0.166760E+06   0.133532E-09   0.132279E-10   0.134275E-10
   0.166780E+06   0.105033E-09   0.152191E-10   0.113141E-10
   0.166800E+06   0.759778E-10   0.176549E-10   0.852063E-11
   0.166820E+06   0.476742E-10   0.206952E-10   0.725183E-11
   0.166840E+06   0.216083E-10   0.243680E-10   0.962938E-11
   0.166860E+06  -0.667006E-12   0.285691E-10   0.174352E-10
   0.166880E+06  -0.176963E-10   0.330804E-10   0.318964E-10
   0.166900E+06  -0.283158E-10   0.376040E-10   0.535353E-10
   0.166920E+06  -0.318465E-10   0.418064E-10   0.821027E-10
   0.166940E+06  -0.282505E-10   0.453642E-10   0.116597E-09
   0.166960E+06  -0.182222E-10   0.480066E-10   0.155366E-09
   0.166980E+06  -0.319079E-11   0.495477E-10   0.196276E-09
   0.167000E+06   0.147716E-10   0.499052E-10   0.236920E-09
   0.167020E+06   0.331309E-10   0.491038E-10   0.274852E-09
   0.167040E+06   0.491402E-10   0.472644E-10   0.307798E-09
   0.167060E+06   0.601248E-10   0.445816E-10   0.333848E-09
   0.167080E+06   0.637691E-10   0.412927E-10   0.351579E-09
   0.167100E+06   0.583670E-10   0.376439E-10   0.360128E-09
   0.167120E+06   0.430066E-10   0.338569E-10   0.359198E-09
   0.167140E+06   0.176689E-10   0.301010E-10   0.348999E-09
   0.167160E+06  -0.167674E-10   0.264722E-10   0.330167E-09
   0.167180E+06  -0.586107E-10   0.229828E-10   0.303636E-09
   0.167200E+06  -0.105514E-09   0.195609E-10   0.270523E-09
   0.167220E+06  -0.154681E-09   0.160596E-10   0.232023E-09
   0.167240E+06  -0.203099E-09   0.122754E-10   0.189322E-09
   0.167260E+06  -0.247764E-09   0.797332E-11   0.143556E-09
   0.167280E+06  -0.285881E-09   0.291692E-11   0.957946E-10
   0.167300E+06  -0.315034E-09  -0.309971E-11   0.470561E-10
   0.167320E+06  -0.333300E-09  -0.102205E-10  -0.166237E-11
   0.167340E+06  -0.339333E-09  -0.184988E-10  -0.493491E-10
   0.167360E+06  -0.332393E-09  -0.278757E-10  -0.949517E-10
   0.167380E+06  -0.312370E-09  -0.381647E-10  -0.137369E-09
   0.167400E+06  -0.279767E-09  -0.490486E-10  -0.175468E-09
   0.167420E+06  -0.235681E-09  -0.600859E-10  -0.208122E-09
   0.167440E+06  -0.181771E-09  -0.707293E-10  -0.234272E-09
   0.167460E+06  -0.120204E-09  -0.803556E-10  -0.252993E-09
   0.167480E+06  -0.535893E-10  -0.883045E-10  -0.263563E-09
   0.167500E+06   0.151294E-10  -0.939238E-10  -0.265514E-09
   0.167520E+06   0.828018E-10  -0.966186E-10  -0.258670E-09
   0.167540E+06   0.146243E-09  -0.958993E-10  -0.243154E-09
   0.167560E+06   0.202431E-09  -0.914257E-10  -0.219372E-09
   0.167580E+06   0.248725E-09  -0.830417E-10  -0.187975E-09
   0.167600E+06   0.283072E-09  -0.707992E-10  -0.149821E-09
   0.167620E+06   0.304199E-09  -0.549667E-10  -0.105929E-09
   0.167640E+06   0.311738E-09  -0.360234E-10  -0.574458E-10
   0.167660E+06   0.306286E-09  -0.146374E-10  -0.563113E-11
   0.167680E+06   0.289367E-09   0.837053E-11   0.481380E-10
   0.167700E+06   0.263302E-09   0.320738E-10   0.102352E-09
   0.167720E+06   0.230983E-09   0.554964E-10   0.155347E-09
   0.167740E+06   0.195581E-09   0.776720E-10   0.205295E-09
   0.167760E+06   0.160219E-09   0.977028E-10   0.250211E-09
   0.167780E+06   0.127636E-09   0.114813E-09   0.288004E-09
   0.167800E+06   0.999036E-10   0.128393E-09   0.316561E-09
   0.167820E+06   0.782168E-10   0.138030E-09   0.333873E-09
   0.167840E+06   0.627934E-10   0.143522E-09   0.338202E-09
   0.167860E+06   0.529002E-10   0.144882E-09   0.328247E-09
   0.167880E+06   0.470005E-10   0.142315E-09   0.303316E-09
   0.167900E+06   0.430060E-10   0.136192E-09   0.263464E-09
   0.167920E+06   0.385999E-10   0.127008E-09   0.209570E-09
   0.167940E+06   0.315886E-10   0.115335E-09   0.143354E-09
   0.167960E+06   0.202326E-10   0.101771E-09   0.673085E-10
   0.167980E+06   0.351242E-11   0.868951E-10  -0.154452E-10
   0.168000E+06  -0.187080E-10   0.712300E-10  -0.101362E-09
   0.168020E+06  -0.456412E-10   0.552119E-10  -0.186718E-09
   0.168040E+06  -0.756655E-10   0.391766E-10  -0.267869E-09
   0.168060E+06  -0.106530E-09   0.233578E-10  -0.341495E-09
   0.168080E+06  -0.135648E-09   0.789826E-11  -0.404795E-09
   0.168100E+06  -0.160430E-09  -0.712851E-11  -0.455632E-09
   0.168120E+06  -0.178627E-09  -0.216894E-10  -0.492593E-09
   0.168140E+06  -0.188622E-09  -0.357595E-10  -0.514995E-09
   0.168160E+06  -0.189640E-09  -0.492910E-10  -0.522823E-09
   0.168180E+06  -0.181854E-09  -0.621866E-10  -0.516631E-09
   0.168200E+06  -0.166373E-09  -0.742809E-10  -0.497419E-09
   0.168220E+06  -0.145118E-09  -0.853321E-10  -0.466518E-09
   0.168240E+06  -0.120615E-09  -0.950250E-10  -0.425480E-09
   0.168260E+06  -0.957172E-10  -0.102985E-09  -0.375998E-09
   0.168280E+06  -0.733137E-10  -0.108802E-09  -0.319846E-09
   0.168300E+06  -0.560410E-10  -0.112065E-09  -0.258840E-09
   0.168320E+06  -0.460390E-10  -0.112394E-09  -0.194804E-09
   0.168340E+06  -0.447688E-10  -0.109488E-09  -0.129534E-09
   0.168360E+06  -0.529036E-10  -0.103152E-09  -0.647525E-10
   0.168380E+06  -0.702953E-10  -0.933373E-10  -0.204488E-11
   0.168400E+06  -0.960089E-10  -0.801601E-10   0.572080E-10
   0.168420E+06  -0.128412E-09  -0.639163E-10   0.111902E-09
   0.168440E+06  -0.165301E-09  -0.450797E-10   0.161267E-09
   0.168460E+06  -0.204058E-09  -0.242888E-10   0.204888E-09
   0.168480E+06  -0.241812E-09  -0.231887E-11   0.242694E-09
   0.168500E+06  -0.275602E-09   0.199562E-10   0.274887E-09
   0.168520E+06  -0.302547E-09   0.416121E-10   0.301836E-09
   0.168540E+06  -0.319997E-09   0.617265E-10   0.323936E-09
   0.168560E+06  -0.325687E-09   0.794333E-10   0.341457E-09
   0.168580E+06  -0.317875E-09   0.939733E-10   0.354417E-09
   0.168600E+06  -0.295465E-09   0.104737E-09   0.362498E-09
   0.168620E+06  -0.258111E-09   0.111298E-09   0.365029E-09
   0.168640E+06  -0.206284E-09   0.113430E-09   0.361052E-09
   0.168660E+06  -0.141304E-09   0.111114E-09   0.349464E-09
   0.168680E+06  -0.653126E-10   0.104528E-09   0.329223E-09
   0.168700E+06   0.188020E-10   0.940236E-10   0.299584E-09
   0.168720E+06   0.107543E-09   0.800999E-10   0.260327E-09
   0.168740E+06   0.196987E-09   0.633631E-10   0.211947E-09
   0.168760E+06   0.283010E-09   0.444887E-10   0.155749E-09
   0.168780E+06   0.361527E-09   0.241843E-10   0.938484E-10
   0.168800E+06   0.428736E-09   0.315560E-11   0.290478E-10
   0.168820E+06   0.481335E-09  -0.179210E-10  -0.353902E-10
   0.168840E+06   0.516713E-09  -0.384192E-10  -0.960481E-10
   0.168860E+06   0.533075E-09  -0.577769E-10  -0.149698E-09
   0.168880E+06   0.529520E-09  -0.755041E-10  -0.193634E-09
   0.168900E+06   0.506065E-09  -0.911872E-10  -0.225953E-09
   0.168920E+06   0.463615E-09  -0.104491E-09  -0.245735E-09
   0.168940E+06   0.403896E-09  -0.115157E-09  -0.253100E-09
   0.168960E+06   0.329365E-09  -0.123008E-09  -0.249149E-09
   0.168980E+06   0.243105E-09  -0.127947E-09  -0.235780E-09
   0.169000E+06   0.148703E-09  -0.129958E-09  -0.215422E-09
   0.169020E+06   0.501268E-10  -0.129114E-09  -0.190729E-09
   0.169040E+06  -0.484069E-10  -0.125570E-09  -0.164274E-09
   0.169060E+06  -0.142584E-09  -0.119568E-09  -0.138277E-09
   0.169080E+06  -0.228161E-09  -0.111431E-09  -0.114417E-09
   0.169100E+06  -0.301156E-09  -0.101545E-09  -0.937373E-10
   0.169120E+06  -0.358061E-09  -0.903539E-10  -0.766353E-10
   0.169140E+06  -0.396062E-09  -0.783267E-10  -0.629454E-10
   0.169160E+06  -0.413253E-09  -0.659377E-10  -0.520744E-10
   0.169180E+06  -0.408819E-09  -0.536353E-10  -0.431664E-10
   0.169200E+06  -0.383168E-09  -0.418128E-10  -0.352675E-10
   0.169220E+06  -0.337977E-09  -0.307826E-10  -0.274632E-10
   0.169240E+06  -0.276146E-09  -0.207558E-10  -0.189764E-10
   0.169260E+06  -0.201640E-09  -0.118307E-10  -0.921849E-11
   0.169280E+06  -0.119235E-09  -0.399119E-11   0.219865E-11
   0.169300E+06  -0.341769E-10   0.288248E-11   0.154786E-10
   0.169320E+06   0.482131E-10   0.899324E-11   0.306677E-10
   0.169340E+06   0.122945E-09   0.145971E-10   0.476795E-10
   0.169360E+06   0.185737E-09   0.199676E-10   0.663044E-10
   0.169380E+06   0.233320E-09   0.253590E-10   0.862044E-10
   0.169400E+06   0.263644E-09   0.309713E-10   0.106895E-09
   0.169420E+06   0.275952E-09   0.369237E-10   0.127724E-09
   0.169440E+06   0.270738E-09   0.432371E-10   0.147866E-09
   0.169460E+06   0.249588E-09   0.498303E-10   0.166336E-09
   0.169480E+06   0.214937E-09   0.565278E-10   0.182043E-09
   0.169500E+06   0.169778E-09   0.630799E-10   0.193868E-09
   0.169520E+06   0.117368E-09   0.691904E-10   0.200783E-09
   0.169540E+06   0.609542E-10   0.745490E-10   0.201977E-09
   0.169560E+06   0.357437E-11   0.788629E-10   0.196974E-09
   0.169580E+06  -0.520832E-10   0.818853E-10   0.185733E-09
   0.169600E+06  -0.103735E-09   0.834348E-10   0.168703E-09
   0.169620E+06  -0.149500E-09   0.834068E-10   0.146820E-09
   0.169640E+06  -0.187852E-09   0.817752E-10   0.121444E-09
   0.169660E+06  -0.217559E-09   0.785865E-10   0.942527E-10
   0.169680E+06  -0.237640E-09   0.739480E-10   0.670836E-10
   0.169700E+06  -0.247339E-09   0.680148E-10   0.417686E-10
   0.169720E+06  -0.246155E-09   0.609763E-10   0.199666E-10
   0.169740E+06  -0.233895E-09   0.530462E-10   0.302282E-11
   0.169760E+06  -0.210751E-09   0.444553E-10  -0.813322E-11
   0.169780E+06  -0.177391E-09   0.354482E-10  -0.130411E-10
   0.169800E+06  -0.135003E-09   0.262813E-10  -0.117158E-10
   0.169820E+06  -0.853184E-10   0.172203E-10  -0.461297E-11
   0.169840E+06  -0.305536E-10   0.853567E-11   0.743421E-11
   0.169860E+06   0.266961E-10   0.494298E-12   0.232936E-10
   0.169880E+06   0.836277E-10  -0.665331E-11   0.416155E-10
   0.169900E+06   0.137435E-09  -0.126884E-10   0.609088E-10
   0.169920E+06   0.185525E-09  -0.174405E-10   0.796080E-10
   0.169940E+06   0.225718E-09  -0.208016E-10   0.961347E-10
   0.169960E+06   0.256406E-09  -0.227355E-10   0.108956E-09
   0.169980E+06   0.276649E-09  -0.232796E-10   0.116651E-09
   0.170000E+06   0.286206E-09  -0.225379E-10   0.117982E-09
   0.170020E+06   0.285500E-09  -0.206667E-10   0.111987E-09
   0.170040E+06   0.275536E-09  -0.178547E-10   0.980669E-10
   0.170060E+06   0.257778E-09  -0.143005E-10   0.760810E-10
   0.170080E+06   0.234022E-09  -0.101932E-10   0.464195E-10
   0.170100E+06   0.206265E-09  -0.569878E-11   0.100471E-10
   0.170120E+06   0.176598E-09  -0.955006E-12  -0.315009E-10
   0.170140E+06   0.147109E-09   0.392415E-11  -0.761762E-10
   0.170160E+06   0.119800E-09   0.883624E-11  -0.121532E-09
   0.170180E+06   0.965101E-10   0.136737E-10  -0.164890E-09
   0.170200E+06   0.788255E-10   0.183075E-10  -0.203538E-09
   0.170220E+06   0.679779E-10   0.225766E-10  -0.234949E-09
   0.170240E+06   0.647278E-10   0.262870E-10  -0.256987E-09
   0.170260E+06   0.692440E-10   0.292226E-10  -0.268083E-09
   0.170280E+06   0.809993E-10   0.311681E-10  -0.267364E-09
   0.170300E+06   0.987089E-10   0.319405E-10  -0.254715E-09
   0.170320E+06   0.120337E-09   0.314231E-10  -0.230785E-09
   0.170340E+06   0.143193E-09   0.295963E-10  -0.196931E-09
   0.170360E+06   0.164129E-09   0.265568E-10  -0.155111E-09
   0.170380E+06   0.179830E-09   0.225202E-10  -0.107755E-09
   0.170400E+06   0.187167E-09   0.178048E-10  -0.576137E-10
   0.170420E+06   0.183582E-09   0.127958E-10  -0.760605E-11
   0.170440E+06   0.167442E-09   0.789536E-11   0.393267E-10
   0.170460E+06   0.138313E-09   0.346556E-11   0.803578E-10
   0.170480E+06   0.970973E-10  -0.225980E-12   0.112904E-09
   0.170500E+06   0.460092E-10  -0.304850E-11   0.134750E-09
   0.170520E+06  -0.116250E-10  -0.503024E-11   0.144171E-09
   0.170540E+06  -0.717257E-10  -0.635522E-11   0.140050E-09
   0.170560E+06  -0.129933E-09  -0.733410E-11   0.121993E-09
   0.170580E+06  -0.182130E-09  -0.835276E-11   0.904206E-10
   0.170600E+06  -0.224941E-09  -0.980654E-11   0.466252E-10
   0.170620E+06  -0.256134E-09  -0.120306E-10  -0.722376E-11
   0.170640E+06  -0.274864E-09  -0.152378E-10  -0.681432E-10
   0.170660E+06  -0.281722E-09  -0.194754E-10  -0.132479E-09
   0.170680E+06  -0.278584E-09  -0.246067E-10  -0.196128E-09
   0.170700E+06  -0.268279E-09  -0.303220E-10  -0.254828E-09
   0.170720E+06  -0.254145E-09  -0.361780E-10  -0.304493E-09
   0.170740E+06  -0.239518E-09  -0.416572E-10  -0.341555E-09
   0.170760E+06  -0.227260E-09  -0.462409E-10  -0.363290E-09
   0.170780E+06  -0.219381E-09  -0.494811E-10  -0.368062E-09
   0.170800E+06  -0.216809E-09  -0.510625E-10  -0.355474E-09
   0.170820E+06  -0.219344E-09  -0.508436E-10  -0.326397E-09
   0.170840E+06  -0.225785E-09  -0.488722E-10  -0.282866E-09
   0.170860E+06  -0.234199E-09  -0.453720E-10  -0.227860E-09
   0.170880E+06  -0.242278E-09  -0.407057E-10  -0.164990E-09
   0.170900E+06  -0.247720E-09  -0.353193E-10  -0.981355E-10
   0.170920E+06  -0.248568E-09  -0.296773E-10  -0.310760E-10
   0.170940E+06  -0.243453E-09  -0.242000E-10   0.328351E-10
   0.170960E+06  -0.231708E-09  -0.192110E-10   0.909197E-10
   0.170980E+06  -0.213358E-09  -0.149024E-10   0.141318E-09
   0.171000E+06  -0.188993E-09  -0.113220E-10   0.183019E-09
   0.171020E+06  -0.159560E-09  -0.838245E-11   0.215782E-09
   0.171040E+06  -0.126147E-09  -0.588885E-11   0.239981E-09
   0.171060E+06  -0.897805E-10  -0.358003E-11   0.256395E-09
   0.171080E+06  -0.512936E-10  -0.117558E-11   0.265992E-09
   0.171100E+06  -0.112877E-10   0.157824E-11   0.269732E-09
   0.171120E+06   0.298204E-10   0.487036E-11   0.268434E-09
   0.171140E+06   0.716773E-10   0.879883E-11   0.262697E-09
   0.171160E+06   0.113839E-09   0.133593E-10   0.252907E-09
   0.171180E+06   0.155624E-09   0.184473E-10   0.239295E-09
   0.171200E+06   0.196020E-09   0.238732E-10   0.222032E-09
   0.171220E+06   0.233664E-09   0.293844E-10   0.201347E-09
   0.171240E+06   0.266930E-09   0.346927E-10   0.177615E-09
   0.171260E+06   0.294088E-09   0.395008E-10   0.151419E-09
   0.171280E+06   0.313535E-09   0.435258E-10   0.123562E-09
   0.171300E+06   0.324030E-09   0.465177E-10   0.950185E-10
   0.171320E+06   0.324909E-09   0.482706E-10   0.668543E-10
   0.171340E+06   0.316222E-09   0.486296E-10   0.401083E-10
   0.171360E+06   0.298761E-09   0.474920E-10   0.156748E-10
   0.171380E+06   0.273982E-09   0.448064E-10  -0.580144E-11
   0.171400E+06   0.243809E-09   0.405718E-10  -0.239957E-10
   0.171420E+06   0.210370E-09   0.348361E-10  -0.389290E-10
   0.171440E+06   0.175708E-09   0.276969E-10  -0.509456E-10
   0.171460E+06   0.141503E-09   0.193038E-10  -0.606483E-10
   0.171480E+06   0.108874E-09   0.986088E-11  -0.688027E-10
   0.171500E+06   0.782840E-10  -0.371333E-12  -0.762281E-10
   0.171520E+06   0.495619E-10  -0.110761E-10  -0.836911E-10
   0.171540E+06   0.220447E-10  -0.218851E-10  -0.918158E-10
   0.171560E+06  -0.519917E-11  -0.323876E-10  -0.101023E-09
   0.171580E+06  -0.331031E-10  -0.421465E-10  -0.111500E-09
   0.171600E+06  -0.623438E-10  -0.507188E-10  -0.123199E-09
   0.171620E+06  -0.931415E-10  -0.576816E-10  -0.135855E-09
   0.171640E+06  -0.125154E-09  -0.626597E-10  -0.149025E-09
   0.171660E+06  -0.157481E-09  -0.653539E-10  -0.162120E-09
   0.171680E+06  -0.188784E-09  -0.655659E-10  -0.174438E-09
   0.171700E+06  -0.217485E-09  -0.632187E-10  -0.185186E-09
   0.171720E+06  -0.242014E-09  -0.583677E-10  -0.193500E-09
   0.171740E+06  -0.261053E-09  -0.512033E-10  -0.198454E-09
   0.171760E+06  -0.273734E-09  -0.420436E-10  -0.199080E-09
   0.171780E+06  -0.279750E-09  -0.313165E-10  -0.194395E-09
   0.171800E+06  -0.279364E-09  -0.195345E-10  -0.183452E-09
   0.171820E+06  -0.273316E-09  -0.726323E-11  -0.165406E-09
   0.171840E+06  -0.262648E-09   0.491303E-11  -0.139606E-09
   0.171860E+06  -0.248491E-09   0.164255E-10  -0.105700E-09
   0.171880E+06  -0.231844E-09   0.267523E-10  -0.637327E-10
   0.171900E+06  -0.213402E-09   0.354448E-10  -0.142493E-10
   0.171920E+06  -0.193460E-09   0.421469E-10   0.416446E-10
   0.171940E+06  -0.171917E-09   0.466065E-10   0.102253E-09
   0.171960E+06  -0.148364E-09   0.486802E-10   0.165317E-09
   0.171980E+06  -0.122261E-09   0.483314E-10   0.228094E-09
   0.172000E+06  -0.931385E-10   0.456232E-10   0.287496E-09
   0.172020E+06  -0.608091E-10   0.407082E-10   0.340281E-09
   0.172040E+06  -0.255253E-10   0.338173E-10   0.383278E-09
   0.172060E+06   0.119359E-10   0.252470E-10   0.413631E-09
   0.172080E+06   0.502856E-10   0.153486E-10   0.429048E-09
   0.172100E+06   0.878321E-10   0.451703E-11   0.428024E-09
   0.172120E+06   0.122668E-09  -0.681907E-11   0.410013E-09
   0.172140E+06   0.152905E-09  -0.182076E-10   0.375550E-09
   0.172160E+06   0.176912E-09  -0.291842E-10   0.326274E-09
   0.172180E+06   0.193523E-09  -0.392858E-10   0.264881E-09
   0.172200E+06   0.202179E-09  -0.480663E-10   0.194970E-09
   0.172220E+06   0.202978E-09  -0.551156E-10   0.120813E-09
   0.172240E+06   0.196646E-09  -0.600803E-10   0.470542E-10
   0.172260E+06   0.184414E-09  -0.626870E-10  -0.216443E-10
   0.172280E+06   0.167857E-09  -0.627638E-10  -0.809667E-10
   0.172300E+06   0.148696E-09  -0.602602E-10  -0.127299E-09
   0.172320E+06   0.128617E-09  -0.552606E-10  -0.158030E-09
   0.172340E+06   0.109123E-09  -0.479904E-10  -0.171776E-09
   0.172360E+06   0.914348E-10  -0.388113E-10  -0.168492E-09
   0.172380E+06   0.764433E-10  -0.282046E-10  -0.149466E-09
   0.172400E+06   0.647154E-10  -0.167424E-10  -0.117188E-09
   0.172420E+06   0.565232E-10  -0.504829E-11  -0.751011E-10
   0.172440E+06   0.518873E-10   0.625081E-11  -0.272710E-10
   0.172460E+06   0.506133E-10   0.165759E-10   0.220049E-10
   0.172480E+06   0.523116E-10   0.254458E-10   0.685939E-10
   0.172500E+06   0.563999E-10   0.325187E-10   0.108894E-09
   0.172520E+06   0.620950E-10   0.376209E-10   0.140125E-09
   0.172540E+06   0.684113E-10   0.407576E-10   0.160519E-09
   0.172560E+06   0.741818E-10   0.421024E-10   0.169384E-09
   0.172580E+06   0.781172E-10   0.419679E-10   0.167060E-09
   0.172600E+06   0.789107E-10   0.407589E-10   0.154750E-09
   0.172620E+06   0.753832E-10   0.389138E-10   0.134296E-09
   0.172640E+06   0.666537E-10   0.368443E-10   0.107897E-09
   0.172660E+06   0.523065E-10   0.348794E-10   0.778384E-10
   0.172680E+06   0.325251E-10   0.332244E-10   0.462522E-10
   0.172700E+06   0.815912E-11   0.319404E-10   0.149462E-10
   0.172720E+06  -0.192974E-10   0.309484E-10  -0.146904E-10
   0.172740E+06  -0.478278E-10   0.300572E-10  -0.417005E-10
   0.172760E+06  -0.751061E-10   0.290108E-10  -0.655068E-10
   0.172780E+06  -0.987773E-10   0.275481E-10  -0.858170E-10
   0.172800E+06  -0.116765E-09   0.254634E-10  -0.102516E-09
   0.172820E+06  -0.127560E-09   0.226582E-10  -0.115572E-09
   0.172840E+06  -0.130440E-09   0.191738E-10  -0.124980E-09
   0.172860E+06  -0.125580E-09   0.151979E-10  -0.130756E-09
   0.172880E+06  -0.114046E-09   0.110436E-10  -0.132974E-09
   0.172900E+06  -0.976438E-10   0.710292E-11  -0.131838E-09
   0.172920E+06  -0.786730E-10   0.378250E-11  -0.127776E-09
   0.172940E+06  -0.596002E-10   0.143214E-11  -0.121502E-09
   0.172960E+06  -0.427195E-10   0.279137E-12  -0.114056E-09
   0.172980E+06  -0.298448E-10   0.380465E-12  -0.106769E-09
   0.173000E+06  -0.220834E-10   0.160248E-11  -0.101175E-09
   0.173020E+06  -0.197227E-10   0.363300E-11  -0.988531E-10
   0.173040E+06  -0.222413E-10   0.602542E-11  -0.101233E-09
   0.173060E+06  -0.284360E-10   0.826852E-11  -0.109384E-09
   0.173080E+06  -0.366343E-10   0.987119E-11  -0.123825E-09
   0.173100E+06  -0.449527E-10   0.104480E-10  -0.144391E-09
   0.173120E+06  -0.515535E-10   0.979130E-11  -0.170172E-09
   0.173140E+06  -0.548606E-10   0.791714E-11  -0.199555E-09
   0.173160E+06  -0.537046E-10   0.507652E-11  -0.230352E-09
   0.173180E+06  -0.473851E-10   0.172915E-11  -0.260013E-09
   0.173200E+06  -0.356579E-10  -0.151728E-11  -0.285886E-09
   0.173220E+06  -0.186660E-10  -0.399314E-11  -0.305498E-09
   0.173240E+06   0.315302E-11  -0.506563E-11  -0.316815E-09
   0.173260E+06   0.291537E-10  -0.423486E-11  -0.318445E-09
   0.173280E+06   0.585374E-10  -0.121306E-11  -0.309766E-09
   0.173300E+06   0.903633E-10   0.402480E-11  -0.290964E-09
   0.173320E+06   0.123520E-09   0.112263E-10  -0.262980E-09
   0.173340E+06   0.156676E-09   0.198841E-10  -0.227381E-09
   0.173360E+06   0.188237E-09   0.292913E-10  -0.186182E-09
   0.173380E+06   0.216344E-09   0.386221E-10  -0.141643E-09
   0.173400E+06   0.238943E-09   0.470237E-10  -0.960633E-10
   0.173420E+06   0.253921E-09   0.537096E-10  -0.516074E-10
   0.173440E+06   0.259339E-09   0.580395E-10  -0.101682E-10
   0.173460E+06   0.253695E-09   0.595779E-10   0.267225E-10
   0.173480E+06   0.236209E-09   0.581265E-10   0.579372E-10
   0.173500E+06   0.207063E-09   0.537274E-10   0.827587E-10
   0.173520E+06   0.167544E-09   0.466413E-10   0.100857E-09
   0.173540E+06   0.120051E-09   0.373056E-10   0.112254E-09
   0.173560E+06   0.679451E-10   0.262795E-10   0.117270E-09
   0.173580E+06   0.152461E-10   0.141842E-10   0.116482E-09
   0.173600E+06  -0.337970E-10   0.164594E-11   0.110665E-09
   0.173620E+06  -0.751996E-10  -0.107537E-10   0.100739E-09
   0.173640E+06  -0.105733E-09  -0.225161E-10   0.877077E-10
   0.173660E+06  -0.123338E-09  -0.332503E-10   0.725968E-10
   0.173680E+06  -0.127389E-09  -0.426855E-10   0.563831E-10
   0.173700E+06  -0.118773E-09  -0.506707E-10   0.399338E-10
   0.173720E+06  -0.997597E-10  -0.571654E-10   0.239579E-10
   0.173740E+06  -0.736788E-10  -0.622220E-10   0.898007E-11
   0.173760E+06  -0.444592E-10  -0.659632E-10  -0.465323E-11
   0.173780E+06  -0.160915E-10  -0.685560E-10  -0.167344E-10
   0.173800E+06   0.789886E-11  -0.701847E-10  -0.271243E-10
   0.173820E+06   0.248911E-10  -0.710253E-10  -0.356632E-10
   0.173840E+06   0.334567E-10  -0.712237E-10  -0.420791E-10
   0.173860E+06   0.334576E-10  -0.708789E-10  -0.459162E-10
   0.173880E+06   0.259481E-10  -0.700353E-10  -0.465032E-10
   0.173900E+06   0.129073E-10  -0.686824E-10  -0.429770E-10
   0.173920E+06  -0.314669E-11  -0.667650E-10  -0.343684E-10
   0.173940E+06  -0.195910E-10  -0.642007E-10  -0.197442E-10
   0.173960E+06  -0.341083E-10  -0.609031E-10   0.161287E-11
   0.173980E+06  -0.450074E-10  -0.568070E-10   0.300147E-10
   0.174000E+06  -0.514095E-10  -0.518916E-10   0.652045E-10
   0.174020E+06  -0.532805E-10  -0.461965E-10   0.106254E-09
   0.174040E+06  -0.513171E-10  -0.398277E-10   0.151548E-09
   0.174060E+06  -0.467222E-10  -0.329523E-10   0.198876E-09
   0.174080E+06  -0.409184E-10  -0.257799E-10   0.245622E-09
   0.174100E+06  -0.352580E-10  -0.185367E-10   0.289038E-09
   0.174120E+06  -0.307868E-10  -0.114313E-10   0.326559E-09
   0.174140E+06  -0.280946E-10  -0.462419E-11   0.356121E-09
   0.174160E+06  -0.272799E-10   0.179826E-11   0.376420E-09
   0.174180E+06  -0.280189E-10   0.783717E-11   0.387070E-09
   0.174200E+06  -0.297185E-10   0.135793E-10   0.388640E-09
   0.174220E+06  -0.317123E-10   0.191785E-10   0.382543E-09
   0.174240E+06  -0.334527E-10   0.248233E-10   0.370795E-09
   0.174260E+06  -0.346581E-10   0.306934E-10   0.355691E-09
   0.174280E+06  -0.353824E-10   0.369136E-10   0.339426E-09
   0.174300E+06  -0.359935E-10   0.435116E-10   0.323741E-09
   0.174320E+06  -0.370659E-10   0.503876E-10   0.309643E-09
   0.174340E+06  -0.392131E-10   0.573008E-10   0.297247E-09
   0.174360E+06  -0.428942E-10   0.638779E-10   0.285762E-09
   0.174380E+06  -0.482405E-10   0.696407E-10   0.273642E-09
   0.174400E+06  -0.549388E-10   0.740534E-10   0.258850E-09
   0.174420E+06  -0.622010E-10   0.765808E-10   0.239215E-09
   0.174440E+06  -0.688329E-10   0.767506E-10   0.212816E-09
   0.174460E+06  -0.733941E-10   0.742119E-10   0.178332E-09
   0.174480E+06  -0.744249E-10   0.687813E-10   0.135294E-09
   0.174500E+06  -0.707027E-10   0.604705E-10   0.842173E-10
   0.174520E+06  -0.614838E-10   0.494925E-10   0.265844E-10
   0.174540E+06  -0.466872E-10   0.362456E-10  -0.353152E-10
   0.174560E+06  -0.269888E-10   0.212789E-10  -0.986517E-10
   0.174580E+06  -0.380512E-11   0.524284E-11  -0.160387E-09
   0.174600E+06   0.208318E-10  -0.111663E-10  -0.217619E-09
   0.174620E+06   0.444920E-10  -0.272622E-10  -0.267885E-09
   0.174640E+06   0.646266E-10  -0.424171E-10  -0.309379E-09
   0.174660E+06   0.788657E-10  -0.560987E-10  -0.341070E-09
   0.174680E+06   0.852951E-10  -0.678917E-10  -0.362698E-09
   0.174700E+06   0.826731E-10  -0.775046E-10  -0.374677E-09
   0.174720E+06   0.705614E-10  -0.847628E-10  -0.377932E-09
   0.174740E+06   0.493584E-10  -0.895928E-10  -0.373692E-09
   0.174760E+06   0.202389E-10  -0.920002E-10  -0.363301E-09
   0.174780E+06  -0.149835E-10  -0.920491E-10  -0.348054E-09
   0.174800E+06  -0.540437E-10  -0.898441E-10  -0.329096E-09
   0.174820E+06  -0.944322E-10  -0.855191E-10  -0.307371E-09
   0.174840E+06  -0.133593E-09  -0.792331E-10  -0.283635E-09
   0.174860E+06  -0.169088E-09  -0.711724E-10  -0.258490E-09
   0.174880E+06  -0.198721E-09  -0.615557E-10  -0.232437E-09
   0.174900E+06  -0.220608E-09  -0.506405E-10  -0.205915E-09
   0.174920E+06  -0.233222E-09  -0.387254E-10  -0.179313E-09
   0.174940E+06  -0.235401E-09  -0.261473E-10  -0.152953E-09
   0.174960E+06  -0.226362E-09  -0.132709E-10  -0.127056E-09
   0.174980E+06  -0.205720E-09  -0.469893E-12  -0.101692E-09
   0.175000E+06  -0.173527E-09   0.118959E-10  -0.767392E-10
   0.175020E+06  -0.130325E-09   0.235071E-10  -0.518896E-10
   0.175040E+06  -0.772197E-10   0.341095E-10  -0.266823E-10
   0.175060E+06  -0.159316E-10   0.435318E-10  -0.596178E-12
   0.175080E+06   0.511699E-10   0.516956E-10   0.268206E-10
   0.175100E+06   0.121091E-09   0.586124E-10   0.558001E-10
   0.175120E+06   0.190307E-09   0.643687E-10   0.862102E-10
   0.175140E+06   0.254928E-09   0.691015E-10   0.117447E-09
   0.175160E+06   0.310946E-09   0.729655E-10   0.148393E-09
   0.175180E+06   0.354536E-09   0.760997E-10   0.177450E-09
   0.175200E+06   0.382383E-09   0.785961E-10   0.202666E-09
   0.175220E+06   0.392011E-09   0.804765E-10   0.221930E-09
   0.175240E+06   0.382056E-09   0.816820E-10   0.233216E-09
   0.175260E+06   0.352464E-09   0.820755E-10   0.234843E-09
   0.175280E+06   0.304567E-09   0.814578E-10   0.225712E-09
   0.175300E+06   0.241036E-09   0.795952E-10   0.205478E-09
   0.175320E+06   0.165690E-09   0.762536E-10   0.174635E-09
   0.175340E+06   0.831969E-10   0.712351E-10   0.134501E-09
   0.175360E+06  -0.132224E-11   0.644112E-10   0.871013E-10
   0.175380E+06  -0.827324E-10   0.557481E-10   0.349712E-10
   0.175400E+06  -0.156329E-09   0.453218E-10  -0.190885E-10
   0.175420E+06  -0.218233E-09   0.333210E-10  -0.722747E-10
   0.175440E+06  -0.265696E-09   0.200388E-10  -0.122020E-09
   0.175460E+06  -0.297291E-09   0.585588E-11  -0.166181E-09
   0.175480E+06  -0.312951E-09  -0.878208E-11  -0.203148E-09
   0.175500E+06  -0.313885E-09  -0.233890E-10  -0.231882E-09
   0.175520E+06  -0.302357E-09  -0.374619E-10  -0.251883E-09
   0.175540E+06  -0.281372E-09  -0.505010E-10  -0.263095E-09
   0.175560E+06  -0.254311E-09  -0.620270E-10  -0.265796E-09
   0.175580E+06  -0.224549E-09  -0.715939E-10  -0.260483E-09
   0.175600E+06  -0.195098E-09  -0.788016E-10  -0.247773E-09
   0.175620E+06  -0.168335E-09  -0.833082E-10  -0.228347E-09
   0.175640E+06  -0.145807E-09  -0.848454E-10  -0.202930E-09
   0.175660E+06  -0.128168E-09  -0.832356E-10  -0.172300E-09
   0.175680E+06  -0.115218E-09  -0.784127E-10  -0.137323E-09
   0.175700E+06  -0.106046E-09  -0.704417E-10  -0.989865E-10
   0.175720E+06  -0.992498E-10  -0.595357E-10  -0.584143E-10
   0.175740E+06  -0.932036E-10  -0.460654E-10  -0.168573E-10
   0.175760E+06  -0.863281E-10  -0.305570E-10   0.243536E-10
   0.175780E+06  -0.773357E-10  -0.136755E-10   0.638850E-10
   0.175800E+06  -0.654154E-10   0.380702E-11   0.100498E-09
   0.175820E+06  -0.503383E-10   0.210586E-10   0.133147E-09
   0.175840E+06  -0.324717E-10   0.372448E-10   0.161068E-09
   0.175860E+06  -0.127053E-10   0.515925E-10   0.183822E-09
   0.175880E+06   0.769795E-11   0.634518E-10   0.201313E-09
   0.175900E+06   0.273010E-10   0.723490E-10   0.213736E-09
   0.175920E+06   0.447145E-10   0.780237E-10   0.221508E-09
   0.175940E+06   0.588076E-10   0.804457E-10   0.225149E-09
   0.175960E+06   0.688793E-10   0.798073E-10   0.225173E-09
   0.175980E+06   0.747680E-10   0.764930E-10   0.221978E-09
   0.176000E+06   0.768840E-10   0.710299E-10   0.215772E-09
   0.176020E+06   0.761632E-10   0.640238E-10   0.206549E-09
   0.176040E+06   0.739507E-10   0.560898E-10   0.194102E-09
   0.176060E+06   0.718310E-10   0.477857E-10   0.178093E-09
   0.176080E+06   0.714304E-10   0.395562E-10   0.158156E-09
   0.176100E+06   0.742192E-10   0.316954E-10   0.134010E-09
   0.176120E+06   0.813392E-10   0.243300E-10   0.105579E-09
   0.176140E+06   0.934793E-10   0.174273E-10   0.730885E-10
   0.176160E+06   0.110813E-09   0.108232E-10   0.371188E-10
   0.176180E+06   0.133001E-09   0.426846E-11  -0.138131E-11
   0.176200E+06   0.159252E-09  -0.251531E-11  -0.411331E-10
   0.176220E+06   0.188433E-09  -0.977721E-11  -0.806096E-10
   0.176240E+06   0.219203E-09  -0.176838E-10  -0.118151E-09
   0.176260E+06   0.250149E-09  -0.262790E-10  -0.152096E-09
   0.176280E+06   0.279905E-09  -0.354611E-10  -0.180923E-09
   0.176300E+06   0.307239E-09  -0.449819E-10  -0.203366E-09
   0.176320E+06   0.331092E-09  -0.544654E-10  -0.218518E-09
   0.176340E+06   0.350578E-09  -0.634455E-10  -0.225895E-09
   0.176360E+06   0.364945E-09  -0.714155E-10  -0.225461E-09
   0.176380E+06   0.373514E-09  -0.778844E-10  -0.217617E-09
   0.176400E+06   0.375619E-09  -0.824315E-10  -0.203158E-09
   0.176420E+06   0.370559E-09  -0.847521E-10  -0.183193E-09
   0.176440E+06   0.357590E-09  -0.846889E-10  -0.159056E-09
   0.176460E+06   0.335955E-09  -0.822451E-10  -0.132195E-09
   0.176480E+06   0.304970E-09  -0.775787E-10  -0.104059E-09
   0.176500E+06   0.264141E-09  -0.709790E-10  -0.759970E-10
   0.176520E+06   0.213321E-09  -0.628299E-10  -0.491628E-10
   0.176540E+06   0.152856E-09  -0.535658E-10  -0.244468E-10
   0.176560E+06   0.837259E-10  -0.436261E-10  -0.243452E-11
   0.176580E+06   0.763179E-11  -0.334163E-10   0.166017E-10
   0.176600E+06  -0.729850E-10  -0.232780E-10   0.326777E-10
   0.176620E+06  -0.155001E-09  -0.134738E-10   0.460404E-10
   0.176640E+06  -0.234760E-09  -0.418523E-11   0.570858E-10
   0.176660E+06  -0.308296E-09   0.447595E-11   0.662623E-10
   0.176680E+06  -0.371627E-09   0.124495E-10   0.739704E-10
   0.176700E+06  -0.421079E-09   0.197039E-10   0.804765E-10
   0.176720E+06  -0.453616E-09   0.262154E-10   0.858502E-10
   0.176740E+06  -0.467136E-09   0.319537E-10   0.899393E-10
   0.176760E+06  -0.460699E-09   0.368758E-10   0.923863E-10
   0.176780E+06  -0.434669E-09   0.409297E-10   0.926868E-10
   0.176800E+06  -0.390733E-09   0.440656E-10   0.902815E-10
   0.176820E+06  -0.331805E-09   0.462517E-10   0.846700E-10
   0.176840E+06  -0.261825E-09   0.474901E-10   0.755282E-10
   0.176860E+06  -0.185451E-09   0.478282E-10   0.628095E-10
   0.176880E+06  -0.107701E-09   0.473625E-10   0.468138E-10
   0.176900E+06  -0.335567E-10   0.462324E-10   0.282104E-10
   0.176920E+06   0.324187E-10   0.446047E-10   0.800889E-11
   0.176940E+06   0.864156E-10   0.426513E-10  -0.125192E-10
   0.176960E+06   0.125639E-09   0.405229E-10  -0.319583E-10
   0.176980E+06   0.148469E-09   0.383262E-10  -0.488894E-10
   0.177000E+06   0.154521E-09   0.361055E-10  -0.620333E-10
   0.177020E+06   0.144597E-09   0.338362E-10  -0.703754E-10
   0.177040E+06   0.120554E-09   0.314292E-10  -0.732560E-10
   0.177060E+06   0.850935E-10   0.287463E-10  -0.704135E-10
   0.177080E+06   0.415243E-10   0.256251E-10  -0.619795E-10
   0.177100E+06  -0.650285E-11   0.219066E-10  -0.484290E-10
   0.177120E+06  -0.552456E-10   0.174633E-10  -0.304991E-10
   0.177140E+06  -0.101096E-09   0.122204E-10  -0.909194E-11
   0.177160E+06  -0.140768E-09   0.616829E-11   0.148196E-10
   0.177180E+06  -0.171446E-09  -0.635714E-12   0.402701E-10
   0.177200E+06  -0.190894E-09  -0.807663E-11   0.663523E-10
   0.177220E+06  -0.197534E-09  -0.159979E-10   0.922382E-10
   0.177240E+06  -0.190499E-09  -0.242214E-10   0.117176E-09
   0.177260E+06  -0.169663E-09  -0.325655E-10   0.140474E-09
   0.177280E+06  -0.135660E-09  -0.408581E-10   0.161476E-09
   0.177300E+06  -0.898760E-10  -0.489412E-10   0.179561E-09
   0.177320E+06  -0.344136E-10  -0.566667E-10   0.194157E-09
   0.177340E+06   0.279795E-10  -0.638840E-10   0.204775E-09
   0.177360E+06   0.940281E-10  -0.704252E-10   0.211080E-09
   0.177380E+06   0.160097E-09  -0.760902E-10   0.212948E-09
   0.177400E+06   0.222408E-09  -0.806383E-10   0.210538E-09
   0.177420E+06   0.277290E-09  -0.837902E-10   0.204317E-09
   0.177440E+06   0.321451E-09  -0.852426E-10   0.195054E-09
   0.177460E+06   0.352240E-09  -0.846956E-10   0.183754E-09
   0.177480E+06   0.367867E-09  -0.818895E-10   0.171548E-09
   0.177500E+06   0.367561E-09  -0.766474E-10   0.159527E-09
   0.177520E+06   0.351635E-09  -0.689153E-10   0.148571E-09
   0.177540E+06   0.321441E-09  -0.587943E-10   0.139173E-09
   0.177560E+06   0.279227E-09  -0.465569E-10   0.131314E-09
   0.177580E+06   0.227902E-09  -0.326458E-10   0.124399E-09
   0.177600E+06   0.170741E-09  -0.176500E-10   0.117284E-09
   0.177620E+06   0.111061E-09  -0.226300E-11   0.108399E-09
   0.177640E+06   0.519164E-10   0.127753E-10   0.959599E-10
   0.177660E+06  -0.414595E-11   0.267442E-10   0.782413E-10
   0.177680E+06  -0.552501E-10   0.390087E-10   0.538773E-10
   0.177700E+06  -0.100247E-09   0.490777E-10   0.221445E-10
   0.177720E+06  -0.138665E-09   0.566475E-10  -0.168184E-10
   0.177740E+06  -0.170579E-09   0.616237E-10  -0.618940E-10
   0.177760E+06  -0.196407E-09   0.641203E-10  -0.110997E-09
   0.177780E+06  -0.216706E-09   0.644353E-10  -0.161224E-09
   0.177800E+06  -0.231973E-09   0.630069E-10  -0.209124E-09
   0.177820E+06  -0.242510E-09   0.603550E-10  -0.251069E-09
   0.177840E+06  -0.248370E-09   0.570160E-10  -0.283665E-09
   0.177860E+06  -0.249387E-09   0.534787E-10  -0.304171E-09
   0.177880E+06  -0.245286E-09   0.501295E-10  -0.310842E-09
   0.177900E+06  -0.235846E-09   0.472124E-10  -0.303174E-09
   0.177920E+06  -0.221078E-09   0.448097E-10  -0.282005E-09
   0.177940E+06  -0.201380E-09   0.428430E-10  -0.249458E-09
   0.177960E+06  -0.177634E-09   0.410972E-10  -0.208739E-09
   0.177980E+06  -0.151208E-09   0.392601E-10  -0.163805E-09
   0.178000E+06  -0.123875E-09   0.369754E-10  -0.118959E-09
   0.178020E+06  -0.976276E-10   0.339006E-10  -0.784040E-10
   0.178040E+06  -0.744443E-10   0.297624E-10  -0.458299E-10
   0.178060E+06  -0.560205E-10   0.244029E-10  -0.240629E-10
   0.178080E+06  -0.435252E-10   0.178110E-10  -0.148242E-10
   0.178100E+06  -0.374200E-10   0.101336E-10  -0.186149E-10
   0.178120E+06  -0.373740E-10   0.166787E-11  -0.347307E-10
   0.178140E+06  -0.422942E-10  -0.716691E-11  -0.613944E-10
   0.178160E+06  -0.504680E-10  -0.158722E-10  -0.959798E-10
   0.178180E+06  -0.597959E-10  -0.239226E-10  -0.135293E-09
   0.178200E+06  -0.680804E-10  -0.308215E-10  -0.175875E-09
   0.178220E+06  -0.733204E-10  -0.361509E-10  -0.214294E-09
   0.178240E+06  -0.739682E-10  -0.396119E-10  -0.247394E-09
   0.178260E+06  -0.691059E-10  -0.410478E-10  -0.272493E-09
   0.178280E+06  -0.585170E-10  -0.404500E-10  -0.287509E-09
   0.178300E+06  -0.426468E-10  -0.379457E-10  -0.291032E-09
   0.178320E+06  -0.224640E-10  -0.337705E-10  -0.282337E-09
   0.178340E+06   0.744760E-12  -0.282297E-10  -0.261362E-09
   0.178360E+06   0.256073E-10  -0.216566E-10  -0.228654E-09
   0.178380E+06   0.508784E-10  -0.143718E-10  -0.185308E-09
   0.178400E+06   0.755944E-10  -0.665064E-11  -0.132897E-09
   0.178420E+06   0.991417E-10   0.129642E-11  -0.733970E-10
   0.178440E+06   0.121232E-09   0.933010E-11  -0.911724E-11
   0.178460E+06   0.141793E-09   0.173735E-10   0.573814E-10
   0.178480E+06   0.160803E-09   0.253919E-10   0.123374E-09
   0.178500E+06   0.178112E-09   0.333645E-10   0.186074E-09
   0.178520E+06   0.193290E-09   0.412544E-10   0.242750E-09
   0.178540E+06   0.205539E-09   0.489806E-10   0.290853E-09
   0.178560E+06   0.213708E-09   0.563992E-10   0.328153E-09
   0.178580E+06   0.216395E-09   0.632947E-10   0.352874E-09
   0.178600E+06   0.212156E-09   0.693855E-10   0.363810E-09
   0.178620E+06   0.199753E-09   0.743415E-10   0.360424E-09
   0.178640E+06   0.178431E-09   0.778134E-10   0.342905E-09
   0.178660E+06   0.148150E-09   0.794675E-10   0.312189E-09
   0.178680E+06   0.109734E-09   0.790250E-10   0.269923E-09
   0.178700E+06   0.649028E-10   0.762973E-10   0.218390E-09
   0.178720E+06   0.161720E-10   0.712152E-10   0.160384E-09
   0.178740E+06  -0.333723E-10   0.638472E-10   0.990502E-10
   0.178760E+06  -0.803996E-10   0.544043E-10   0.377029E-10
   0.178780E+06  -0.121711E-09   0.432319E-10  -0.203755E-10
   0.178800E+06  -0.154612E-09   0.307874E-10  -0.721297E-10
   0.178820E+06  -0.177231E-09   0.176077E-10  -0.114914E-09
   0.178840E+06  -0.188733E-09   0.426913E-11  -0.146647E-09
   0.178860E+06  -0.189394E-09  -0.865641E-11  -0.165933E-09
   0.178880E+06  -0.180540E-09  -0.206433E-10  -0.172132E-09
   0.178900E+06  -0.164350E-09  -0.312488E-10  -0.165393E-09
   0.178920E+06  -0.143559E-09  -0.401410E-10  -0.146623E-09
   0.178940E+06  -0.121107E-09  -0.471141E-10  -0.117424E-09
   0.178960E+06  -0.997834E-10  -0.520928E-10  -0.799780E-10
   0.178980E+06  -0.819124E-10  -0.551231E-10  -0.369032E-10
   0.179000E+06  -0.691201E-10  -0.563540E-10   0.891515E-11
   0.179020E+06  -0.622045E-10  -0.560121E-10   0.545065E-10
   0.179040E+06  -0.611157E-10  -0.543729E-10   0.969982E-10
   0.179060E+06  -0.650356E-10  -0.517328E-10   0.133790E-09
   0.179080E+06  -0.725369E-10  -0.483853E-10   0.162707E-09
   0.179100E+06  -0.817897E-10  -0.446031E-10   0.182132E-09
   0.179120E+06  -0.907865E-10  -0.406284E-10   0.191093E-09
   0.179140E+06  -0.975579E-10  -0.366695E-10   0.189317E-09
   0.179160E+06  -0.100358E-09  -0.329029E-10   0.177249E-09
   0.179180E+06  -0.978108E-10  -0.294787E-10   0.156011E-09
   0.179200E+06  -0.890077E-10  -0.265251E-10   0.127333E-09
   0.179220E+06  -0.735683E-10  -0.241519E-10   0.934372E-10
   0.179240E+06  -0.516612E-10  -0.224483E-10   0.568878E-10
   0.179260E+06  -0.239940E-10  -0.214782E-10   0.204102E-10
   0.179280E+06   0.822375E-11  -0.212725E-10  -0.133070E-10
   0.179300E+06   0.433473E-10  -0.218206E-10  -0.418176E-10
   0.179320E+06   0.793928E-10  -0.230645E-10  -0.631160E-10
   0.179340E+06   0.114166E-09  -0.248986E-10  -0.758117E-10
   0.179360E+06   0.145424E-09  -0.271760E-10  -0.792620E-10
   0.179380E+06   0.171060E-09  -0.297234E-10  -0.736495E-10
   0.179400E+06   0.189307E-09  -0.323613E-10  -0.599907E-10
   0.179420E+06   0.198929E-09  -0.349287E-10  -0.400695E-10
   0.179440E+06   0.199384E-09  -0.373056E-10  -0.162970E-10
   0.179460E+06   0.190929E-09  -0.394305E-10   0.849514E-11
   0.179480E+06   0.174649E-09  -0.413078E-10   0.313101E-10
   0.179500E+06   0.152385E-09  -0.430027E-10   0.492669E-10
   0.179520E+06   0.126570E-09  -0.446225E-10   0.598780E-10
   0.179540E+06   0.999863E-10  -0.462873E-10   0.612949E-10
   0.179560E+06   0.754533E-10  -0.480940E-10   0.524923E-10
   0.179580E+06   0.555081E-10  -0.500796E-10   0.333725E-10
   0.179600E+06   0.421019E-10  -0.521918E-10   0.477478E-11
   0.179620E+06   0.363656E-10  -0.542712E-10  -0.316090E-10
   0.179640E+06   0.384750E-10  -0.560516E-10  -0.734022E-10
   0.179660E+06   0.476375E-10  -0.571790E-10  -0.117775E-09
   0.179680E+06   0.622036E-10  -0.572473E-10  -0.161711E-09
   0.179700E+06   0.798880E-10  -0.558475E-10  -0.202274E-09
   0.179720E+06   0.980693E-10  -0.526225E-10  -0.236848E-09
   0.179740E+06   0.114125E-09  -0.473184E-10  -0.263325E-09
   0.179760E+06   0.125753E-09  -0.398269E-10  -0.280223E-09
   0.179780E+06   0.131245E-09  -0.302089E-10  -0.286720E-09
   0.179800E+06   0.129660E-09  -0.186988E-10  -0.282632E-09
   0.179820E+06   0.120895E-09  -0.568721E-11  -0.268320E-09
   0.179840E+06   0.105646E-09   0.831479E-11  -0.244573E-09
   0.179860E+06   0.852680E-10   0.227233E-10  -0.212472E-09
   0.179880E+06   0.615695E-10   0.369352E-10  -0.173276E-09
   0.179900E+06   0.365674E-10   0.503787E-10  -0.128324E-09
   0.179920E+06   0.122475E-10   0.625550E-10  -0.789823E-10
   0.179940E+06  -0.964447E-11   0.730666E-10  -0.266232E-10
   0.179960E+06  -0.277569E-10   0.816296E-10   0.273629E-10
   0.179980E+06  -0.412209E-10   0.880722E-10   0.815449E-10
   0.180000E+06  -0.496755E-10   0.923210E-10   0.134429E-09
   0.180020E+06  -0.532383E-10   0.943814E-10   0.184455E-09
   0.180040E+06  -0.524392E-10   0.943168E-10   0.230021E-09
   0.180060E+06  -0.481336E-10   0.922310E-10   0.269544E-09
   0.180080E+06  -0.414099E-10   0.882567E-10   0.301549E-09
   0.180100E+06  -0.335002E-10   0.825525E-10   0.324782E-09
   0.180120E+06  -0.256991E-10   0.753059E-10   0.338328E-09
   0.180140E+06  -0.192857E-10   0.667407E-10   0.341717E-09
   0.180160E+06  -0.154466E-10   0.571258E-10   0.335000E-09
   0.180180E+06  -0.151933E-10   0.467803E-10   0.318791E-09
   0.180200E+06  -0.192743E-10   0.360730E-10   0.294245E-09
   0.180220E+06  -0.280851E-10   0.254144E-10   0.263005E-09
   0.180240E+06  -0.415878E-10   0.152399E-10   0.227085E-09
   0.180260E+06  -0.592539E-10   0.598674E-11   0.188739E-09
   0.180280E+06  -0.800482E-10  -0.193521E-11   0.150296E-09
   0.180300E+06  -0.102469E-09  -0.817293E-11   0.114000E-09
   0.180320E+06  -0.124650E-09  -0.124592E-10   0.818565E-10
   0.180340E+06  -0.144526E-09  -0.146369E-10   0.555008E-10
   0.180360E+06  -0.160049E-09  -0.146762E-10   0.360915E-10
   0.180380E+06  -0.169420E-09  -0.126831E-10   0.242374E-10
   0.180400E+06  -0.171328E-09  -0.889911E-11   0.199560E-10
   0.180420E+06  -0.165136E-09  -0.369014E-11   0.226657E-10
   0.180440E+06  -0.150997E-09   0.247335E-11   0.312110E-10
   0.180460E+06  -0.129875E-09   0.904527E-11   0.439217E-10
   0.180480E+06  -0.103454E-09   0.154402E-10   0.587071E-10
   0.180500E+06  -0.739578E-10   0.210752E-10   0.731852E-10
   0.180520E+06  -0.438820E-10   0.254151E-10   0.848449E-10
   0.180540E+06  -0.156957E-10   0.280168E-10   0.912363E-10
   0.180560E+06   0.845870E-11   0.285708E-10   0.901775E-10
   0.180580E+06   0.270176E-10   0.269328E-10   0.799644E-10
   0.180600E+06   0.391647E-10   0.231439E-10   0.595606E-10
   0.180620E+06   0.448930E-10   0.174338E-10   0.287464E-10
   0.180640E+06   0.449542E-10   0.102056E-10  -0.117952E-10
   0.180660E+06   0.407079E-10   0.200204E-11  -0.604741E-10
   0.180680E+06   0.338981E-10  -0.654533E-11  -0.114879E-09
   0.180700E+06   0.263962E-10  -0.147789E-10  -0.171957E-09
   0.180720E+06   0.199528E-10  -0.220834E-10  -0.228262E-09
   0.180740E+06   0.159968E-10  -0.279510E-10  -0.280270E-09
   0.180760E+06   0.155087E-10  -0.320359E-10  -0.324695E-09
   0.180780E+06   0.189819E-10  -0.341904E-10  -0.358807E-09
   0.180800E+06   0.264657E-10  -0.344764E-10  -0.380671E-09
   0.180820E+06   0.376702E-10  -0.331514E-10  -0.389316E-09
   0.180840E+06   0.521027E-10  -0.306295E-10  -0.384785E-09
   0.180860E+06   0.691993E-10  -0.274228E-10  -0.368080E-09
   0.180880E+06   0.884203E-10  -0.240707E-10  -0.340995E-09
   0.180900E+06   0.109288E-09  -0.210681E-10  -0.305885E-09
   0.180920E+06   0.131357E-09  -0.188005E-10  -0.265388E-09
   0.180940E+06   0.154131E-09  -0.174978E-10  -0.222141E-09
   0.180960E+06   0.176948E-09  -0.172110E-10  -0.178548E-09
   0.180980E+06   0.198861E-09  -0.178157E-10  -0.136600E-09
   0.181000E+06   0.218562E-09  -0.190418E-10  -0.977962E-10
   0.181020E+06   0.234379E-09  -0.205232E-10  -0.631380E-10
   0.181040E+06   0.244351E-09  -0.218606E-10  -0.332062E-10
   0.181060E+06   0.246413E-09  -0.226873E-10  -0.828183E-11
   0.181080E+06   0.238634E-09  -0.227270E-10   0.115172E-10
   0.181100E+06   0.219519E-09  -0.218369E-10   0.261178E-10
   0.181120E+06   0.188292E-09  -0.200276E-10   0.354191E-10
   0.181140E+06   0.145129E-09  -0.174583E-10   0.392822E-10
   0.181160E+06   0.912915E-10  -0.144091E-10   0.375838E-10
   0.181180E+06   0.291284E-10  -0.112334E-10   0.303214E-10
   0.181200E+06  -0.380697E-10  -0.830025E-11   0.177443E-10
   0.181220E+06  -0.106348E-09  -0.593398E-11   0.478881E-12
   0.181240E+06  -0.171466E-09  -0.436193E-11  -0.203864E-10
   0.181260E+06  -0.229335E-09  -0.367730E-11  -0.432821E-10
   0.181280E+06  -0.276438E-09  -0.382324E-11  -0.662231E-10
   0.181300E+06  -0.310197E-09  -0.460027E-11  -0.869573E-10
   0.181320E+06  -0.329210E-09  -0.569531E-11  -0.103182E-09
   0.181340E+06  -0.333360E-09  -0.672796E-11  -0.112802E-09
   0.181360E+06  -0.323748E-09  -0.730622E-11  -0.114184E-09
   0.181380E+06  -0.302506E-09  -0.708306E-11  -0.106372E-09
   0.181400E+06  -0.272484E-09  -0.580502E-11  -0.892265E-10
   0.181420E+06  -0.236897E-09  -0.334534E-11  -0.634594E-10
   0.181440E+06  -0.198963E-09   0.283095E-12  -0.305559E-10
   0.181460E+06  -0.161587E-09   0.493651E-11   0.740382E-11
   0.181480E+06  -0.127136E-09   0.103687E-10   0.480019E-10
   0.181500E+06  -0.973214E-10   0.162738E-10   0.887766E-10
   0.181520E+06  -0.731822E-10   0.223356E-10   0.127510E-09
   0.181540E+06  -0.551645E-10   0.282748E-10   0.162467E-09
   0.181560E+06  -0.432517E-10   0.338861E-10   0.192541E-09
   0.181580E+06  -0.371167E-10   0.390575E-10   0.217306E-09
   0.181600E+06  -0.362553E-10   0.437704E-10   0.236949E-09
   0.181620E+06  -0.400766E-10   0.480781E-10   0.252108E-09
   0.181640E+06  -0.479365E-10   0.520692E-10   0.263657E-09
   0.181660E+06  -0.591178E-10   0.558209E-10   0.272456E-09
   0.181680E+06  -0.727749E-10   0.593524E-10   0.279128E-09
   0.181700E+06  -0.878705E-10   0.625871E-10   0.283893E-09
   0.181720E+06  -0.103135E-09   0.653322E-10   0.286486E-09
   0.181740E+06  -0.117073E-09   0.672807E-10   0.286178E-09
   0.181760E+06  -0.128035E-09   0.680374E-10   0.281884E-09
   0.181780E+06  -0.134352E-09   0.671659E-10   0.272353E-09
   0.181800E+06  -0.134523E-09   0.642511E-10   0.256392E-09
   0.181820E+06  -0.127415E-09   0.589656E-10   0.233094E-09
   0.181840E+06  -0.112456E-09   0.511319E-10   0.202037E-09
   0.181860E+06  -0.897654E-10   0.407677E-10   0.163416E-09
   0.181880E+06  -0.602103E-10   0.281080E-10   0.118090E-09
   0.181900E+06  -0.253493E-10   0.135999E-10   0.675438E-10
   0.181920E+06   0.127185E-10  -0.213109E-11   0.137708E-10
   0.181940E+06   0.515902E-10  -0.183378E-10  -0.409016E-10
   0.181960E+06   0.888448E-10  -0.342226E-10  -0.940177E-10
   0.181980E+06   0.122334E-09  -0.490137E-10  -0.143199E-09
   0.182000E+06   0.150433E-09  -0.620351E-10  -0.186322E-09
   0.182020E+06   0.172209E-09  -0.727623E-10  -0.221658E-09
   0.182040E+06   0.187482E-09  -0.808548E-10  -0.247948E-09
   0.182060E+06   0.196774E-09  -0.861661E-10  -0.264435E-09
   0.182080E+06   0.201143E-09  -0.887301E-10  -0.270845E-09
   0.182100E+06   0.201955E-09  -0.887299E-10  -0.267342E-09
   0.182120E+06   0.200603E-09  -0.864566E-10  -0.254472E-09
   0.182140E+06   0.198257E-09  -0.822647E-10  -0.233097E-09
   0.182160E+06   0.195650E-09  -0.765332E-10  -0.204349E-09
   0.182180E+06   0.192970E-09  -0.696350E-10  -0.169589E-09
   0.182200E+06   0.189840E-09  -0.619198E-10  -0.130363E-09
   0.182220E+06   0.185412E-09  -0.537069E-10  -0.883746E-10
   0.182240E+06   0.178542E-09  -0.452866E-10  -0.454210E-10
   0.182260E+06   0.168020E-09  -0.369259E-10  -0.332892E-11
   0.182280E+06   0.152802E-09  -0.288716E-10   0.361437E-10
   0.182300E+06   0.132232E-09  -0.213500E-10   0.714188E-10
   0.182320E+06   0.106185E-09  -0.145595E-10   0.101216E-09
   0.182340E+06   0.751437E-10  -0.865830E-11   0.124662E-09
   0.182360E+06   0.401796E-10  -0.374936E-11   0.141361E-09
   0.182380E+06   0.285675E-11   0.132730E-12   0.151432E-09
   0.182400E+06  -0.349219E-10   0.302805E-11   0.155471E-09
   0.182420E+06  -0.711005E-10   0.504728E-11   0.154463E-09
   0.182440E+06  -0.103658E-09   0.635597E-11   0.149634E-09
   0.182460E+06  -0.130774E-09   0.714739E-11   0.142271E-09
   0.182480E+06  -0.150951E-09   0.760844E-11   0.133533E-09
   0.182500E+06  -0.163091E-09   0.788418E-11   0.124283E-09
   0.182520E+06  -0.166530E-09   0.804800E-11   0.114967E-09
   0.182540E+06  -0.161029E-09   0.808403E-11   0.105575E-09
   0.182560E+06  -0.146754E-09   0.788654E-11   0.956720E-10
   0.182580E+06  -0.124243E-09   0.727809E-11   0.845200E-10
   0.182600E+06  -0.943796E-10   0.604503E-11   0.712551E-10
   0.182620E+06  -0.583704E-10   0.398477E-11   0.551034E-10
   0.182640E+06  -0.177329E-10   0.957343E-12   0.355953E-10
   0.182660E+06   0.257265E-10  -0.306800E-11   0.127417E-10
   0.182680E+06   0.699494E-10  -0.798012E-11  -0.128589E-10
   0.182700E+06   0.112691E-09  -0.135140E-10  -0.400029E-10
   0.182720E+06   0.151624E-09  -0.192634E-10  -0.669620E-10
   0.182740E+06   0.184473E-09  -0.247172E-10  -0.916510E-10
   0.182760E+06   0.209186E-09  -0.293159E-10  -0.111860E-09
   0.182780E+06   0.224107E-09  -0.325188E-10  -0.125518E-09
   0.182800E+06   0.228148E-09  -0.338740E-10  -0.130948E-09
   0.182820E+06   0.220914E-09  -0.330784E-10  -0.127073E-09
   0.182840E+06   0.202782E-09  -0.300204E-10  -0.113553E-09
   0.182860E+06   0.174893E-09  -0.247973E-10  -0.908255E-10
   0.182880E+06   0.139080E-09  -0.177069E-10  -0.600486E-10
   0.182900E+06   0.977075E-10  -0.921226E-11  -0.229664E-10
   0.182920E+06   0.534671E-10   0.112602E-12   0.182864E-10
   0.182940E+06   0.913295E-11   0.964900E-11   0.614052E-10
   0.182960E+06  -0.326790E-10   0.188019E-10   0.104129E-09
   0.182980E+06  -0.697243E-10   0.270607E-10   0.144417E-09
   0.183000E+06  -0.100291E-09   0.340442E-10   0.180566E-09
   0.183020E+06  -0.123289E-09   0.395258E-10   0.211268E-09
   0.183040E+06  -0.138270E-09   0.434357E-10   0.235593E-09
   0.183060E+06  -0.145373E-09   0.458429E-10   0.252942E-09
   0.183080E+06  -0.145222E-09   0.469227E-10   0.262960E-09
   0.183100E+06  -0.138790E-09   0.469138E-10   0.265455E-09
   0.183120E+06  -0.127260E-09   0.460748E-10   0.260331E-09
   0.183140E+06  -0.111891E-09   0.446467E-10   0.247562E-09
   0.183160E+06  -0.939216E-10   0.428249E-10   0.227200E-09
   0.183180E+06  -0.744991E-10   0.407460E-10   0.199413E-09
   0.183200E+06  -0.546541E-10   0.384879E-10   0.164547E-09
   0.183220E+06  -0.352938E-10   0.360818E-10   0.123189E-09
   0.183240E+06  -0.172127E-10   0.335320E-10   0.762063E-10
   0.183260E+06  -0.110552E-11   0.308387E-10   0.247541E-10
   0.183280E+06   0.124301E-10   0.280186E-10  -0.297595E-10
   0.183300E+06   0.229049E-10   0.251194E-10  -0.857531E-10
   0.183320E+06   0.299644E-10   0.222255E-10  -0.141584E-09
   0.183340E+06   0.334230E-10   0.194556E-10  -0.195672E-09
   0.183360E+06   0.332962E-10   0.169507E-10  -0.246622E-09
   0.183380E+06   0.298200E-10   0.148589E-10  -0.293314E-09
   0.183400E+06   0.234455E-10   0.133167E-10  -0.334949E-09
   0.183420E+06   0.148058E-10   0.124334E-10  -0.371043E-09
   0.183440E+06   0.465423E-11   0.122799E-10  -0.401371E-09
   0.183460E+06  -0.621765E-11   0.128841E-10  -0.425870E-09
   0.183480E+06  -0.170695E-10   0.142325E-10  -0.444520E-09
   0.183500E+06  -0.272930E-10   0.162771E-10  -0.457238E-09
   0.183520E+06  -0.364685E-10   0.189453E-10  -0.463787E-09
   0.183540E+06  -0.443855E-10   0.221494E-10  -0.463746E-09
   0.183560E+06  -0.510220E-10   0.257925E-10  -0.456529E-09
   0.183580E+06  -0.564853E-10   0.297702E-10  -0.441466E-09
   0.183600E+06  -0.609266E-10   0.339657E-10  -0.417932E-09
   0.183620E+06  -0.644456E-10   0.382416E-10  -0.385500E-09
   0.183640E+06  -0.670065E-10   0.424279E-10  -0.344101E-09
   0.183660E+06  -0.683841E-10   0.463129E-10  -0.294150E-09
   0.183680E+06  -0.681549E-10   0.496379E-10  -0.236633E-09
   0.183700E+06  -0.657396E-10   0.521009E-10  -0.173121E-09
   0.183720E+06  -0.604900E-10   0.533701E-10  -0.105718E-09
   0.183740E+06  -0.518106E-10   0.531074E-10  -0.369391E-10
   0.183760E+06  -0.392888E-10   0.509996E-10   0.304636E-10
   0.183780E+06  -0.228125E-10   0.467947E-10   0.937009E-10
   0.183800E+06  -0.264827E-11   0.403361E-10   0.150156E-09
   0.183820E+06   0.205355E-10   0.315909E-10   0.197572E-09
   0.183840E+06   0.457101E-10   0.206670E-10   0.234198E-09
   0.183860E+06   0.715873E-10   0.781489E-11   0.258888E-09
   0.183880E+06   0.967646E-10  -0.658461E-11   0.271135E-09
   0.183900E+06   0.119890E-09  -0.220479E-10   0.271054E-09
   0.183920E+06   0.139818E-09  -0.380256E-10   0.259327E-09
   0.183940E+06   0.155723E-09  -0.539433E-10   0.237109E-09
   0.183960E+06   0.167162E-09  -0.692424E-10   0.205930E-09
   0.183980E+06   0.174056E-09  -0.834118E-10   0.167588E-09
   0.184000E+06   0.176610E-09  -0.960105E-10   0.124053E-09
   0.184020E+06   0.175181E-09  -0.106675E-09   0.773859E-10
   0.184040E+06   0.170120E-09  -0.115120E-09   0.296688E-10
   0.184060E+06   0.161627E-09  -0.121121E-09  -0.170593E-10
   0.184080E+06   0.149645E-09  -0.124508E-09  -0.608573E-10
   0.184100E+06   0.133827E-09  -0.125146E-09  -0.999399E-10
   0.184120E+06   0.113583E-09  -0.122934E-09  -0.132738E-09
   0.184140E+06   0.882135E-10  -0.117810E-09  -0.157956E-09
   0.184160E+06   0.571029E-10  -0.109759E-09  -0.174635E-09
   0.184180E+06   0.199480E-10  -0.988450E-10  -0.182192E-09
   0.184200E+06  -0.230232E-10  -0.852269E-10  -0.180451E-09
   0.184220E+06  -0.708829E-10  -0.691868E-10  -0.169643E-09
   0.184240E+06  -0.121924E-09  -0.511410E-10  -0.150382E-09
   0.184260E+06  -0.173693E-09  -0.316388E-10  -0.123603E-09
   0.184280E+06  -0.223147E-09  -0.113444E-10  -0.904877E-10
   0.184300E+06  -0.266913E-09   0.899813E-11  -0.523650E-10
   0.184320E+06  -0.301634E-09   0.286140E-10  -0.106170E-10
   0.184340E+06  -0.324349E-09   0.467515E-10   0.334113E-10
   0.184360E+06  -0.332854E-09   0.627418E-10   0.784768E-10
   0.184380E+06  -0.325997E-09   0.760446E-10   0.123479E-09
   0.184400E+06  -0.303871E-09   0.862832E-10   0.167470E-09
   0.184420E+06  -0.267860E-09   0.932599E-10   0.209638E-09
   0.184440E+06  -0.220544E-09   0.969524E-10   0.249268E-09
   0.184460E+06  -0.165469E-09   0.974930E-10   0.285707E-09
   0.184480E+06  -0.106810E-09   0.951347E-10   0.318323E-09
   0.184500E+06  -0.489643E-10   0.902120E-10   0.346481E-09
   0.184520E+06   0.386440E-11   0.831021E-10   0.369552E-09
   0.184540E+06   0.480571E-10   0.741924E-10   0.386933E-09
   0.184560E+06   0.808934E-10   0.638588E-10   0.398097E-09
   0.184580E+06   0.100764E-09   0.524552E-10   0.402655E-09
   0.184600E+06   0.107265E-09   0.403130E-10   0.400416E-09
   0.184620E+06   0.101173E-09   0.277474E-10   0.391439E-09
   0.184640E+06   0.843193E-10   0.150652E-10   0.376064E-09
   0.184660E+06   0.593751E-10   0.256988E-11   0.354907E-09
   0.184680E+06   0.295890E-10  -0.943907E-11   0.328835E-09
   0.184700E+06  -0.150425E-11  -0.206742E-10   0.298900E-09
   0.184720E+06  -0.303742E-10  -0.308747E-10   0.266264E-09
   0.184740E+06  -0.537639E-10  -0.398240E-10   0.232108E-09
   0.184760E+06  -0.689234E-10  -0.473672E-10   0.197547E-09
   0.184780E+06  -0.737994E-10  -0.534216E-10   0.163564E-09
   0.184800E+06  -0.671745E-10  -0.579798E-10   0.130963E-09
   0.184820E+06  -0.487554E-10  -0.611000E-10   0.100351E-09
   0.184840E+06  -0.192056E-10  -0.628871E-10   0.721457E-10
   0.184860E+06   0.198767E-10  -0.634657E-10   0.466006E-10
   0.184880E+06   0.660414E-10  -0.629506E-10   0.238396E-10
   0.184900E+06   0.116129E-09  -0.614209E-10   0.389018E-11
   0.184920E+06   0.166472E-09  -0.589034E-10  -0.132934E-10
   0.184940E+06   0.213151E-09  -0.553682E-10  -0.278229E-10
   0.184960E+06   0.252288E-09  -0.507410E-10  -0.398845E-10
   0.184980E+06   0.280366E-09  -0.449276E-10  -0.497596E-10
   0.185000E+06   0.294538E-09  -0.378498E-10  -0.578487E-10
   0.185020E+06   0.292899E-09  -0.294842E-10  -0.646873E-10
   0.185040E+06   0.274700E-09  -0.198979E-10  -0.709435E-10
   0.185060E+06   0.240458E-09  -0.927385E-11  -0.773891E-10
   0.185080E+06   0.191954E-09   0.208037E-11  -0.848401E-10
   0.185100E+06   0.132109E-09   0.137421E-10  -0.940702E-10
   0.185120E+06   0.647500E-10   0.252024E-10  -0.105707E-09
   0.185140E+06  -0.573126E-11   0.359097E-10  -0.120124E-09
   0.185160E+06  -0.747673E-10   0.453232E-10  -0.137350E-09
   0.185180E+06  -0.138029E-09   0.529674E-10  -0.157007E-09
   0.185200E+06  -0.191811E-09   0.584807E-10  -0.178299E-09
   0.185220E+06  -0.233338E-09   0.616499E-10  -0.200059E-09
   0.185240E+06  -0.260972E-09   0.624269E-10  -0.220846E-09
   0.185260E+06  -0.274282E-09   0.609254E-10  -0.239095E-09
   0.185280E+06  -0.273991E-09   0.573981E-10  -0.253295E-09
   0.185300E+06  -0.261786E-09   0.521994E-10  -0.262179E-09
   0.185320E+06  -0.240059E-09   0.457386E-10  -0.264882E-09
   0.185340E+06  -0.211574E-09   0.384328E-10  -0.261075E-09
   0.185360E+06  -0.179144E-09   0.306636E-10  -0.251013E-09
   0.185380E+06  -0.145335E-09   0.227469E-10  -0.235530E-09
   0.185400E+06  -0.112247E-09   0.149162E-10  -0.215942E-09
   0.185420E+06  -0.813897E-10   0.732269E-11  -0.193894E-09
   0.185440E+06  -0.536556E-10   0.494611E-13  -0.171162E-09
   0.185460E+06  -0.293905E-10  -0.686376E-11  -0.149437E-09
   0.185480E+06  -0.852841E-11  -0.133910E-10  -0.130124E-09
   0.185500E+06   0.923563E-11  -0.194915E-10  -0.114181E-09
   0.185520E+06   0.242737E-10  -0.250883E-10  -0.102023E-09
   0.185540E+06   0.368859E-10  -0.300571E-10  -0.935050E-10
   0.185560E+06   0.472199E-10  -0.342296E-10  -0.879799E-10
   0.185580E+06   0.552596E-10  -0.374091E-10  -0.844282E-10
   0.185600E+06   0.608814E-10  -0.393972E-10  -0.816344E-10
   0.185620E+06   0.639628E-10  -0.400275E-10  -0.783861E-10
   0.185640E+06   0.645145E-10  -0.391990E-10  -0.736630E-10
   0.185660E+06   0.628082E-10  -0.369050E-10  -0.667907E-10
   0.185680E+06   0.594650E-10  -0.332514E-10  -0.575355E-10
   0.185700E+06   0.554832E-10  -0.284604E-10  -0.461277E-10
   0.185720E+06   0.521888E-10  -0.228590E-10  -0.332120E-10
   0.185740E+06   0.511116E-10  -0.168518E-10  -0.197332E-10
   0.185760E+06   0.537984E-10  -0.108819E-10  -0.677707E-11
   0.185780E+06   0.615907E-10  -0.538569E-11   0.461000E-11
   0.185800E+06   0.754015E-10  -0.746294E-12   0.135938E-10
   0.185820E+06   0.955240E-10   0.274666E-11   0.196923E-10
   0.185840E+06   0.121507E-09   0.492601E-11   0.228616E-10
   0.185860E+06   0.152121E-09   0.576091E-11   0.235162E-10
   0.185880E+06   0.185417E-09   0.535383E-11   0.224797E-10
   0.185900E+06   0.218888E-09   0.392190E-11   0.208744E-10
   0.185920E+06   0.249699E-09   0.176572E-11   0.199647E-10
   0.185940E+06   0.274968E-09  -0.769253E-12   0.209760E-10
   0.185960E+06   0.292059E-09  -0.333293E-11   0.249139E-10
   0.185980E+06   0.298844E-09  -0.560675E-11   0.324080E-10
   0.186000E+06   0.293915E-09  -0.733109E-11   0.435994E-10
   0.186020E+06   0.276709E-09  -0.832123E-11   0.580871E-10
   0.186040E+06   0.247546E-09  -0.847108E-11   0.749383E-10
   0.186060E+06   0.207574E-09  -0.774632E-11   0.927622E-10
   0.186080E+06   0.158634E-09  -0.616989E-11   0.109837E-09
   0.186100E+06   0.103070E-09  -0.380426E-11   0.124276E-09
   0.186120E+06   0.435102E-10  -0.734024E-12   0.134216E-09
   0.186140E+06  -0.173569E-10   0.294707E-11   0.138002E-09
   0.186160E+06  -0.769822E-10   0.714328E-11   0.134363E-09
   0.186180E+06  -0.133116E-09   0.117578E-10   0.122544E-09
   0.186200E+06  -0.183916E-09   0.166886E-10   0.102404E-09
   0.186220E+06  -0.228002E-09   0.218229E-10   0.744530E-10
   0.186240E+06  -0.264457E-09   0.270312E-10   0.398409E-10
   0.186260E+06  -0.292796E-09   0.321659E-10   0.296513E-12
   0.186280E+06  -0.312893E-09   0.370655E-10  -0.419817E-10
   0.186300E+06  -0.324910E-09   0.415642E-10  -0.844679E-10
   0.186320E+06  -0.329210E-09   0.455056E-10  -0.124477E-09
   0.186340E+06  -0.326289E-09   0.487596E-10  -0.159343E-09
   0.186360E+06  -0.316709E-09   0.512367E-10  -0.186603E-09
   0.186380E+06  -0.301062E-09   0.528984E-10  -0.204168E-09
   0.186400E+06  -0.279939E-09   0.537596E-10  -0.210467E-09
   0.186420E+06  -0.253932E-09   0.538827E-10  -0.204571E-09
   0.186440E+06  -0.223630E-09   0.533637E-10  -0.186270E-09
   0.186460E+06  -0.189647E-09   0.523124E-10  -0.156110E-09
   0.186480E+06  -0.152636E-09   0.508300E-10  -0.115379E-09
   0.186500E+06  -0.113323E-09   0.489886E-10  -0.660461E-10
   0.186520E+06  -0.725253E-10   0.468165E-10  -0.106570E-10
   0.186540E+06  -0.311640E-10   0.442915E-10   0.478158E-10
   0.186560E+06   0.973267E-11   0.413447E-10   0.106151E-09
   0.186580E+06   0.490492E-10   0.378727E-10   0.161081E-09
   0.186600E+06   0.856206E-10   0.337581E-10   0.209498E-09
   0.186620E+06   0.118292E-09   0.288924E-10   0.248654E-09
   0.186640E+06   0.145994E-09   0.231994E-10   0.276346E-09
   0.186660E+06   0.167833E-09   0.166540E-10   0.291057E-09
   0.186680E+06   0.183181E-09   0.929415E-11   0.292054E-09
   0.186700E+06   0.191754E-09   0.122384E-11   0.279435E-09
   0.186720E+06   0.193674E-09  -0.739186E-11   0.254113E-09
   0.186740E+06   0.189494E-09  -0.163392E-10   0.217749E-09
   0.186760E+06   0.180179E-09  -0.253724E-10   0.172624E-09
   0.186780E+06   0.167051E-09  -0.342318E-10   0.121478E-09
   0.186800E+06   0.151680E-09  -0.426611E-10   0.673140E-10
   0.186820E+06   0.135751E-09  -0.504215E-10   0.131904E-10
   0.186840E+06   0.120903E-09  -0.573011E-10  -0.379843E-10
   0.186860E+06   0.108570E-09  -0.631207E-10  -0.836382E-10
   0.186880E+06   0.998337E-10  -0.677357E-10  -0.121691E-09
   0.186900E+06   0.953160E-10  -0.710374E-10  -0.150666E-09
   0.186920E+06   0.951154E-10  -0.729504E-10  -0.169751E-09
   0.186940E+06   0.988040E-10  -0.734338E-10  -0.178812E-09
   0.186960E+06   0.105482E-09  -0.724802E-10  -0.178350E-09
   0.186980E+06   0.113884E-09  -0.701167E-10  -0.169423E-09
   0.187000E+06   0.122532E-09  -0.664049E-10  -0.153528E-09
   0.187020E+06   0.129899E-09  -0.614396E-10  -0.132461E-09
   0.187040E+06   0.134586E-09  -0.553466E-10  -0.108173E-09
   0.187060E+06   0.135470E-09  -0.482776E-10  -0.826151E-10
   0.187080E+06   0.131825E-09  -0.404046E-10  -0.576100E-10
   0.187100E+06   0.123383E-09  -0.319134E-10  -0.347324E-10
   0.187120E+06   0.110346E-09  -0.229969E-10  -0.152215E-10
   0.187140E+06   0.933373E-10  -0.138517E-10   0.782547E-13
   0.187160E+06   0.733095E-10  -0.467542E-11   0.107460E-10
   0.187180E+06   0.514152E-10   0.433252E-11   0.167838E-10
   0.187200E+06   0.288611E-10   0.129695E-10   0.185887E-10
   0.187220E+06   0.676380E-11   0.210279E-10   0.169022E-10
   0.187240E+06  -0.139755E-10   0.282956E-10   0.127395E-10
   0.187260E+06  -0.327630E-10   0.345605E-10   0.730570E-11
   0.187280E+06  -0.493601E-10   0.396195E-10   0.190198E-11
   0.187300E+06  -0.638841E-10   0.432935E-10  -0.217276E-11
   0.187320E+06  -0.767632E-10   0.454452E-10  -0.371900E-11
   0.187340E+06  -0.886529E-10   0.459991E-10  -0.172754E-11
   0.187360E+06  -0.100326E-09   0.449591E-10   0.454124E-11
   0.187380E+06  -0.112549E-09   0.424201E-10   0.154947E-10
   0.187400E+06  -0.125962E-09   0.385703E-10   0.311667E-10
   0.187420E+06  -0.140979E-09   0.336825E-10   0.512011E-10
   0.187440E+06  -0.157703E-09   0.280924E-10   0.748618E-10
   0.187460E+06  -0.175894E-09   0.221671E-10   0.101069E-09
   0.187480E+06  -0.194964E-09   0.162662E-10   0.128462E-09
   0.187500E+06  -0.214007E-09   0.107009E-10   0.155483E-09
   0.187520E+06  -0.231877E-09   0.569632E-11   0.180472E-09
   0.187540E+06  -0.247270E-09   0.136419E-11   0.201784E-09
   0.187560E+06  -0.258839E-09  -0.231057E-11   0.217890E-09
   0.187580E+06  -0.265309E-09  -0.546603E-11   0.227490E-09
   0.187600E+06  -0.265582E-09  -0.834152E-11   0.229605E-09
   0.187620E+06  -0.258847E-09  -0.112400E-10   0.223652E-09
   0.187640E+06  -0.244655E-09  -0.144791E-10   0.209505E-09
   0.187660E+06  -0.222983E-09  -0.183369E-10   0.187519E-09
   0.187680E+06  -0.194265E-09  -0.229997E-10   0.158535E-09
   0.187700E+06  -0.159394E-09  -0.285187E-10   0.123857E-09
   0.187720E+06  -0.119696E-09  -0.347831E-10   0.851932E-10
   0.187740E+06  -0.768658E-10  -0.415119E-10   0.445765E-10
   0.187760E+06  -0.328786E-10  -0.482694E-10   0.425522E-11
   0.187780E+06   0.101322E-10  -0.545015E-10  -0.334372E-10
   0.187800E+06   0.500165E-10  -0.595898E-10  -0.662284E-10
   0.187820E+06   0.847617E-10  -0.629196E-10  -0.920617E-10
   0.187840E+06   0.112650E-09  -0.639516E-10  -0.109249E-09
   0.187860E+06   0.132399E-09  -0.622910E-10  -0.116610E-09
   0.187880E+06   0.143278E-09  -0.577438E-10  -0.113583E-09
   0.187900E+06   0.145179E-09  -0.503549E-10  -0.100296E-09
   0.187920E+06   0.138631E-09  -0.404204E-10  -0.775957E-10
   0.187940E+06   0.124758E-09  -0.284730E-10  -0.470059E-10
   0.187960E+06   0.105175E-09  -0.152401E-10  -0.106434E-10
   0.187980E+06   0.818347E-10  -0.157864E-11   0.289279E-10
   0.188000E+06   0.568345E-10   0.116057E-10   0.688813E-10
   0.188020E+06   0.322164E-10   0.234473E-10   0.106336E-09
   0.188040E+06   0.977257E-11   0.332052E-10   0.138573E-09
   0.188060E+06  -0.911133E-11   0.403347E-10   0.163230E-09
   0.188080E+06  -0.235597E-10   0.445363E-10   0.178462E-09
   0.188100E+06  -0.332430E-10   0.457751E-10   0.183050E-09
   0.188120E+06  -0.383444E-10   0.442708E-10   0.176444E-09
   0.188140E+06  -0.394648E-10   0.404576E-10   0.158749E-09
   0.188160E+06  -0.374827E-10   0.349207E-10   0.130649E-09
   0.188180E+06  -0.333919E-10   0.283191E-10   0.932947E-10
   0.188200E+06  -0.281438E-10   0.213053E-10   0.481677E-10
   0.188220E+06  -0.225164E-10   0.144526E-10  -0.305882E-11
   0.188240E+06  -0.170302E-10   0.820028E-11  -0.586400E-10
   0.188260E+06  -0.119184E-10   0.282374E-11  -0.116849E-09
   0.188280E+06  -0.715216E-11  -0.156860E-11  -0.176030E-09
   0.188300E+06  -0.250842E-11  -0.501272E-11  -0.234610E-09
   0.188320E+06   0.233542E-11  -0.764677E-11  -0.291087E-09
   0.188340E+06   0.770272E-11  -0.965806E-11  -0.343999E-09
   0.188360E+06   0.138344E-10  -0.112290E-10  -0.391896E-09
   0.188380E+06   0.208368E-10  -0.124920E-10  -0.433334E-09
   0.188400E+06   0.286678E-10  -0.135012E-10  -0.466891E-09
   0.188420E+06   0.371597E-10  -0.142237E-10  -0.491224E-09
   0.188440E+06   0.460684E-10  -0.145523E-10  -0.505155E-09
   0.188460E+06   0.551321E-10  -0.143341E-10  -0.507778E-09
   0.188480E+06   0.641221E-10  -0.134092E-10  -0.498576E-09
   0.188500E+06   0.728684E-10  -0.116507E-10  -0.477514E-09
   0.188520E+06   0.812516E-10  -0.899788E-11  -0.445112E-09
   0.188540E+06   0.891606E-10  -0.547568E-11  -0.402456E-09
   0.188560E+06   0.964236E-10  -0.119711E-11  -0.351158E-09
   0.188580E+06   0.102731E-09   0.365114E-11  -0.293265E-09
   0.188600E+06   0.107574E-09   0.883682E-11  -0.231113E-09
   0.188620E+06   0.110215E-09   0.141178E-10  -0.167153E-09
   0.188640E+06   0.109716E-09   0.192777E-10  -0.103771E-09
   0.188660E+06   0.105026E-09   0.241548E-10  -0.431226E-10
   0.188680E+06   0.951247E-10   0.286583E-10   0.130074E-10
   0.188700E+06   0.792082E-10   0.327696E-10   0.632871E-10
   0.188720E+06   0.568860E-10   0.365289E-10   0.106872E-09
   0.188740E+06   0.283578E-10   0.400107E-10   0.143387E-09
   0.188760E+06  -0.546493E-11   0.432938E-10   0.172862E-09
   0.188780E+06  -0.429201E-10   0.464315E-10   0.195644E-09
   0.188800E+06  -0.816574E-10   0.494299E-10   0.212297E-09
   0.188820E+06  -0.118802E-09   0.522358E-10   0.223506E-09
   0.188840E+06  -0.151206E-09   0.547393E-10   0.229999E-09
   0.188860E+06  -0.175762E-09   0.567867E-10   0.232495E-09
   0.188880E+06  -0.189730E-09   0.582031E-10   0.231675E-09
   0.188900E+06  -0.191053E-09   0.588180E-10   0.228175E-09
   0.188920E+06  -0.178594E-09   0.584899E-10   0.222586E-09
   0.188940E+06  -0.152288E-09   0.571239E-10   0.215461E-09
   0.188960E+06  -0.113180E-09   0.546807E-10   0.207312E-09
   0.188980E+06  -0.633361E-10   0.511752E-10   0.198591E-09
   0.189000E+06  -0.566728E-11   0.466673E-10   0.189669E-09
   0.189020E+06   0.563331E-10   0.412474E-10   0.180797E-09
   0.189040E+06   0.118887E-09   0.350213E-10   0.172077E-09
   0.189060E+06   0.178235E-09   0.280985E-10   0.163438E-09
   0.189080E+06   0.230910E-09   0.205868E-10   0.154638E-09
   0.189100E+06   0.273953E-09   0.125938E-10   0.145294E-09
   0.189120E+06   0.305072E-09   0.423534E-11   0.134938E-09
   0.189140E+06   0.322717E-09  -0.435204E-11   0.123096E-09
   0.189160E+06   0.326105E-09  -0.129995E-10   0.109391E-09
   0.189180E+06   0.315197E-09  -0.214980E-10   0.936339E-10
   0.189200E+06   0.290638E-09  -0.295981E-10   0.759055E-10
   0.189220E+06   0.253695E-09  -0.370195E-10   0.566110E-10
   0.189240E+06   0.206173E-09  -0.434695E-10   0.364904E-10
   0.189260E+06   0.150350E-09  -0.486691E-10   0.165866E-10
   0.189280E+06   0.888868E-10  -0.523814E-10  -0.182775E-11
   0.189300E+06   0.247361E-10  -0.544395E-10  -0.173587E-10
   0.189320E+06  -0.389738E-10  -0.547670E-10  -0.286183E-10
   0.189340E+06  -0.990822E-10  -0.533890E-10  -0.343571E-10
   0.189360E+06  -0.152567E-09  -0.504315E-10  -0.335856E-10
   0.189380E+06  -0.196733E-09  -0.461082E-10  -0.256715E-10
   0.189400E+06  -0.229407E-09  -0.406982E-10  -0.104052E-10
   0.189420E+06  -0.249111E-09  -0.345179E-10   0.119707E-10
   0.189440E+06  -0.255196E-09  -0.278917E-10   0.407653E-10
   0.189460E+06  -0.247906E-09  -0.211279E-10   0.748714E-10
   0.189480E+06  -0.228370E-09  -0.144982E-10   0.112818E-09
   0.189500E+06  -0.198491E-09  -0.823083E-11   0.152838E-09
   0.189520E+06  -0.160772E-09  -0.251106E-11   0.192939E-09
   0.189540E+06  -0.118073E-09   0.251068E-11   0.230987E-09
   0.189560E+06  -0.733321E-10   0.670583E-11   0.264790E-09
   0.189580E+06  -0.293023E-10   0.995483E-11   0.292188E-09
   0.189600E+06   0.116834E-10   0.121381E-10   0.311161E-09
   0.189620E+06   0.478716E-10   0.131342E-10   0.319937E-09
   0.189640E+06   0.781614E-10   0.128268E-10   0.317120E-09
   0.189660E+06   0.102085E-09   0.111198E-10   0.301802E-09
   0.189680E+06   0.119701E-09   0.796013E-11   0.273684E-09
   0.189700E+06   0.131437E-09   0.336148E-11   0.233155E-09
   0.189720E+06   0.137893E-09  -0.257218E-11   0.181337E-09
   0.189740E+06   0.139661E-09  -0.963071E-11   0.120078E-09
   0.189760E+06   0.137192E-09  -0.174925E-10   0.518759E-10
   0.189780E+06   0.130718E-09  -0.257328E-10  -0.202614E-10
   0.189800E+06   0.120266E-09  -0.338462E-10  -0.930092E-10
   0.189820E+06   0.105734E-09  -0.412826E-10  -0.162964E-09
   0.189840E+06   0.870350E-10  -0.474923E-10  -0.226900E-09
   0.189860E+06   0.642577E-10  -0.519764E-10  -0.282011E-09
   0.189880E+06   0.378208E-10  -0.543348E-10  -0.326119E-09
   0.189900E+06   0.858229E-11  -0.543082E-10  -0.357823E-09
   0.189920E+06  -0.221239E-10  -0.518065E-10  -0.376561E-09
   0.189940E+06  -0.525387E-10  -0.469217E-10  -0.382603E-09
   0.189960E+06  -0.806152E-10  -0.399214E-10  -0.376949E-09
   0.189980E+06  -0.104226E-09  -0.312270E-10  -0.361175E-09
   0.190000E+06  -0.121409E-09  -0.213754E-10  -0.337238E-09
   0.190020E+06  -0.130619E-09  -0.109720E-10  -0.307258E-09
   0.190040E+06  -0.130934E-09  -0.639007E-12  -0.273327E-09
   0.190060E+06  -0.122197E-09   0.903472E-11  -0.237342E-09
   0.190080E+06  -0.105055E-09   0.175365E-10  -0.200899E-09
   0.190100E+06  -0.808987E-10   0.244614E-10  -0.165235E-09
   0.190120E+06  -0.517064E-10   0.295319E-10  -0.131230E-09
   0.190140E+06  -0.198155E-10   0.326027E-10  -0.994453E-10
   0.190160E+06   0.123405E-10   0.336551E-10  -0.701935E-10
   0.190180E+06   0.424925E-10   0.327821E-10  -0.436111E-10
   0.190200E+06   0.687554E-10   0.301695E-10  -0.197291E-10
   0.190220E+06   0.897772E-10   0.260744E-10   0.147618E-11
   0.190240E+06   0.104802E-09   0.208059E-10   0.200524E-10
   0.190260E+06   0.113647E-09   0.147075E-10   0.360607E-10
   0.190280E+06   0.116600E-09   0.814348E-11   0.495779E-10
   0.190300E+06   0.114275E-09   0.148505E-11   0.607017E-10
   0.190320E+06   0.107444E-09  -0.490257E-11   0.695511E-10
   0.190340E+06   0.968829E-10  -0.106757E-10   0.762543E-10
   0.190360E+06   0.832580E-10  -0.155309E-10   0.809248E-10
   0.190380E+06   0.670643E-10  -0.192256E-10   0.836284E-10
   0.190400E+06   0.486267E-10  -0.216007E-10   0.843494E-10
   0.190420E+06   0.281504E-10  -0.225997E-10   0.829685E-10
   0.190440E+06   0.580527E-11  -0.222817E-10   0.792611E-10
   0.190460E+06  -0.181786E-10  -0.208233E-10   0.729256E-10
   0.190480E+06  -0.434274E-10  -0.185075E-10   0.636421E-10
   0.190500E+06  -0.693719E-10  -0.156973E-10   0.511572E-10
   0.190520E+06  -0.952380E-10  -0.127962E-10   0.353829E-10
   0.190540E+06  -0.120081E-09  -0.101993E-10   0.164929E-10
   0.190560E+06  -0.142857E-09  -0.824166E-11  -0.500291E-11
   0.190580E+06  -0.162516E-09  -0.715112E-11  -0.282235E-10
   0.190600E+06  -0.178099E-09  -0.701309E-11  -0.519342E-10
   0.190620E+06  -0.188822E-09  -0.775395E-11  -0.746202E-10
   0.190640E+06  -0.194137E-09  -0.914595E-11  -0.946119E-10
   0.190660E+06  -0.193762E-09  -0.108341E-10  -0.110247E-09
   0.190680E+06  -0.187681E-09  -0.123811E-10  -0.120048E-09
   0.190700E+06  -0.176123E-09  -0.133246E-10  -0.122889E-09
   0.190720E+06  -0.159534E-09  -0.132360E-10  -0.118123E-09
   0.190740E+06  -0.138547E-09  -0.117749E-10  -0.105658E-09
   0.190760E+06  -0.113969E-09  -0.872777E-11  -0.859638E-10
   0.190780E+06  -0.867706E-10  -0.402835E-11  -0.600050E-10
   0.190800E+06  -0.580933E-10   0.224388E-11  -0.291231E-10
   0.190820E+06  -0.292467E-10   0.988386E-11   0.512213E-11
   0.190840E+06  -0.169242E-11   0.185949E-10   0.411232E-10
   0.190860E+06   0.230016E-10   0.280289E-10   0.773780E-10
   0.190880E+06   0.432462E-10   0.378241E-10   0.112605E-09
   0.190900E+06   0.575543E-10   0.476337E-10   0.145802E-09
   0.190920E+06   0.646947E-10   0.571419E-10   0.176245E-09
   0.190940E+06   0.638573E-10   0.660637E-10   0.203438E-09
   0.190960E+06   0.548043E-10   0.741341E-10   0.227018E-09
   0.190980E+06   0.379802E-10   0.810897E-10   0.246656E-09
   0.191000E+06   0.145535E-10   0.866514E-10   0.261964E-09
   0.191020E+06  -0.136255E-10   0.905145E-10   0.272444E-09
   0.191040E+06  -0.441574E-10   0.923526E-10   0.277478E-09
   0.191060E+06  -0.743062E-10   0.918370E-10   0.276379E-09
   0.191080E+06  -0.101270E-09   0.886705E-10   0.268489E-09
   0.191100E+06  -0.122473E-09   0.826318E-10   0.253308E-09
   0.191120E+06  -0.135846E-09   0.736222E-10   0.230621E-09
   0.191140E+06  -0.140042E-09   0.617054E-10   0.200612E-09
   0.191160E+06  -0.134575E-09   0.471327E-10   0.163933E-09
   0.191180E+06  -0.119848E-09   0.303473E-10   0.121701E-09
   0.191200E+06  -0.970767E-10   0.119640E-10   0.754413E-10
   0.191220E+06  -0.681144E-10  -0.727315E-11   0.269603E-10
   0.191240E+06  -0.352181E-10  -0.265507E-10  -0.218203E-10
   0.191260E+06  -0.781120E-12  -0.450551E-10  -0.690472E-10
   0.191280E+06   0.329230E-10  -0.620409E-10  -0.113107E-09
   0.191300E+06   0.639522E-10  -0.768884E-10  -0.152762E-09
   0.191320E+06   0.908385E-10  -0.891440E-10  -0.187221E-09
   0.191340E+06   0.112650E-09  -0.985371E-10  -0.216149E-09
   0.191360E+06   0.128973E-09  -0.104975E-09  -0.239606E-09
   0.191380E+06   0.139840E-09  -0.108519E-09  -0.257942E-09
   0.191400E+06   0.145607E-09  -0.109344E-09  -0.271654E-09
   0.191420E+06   0.146836E-09  -0.107696E-09  -0.281249E-09
   0.191440E+06   0.144177E-09  -0.103850E-09  -0.287131E-09
   0.191460E+06   0.138293E-09  -0.980756E-10  -0.289526E-09
   0.191480E+06   0.129814E-09  -0.906193E-10  -0.288471E-09
   0.191500E+06   0.119335E-09  -0.816950E-10  -0.283848E-09
   0.191520E+06   0.107427E-09  -0.714899E-10  -0.275463E-09
   0.191540E+06   0.946618E-10  -0.601769E-10  -0.263147E-09
   0.191560E+06   0.816228E-10  -0.479295E-10  -0.246851E-09
   0.191580E+06   0.688893E-10  -0.349350E-10  -0.226726E-09
   0.191600E+06   0.569967E-10  -0.214014E-10  -0.203147E-09
   0.191620E+06   0.463711E-10  -0.755707E-11  -0.176699E-09
   0.191640E+06   0.372550E-10   0.635665E-11  -0.148120E-09
   0.191660E+06   0.296432E-10   0.200975E-10  -0.118200E-09
   0.191680E+06   0.232479E-10   0.334353E-10  -0.876783E-10
   0.191700E+06   0.175119E-10   0.461621E-10  -0.571544E-10
   0.191720E+06   0.116748E-10   0.580970E-10  -0.270252E-10
   0.191740E+06   0.489291E-11   0.690834E-10   0.252339E-11
   0.191760E+06  -0.360575E-11   0.789804E-10   0.314744E-10
   0.191780E+06  -0.143537E-10   0.876492E-10   0.598906E-10
   0.191800E+06  -0.274953E-10   0.949396E-10   0.877981E-10
   0.191820E+06  -0.426868E-10   0.100680E-09   0.115065E-09
   0.191840E+06  -0.590704E-10   0.104676E-09   0.141302E-09
   0.191860E+06  -0.753336E-10   0.106716E-09   0.165814E-09
   0.191880E+06  -0.898536E-10   0.106593E-09   0.187613E-09
   0.191900E+06  -0.100909E-09   0.104130E-09   0.205499E-09
   0.191920E+06  -0.106927E-09   0.992128E-10   0.218205E-09
   0.191940E+06  -0.106730E-09   0.918247E-10   0.224576E-09
   0.191960E+06  -0.997405E-10   0.820717E-10   0.223766E-09
   0.191980E+06  -0.861055E-10   0.702000E-10   0.215410E-09
   0.192000E+06  -0.667226E-10   0.565973E-10   0.199740E-09
   0.192020E+06  -0.431571E-10   0.417773E-10   0.177631E-09
   0.192040E+06  -0.174614E-10   0.263500E-10   0.150559E-09
   0.192060E+06   0.807635E-11   0.109771E-10   0.120467E-09
   0.192080E+06   0.312171E-10  -0.367881E-11   0.895744E-10
   0.192100E+06   0.500441E-10  -0.170070E-10   0.601406E-10
   0.192120E+06   0.631849E-10  -0.284963E-10   0.342249E-10
   0.192140E+06   0.699495E-10  -0.377717E-10   0.134761E-10
   0.192160E+06   0.703676E-10  -0.446159E-10  -0.101914E-11
   0.192180E+06   0.651251E-10  -0.489744E-10  -0.880900E-11
   0.192200E+06   0.554166E-10  -0.509435E-10  -0.100661E-10
   0.192220E+06   0.427437E-10  -0.507448E-10  -0.549985E-11
   0.192240E+06   0.286968E-10  -0.486899E-10   0.378795E-11
   0.192260E+06   0.147564E-10  -0.451417E-10   0.164771E-10
   0.192280E+06   0.214722E-11  -0.404771E-10   0.312026E-10
   0.192300E+06  -0.823883E-11  -0.350570E-10   0.466991E-10
   0.192320E+06  -0.158457E-10  -0.292058E-10   0.618990E-10
   0.192340E+06  -0.203940E-10  -0.232037E-10   0.759707E-10
   0.192360E+06  -0.217836E-10  -0.172891E-10   0.883030E-10
   0.192380E+06  -0.199876E-10  -0.116704E-10   0.984466E-10
   0.192400E+06  -0.149693E-10  -0.654188E-11   0.106033E-09
   0.192420E+06  -0.664503E-11  -0.209906E-11   0.110696E-09
   0.192440E+06   0.509430E-11   0.145048E-11   0.112014E-09
   0.192460E+06   0.203052E-10   0.388554E-11   0.109495E-09
   0.192480E+06   0.388739E-10   0.498009E-11   0.102602E-09
   0.192500E+06   0.603869E-10   0.452260E-11   0.908293E-10
   0.192520E+06   0.840236E-10   0.234368E-11   0.737996E-10
   0.192540E+06   0.108503E-09  -0.165260E-11   0.513789E-10
   0.192560E+06   0.132108E-09  -0.745876E-11   0.237746E-10
   0.192580E+06   0.152802E-09  -0.149410E-10  -0.839709E-11
   0.192600E+06   0.168424E-09  -0.238282E-10  -0.440945E-10
   0.192620E+06   0.176945E-09  -0.337167E-10  -0.818904E-10
   0.192640E+06   0.176746E-09  -0.440906E-10  -0.120067E-09
   0.192660E+06   0.166878E-09  -0.543578E-10  -0.156753E-09
   0.192680E+06   0.147252E-09  -0.638962E-10  -0.190090E-09
   0.192700E+06   0.118729E-09  -0.721063E-10  -0.218392E-09
   0.192720E+06   0.830930E-10  -0.784614E-10  -0.240296E-09
   0.192740E+06   0.428942E-10  -0.825521E-10  -0.254859E-09
   0.192760E+06   0.118765E-11  -0.841162E-10  -0.261611E-09
   0.192780E+06  -0.387968E-10  -0.830545E-10  -0.260548E-09
   0.192800E+06  -0.740103E-10  -0.794286E-10  -0.252072E-09
   0.192820E+06  -0.101914E-09  -0.734442E-10  -0.236888E-09
   0.192840E+06  -0.120734E-09  -0.654225E-10  -0.215887E-09
   0.192860E+06  -0.129615E-09  -0.557645E-10  -0.190016E-09
   0.192880E+06  -0.128646E-09  -0.449141E-10  -0.160175E-09
   0.192900E+06  -0.118770E-09  -0.333238E-10  -0.127140E-09
   0.192920E+06  -0.101596E-09  -0.214267E-10  -0.915289E-10
   0.192940E+06  -0.791474E-10  -0.961756E-11  -0.538118E-10
   0.192960E+06  -0.535983E-10   0.175908E-11  -0.143562E-10
   0.192980E+06  -0.270240E-10   0.124123E-10   0.264975E-10
   0.193000E+06  -0.121540E-11   0.221042E-10   0.683499E-10
   0.193020E+06   0.224310E-10   0.306462E-10   0.110660E-09
   0.193040E+06   0.429397E-10   0.378946E-10   0.152679E-09
   0.193060E+06   0.597118E-10   0.437475E-10   0.193419E-09
   0.193080E+06   0.724334E-10   0.481421E-10   0.231654E-09
   0.193100E+06   0.809664E-10   0.510528E-10   0.265968E-09
   0.193120E+06   0.852537E-10   0.524892E-10   0.294830E-09
   0.193140E+06   0.852619E-10   0.524930E-10   0.316705E-09
   0.193160E+06   0.809744E-10   0.511338E-10   0.330183E-09
   0.193180E+06   0.724366E-10   0.485026E-10   0.334107E-09
   0.193200E+06   0.598369E-10   0.447061E-10   0.327695E-09
   0.193220E+06   0.436032E-10   0.398614E-10   0.310639E-09
   0.193240E+06   0.244847E-10   0.340934E-10   0.283171E-09
   0.193260E+06   0.359406E-11   0.275359E-10   0.246090E-09
   0.193280E+06  -0.176106E-10   0.203361E-10   0.200739E-09
   0.193300E+06  -0.374110E-10   0.126624E-10   0.148947E-09
   0.193320E+06  -0.539773E-10   0.471292E-11   0.929223E-10
   0.193340E+06  -0.655609E-10  -0.327774E-11   0.351205E-10
   0.193360E+06  -0.707047E-10  -0.110365E-10  -0.219124E-10
   0.193380E+06  -0.684378E-10  -0.182567E-10  -0.757032E-10
   0.193400E+06  -0.584254E-10  -0.246119E-10  -0.124010E-09
   0.193420E+06  -0.410468E-10  -0.297767E-10  -0.164963E-09
   0.193440E+06  -0.173908E-10  -0.334543E-10  -0.197172E-09
   0.193460E+06   0.108343E-10  -0.354055E-10  -0.219794E-09
   0.193480E+06   0.414629E-10  -0.354756E-10  -0.232565E-09
   0.193500E+06   0.720834E-10  -0.336141E-10  -0.235773E-09
   0.193520E+06   0.100271E-09  -0.298833E-10  -0.230203E-09
   0.193540E+06   0.123811E-09  -0.244552E-10  -0.217037E-09
   0.193560E+06   0.140886E-09  -0.175940E-10  -0.197740E-09
   0.193580E+06   0.150209E-09  -0.962941E-11  -0.173931E-09
   0.193600E+06   0.151086E-09  -0.923752E-12  -0.147256E-09
   0.193620E+06   0.143429E-09   0.816232E-11  -0.119277E-09
   0.193640E+06   0.127695E-09   0.172991E-10  -0.913819E-10
   0.193660E+06   0.104799E-09   0.262086E-10  -0.647249E-10
   0.193680E+06   0.759977E-10   0.346733E-10  -0.401947E-10
   0.193700E+06   0.427724E-10   0.425339E-10  -0.184143E-10
   0.193720E+06   0.671514E-11   0.496766E-10   0.236616E-12
   0.193740E+06  -0.305665E-10   0.560156E-10   0.155823E-10
   0.193760E+06  -0.675260E-10   0.614731E-10   0.276016E-10
   0.193780E+06  -0.102737E-09   0.659643E-10   0.363770E-10
   0.193800E+06  -0.134935E-09   0.693898E-10   0.420494E-10
   0.193820E+06  -0.163058E-09   0.716364E-10   0.447815E-10
   0.193840E+06  -0.186269E-09   0.725886E-10   0.447342E-10
   0.193860E+06  -0.203981E-09   0.721458E-10   0.420552E-10
   0.193880E+06  -0.215876E-09   0.702434E-10   0.368795E-10
   0.193900E+06  -0.221909E-09   0.668725E-10   0.293390E-10
   0.193920E+06  -0.222306E-09   0.620938E-10   0.195777E-10
   0.193940E+06  -0.217534E-09   0.560428E-10   0.776971E-11
   0.193960E+06  -0.208268E-09   0.489256E-10  -0.586376E-11
   0.193980E+06  -0.195330E-09   0.410046E-10  -0.210399E-10
   0.194000E+06  -0.179623E-09   0.325772E-10  -0.374054E-10
   0.194020E+06  -0.162063E-09   0.239512E-10  -0.545345E-10
   0.194040E+06  -0.143512E-09   0.154204E-10  -0.719337E-10
   0.194060E+06  -0.124731E-09   0.724343E-11  -0.890546E-10
   0.194080E+06  -0.106345E-09  -0.369611E-12  -0.105314E-09
   0.194100E+06  -0.888391E-10  -0.726478E-11  -0.120121E-09
   0.194120E+06  -0.725632E-10  -0.133436E-10  -0.132905E-09
   0.194140E+06  -0.577628E-10  -0.185579E-10  -0.143153E-09
   0.194160E+06  -0.446099E-10  -0.229011E-10  -0.150437E-09
   0.194180E+06  -0.332343E-10  -0.263988E-10  -0.154443E-09
   0.194200E+06  -0.237444E-10  -0.291014E-10  -0.154989E-09
   0.194220E+06  -0.162332E-10  -0.310782E-10  -0.152036E-09
   0.194240E+06  -0.107667E-10  -0.324140E-10  -0.145676E-09
   0.194260E+06  -0.735800E-11  -0.332073E-10  -0.136118E-09
   0.194280E+06  -0.593352E-11  -0.335681E-10  -0.123658E-09
   0.194300E+06  -0.629928E-11  -0.336148E-10  -0.108637E-09
   0.194320E+06  -0.811762E-11  -0.334676E-10  -0.914020E-10
   0.194340E+06  -0.109024E-10  -0.332404E-10  -0.722667E-10
   0.194360E+06  -0.140376E-10  -0.330292E-10  -0.514804E-10
   0.194380E+06  -0.168218E-10  -0.329010E-10  -0.292143E-10
   0.194400E+06  -0.185327E-10  -0.328835E-10  -0.556406E-11
   0.194420E+06  -0.185068E-10  -0.329585E-10   0.194279E-10
   0.194440E+06  -0.162197E-10  -0.330604E-10   0.457331E-10
   0.194460E+06  -0.113579E-10  -0.330806E-10   0.732852E-10
   0.194480E+06  -0.386865E-11  -0.328789E-10   0.101922E-09
   0.194500E+06   0.602021E-11  -0.322997E-10   0.131329E-09
   0.194520E+06   0.178158E-10  -0.311908E-10   0.160997E-09
   0.194540E+06   0.308090E-10  -0.294248E-10   0.190197E-09
   0.194560E+06   0.441519E-10  -0.269178E-10   0.217977E-09
   0.194580E+06   0.569530E-10  -0.236456E-10   0.243188E-09
   0.194600E+06   0.683769E-10  -0.196526E-10   0.264540E-09
   0.194620E+06   0.777348E-10  -0.150560E-10   0.280676E-09
   0.194640E+06   0.845539E-10  -0.100421E-10   0.290268E-09
   0.194660E+06   0.886146E-10  -0.485507E-11   0.292125E-09
   0.194680E+06   0.899533E-10   0.219790E-12   0.285299E-09
   0.194700E+06   0.888290E-10   0.487860E-11   0.269187E-09
   0.194720E+06   0.856626E-10   0.882480E-11   0.243619E-09
   0.194740E+06   0.809564E-10   0.117966E-10   0.208924E-09
   0.194760E+06   0.752089E-10   0.135944E-10   0.165962E-09
   0.194780E+06   0.688363E-10   0.141040E-10   0.116135E-09
   0.194800E+06   0.621140E-10   0.133145E-10   0.613526E-10
   0.194820E+06   0.551457E-10   0.113276E-10   0.396166E-11
   0.194840E+06   0.478640E-10   0.835513E-11  -0.533549E-10
   0.194860E+06   0.400613E-10   0.470590E-11  -0.107719E-09
   0.194880E+06   0.314451E-10   0.759689E-12  -0.156223E-09
   0.194900E+06   0.217075E-10  -0.306852E-11  -0.196118E-09
   0.194920E+06   0.105988E-10  -0.637117E-11  -0.225007E-09
   0.194940E+06  -0.200853E-11  -0.879277E-11  -0.241034E-09
   0.194960E+06  -0.160719E-10  -0.100709E-10  -0.243050E-09
   0.194980E+06  -0.313559E-10  -0.100680E-10  -0.230737E-09
   0.195000E+06  -0.474344E-10  -0.878880E-11  -0.204685E-09
   0.195020E+06  -0.637171E-10  -0.638053E-11  -0.166390E-09
   0.195040E+06  -0.794934E-10  -0.311518E-11  -0.118188E-09
   0.195060E+06  -0.939880E-10   0.644401E-12  -0.631141E-10
   0.195080E+06  -0.106418E-09   0.449049E-11  -0.468973E-11
   0.195100E+06  -0.116046E-09   0.802133E-11   0.533296E-10
   0.195120E+06  -0.122226E-09   0.108903E-10   0.107241E-09
   0.195140E+06  -0.124436E-09   0.128461E-10   0.153677E-09
   0.195160E+06  -0.122303E-09   0.137583E-10   0.189863E-09
   0.195180E+06  -0.115623E-09   0.136249E-10   0.213820E-09
   0.195200E+06  -0.104370E-09   0.125617E-10   0.224496E-09
   0.195220E+06  -0.887166E-10   0.107758E-10   0.221810E-09
   0.195240E+06  -0.690404E-10   0.852853E-11   0.206612E-09
   0.195260E+06  -0.459343E-10   0.609344E-11   0.180559E-09
   0.195280E+06  -0.202057E-10   0.371731E-11   0.145935E-09
   0.195300E+06   0.713941E-11   0.158922E-11   0.105426E-09
   0.195320E+06   0.349343E-10  -0.177634E-12   0.618835E-10
   0.195340E+06   0.619156E-10  -0.154995E-11   0.181023E-10
   0.195360E+06   0.868124E-10  -0.256472E-11  -0.233741E-10
   0.195380E+06   0.108456E-09  -0.330942E-11  -0.603961E-10
   0.195400E+06   0.125899E-09  -0.389592E-11  -0.912985E-10
   0.195420E+06   0.138527E-09  -0.443413E-11  -0.114938E-09
   0.195440E+06   0.146144E-09  -0.500930E-11  -0.130687E-09
   0.195460E+06   0.149016E-09  -0.566674E-11  -0.138396E-09
   0.195480E+06   0.147861E-09  -0.640588E-11  -0.138338E-09
   0.195500E+06   0.143767E-09  -0.718336E-11  -0.131144E-09
   0.195520E+06   0.138063E-09  -0.792368E-11  -0.117756E-09
   0.195540E+06   0.132132E-09  -0.853464E-11  -0.993644E-10
   0.195560E+06   0.127215E-09  -0.892444E-11  -0.773750E-10
   0.195580E+06   0.124205E-09  -0.901740E-11  -0.533580E-10
   0.195600E+06   0.123495E-09  -0.876619E-11  -0.289978E-10
   0.195620E+06   0.124880E-09  -0.815905E-11  -0.602460E-11
   0.195640E+06   0.127550E-09  -0.722194E-11   0.138733E-10
   0.195660E+06   0.130176E-09  -0.601592E-11   0.291560E-10
   0.195680E+06   0.131081E-09  -0.463083E-11   0.385509E-10
   0.195700E+06   0.128479E-09  -0.317667E-11   0.411724E-10
   0.195720E+06   0.120751E-09  -0.177322E-11   0.366266E-10
   0.195740E+06   0.106711E-09  -0.539608E-12   0.250834E-10
   0.195760E+06   0.858332E-10   0.416149E-12   0.730267E-11
   0.195780E+06   0.583909E-10   0.100685E-11  -0.153967E-10
   0.195800E+06   0.254985E-10   0.117457E-11  -0.412275E-10
   0.195820E+06  -0.109656E-10   0.897221E-12  -0.680790E-10
   0.195840E+06  -0.485421E-10   0.192420E-12  -0.937013E-10
   0.195860E+06  -0.844568E-10  -0.882434E-12  -0.115911E-09
   0.195880E+06  -0.115936E-09  -0.223368E-11  -0.132795E-09
   0.195900E+06  -0.140527E-09  -0.374014E-11  -0.142882E-09
   0.195920E+06  -0.156376E-09  -0.526568E-11  -0.145275E-09
   0.195940E+06  -0.162439E-09  -0.667473E-11  -0.139717E-09
   0.195960E+06  -0.158580E-09  -0.784902E-11  -0.126592E-09
   0.195980E+06  -0.145562E-09  -0.870298E-11  -0.106860E-09
   0.196000E+06  -0.124926E-09  -0.919532E-11  -0.819482E-10
   0.196020E+06  -0.987849E-10  -0.933468E-11  -0.535994E-10
   0.196040E+06  -0.695589E-10  -0.917753E-11  -0.237074E-10
   0.196060E+06  -0.396924E-10  -0.881885E-11   0.584046E-11
   0.196080E+06  -0.113917E-10  -0.837612E-11   0.333015E-10
   0.196100E+06   0.135838E-10  -0.796913E-11   0.571839E-10
   0.196120E+06   0.340542E-10  -0.769876E-11   0.763161E-10
   0.196140E+06   0.494648E-10  -0.762836E-11   0.898811E-10
   0.196160E+06   0.598475E-10  -0.777081E-11   0.974213E-10
   0.196180E+06   0.657132E-10  -0.808368E-11   0.988228E-10
   0.196200E+06   0.678992E-10  -0.847340E-11   0.942883E-10
   0.196220E+06   0.673990E-10  -0.880792E-11   0.843044E-10
   0.196240E+06   0.652036E-10  -0.893601E-11   0.696086E-10
   0.196260E+06   0.621753E-10  -0.871002E-11   0.511559E-10
   0.196280E+06   0.589713E-10  -0.800859E-11   0.300824E-10
   0.196300E+06   0.560199E-10  -0.675587E-11   0.766200E-11
   0.196320E+06   0.535462E-10  -0.493419E-11  -0.147471E-10
   0.196340E+06   0.516339E-10  -0.258878E-11  -0.357699E-10
   0.196360E+06   0.503041E-10   0.176810E-12  -0.540923E-10
   0.196380E+06   0.495928E-10   0.321259E-11  -0.685463E-10
   0.196400E+06   0.496071E-10   0.634049E-11  -0.781938E-10
   0.196420E+06   0.505500E-10   0.937611E-11  -0.823979E-10
   0.196440E+06   0.527054E-10   0.121510E-10  -0.808726E-10
   0.196460E+06   0.563875E-10   0.145327E-10  -0.737034E-10
   0.196480E+06   0.618651E-10   0.164402E-10  -0.613326E-10
   0.196500E+06   0.692729E-10   0.178523E-10  -0.445127E-10
   0.196520E+06   0.785313E-10   0.188094E-10  -0.242326E-10
   0.196540E+06   0.892883E-10   0.194069E-10  -0.162787E-11
   0.196560E+06   0.100898E-09   0.197815E-10   0.221113E-10
   0.196580E+06   0.112440E-09   0.200920E-10   0.458224E-10
   0.196600E+06   0.122785E-09   0.204962E-10   0.684312E-10
   0.196620E+06   0.130693E-09   0.211264E-10   0.889861E-10
   0.196640E+06   0.134928E-09   0.220670E-10   0.106664E-09
   0.196660E+06   0.134389E-09   0.233365E-10   0.120757E-09
   0.196680E+06   0.128210E-09   0.248773E-10   0.130644E-09
   0.196700E+06   0.115853E-09   0.265552E-10   0.135767E-09
   0.196720E+06   0.971425E-10   0.281695E-10   0.135623E-09
   0.196740E+06   0.722811E-10   0.294740E-10   0.129774E-09
   0.196760E+06   0.418111E-10   0.302062E-10   0.117889E-09
   0.196780E+06   0.655994E-11   0.301224E-10   0.998044E-10
   0.196800E+06  -0.324320E-10   0.290327E-10   0.756080E-10
   0.196820E+06  -0.739825E-10   0.268323E-10   0.457106E-10
   0.196840E+06  -0.116827E-09   0.235223E-10   0.109067E-10
   0.196860E+06  -0.159658E-09   0.192179E-10  -0.276015E-10
   0.196880E+06  -0.201148E-09   0.141405E-10  -0.682285E-10
   0.196900E+06  -0.239952E-09   0.859507E-11  -0.109080E-09
   0.196920E+06  -0.274708E-09   0.293498E-11  -0.148081E-09
   0.196940E+06  -0.304046E-09  -0.248040E-11  -0.183133E-09
   0.196960E+06  -0.326610E-09  -0.732887E-11  -0.212301E-09
   0.196980E+06  -0.341116E-09  -0.113627E-10  -0.233984E-09
   0.197000E+06  -0.346430E-09  -0.144338E-10  -0.247063E-09
   0.197020E+06  -0.341679E-09  -0.165032E-10  -0.251002E-09
   0.197040E+06  -0.326366E-09  -0.176335E-10  -0.245876E-09
   0.197060E+06  -0.300486E-09  -0.179655E-10  -0.232346E-09
   0.197080E+06  -0.264612E-09  -0.176849E-10  -0.211561E-09
   0.197100E+06  -0.219939E-09  -0.169829E-10  -0.185016E-09
   0.197120E+06  -0.168262E-09  -0.160202E-10  -0.154385E-09
   0.197140E+06  -0.111898E-09  -0.149010E-10  -0.121347E-09
   0.197160E+06  -0.535379E-10  -0.136555E-10  -0.874313E-10
   0.197180E+06   0.395093E-11  -0.122430E-10  -0.538986E-10
   0.197200E+06   0.577451E-10  -0.105658E-10  -0.216699E-10
   0.197220E+06   0.105292E-09  -0.849378E-11   0.869388E-11
   0.197240E+06   0.144511E-09  -0.589400E-11   0.369669E-10
   0.197260E+06   0.173945E-09  -0.265931E-11   0.631978E-10
   0.197280E+06   0.192852E-09   0.126968E-11   0.876295E-10
   0.197300E+06   0.201215E-09   0.589218E-11   0.110611E-09
   0.197320E+06   0.199700E-09   0.111461E-10   0.132520E-09
   0.197340E+06   0.189539E-09   0.169158E-10   0.153694E-09
   0.197360E+06   0.172390E-09   0.230462E-10   0.174389E-09
   0.197380E+06   0.150171E-09   0.293585E-10   0.194752E-09
   0.197400E+06   0.124902E-09   0.356631E-10   0.214804E-09
   0.197420E+06   0.985646E-10   0.417666E-10   0.234434E-09
   0.197440E+06   0.729903E-10   0.474722E-10   0.253397E-09
   0.197460E+06   0.497798E-10   0.525746E-10   0.271307E-09
   0.197480E+06   0.302510E-10   0.568513E-10   0.287635E-09
   0.197500E+06   0.154063E-10   0.600574E-10   0.301702E-09
   0.197520E+06   0.591230E-11   0.619247E-10   0.312695E-09
   0.197540E+06   0.208404E-11   0.621716E-10   0.319686E-09
   0.197560E+06   0.387063E-11   0.605229E-10   0.321684E-09
   0.197580E+06   0.108446E-10   0.567383E-10   0.317699E-09
   0.197600E+06   0.222008E-10   0.506461E-10   0.306837E-09
   0.197620E+06   0.367728E-10   0.421765E-10   0.288396E-09
   0.197640E+06   0.530777E-10   0.313872E-10   0.261971E-09
   0.197660E+06   0.693933E-10   0.184767E-10   0.227537E-09
   0.197680E+06   0.838708E-10   0.378059E-11   0.185504E-09
   0.197700E+06   0.946770E-10  -0.122482E-10   0.136742E-09
   0.197720E+06   0.100153E-09  -0.290747E-10   0.825490E-10
   0.197740E+06   0.989747E-10  -0.461261E-10   0.245824E-10
   0.197760E+06   0.902910E-10  -0.628378E-10  -0.352460E-10
   0.197780E+06   0.738255E-10  -0.786949E-10  -0.948978E-10
   0.197800E+06   0.499232E-10  -0.932611E-10  -0.152342E-09
   0.197820E+06   0.195343E-10  -0.106192E-09  -0.205678E-09
   0.197840E+06  -0.158633E-10  -0.117233E-09  -0.253231E-09
   0.197860E+06  -0.543942E-10  -0.126200E-09  -0.293617E-09
   0.197880E+06  -0.939525E-10  -0.132957E-09  -0.325768E-09
   0.197900E+06  -0.132385E-09  -0.137384E-09  -0.348928E-09
   0.197920E+06  -0.167667E-09  -0.139360E-09  -0.362622E-09
   0.197940E+06  -0.198056E-09  -0.138748E-09  -0.366622E-09
   0.197960E+06  -0.222201E-09  -0.135404E-09  -0.360909E-09
   0.197980E+06  -0.239210E-09  -0.129193E-09  -0.345661E-09
   0.198000E+06  -0.248663E-09  -0.120021E-09  -0.321245E-09
   0.198020E+06  -0.250593E-09  -0.107873E-09  -0.288242E-09
   0.198040E+06  -0.245428E-09  -0.928486E-10  -0.247479E-09
   0.198060E+06  -0.233916E-09  -0.751869E-10  -0.200060E-09
   0.198080E+06  -0.217041E-09  -0.552790E-10  -0.147378E-09
   0.198100E+06  -0.195943E-09  -0.336620E-10  -0.911141E-10
   0.198120E+06  -0.171834E-09  -0.109936E-10  -0.331849E-10
   0.198140E+06  -0.145929E-09   0.119880E-10   0.243397E-10
   0.198160E+06  -0.119375E-09   0.345134E-10   0.793551E-10
   0.198180E+06  -0.931903E-10   0.558352E-10   0.129862E-09
   0.198200E+06  -0.682029E-10   0.752756E-10   0.174109E-09
   0.198220E+06  -0.450007E-10   0.922644E-10   0.210722E-09
   0.198240E+06  -0.238915E-10   0.106363E-09   0.238795E-09
   0.198260E+06  -0.488445E-11   0.117271E-09   0.257934E-09
   0.198280E+06   0.123002E-10   0.124824E-09   0.268244E-09
   0.198300E+06   0.281870E-10   0.128972E-09   0.270265E-09
   0.198320E+06   0.434646E-10   0.129764E-09   0.264860E-09
   0.198340E+06   0.588726E-10   0.127320E-09   0.253080E-09
   0.198360E+06   0.750676E-10   0.121815E-09   0.236024E-09
   0.198380E+06   0.924851E-10   0.113464E-09   0.214712E-09
   0.198400E+06   0.111218E-09   0.102522E-09   0.189999E-09
   0.198420E+06   0.130935E-09   0.892766E-10   0.162530E-09
   0.198440E+06   0.150855E-09   0.740601E-10   0.132742E-09
   0.198460E+06   0.169792E-09   0.572500E-10   0.100919E-09
   0.198480E+06   0.186270E-09   0.392733E-10   0.672642E-10
   0.198500E+06   0.198693E-09   0.206035E-10   0.319959E-10
   0.198520E+06   0.205564E-09   0.175138E-11  -0.456559E-11
   0.198540E+06   0.205707E-09  -0.167511E-10  -0.419346E-10
   0.198560E+06   0.198458E-09  -0.343726E-10  -0.794307E-10
   0.198580E+06   0.183819E-09  -0.506070E-10  -0.116188E-09
   0.198600E+06   0.162508E-09  -0.649990E-10  -0.151203E-09
   0.198620E+06   0.135928E-09  -0.771663E-10  -0.183412E-09
   0.198640E+06   0.106037E-09  -0.868176E-10  -0.211778E-09
   0.198660E+06   0.751309E-10  -0.937631E-10  -0.235388E-09
   0.198680E+06   0.455778E-10  -0.979173E-10  -0.253526E-09
   0.198700E+06   0.195373E-10  -0.992951E-10  -0.265727E-09
   0.198720E+06  -0.129921E-11  -0.980005E-10  -0.271802E-09
   0.198740E+06  -0.159057E-10  -0.942120E-10  -0.271834E-09
   0.198760E+06  -0.240286E-10  -0.881649E-10  -0.266147E-09
   0.198780E+06  -0.261887E-10  -0.801341E-10  -0.255263E-09
   0.198800E+06  -0.235804E-10  -0.704186E-10  -0.239855E-09
   0.198820E+06  -0.178829E-10  -0.593286E-10  -0.220701E-09
   0.198840E+06  -0.110142E-10  -0.471772E-10  -0.198651E-09
   0.198860E+06  -0.486487E-11  -0.342751E-10  -0.174601E-09
   0.198880E+06  -0.105166E-11  -0.209283E-10  -0.149476E-09
   0.198900E+06  -0.724815E-12  -0.743777E-11  -0.124222E-09
   0.198920E+06  -0.445450E-11   0.590218E-11  -0.997869E-10
   0.198940E+06  -0.122076E-10   0.188053E-10  -0.770919E-10
   0.198960E+06  -0.234108E-10   0.309986E-10  -0.569926E-10
   0.198980E+06  -0.370833E-10   0.422298E-10  -0.402219E-10
   0.199000E+06  -0.520110E-10   0.522774E-10  -0.273248E-10
   0.199020E+06  -0.669308E-10   0.609622E-10  -0.185925E-10
   0.199040E+06  -0.806940E-10   0.681576E-10  -0.140063E-10
   0.199060E+06  -0.923840E-10   0.737976E-10  -0.132051E-10
   0.199080E+06  -0.101374E-09   0.778794E-10  -0.154851E-10
   0.199100E+06  -0.107324E-09   0.804602E-10  -0.198378E-10
   0.199120E+06  -0.110128E-09   0.816466E-10  -0.250279E-10
   0.199140E+06  -0.109825E-09   0.815787E-10  -0.297037E-10
   0.199160E+06  -0.106511E-09   0.804097E-10  -0.325293E-10
   0.199180E+06  -0.100259E-09   0.782861E-10  -0.323223E-10
   0.199200E+06  -0.910811E-10   0.753289E-10  -0.281789E-10
   0.199220E+06  -0.789322E-10   0.716228E-10  -0.195705E-10
   0.199240E+06  -0.637570E-10   0.672137E-10  -0.639782E-11
   0.199260E+06  -0.455690E-10   0.621148E-10   0.110051E-10
   0.199280E+06  -0.245407E-10   0.563236E-10   0.319163E-10
   0.199300E+06  -0.108081E-11   0.498429E-10   0.553159E-10
   0.199320E+06   0.241224E-10   0.427057E-10   0.800062E-10
   0.199340E+06   0.501076E-10   0.349960E-10   0.104746E-09
   0.199360E+06   0.757040E-10   0.268627E-10   0.128383E-09
   0.199380E+06   0.996435E-10   0.185222E-10   0.149961E-09
   0.199400E+06   0.120708E-09   0.102481E-10   0.168794E-09
   0.199420E+06   0.137884E-09   0.234886E-11   0.184503E-09
   0.199440E+06   0.150501E-09  -0.486326E-11   0.197001E-09
   0.199460E+06   0.158319E-09  -0.111082E-10   0.206446E-09
   0.199480E+06   0.161560E-09  -0.161717E-10   0.213162E-09
   0.199500E+06   0.160866E-09  -0.199323E-10   0.217546E-09
   0.199520E+06   0.157187E-09  -0.223752E-10   0.219975E-09
   0.199540E+06   0.151630E-09  -0.235927E-10   0.220730E-09
   0.199560E+06   0.145282E-09  -0.237691E-10   0.219940E-09
   0.199580E+06   0.139046E-09  -0.231544E-10   0.217561E-09
   0.199600E+06   0.133513E-09  -0.220307E-10   0.213389E-09
   0.199620E+06   0.128901E-09  -0.206759E-10   0.207095E-09
   0.199640E+06   0.125063E-09  -0.193335E-10   0.198298E-09
   0.199660E+06   0.121557E-09  -0.181895E-10   0.186632E-09
   0.199680E+06   0.117779E-09  -0.173613E-10   0.171828E-09
   0.199700E+06   0.113111E-09  -0.169016E-10   0.153778E-09
   0.199720E+06   0.107069E-09  -0.168052E-10   0.132589E-09
   0.199740E+06   0.994173E-10  -0.170303E-10   0.108603E-09
   0.199760E+06   0.902233E-10  -0.175169E-10   0.823935E-10
   0.199780E+06   0.798466E-10  -0.182049E-10   0.547422E-10
   0.199800E+06   0.688648E-10  -0.190458E-10   0.265812E-10
   0.199820E+06   0.579515E-10  -0.200075E-10  -0.107223E-11
   0.199840E+06   0.477326E-10  -0.210720E-10  -0.271931E-10
   0.199860E+06   0.386506E-10  -0.222287E-10  -0.508258E-10
   0.199880E+06   0.308673E-10  -0.234643E-10  -0.711545E-10
   0.199900E+06   0.242234E-10  -0.247552E-10  -0.875592E-10
   0.199920E+06   0.182669E-10  -0.260621E-10  -0.996537E-10
   0.199940E+06   0.123435E-10  -0.273301E-10  -0.107303E-09
   0.199960E+06   0.573262E-11  -0.284930E-10  -0.110620E-09
   0.199980E+06  -0.219884E-11  -0.294807E-10  -0.109939E-09
   0.200000E+06  -0.118557E-10  -0.302274E-10  -0.105783E-09
   0.200020E+06  -0.233167E-10  -0.306777E-10  -0.988078E-10
   0.200040E+06  -0.363004E-10  -0.307893E-10  -0.897509E-10
   0.200060E+06  -0.502032E-10  -0.305312E-10  -0.793762E-10
   0.200080E+06  -0.642042E-10  -0.298775E-10  -0.684253E-10
   0.200100E+06  -0.774173E-10  -0.288007E-10  -0.575774E-10
   0.200120E+06  -0.890605E-10  -0.272647E-10  -0.474205E-10
   0.200140E+06  -0.986112E-10  -0.252230E-10  -0.384345E-10
   0.200160E+06  -0.105913E-09  -0.226213E-10  -0.309845E-10
   0.200180E+06  -0.111214E-09  -0.194085E-10  -0.253228E-10
   0.200200E+06  -0.115125E-09  -0.155511E-10  -0.215948E-10
   0.200220E+06  -0.118502E-09  -0.110512E-10  -0.198481E-10
   0.200240E+06  -0.122277E-09  -0.596323E-11  -0.200393E-10
   0.200260E+06  -0.127255E-09  -0.404293E-12  -0.220392E-10
   0.200280E+06  -0.133937E-09   0.544468E-11  -0.256352E-10
   0.200300E+06  -0.142372E-09   0.113485E-10  -0.305328E-10
   0.200320E+06  -0.152092E-09   0.170387E-10  -0.363577E-10
   0.200340E+06  -0.162129E-09   0.222414E-10  -0.426640E-10
   0.200360E+06  -0.171121E-09   0.267108E-10  -0.489487E-10
   0.200380E+06  -0.177489E-09   0.302582E-10  -0.546774E-10
   0.200400E+06  -0.179657E-09   0.327744E-10  -0.593199E-10
   0.200420E+06  -0.176282E-09   0.342400E-10  -0.623940E-10
   0.200440E+06  -0.166462E-09   0.347206E-10  -0.635154E-10
   0.200460E+06  -0.149883E-09   0.343492E-10  -0.624453E-10
   0.200480E+06  -0.126889E-09   0.332978E-10  -0.591300E-10
   0.200500E+06  -0.984679E-10   0.317437E-10  -0.537260E-10
   0.200520E+06  -0.661583E-10   0.298380E-10  -0.466025E-10
   0.200540E+06  -0.318880E-10   0.276815E-10  -0.383207E-10
   0.200560E+06   0.222249E-11   0.253125E-10  -0.295868E-10
   0.200580E+06   0.340670E-10   0.227099E-10  -0.211835E-10
   0.200600E+06   0.617442E-10   0.198093E-10  -0.138869E-10
   0.200620E+06   0.837086E-10   0.165299E-10  -0.837783E-11
   0.200640E+06   0.988707E-10   0.128060E-10  -0.515909E-11
   0.200660E+06   0.106641E-09   0.861712E-11  -0.449019E-11
   0.200680E+06   0.106926E-09   0.400938E-11  -0.634810E-11
   0.200700E+06   0.100082E-09  -0.894394E-12  -0.104211E-10
   0.200720E+06   0.868493E-10  -0.589996E-11  -0.161370E-10
   0.200740E+06   0.682711E-10  -0.107605E-10  -0.227238E-10
   0.200760E+06   0.456192E-10  -0.152063E-10  -0.292945E-10
   0.200780E+06   0.203228E-10  -0.189799E-10  -0.349469E-10
   0.200800E+06  -0.609185E-11  -0.218713E-10  -0.388651E-10
   0.200820E+06  -0.320568E-10  -0.237464E-10  -0.404100E-10
   0.200840E+06  -0.560171E-10  -0.245650E-10  -0.391884E-10
   0.200860E+06  -0.764905E-10  -0.243864E-10  -0.350928E-10
   0.200880E+06  -0.921360E-10  -0.233609E-10  -0.283078E-10
   0.200900E+06  -0.101830E-09  -0.217111E-10  -0.192842E-10
   0.200920E+06  -0.104743E-09  -0.197044E-10  -0.868628E-11
   0.200940E+06  -0.100416E-09  -0.176235E-10   0.268099E-11
   0.200960E+06  -0.888144E-10  -0.157364E-10   0.139532E-10
   0.200980E+06  -0.703564E-10  -0.142726E-10   0.242878E-10
   0.201000E+06  -0.459101E-10  -0.134045E-10   0.329346E-10
   0.201020E+06  -0.167464E-10  -0.132380E-10   0.392916E-10
   0.201040E+06   0.155416E-10  -0.138100E-10   0.429393E-10
   0.201060E+06   0.491494E-10  -0.150923E-10   0.436564E-10
   0.201080E+06   0.821889E-10  -0.169999E-10   0.414160E-10
   0.201100E+06   0.112818E-09  -0.194022E-10   0.363691E-10
   0.201120E+06   0.139359E-09  -0.221355E-10   0.288180E-10
   0.201140E+06   0.160391E-09  -0.250159E-10   0.191862E-10
   0.201160E+06   0.174811E-09  -0.278506E-10   0.798734E-11
   0.201180E+06   0.181864E-09  -0.304502E-10  -0.420322E-11
   0.201200E+06   0.181144E-09  -0.326384E-10  -0.167743E-10
   0.201220E+06   0.172568E-09  -0.342614E-10  -0.291012E-10
   0.201240E+06   0.156353E-09  -0.351951E-10  -0.405668E-10
   0.201260E+06   0.132980E-09  -0.353506E-10  -0.505803E-10
   0.201280E+06   0.103181E-09  -0.346765E-10  -0.585974E-10
   0.201300E+06   0.679206E-10  -0.331590E-10  -0.641386E-10
   0.201320E+06   0.284034E-10  -0.308188E-10  -0.668071E-10
   0.201340E+06  -0.139330E-10  -0.277060E-10  -0.663038E-10
   0.201360E+06  -0.574281E-10  -0.238931E-10  -0.624390E-10
   0.201380E+06  -0.100234E-09  -0.194678E-10  -0.551383E-10
   0.201400E+06  -0.140386E-09  -0.145270E-10  -0.444426E-10
   0.201420E+06  -0.175902E-09  -0.917148E-11  -0.305041E-10
   0.201440E+06  -0.204925E-09  -0.350329E-11  -0.135776E-10
   0.201460E+06  -0.225881E-09   0.237469E-11   0.598874E-11
   0.201480E+06  -0.237638E-09   0.835859E-11   0.277628E-10
   0.201500E+06  -0.239648E-09   0.143420E-10   0.512338E-10
   0.201520E+06  -0.232047E-09   0.202151E-10   0.758156E-10
   0.201540E+06  -0.215679E-09   0.258654E-10   0.100846E-09
   0.201560E+06  -0.192058E-09   0.311797E-10   0.125586E-09
   0.201580E+06  -0.163234E-09   0.360478E-10   0.149222E-09
   0.201600E+06  -0.131602E-09   0.403672E-10   0.170875E-09
   0.201620E+06  -0.996611E-10   0.440478E-10   0.189621E-09
   0.201640E+06  -0.697451E-10   0.470167E-10   0.204523E-09
   0.201660E+06  -0.437847E-10   0.492198E-10   0.214680E-09
   0.201680E+06  -0.231105E-10   0.506230E-10   0.219290E-09
   0.201700E+06  -0.833516E-11   0.512111E-10   0.217712E-09
   0.201720E+06   0.671074E-12   0.509858E-10   0.209541E-09
   0.201740E+06   0.471089E-11   0.499637E-10   0.194664E-09
   0.201760E+06   0.510739E-11   0.481751E-10   0.173313E-09
   0.201780E+06   0.349316E-11   0.456638E-10   0.146082E-09
   0.201800E+06   0.157408E-11   0.424894E-10   0.113921E-09
   0.201820E+06   0.901994E-12   0.387292E-10   0.781031E-10
   0.201840E+06   0.268932E-11   0.344810E-10   0.401530E-10
   0.201860E+06   0.768874E-11   0.298637E-10   0.175842E-11
   0.201880E+06   0.161500E-10   0.250159E-10  -0.353387E-10
   0.201900E+06   0.278517E-10   0.200909E-10  -0.694572E-10
   0.201920E+06   0.421946E-10   0.152484E-10  -0.990881E-10
   0.201940E+06   0.583320E-10   0.106440E-10  -0.122993E-09
   0.201960E+06   0.753122E-10   0.641736E-11  -0.140282E-09
   0.201980E+06   0.922038E-10   0.268246E-11  -0.150461E-09
   0.202000E+06   0.108187E-09  -0.479988E-12  -0.153456E-09
   0.202020E+06   0.122598E-09  -0.302509E-11  -0.149605E-09
   0.202040E+06   0.134930E-09  -0.494148E-11  -0.139620E-09
   0.202060E+06   0.144800E-09  -0.624466E-11  -0.124533E-09
   0.202080E+06   0.151900E-09  -0.696749E-11  -0.105619E-09
   0.202100E+06   0.155955E-09  -0.715033E-11  -0.843143E-10
   0.202120E+06   0.156699E-09  -0.683251E-11  -0.621189E-10
   0.202140E+06   0.153896E-09  -0.604832E-11  -0.405083E-10
   0.202160E+06   0.147383E-09  -0.482730E-11  -0.208416E-10
   0.202180E+06   0.137152E-09  -0.319935E-11  -0.428113E-11
   0.202200E+06   0.123432E-09  -0.120285E-11   0.827636E-11
   0.202220E+06   0.106760E-09   0.110655E-11   0.162515E-10
   0.202240E+06   0.880148E-10   0.364956E-11   0.194135E-10
   0.202260E+06   0.683893E-10   0.631936E-11   0.178881E-10
   0.202280E+06   0.493069E-10   0.898854E-11   0.121391E-10
   0.202300E+06   0.322732E-10   0.115169E-10   0.292472E-11
   0.202320E+06   0.186873E-10   0.137667E-10  -0.876938E-11
   0.202340E+06   0.963886E-11   0.156196E-10  -0.218160E-10
   0.202360E+06   0.572318E-11   0.169915E-10  -0.350434E-10
   0.202380E+06   0.690938E-11   0.178434E-10  -0.473347E-10
   0.202400E+06   0.124868E-10   0.181839E-10  -0.577193E-10
   0.202420E+06   0.211055E-10   0.180641E-10  -0.654476E-10
   0.202440E+06   0.309117E-10   0.175646E-10  -0.700398E-10
   0.202460E+06   0.397617E-10   0.167780E-10  -0.713057E-10
   0.202480E+06   0.454863E-10   0.157895E-10  -0.693329E-10
   0.202500E+06   0.461690E-10   0.146609E-10  -0.644478E-10
   0.202520E+06   0.403961E-10   0.134215E-10  -0.571549E-10
   0.202540E+06   0.274449E-10   0.120664E-10  -0.480646E-10
   0.202560E+06   0.738216E-11   0.105654E-10  -0.378206E-10
   0.202580E+06  -0.189378E-10   0.887720E-11  -0.270365E-10
   0.202600E+06  -0.499727E-10   0.696789E-11  -0.162504E-10
   0.202620E+06  -0.836702E-10   0.482779E-11  -0.590190E-11
   0.202640E+06  -0.117696E-09   0.248259E-11   0.366645E-11
   0.202660E+06  -0.149680E-09  -0.441445E-14   0.121890E-10
   0.202680E+06  -0.177438E-09  -0.254043E-11   0.194435E-10
   0.202700E+06  -0.199155E-09  -0.502032E-11   0.252135E-10
   0.202720E+06  -0.213498E-09  -0.734947E-11   0.292587E-10
   0.202740E+06  -0.219666E-09  -0.946766E-11   0.312984E-10
   0.202760E+06  -0.217373E-09  -0.113676E-10   0.310168E-10
   0.202780E+06  -0.206787E-09  -0.131042E-10   0.280910E-10
   0.202800E+06  -0.188440E-09  -0.147914E-10   0.222379E-10
   0.202820E+06  -0.163141E-09  -0.165847E-10   0.132748E-10
   0.202840E+06  -0.131894E-09  -0.186538E-10   0.118440E-11
   0.202860E+06  -0.958482E-10  -0.211484E-10  -0.138289E-10
   0.202880E+06  -0.562651E-10  -0.241640E-10  -0.313000E-10
   0.202900E+06  -0.145141E-10  -0.277148E-10  -0.504917E-10
   0.202920E+06   0.279331E-10  -0.317178E-10  -0.704144E-10
   0.202940E+06   0.695122E-10  -0.359942E-10  -0.898804E-10
   0.202960E+06   0.108598E-09  -0.402856E-10  -0.107586E-09
   0.202980E+06   0.143567E-09  -0.442852E-10  -0.122217E-09
   0.203000E+06   0.172889E-09  -0.476772E-10  -0.132564E-09
   0.203020E+06   0.195239E-09  -0.501792E-10  -0.137637E-09
   0.203040E+06   0.209626E-09  -0.515796E-10  -0.136770E-09
   0.203060E+06   0.215499E-09  -0.517652E-10  -0.129695E-09
   0.203080E+06   0.212828E-09  -0.507332E-10  -0.116589E-09
   0.203100E+06   0.202136E-09  -0.485889E-10  -0.980835E-10
   0.203120E+06   0.184467E-09  -0.455276E-10  -0.752312E-10
   0.203140E+06   0.161299E-09  -0.418069E-10  -0.494431E-10
   0.203160E+06   0.134396E-09  -0.377124E-10  -0.223889E-10
   0.203180E+06   0.105631E-09  -0.335244E-10   0.412283E-11
   0.203200E+06   0.767918E-10  -0.294880E-10   0.282786E-10
   0.203220E+06   0.494070E-10  -0.257936E-10   0.483980E-10
   0.203240E+06   0.246058E-10  -0.225654E-10   0.630644E-10
   0.203260E+06   0.304068E-11  -0.198612E-10   0.712388E-10
   0.203280E+06  -0.151226E-10  -0.176799E-10   0.723480E-10
   0.203300E+06  -0.301445E-10  -0.159740E-10   0.663403E-10
   0.203320E+06  -0.425938E-10  -0.146648E-10   0.537013E-10
   0.203340E+06  -0.531895E-10  -0.136575E-10   0.354311E-10
   0.203360E+06  -0.626303E-10  -0.128538E-10   0.129787E-10
   0.203380E+06  -0.714373E-10  -0.121620E-10  -0.118593E-10
   0.203400E+06  -0.798355E-10  -0.115030E-10  -0.370699E-10
   0.203420E+06  -0.876921E-10  -0.108146E-10  -0.605763E-10
   0.203440E+06  -0.945209E-10  -0.100530E-10  -0.803964E-10
   0.203460E+06  -0.995526E-10  -0.919277E-11  -0.947973E-10
   0.203480E+06  -0.101858E-09  -0.822532E-11  -0.102429E-09
   0.203500E+06  -0.100507E-09  -0.715602E-11  -0.102425E-09
   0.203520E+06  -0.947364E-10  -0.599948E-11  -0.944655E-10
   0.203540E+06  -0.841023E-10  -0.477377E-11  -0.787895E-10
   0.203560E+06  -0.685951E-10  -0.349228E-11  -0.561612E-10
   0.203580E+06  -0.486957E-10  -0.215628E-11  -0.277941E-10
   0.203600E+06  -0.253697E-10  -0.747780E-12   0.475992E-11
   0.203620E+06   0.399571E-14   0.775069E-12   0.397434E-10
   0.203640E+06   0.257576E-10   0.247883E-11   0.753340E-10
   0.203660E+06   0.500966E-10   0.445078E-11   0.109779E-09
   0.203680E+06   0.712773E-10   0.679016E-11   0.141512E-09
   0.203700E+06   0.877779E-10   0.959506E-11   0.169241E-09
   0.203720E+06   0.984427E-10   0.129478E-10   0.192008E-09
   0.203740E+06   0.102584E-09   0.168996E-10   0.209208E-09
   0.203760E+06   0.100031E-09   0.214584E-10   0.220588E-09
   0.203780E+06   0.911299E-10   0.265816E-10   0.226215E-09
   0.203800E+06   0.766916E-10   0.321745E-10   0.226430E-09
   0.203820E+06   0.579041E-10   0.380957E-10   0.221798E-09
   0.203840E+06   0.362197E-10   0.441674E-10   0.213051E-09
   0.203860E+06   0.132321E-10   0.501894E-10   0.201034E-09
   0.203880E+06  -0.944546E-11   0.559535E-10   0.186663E-09
   0.203900E+06  -0.302896E-10   0.612568E-10   0.170873E-09
   0.203920E+06  -0.479586E-10   0.659118E-10   0.154584E-09
   0.203940E+06  -0.613625E-10   0.697513E-10   0.138650E-09
   0.203960E+06  -0.697123E-10   0.726307E-10   0.123820E-09
   0.203980E+06  -0.725484E-10   0.744269E-10   0.110688E-09
   0.204000E+06  -0.697511E-10   0.750363E-10   0.996396E-10
   0.204020E+06  -0.615337E-10   0.743736E-10   0.908166E-10
   0.204040E+06  -0.484190E-10   0.723738E-10   0.840778E-10
   0.204060E+06  -0.312008E-10   0.689962E-10   0.789869E-10
   0.204080E+06  -0.108890E-10   0.642299E-10   0.748221E-10
   0.204100E+06   0.113590E-10   0.581012E-10   0.706153E-10
   0.204120E+06   0.343179E-10   0.506787E-10   0.652217E-10
   0.204140E+06   0.567787E-10   0.420747E-10   0.574162E-10
   0.204160E+06   0.776319E-10   0.324426E-10   0.460097E-10
   0.204180E+06   0.959384E-10   0.219691E-10   0.299749E-10
   0.204200E+06   0.110983E-09   0.108627E-10   0.856779E-11
   0.204220E+06   0.122302E-09  -0.659426E-12  -0.185679E-10
   0.204240E+06   0.129678E-09  -0.123834E-10  -0.513269E-10
   0.204260E+06   0.133112E-09  -0.241066E-10  -0.891072E-10
   0.204280E+06   0.132772E-09  -0.356396E-10  -0.130820E-09
   0.204300E+06   0.128926E-09  -0.468020E-10  -0.174943E-09
   0.204320E+06   0.121882E-09  -0.574134E-10  -0.219616E-09
   0.204340E+06   0.111933E-09  -0.672809E-10  -0.262761E-09
   0.204360E+06   0.993339E-10  -0.761882E-10  -0.302230E-09
   0.204380E+06   0.843024E-10  -0.838904E-10  -0.335944E-09
   0.204400E+06   0.670512E-10  -0.901159E-10  -0.362039E-09
   0.204420E+06   0.478422E-10  -0.945787E-10  -0.378980E-09
   0.204440E+06   0.270505E-10  -0.970005E-10  -0.385651E-09
   0.204460E+06   0.522408E-11  -0.971386E-10  -0.381415E-09
   0.204480E+06  -0.168786E-10  -0.948173E-10  -0.366134E-09
   0.204500E+06  -0.382857E-10  -0.899557E-10  -0.340168E-09
   0.204520E+06  -0.578514E-10  -0.825875E-10  -0.304332E-09
   0.204540E+06  -0.743377E-10  -0.728691E-10  -0.259843E-09
   0.204560E+06  -0.865305E-10  -0.610736E-10  -0.208244E-09
   0.204580E+06  -0.933752E-10  -0.475709E-10  -0.151323E-09
   0.204600E+06  -0.941112E-10  -0.327981E-10  -0.910210E-10
   0.204620E+06  -0.883850E-10  -0.172246E-10  -0.293388E-10
   0.204640E+06  -0.763221E-10  -0.131645E-11   0.317514E-10
   0.204660E+06  -0.585465E-10   0.144918E-10   0.903924E-10
   0.204680E+06  -0.361409E-10   0.298176E-10   0.144920E-09
   0.204700E+06  -0.105547E-10   0.443370E-10   0.193929E-09
   0.204720E+06   0.165296E-10   0.577825E-10   0.236325E-09
   0.204740E+06   0.433509E-10   0.699311E-10   0.271354E-09
   0.204760E+06   0.682244E-10   0.805897E-10   0.298614E-09
   0.204780E+06   0.896758E-10   0.895816E-10   0.318041E-09
   0.204800E+06   0.106538E-09   0.967407E-10   0.329874E-09
   0.204820E+06   0.118012E-09   0.101901E-09   0.334603E-09
   0.204840E+06   0.123657E-09   0.104922E-09   0.332885E-09
   0.204860E+06   0.123377E-09   0.105691E-09   0.325485E-09
   0.204880E+06   0.117354E-09   0.104148E-09   0.313191E-09
   0.204900E+06   0.105984E-09   0.100298E-09   0.296760E-09
   0.204920E+06   0.898185E-10   0.942245E-10   0.276865E-09
   0.204940E+06   0.695136E-10   0.860947E-10   0.254082E-09
   0.204960E+06   0.458106E-10   0.761494E-10   0.228888E-09
   0.204980E+06   0.195312E-10   0.646879E-10   0.201689E-09
   0.205000E+06  -0.841213E-11   0.520454E-10   0.172858E-09
   0.205020E+06  -0.370039E-10   0.385677E-10   0.142781E-09
   0.205040E+06  -0.651239E-10   0.245881E-10   0.111901E-09
   0.205060E+06  -0.915668E-10   0.104099E-10   0.807417E-10
   0.205080E+06  -0.115089E-09  -0.370249E-11   0.499170E-10
   0.205100E+06  -0.134484E-09  -0.175238E-10   0.201084E-10
   0.205120E+06  -0.148676E-09  -0.308602E-10  -0.797829E-11
   0.205140E+06  -0.156830E-09  -0.435367E-10  -0.336758E-10
   0.205160E+06  -0.158447E-09  -0.553839E-10  -0.564286E-10
   0.205180E+06  -0.153441E-09  -0.662263E-10  -0.758618E-10
   0.205200E+06  -0.142182E-09  -0.758764E-10  -0.918360E-10
   0.205220E+06  -0.125489E-09  -0.841355E-10  -0.104474E-09
   0.205240E+06  -0.104576E-09  -0.908007E-10  -0.114156E-09
   0.205260E+06  -0.809572E-10  -0.956777E-10  -0.121474E-09
   0.205280E+06  -0.563142E-10  -0.985952E-10  -0.127164E-09
   0.205300E+06  -0.323545E-10  -0.994205E-10  -0.131998E-09
   0.205320E+06  -0.106630E-10  -0.980708E-10  -0.136686E-09
   0.205340E+06   0.742399E-11  -0.945220E-10  -0.141765E-09
   0.205360E+06   0.209157E-10  -0.888111E-10  -0.147522E-09
   0.205380E+06   0.292246E-10  -0.810356E-10  -0.153942E-09
   0.205400E+06   0.321818E-10  -0.713491E-10  -0.160701E-09
   0.205420E+06   0.300154E-10  -0.599555E-10  -0.167201E-09
   0.205440E+06   0.232987E-10  -0.471040E-10  -0.172645E-09
   0.205460E+06   0.128783E-10  -0.330842E-10  -0.176138E-09
   0.205480E+06  -0.204133E-12  -0.182220E-10  -0.176810E-09
   0.205500E+06  -0.147902E-10  -0.287623E-11  -0.173927E-09
   0.205520E+06  -0.296745E-10   0.125662E-10  -0.166995E-09
   0.205540E+06  -0.436631E-10   0.276966E-10  -0.155832E-09
   0.205560E+06  -0.556225E-10   0.420953E-10  -0.140599E-09
   0.205580E+06  -0.645212E-10   0.553435E-10  -0.121795E-09
   0.205600E+06  -0.694698E-10   0.670400E-10  -0.100218E-09
   0.205620E+06  -0.697629E-10   0.768180E-10  -0.768869E-10
   0.205640E+06  -0.649242E-10   0.843619E-10  -0.529549E-10
   0.205660E+06  -0.547554E-10   0.894223E-10  -0.296133E-10
   0.205680E+06  -0.393824E-10   0.918273E-10  -0.799948E-11
   0.205700E+06  -0.192910E-10   0.914904E-10   0.108800E-10
   0.205720E+06   0.465681E-11   0.884134E-10   0.262073E-10
   0.205740E+06   0.312362E-10   0.826867E-10   0.373898E-10
   0.205760E+06   0.589104E-10   0.744862E-10   0.440778E-10
   0.205780E+06   0.859220E-10   0.640690E-10   0.461655E-10
   0.205800E+06   0.110422E-09   0.517673E-10   0.437826E-10
   0.205820E+06   0.130628E-09   0.379805E-10   0.372784E-10
   0.205840E+06   0.144998E-09   0.231657E-10   0.272029E-10
   0.205860E+06   0.152395E-09   0.782411E-11   0.142856E-10
   0.205880E+06   0.152226E-09  -0.751686E-11  -0.589940E-12
   0.205900E+06   0.144535E-09  -0.223256E-10  -0.164170E-10
   0.205920E+06   0.130027E-09  -0.360927E-10  -0.321052E-10
   0.205940E+06   0.110019E-09  -0.483602E-10  -0.465310E-10
   0.205960E+06   0.863193E-10  -0.587493E-10  -0.585979E-10
   0.205980E+06   0.610394E-10  -0.669844E-10  -0.673047E-10
   0.206000E+06   0.363670E-10  -0.729103E-10  -0.718154E-10
   0.206020E+06   0.143203E-10  -0.764980E-10  -0.715252E-10
   0.206040E+06  -0.348131E-11  -0.778394E-10  -0.661121E-10
   0.206060E+06  -0.160011E-10  -0.771297E-10  -0.555685E-10
   0.206080E+06  -0.228975E-10  -0.746415E-10  -0.402055E-10
   0.206100E+06  -0.245490E-10  -0.706931E-10  -0.206292E-10
   0.206120E+06  -0.219886E-10  -0.656155E-10   0.231057E-11
   0.206140E+06  -0.167551E-10  -0.597242E-10   0.275924E-10
   0.206160E+06  -0.106822E-10  -0.532987E-10   0.541091E-10
   0.206180E+06  -0.565585E-11  -0.465718E-10   0.807545E-10
   0.206200E+06  -0.337319E-11  -0.397294E-10   0.106502E-09
   0.206220E+06  -0.513737E-11  -0.329182E-10   0.130466E-09
   0.206240E+06  -0.117154E-10  -0.262586E-10   0.151940E-09
   0.206260E+06  -0.232774E-10  -0.198581E-10   0.170404E-09
   0.206280E+06  -0.394213E-10  -0.138208E-10   0.185523E-09
   0.206300E+06  -0.592761E-10  -0.825203E-11   0.197113E-09
   0.206320E+06  -0.816620E-10  -0.325431E-11   0.205106E-09
   0.206340E+06  -0.105280E-09   0.108212E-11   0.209521E-09
   0.206360E+06  -0.128902E-09   0.469318E-11   0.210431E-09
   0.206380E+06  -0.151523E-09   0.755487E-11   0.207953E-09
   0.206400E+06  -0.172466E-09   0.969360E-11   0.202248E-09
   0.206420E+06  -0.191416E-09   0.111898E-10   0.193533E-09
   0.206440E+06  -0.208385E-09   0.121732E-10   0.182096E-09
   0.206460E+06  -0.223624E-09   0.128101E-10   0.168316E-09
   0.206480E+06  -0.237492E-09   0.132846E-10   0.152669E-09
   0.206500E+06  -0.250323E-09   0.137766E-10   0.135717E-09
   0.206520E+06  -0.262292E-09   0.144420E-10   0.118085E-09
   0.206540E+06  -0.273332E-09   0.153958E-10   0.100415E-09
   0.206560E+06  -0.283092E-09   0.167044E-10   0.833152E-10
   0.206580E+06  -0.290952E-09   0.183830E-10   0.672985E-10
   0.206600E+06  -0.296087E-09   0.204024E-10   0.527313E-10
   0.206620E+06  -0.297574E-09   0.226981E-10   0.397980E-10
   0.206640E+06  -0.294508E-09   0.251822E-10   0.284881E-10
   0.206660E+06  -0.286125E-09   0.277524E-10   0.186111E-10
   0.206680E+06  -0.271901E-09   0.302996E-10   0.983825E-11
   0.206700E+06  -0.251619E-09   0.327091E-10   0.176576E-11
   0.206720E+06  -0.225399E-09   0.348615E-10  -0.601011E-11
   0.206740E+06  -0.193688E-09   0.366299E-10  -0.138175E-10
   0.206760E+06  -0.157217E-09   0.378820E-10  -0.218449E-10
   0.206780E+06  -0.116939E-09   0.384845E-10  -0.300994E-10
   0.206800E+06  -0.739581E-10   0.383138E-10  -0.383949E-10
   0.206820E+06  -0.294620E-10   0.372725E-10  -0.463722E-10
   0.206840E+06   0.153387E-10   0.353085E-10  -0.535479E-10
   0.206860E+06   0.592537E-10   0.324336E-10  -0.593870E-10
   0.206880E+06   0.101145E-09   0.287375E-10  -0.633864E-10
   0.206900E+06   0.139948E-09   0.243914E-10  -0.651583E-10
   0.206920E+06   0.174691E-09   0.196414E-10  -0.645013E-10
   0.206940E+06   0.204512E-09   0.147866E-10  -0.614489E-10
   0.206960E+06   0.228686E-09   0.101484E-10  -0.562896E-10
   0.206980E+06   0.246652E-09   0.603127E-11  -0.495559E-10
   0.207000E+06   0.258045E-09   0.268375E-11  -0.419848E-10
   0.207020E+06   0.262730E-09   0.264665E-12  -0.344556E-10
   0.207040E+06   0.260815E-09  -0.117875E-11  -0.279133E-10
   0.207060E+06   0.252664E-09  -0.171691E-11  -0.232871E-10
   0.207080E+06   0.238879E-09  -0.152679E-11  -0.214135E-10
   0.207100E+06   0.220271E-09  -0.865274E-12  -0.229702E-10
   0.207120E+06   0.197802E-09  -0.313074E-13  -0.284280E-10
   0.207140E+06   0.172528E-09   0.676720E-12  -0.380206E-10
   0.207160E+06   0.145522E-09   0.100147E-11  -0.517341E-10
   0.207180E+06   0.117815E-09   0.758578E-12  -0.693130E-10
   0.207200E+06   0.903409E-10  -0.144495E-12  -0.902801E-10
   0.207220E+06   0.638935E-10  -0.170500E-11  -0.113967E-09
   0.207240E+06   0.391125E-10  -0.383496E-11  -0.139551E-09
   0.207260E+06   0.164775E-10  -0.638305E-11  -0.166096E-09
   0.207280E+06  -0.368096E-11  -0.916187E-11  -0.192601E-09
   0.207300E+06  -0.211656E-10  -0.119757E-10  -0.218039E-09
   0.207320E+06  -0.358948E-10  -0.146439E-10  -0.241411E-09
   0.207340E+06  -0.478902E-10  -0.170159E-10  -0.261786E-09
   0.207360E+06  -0.572710E-10  -0.189768E-10  -0.278349E-09
   0.207380E+06  -0.642553E-10  -0.204470E-10  -0.290434E-09
   0.207400E+06  -0.691645E-10  -0.213695E-10  -0.297559E-09
   0.207420E+06  -0.724255E-10  -0.217024E-10  -0.299441E-09
   0.207440E+06  -0.745659E-10  -0.214078E-10  -0.296008E-09
   0.207460E+06  -0.761944E-10  -0.204469E-10  -0.287393E-09
   0.207480E+06  -0.779652E-10  -0.187807E-10  -0.273908E-09
   0.207500E+06  -0.805263E-10  -0.163761E-10  -0.256021E-09
   0.207520E+06  -0.844536E-10  -0.132172E-10  -0.234312E-09
   0.207540E+06  -0.901815E-10  -0.931824E-11  -0.209434E-09
   0.207560E+06  -0.979359E-10  -0.473483E-11  -0.182067E-09
   0.207580E+06  -0.107684E-09   0.427453E-12  -0.152886E-09
   0.207600E+06  -0.119105E-09   0.601112E-11  -0.122533E-09
   0.207620E+06  -0.131599E-09   0.118112E-10  -0.916021E-10
   0.207640E+06  -0.144321E-09   0.175860E-10  -0.606279E-10
   0.207660E+06  -0.156253E-09   0.230731E-10  -0.300918E-10
   0.207680E+06  -0.166299E-09   0.280080E-10  -0.424794E-12
   0.207700E+06  -0.173388E-09   0.321445E-10   0.279848E-10
   0.207720E+06  -0.176585E-09   0.352733E-10   0.547883E-10
   0.207740E+06  -0.175181E-09   0.372383E-10   0.796779E-10
   0.207760E+06  -0.168757E-09   0.379486E-10   0.102394E-09
   0.207780E+06  -0.157213E-09   0.373866E-10   0.122736E-09
   0.207800E+06  -0.140759E-09   0.356102E-10   0.140579E-09
   0.207820E+06  -0.119872E-09   0.327497E-10   0.155884E-09
   0.207840E+06  -0.952184E-10   0.289999E-10   0.168706E-09
   0.207860E+06  -0.675693E-10   0.246059E-10   0.179188E-09
   0.207880E+06  -0.377083E-10   0.198457E-10   0.187555E-09
   0.207900E+06  -0.635482E-11   0.150069E-10   0.194084E-09
   0.207920E+06   0.258891E-10   0.103632E-10   0.199074E-09
   0.207940E+06   0.585608E-10   0.615017E-11   0.202810E-09
   0.207960E+06   0.913255E-10   0.254360E-11   0.205525E-09
   0.207980E+06   0.123938E-09  -0.355676E-12   0.207373E-09
   0.208000E+06   0.156185E-09  -0.252953E-11   0.208411E-09
   0.208020E+06   0.187819E-09  -0.404116E-11   0.208597E-09
   0.208040E+06   0.218506E-09  -0.502265E-11   0.207802E-09
   0.208060E+06   0.247784E-09  -0.565572E-11   0.205841E-09
   0.208080E+06   0.275058E-09  -0.614587E-11   0.202502E-09
   0.208100E+06   0.299618E-09  -0.669483E-11   0.197596E-09
   0.208120E+06   0.320691E-09  -0.747502E-11   0.190990E-09
   0.208140E+06   0.337505E-09  -0.860989E-11   0.182635E-09
   0.208160E+06   0.349365E-09  -0.101627E-10   0.172583E-09
   0.208180E+06   0.355723E-09  -0.121350E-10   0.160987E-09
   0.208200E+06   0.356229E-09  -0.144736E-10   0.148079E-09
   0.208220E+06   0.350760E-09  -0.170845E-10   0.134146E-09
   0.208240E+06   0.339417E-09  -0.198501E-10   0.119487E-09
   0.208260E+06   0.322502E-09  -0.226458E-10   0.104375E-09
   0.208280E+06   0.300479E-09  -0.253539E-10   0.890297E-10
   0.208300E+06   0.273926E-09  -0.278711E-10   0.735883E-10
   0.208320E+06   0.243496E-09  -0.301110E-10   0.581056E-10
   0.208340E+06   0.209893E-09  -0.320025E-10   0.425627E-10
   0.208360E+06   0.173867E-09  -0.334848E-10   0.268918E-10
   0.208380E+06   0.136229E-09  -0.345040E-10   0.110117E-10
   0.208400E+06   0.978733E-10  -0.350123E-10  -0.513315E-11
   0.208420E+06   0.598025E-10  -0.349718E-10  -0.215372E-10
   0.208440E+06   0.231377E-10  -0.343625E-10  -0.381075E-10
   0.208460E+06  -0.108992E-10  -0.331932E-10  -0.546525E-10
   0.208480E+06  -0.410358E-10  -0.315118E-10  -0.708879E-10
   0.208500E+06  -0.660352E-10  -0.294127E-10  -0.864595E-10
   0.208520E+06  -0.848084E-10  -0.270366E-10  -0.100980E-09
   0.208540E+06  -0.965400E-10  -0.245621E-10  -0.114075E-09
   0.208560E+06  -0.100806E-09  -0.221891E-10  -0.125428E-09
   0.208580E+06  -0.976603E-10  -0.201146E-10  -0.134821E-09
   0.208600E+06  -0.876787E-10  -0.185061E-10  -0.142163E-09
   0.208620E+06  -0.719345E-10  -0.174767E-10  -0.147501E-09
   0.208640E+06  -0.519168E-10  -0.170656E-10  -0.151008E-09
   0.208660E+06  -0.293903E-10  -0.172307E-10  -0.152956E-09
   0.208680E+06  -0.622051E-11  -0.178508E-10  -0.153669E-09
   0.208700E+06   0.158150E-10  -0.187417E-10  -0.153473E-09
   0.208720E+06   0.351977E-10  -0.196804E-10  -0.152637E-09
   0.208740E+06   0.507982E-10  -0.204342E-10  -0.151324E-09
   0.208760E+06   0.619452E-10  -0.207894E-10  -0.149552E-09
   0.208780E+06   0.684275E-10  -0.205746E-10  -0.147178E-09
   0.208800E+06   0.704331E-10  -0.196748E-10  -0.143902E-09
   0.208820E+06   0.684408E-10  -0.180364E-10  -0.139295E-09
   0.208840E+06   0.630910E-10  -0.156604E-10  -0.132846E-09
   0.208860E+06   0.550607E-10  -0.125908E-10  -0.124025E-09
   0.208880E+06   0.449706E-10  -0.889964E-11  -0.112357E-09
   0.208900E+06   0.333412E-10  -0.467265E-11  -0.974928E-10
   0.208920E+06   0.206034E-10  -0.122068E-14  -0.792684E-10
   0.208940E+06   0.715906E-11   0.501985E-11  -0.577550E-10
   0.208960E+06  -0.652869E-11   0.102879E-10  -0.332809E-10
   0.208980E+06  -0.198407E-10   0.156841E-10  -0.642954E-11
   0.209000E+06  -0.319327E-10   0.210640E-10   0.219882E-10
   0.209020E+06  -0.417173E-10   0.262529E-10   0.509855E-10
   0.209040E+06  -0.479129E-10   0.310470E-10   0.794688E-10
   0.209060E+06  -0.491637E-10   0.352238E-10   0.106318E-09
   0.209080E+06  -0.442176E-10   0.385611E-10   0.130470E-09
   0.209100E+06  -0.321369E-10   0.408612E-10   0.150994E-09
   0.209120E+06  -0.125064E-10   0.419768E-10   0.167153E-09
   0.209140E+06   0.143988E-10   0.418335E-10   0.178450E-09
   0.209160E+06   0.475227E-10   0.404439E-10   0.184648E-09
   0.209180E+06   0.850365E-10   0.379105E-10   0.185765E-09
   0.209200E+06   0.124457E-09   0.344156E-10   0.182056E-09
   0.209220E+06   0.162863E-09   0.302010E-10   0.173967E-09
   0.209240E+06   0.197193E-09   0.255403E-10   0.162094E-09
   0.209260E+06   0.224570E-09   0.207088E-10   0.147124E-09
   0.209280E+06   0.242626E-09   0.159569E-10   0.129788E-09
   0.209300E+06   0.249767E-09   0.114905E-10   0.110817E-09
   0.209320E+06   0.245350E-09   0.746304E-11   0.909116E-10
   0.209340E+06   0.229739E-09   0.397641E-11   0.707179E-10
   0.209360E+06   0.204248E-09   0.109064E-11   0.508175E-10
   0.209380E+06   0.170967E-09  -0.116194E-11   0.317224E-10
   0.209400E+06   0.132505E-09  -0.276292E-11   0.138736E-10
   0.209420E+06   0.916926E-10  -0.369850E-11  -0.235941E-11
   0.209440E+06   0.512719E-10  -0.395746E-11  -0.166809E-10
   0.209460E+06   0.136283E-10  -0.353714E-11  -0.288741E-10
   0.209480E+06  -0.194136E-10  -0.245484E-11  -0.388081E-10
   0.209500E+06  -0.467085E-10  -0.762621E-12  -0.464437E-10
   0.209520E+06  -0.678178E-10   0.144059E-11  -0.518362E-10
   0.209540E+06  -0.829537E-10   0.400338E-11  -0.551314E-10
   0.209560E+06  -0.928608E-10   0.672610E-11  -0.565516E-10
   0.209580E+06  -0.986574E-10   0.937602E-11  -0.563737E-10
   0.209600E+06  -0.101664E-09   0.117119E-10  -0.548981E-10
   0.209620E+06  -0.103241E-09   0.135141E-10  -0.524141E-10
   0.209640E+06  -0.104655E-09   0.146149E-10  -0.491661E-10
   0.209660E+06  -0.106980E-09   0.149232E-10  -0.453271E-10
   0.209680E+06  -0.111029E-09   0.144381E-10  -0.409852E-10
   0.209700E+06  -0.117327E-09   0.132488E-10  -0.361463E-10
   0.209720E+06  -0.126097E-09   0.115196E-10  -0.307538E-10
   0.209740E+06  -0.137264E-09   0.946337E-11  -0.247244E-10
   0.209760E+06  -0.150470E-09   0.730618E-11  -0.179925E-10
   0.209780E+06  -0.165087E-09   0.525149E-11  -0.105562E-10
   0.209800E+06  -0.180240E-09   0.344937E-11  -0.251479E-11
   0.209820E+06  -0.194847E-09   0.197539E-11   0.591007E-11
   0.209840E+06  -0.207667E-09   0.823976E-12   0.143780E-10
   0.209860E+06  -0.217385E-09  -0.835323E-13   0.224594E-10
   0.209880E+06  -0.222707E-09  -0.877914E-12   0.296903E-10
   0.209900E+06  -0.222491E-09  -0.171211E-11   0.356446E-10
   0.209920E+06  -0.215873E-09  -0.272693E-11   0.400143E-10
   0.209940E+06  -0.202404E-09  -0.402355E-11   0.426817E-10
   0.209960E+06  -0.182147E-09  -0.563359E-11   0.437725E-10
   0.209980E+06  -0.155742E-09  -0.751048E-11   0.436761E-10
   0.210000E+06  -0.124409E-09  -0.952783E-11   0.430255E-10
   0.210020E+06  -0.898811E-10  -0.114912E-10   0.426363E-10
   0.210040E+06  -0.542748E-10  -0.131595E-10   0.434081E-10
   0.210060E+06  -0.199030E-10  -0.142733E-10   0.462009E-10
   0.210080E+06   0.109500E-10  -0.145858E-10   0.517026E-10
   0.210100E+06   0.362619E-10  -0.138928E-10   0.603055E-10
   0.210120E+06   0.544865E-10  -0.120580E-10   0.720108E-10
   0.210140E+06   0.647182E-10  -0.903289E-11   0.863769E-10
   0.210160E+06   0.667861E-10  -0.486748E-11   0.102520E-09
   0.210180E+06   0.612632E-10   0.286821E-12   0.119172E-09
   0.210200E+06   0.493887E-10   0.618375E-11   0.134784E-09
   0.210220E+06   0.329161E-10   0.124967E-10   0.147675E-09
   0.210240E+06   0.139056E-10   0.188410E-10   0.156199E-09
   0.210260E+06  -0.550834E-11   0.248018E-10   0.158907E-09
   0.210280E+06  -0.233448E-10   0.299663E-10   0.154702E-09
   0.210300E+06  -0.379693E-10   0.339577E-10   0.142951E-09
   0.210320E+06  -0.482286E-10   0.364675E-10   0.123554E-09
   0.210340E+06  -0.535159E-10   0.372832E-10   0.969551E-10
   0.210360E+06  -0.537640E-10   0.363080E-10   0.641153E-10
   0.210380E+06  -0.493750E-10   0.335708E-10   0.264288E-10
   0.210400E+06  -0.411071E-10   0.292232E-10  -0.143857E-10
   0.210420E+06  -0.299392E-10   0.235247E-10  -0.564154E-10
   0.210440E+06  -0.169380E-10   0.168184E-10  -0.976894E-10
   0.210460E+06  -0.314868E-11   0.949754E-11  -0.136310E-09
   0.210480E+06   0.104797E-10   0.196897E-11  -0.170570E-09
   0.210500E+06   0.231289E-10  -0.538206E-11  -0.199047E-09
   0.210520E+06   0.341110E-10  -0.122225E-10  -0.220679E-09
   0.210540E+06   0.428451E-10  -0.182936E-10  -0.234818E-09
   0.210560E+06   0.488274E-10  -0.234225E-10  -0.241248E-09
   0.210580E+06   0.516076E-10  -0.275243E-10  -0.240198E-09
   0.210600E+06   0.507891E-10  -0.305940E-10  -0.232316E-09
   0.210620E+06   0.460523E-10  -0.326932E-10  -0.218630E-09
   0.210640E+06   0.372015E-10  -0.339329E-10  -0.200479E-09
   0.210660E+06   0.242266E-10  -0.344559E-10  -0.179426E-09
   0.210680E+06   0.736096E-11  -0.344206E-10  -0.157146E-09
   0.210700E+06  -0.128778E-10  -0.339875E-10  -0.135305E-09
   0.210720E+06  -0.356813E-10  -0.333080E-10  -0.115425E-09
   0.210740E+06  -0.599861E-10  -0.325162E-10  -0.987623E-10
   0.210760E+06  -0.845518E-10  -0.317201E-10  -0.861937E-10
   0.210780E+06  -0.108075E-09  -0.309947E-10  -0.781402E-10
   0.210800E+06  -0.129319E-09  -0.303748E-10  -0.745280E-10
   0.210820E+06  -0.147248E-09  -0.298496E-10  -0.747969E-10
   0.210840E+06  -0.161126E-09  -0.293598E-10  -0.779579E-10
   0.210860E+06  -0.170586E-09  -0.288001E-10  -0.826946E-10
   0.210880E+06  -0.175639E-09  -0.280275E-10  -0.874967E-10
   0.210900E+06  -0.176630E-09  -0.268769E-10  -0.908117E-10
   0.210920E+06  -0.174148E-09  -0.251820E-10  -0.911949E-10
   0.210940E+06  -0.168916E-09  -0.227994E-10  -0.874416E-10
   0.210960E+06  -0.161662E-09  -0.196326E-10  -0.786849E-10
   0.210980E+06  -0.153022E-09  -0.156499E-10  -0.644513E-10
   0.211000E+06  -0.143468E-09  -0.108949E-10  -0.446695E-10
   0.211020E+06  -0.133291E-09  -0.548347E-11  -0.196384E-10
   0.211040E+06  -0.122625E-09   0.409888E-12   0.100378E-10
   0.211060E+06  -0.111515E-09   0.657666E-11   0.435307E-10
   0.211080E+06  -0.999989E-10   0.128052E-10   0.798719E-10
   0.211100E+06  -0.881969E-10   0.189105E-10   0.118024E-09
   0.211120E+06  -0.763697E-10   0.247589E-10   0.156931E-09
   0.211140E+06  -0.649436E-10   0.302804E-10   0.195541E-09
   0.211160E+06  -0.544865E-10   0.354660E-10   0.232808E-09
   0.211180E+06  -0.456423E-10   0.403511E-10   0.267675E-09
   0.211200E+06  -0.390333E-10   0.449855E-10   0.299061E-09
   0.211220E+06  -0.351524E-10   0.493984E-10   0.325847E-09
   0.211240E+06  -0.342672E-10   0.535651E-10   0.346894E-09
   0.211260E+06  -0.363562E-10   0.573816E-10   0.361081E-09
   0.211280E+06  -0.410933E-10   0.606562E-10   0.367377E-09
   0.211300E+06  -0.478827E-10   0.631184E-10   0.364933E-09
   0.211320E+06  -0.559403E-10   0.644470E-10   0.353185E-09
   0.211340E+06  -0.644044E-10   0.643120E-10   0.331953E-09
   0.211360E+06  -0.724538E-10   0.624229E-10   0.301515E-09
   0.211380E+06  -0.794095E-10   0.585755E-10   0.262644E-09
   0.211400E+06  -0.847998E-10   0.526885E-10   0.216602E-09
   0.211420E+06  -0.883759E-10   0.448212E-10   0.165073E-09
   0.211440E+06  -0.900763E-10   0.351711E-10   0.110056E-09
   0.211460E+06  -0.899495E-10   0.240513E-10   0.537191E-10
   0.211480E+06  -0.880535E-10   0.118514E-10  -0.176401E-11
   0.211500E+06  -0.843569E-10  -0.101012E-11  -0.543764E-10
   0.211520E+06  -0.786661E-10  -0.141335E-10  -0.102401E-09
   0.211540E+06  -0.705982E-10  -0.271758E-10  -0.144524E-09
   0.211560E+06  -0.596111E-10  -0.398748E-10  -0.179896E-09
   0.211580E+06  -0.450880E-10  -0.520539E-10  -0.208140E-09
   0.211600E+06  -0.264650E-10  -0.636094E-10  -0.229312E-09
   0.211620E+06  -0.337747E-11  -0.744846E-10  -0.243829E-09
   0.211640E+06   0.242016E-10  -0.846359E-10  -0.252372E-09
   0.211660E+06   0.558609E-10  -0.940005E-10  -0.255782E-09
   0.211680E+06   0.907081E-10  -0.102471E-09  -0.254961E-09
   0.211700E+06   0.127399E-09  -0.109881E-09  -0.250791E-09
   0.211720E+06   0.164238E-09  -0.116011E-09  -0.244075E-09
   0.211740E+06   0.199335E-09  -0.120598E-09  -0.235494E-09
   0.211760E+06   0.230798E-09  -0.123364E-09  -0.225596E-09
   0.211780E+06   0.256933E-09  -0.124047E-09  -0.214783E-09
   0.211800E+06   0.276413E-09  -0.122426E-09  -0.203322E-09
   0.211820E+06   0.288403E-09  -0.118350E-09  -0.191344E-09
   0.211840E+06   0.292613E-09  -0.111749E-09  -0.178851E-09
   0.211860E+06   0.289285E-09  -0.102642E-09  -0.165723E-09
   0.211880E+06   0.279111E-09  -0.911366E-10  -0.151725E-09
   0.211900E+06   0.263113E-09  -0.774201E-10  -0.136524E-09
   0.211920E+06   0.242486E-09  -0.617524E-10  -0.119718E-09
   0.211940E+06   0.218466E-09  -0.444569E-10  -0.100879E-09
   0.211960E+06   0.192201E-09  -0.259141E-10  -0.796123E-10
   0.211980E+06   0.164685E-09  -0.655560E-11  -0.556274E-10
   0.212000E+06   0.136719E-09   0.131421E-10  -0.288081E-10
   0.212020E+06   0.108937E-09   0.326666E-10   0.718985E-12
   0.212040E+06   0.818421E-10   0.514849E-10   0.325358E-10
   0.212060E+06   0.558731E-10   0.690646E-10   0.659105E-10
   0.212080E+06   0.314568E-10   0.849017E-10   0.998093E-10
   0.212100E+06   0.904325E-11   0.985519E-10   0.132943E-09
   0.212120E+06  -0.108916E-10   0.109663E-09   0.163848E-09
   0.212140E+06  -0.278757E-10   0.118001E-09   0.190989E-09
   0.212160E+06  -0.414988E-10   0.123466E-09   0.212877E-09
   0.212180E+06  -0.514848E-10   0.126100E-09   0.228187E-09
   0.212200E+06  -0.577637E-10   0.126069E-09   0.235862E-09
   0.212220E+06  -0.605241E-10   0.123644E-09   0.235187E-09
   0.212240E+06  -0.602343E-10   0.119161E-09   0.225842E-09
   0.212260E+06  -0.576218E-10   0.112988E-09   0.207915E-09
   0.212280E+06  -0.536124E-10   0.105481E-09   0.181889E-09
   0.212300E+06  -0.492333E-10   0.969559E-10   0.148605E-09
   0.212320E+06  -0.454956E-10   0.876743E-10   0.109213E-09
   0.212340E+06  -0.432735E-10   0.778344E-10   0.651123E-10
   0.212360E+06  -0.431960E-10   0.675835E-10   0.178987E-10
   0.212380E+06  -0.455717E-10   0.570359E-10  -0.306871E-10
   0.212400E+06  -0.503542E-10   0.462976E-10  -0.788060E-10
   0.212420E+06  -0.571548E-10   0.354894E-10  -0.124567E-09
   0.212440E+06  -0.652988E-10   0.247651E-10  -0.166077E-09
   0.212460E+06  -0.739153E-10   0.143203E-10  -0.201500E-09
   0.212480E+06  -0.820473E-10   0.439014E-11  -0.229133E-09
   0.212500E+06  -0.887635E-10  -0.476501E-11  -0.247493E-09
   0.212520E+06  -0.932562E-10  -0.128750E-10  -0.255412E-09
   0.212540E+06  -0.949124E-10  -0.196869E-10  -0.252138E-09
   0.212560E+06  -0.933502E-10  -0.249876E-10  -0.237424E-09
   0.212580E+06  -0.884199E-10  -0.286241E-10  -0.211593E-09
   0.212600E+06  -0.801737E-10  -0.305167E-10  -0.175567E-09
   0.212620E+06  -0.688155E-10  -0.306668E-10  -0.130855E-09
   0.212640E+06  -0.546437E-10  -0.291565E-10  -0.794808E-10
   0.212660E+06  -0.379995E-10  -0.261440E-10  -0.238789E-10
   0.212680E+06  -0.192328E-10  -0.218539E-10   0.332617E-10
   0.212700E+06   0.130791E-11  -0.165658E-10   0.891718E-10
   0.212720E+06   0.232617E-10  -0.106010E-10   0.141185E-09
   0.212740E+06   0.462219E-10  -0.430790E-11   0.186909E-09
   0.212760E+06   0.696939E-10   0.195398E-11   0.224367E-09
   0.212780E+06   0.930572E-10   0.783124E-11   0.252099E-09
   0.212800E+06   0.115546E-09   0.129953E-10   0.269213E-09
   0.212820E+06   0.136256E-09   0.171616E-10   0.275384E-09
   0.212840E+06   0.154190E-09   0.201071E-10   0.270810E-09
   0.212860E+06   0.168331E-09   0.216854E-10   0.256137E-09
   0.212880E+06   0.177750E-09   0.218356E-10   0.232359E-09
   0.212900E+06   0.181714E-09   0.205842E-10   0.200713E-09
   0.212920E+06   0.179800E-09   0.180377E-10   0.162585E-09
   0.212940E+06   0.171977E-09   0.143684E-10   0.119421E-09
   0.212960E+06   0.158652E-09   0.979288E-11   0.726756E-10
   0.212980E+06   0.140663E-09   0.454789E-11   0.237612E-10
   0.213000E+06   0.119216E-09  -0.113274E-11  -0.259666E-10
   0.213020E+06   0.957826E-10  -0.703755E-11  -0.752226E-10
   0.213040E+06   0.719533E-10  -0.129892E-10  -0.122795E-09
   0.213060E+06   0.492827E-10  -0.188474E-10  -0.167551E-09
   0.213080E+06   0.291383E-10  -0.245043E-10  -0.208442E-09
   0.213100E+06   0.125779E-10  -0.298731E-10  -0.244523E-09
   0.213120E+06   0.270225E-12  -0.348741E-10  -0.274967E-09
   0.213140E+06  -0.753415E-11  -0.394227E-10  -0.299088E-09
   0.213160E+06  -0.109779E-10  -0.434200E-10  -0.316360E-09
   0.213180E+06  -0.105312E-10  -0.467526E-10  -0.326431E-09
   0.213200E+06  -0.689740E-11  -0.492977E-10  -0.329128E-09
   0.213220E+06  -0.907512E-12  -0.509352E-10  -0.324457E-09
   0.213240E+06   0.657581E-11  -0.515631E-10  -0.312590E-09
   0.213260E+06   0.147331E-10  -0.511125E-10  -0.293857E-09
   0.213280E+06   0.228323E-10  -0.495591E-10  -0.268726E-09
   0.213300E+06   0.302419E-10  -0.469303E-10  -0.237793E-09
   0.213320E+06   0.364205E-10  -0.433031E-10  -0.201772E-09
   0.213340E+06   0.408930E-10  -0.387990E-10  -0.161491E-09
   0.213360E+06   0.432276E-10  -0.335725E-10  -0.117891E-09
   0.213380E+06   0.430271E-10  -0.278001E-10  -0.720231E-10
   0.213400E+06   0.399418E-10  -0.216704E-10  -0.250404E-10
   0.213420E+06   0.337059E-10  -0.153783E-10   0.218203E-10
   0.213440E+06   0.241930E-10  -0.912252E-11   0.672672E-10
   0.213460E+06   0.114788E-10  -0.310713E-11   0.109998E-09
   0.213480E+06  -0.410472E-11   0.245694E-11   0.148757E-09
   0.213500E+06  -0.219377E-10   0.735261E-11   0.182396E-09
   0.213520E+06  -0.411178E-10   0.113625E-10   0.209942E-09
   0.213540E+06  -0.605083E-10   0.142817E-10   0.230653E-09
   0.213560E+06  -0.788284E-10   0.159366E-10   0.244067E-09
   0.213580E+06  -0.947755E-10   0.162080E-10   0.250022E-09
   0.213600E+06  -0.107165E-09   0.150541E-10   0.248660E-09
   0.213620E+06  -0.115066E-09   0.125280E-10   0.240404E-09
   0.213640E+06  -0.117912E-09   0.878571E-11   0.225915E-09
   0.213660E+06  -0.115575E-09   0.408011E-11   0.206034E-09
   0.213680E+06  -0.108378E-09  -0.125957E-11   0.181719E-09
   0.213700E+06  -0.970618E-10  -0.686085E-11   0.153979E-09
   0.213720E+06  -0.826979E-10  -0.123492E-10   0.123817E-09
   0.213740E+06  -0.665651E-10  -0.173908E-10   0.921923E-10
   0.213760E+06  -0.500116E-10  -0.217293E-10   0.599921E-10
   0.213780E+06  -0.343170E-10  -0.252103E-10   0.280233E-10
   0.213800E+06  -0.205778E-10  -0.277879E-10  -0.298442E-11
   0.213820E+06  -0.962466E-11  -0.295137E-10  -0.323652E-10
   0.213840E+06  -0.198150E-11  -0.305097E-10  -0.595026E-10
   0.213860E+06   0.213479E-11  -0.309299E-10  -0.838165E-10
   0.213880E+06   0.278108E-11  -0.309189E-10  -0.104758E-09
   0.213900E+06   0.231977E-12  -0.305757E-10  -0.121809E-09
   0.213920E+06  -0.508597E-11  -0.299286E-10  -0.134500E-09
   0.213940E+06  -0.126579E-10  -0.289281E-10  -0.142421E-09
   0.213960E+06  -0.219318E-10  -0.274559E-10  -0.145246E-09
   0.213980E+06  -0.323542E-10  -0.253510E-10  -0.142755E-09
   0.214000E+06  -0.433868E-10  -0.224451E-10  -0.134852E-09
   0.214020E+06  -0.545105E-10  -0.186013E-10  -0.121578E-09
   0.214040E+06  -0.652202E-10  -0.137485E-10  -0.103119E-09
   0.214060E+06  -0.750178E-10  -0.790409E-11  -0.798030E-10
   0.214080E+06  -0.834099E-10  -0.118267E-11  -0.521009E-10
   0.214100E+06  -0.899131E-10   0.621167E-11  -0.206169E-10
   0.214120E+06  -0.940681E-10   0.140065E-10   0.139194E-10
   0.214140E+06  -0.954626E-10   0.218913E-10   0.506632E-10
   0.214160E+06  -0.937578E-10   0.295508E-10   0.886667E-10
   0.214180E+06  -0.887164E-10   0.366957E-10   0.126895E-09
   0.214200E+06  -0.802270E-10   0.430860E-10   0.164250E-09
   0.214220E+06  -0.683214E-10   0.485443E-10   0.199598E-09
   0.214240E+06  -0.531839E-10   0.529583E-10   0.231813E-09
   0.214260E+06  -0.351519E-10   0.562752E-10   0.259823E-09
   0.214280E+06  -0.147073E-10   0.584900E-10   0.282669E-09
   0.214300E+06   0.753847E-11   0.596323E-10   0.299559E-09
   0.214320E+06   0.308665E-10   0.597533E-10   0.309924E-09
   0.214340E+06   0.544775E-10   0.589173E-10   0.313455E-09
   0.214360E+06   0.775239E-10   0.571955E-10   0.310132E-09
   0.214380E+06   0.991474E-10   0.546642E-10   0.300225E-09
   0.214400E+06   0.118521E-09   0.514036E-10   0.284266E-09
   0.214420E+06   0.134893E-09   0.474966E-10   0.263009E-09
   0.214440E+06   0.147633E-09   0.430269E-10   0.237367E-09
   0.214460E+06   0.156279E-09   0.380755E-10   0.208334E-09
   0.214480E+06   0.160568E-09   0.327159E-10   0.176912E-09
   0.214500E+06   0.160465E-09   0.270118E-10   0.144044E-09
   0.214520E+06   0.156171E-09   0.210166E-10   0.110566E-09
   0.214540E+06   0.148109E-09   0.147783E-10   0.771738E-10
   0.214560E+06   0.136895E-09   0.834784E-11   0.444206E-10
   0.214580E+06   0.123289E-09   0.179170E-11   0.127290E-10
   0.214600E+06   0.108130E-09  -0.479508E-11  -0.175772E-10
   0.214620E+06   0.922592E-10  -0.112791E-10  -0.462373E-10
   0.214640E+06   0.764541E-10  -0.174848E-10  -0.730177E-10
   0.214660E+06   0.613560E-10  -0.232002E-10  -0.976863E-10
   0.214680E+06   0.474224E-10  -0.281929E-10  -0.120001E-09
   0.214700E+06   0.348947E-10  -0.322352E-10  -0.139717E-09
   0.214720E+06   0.237918E-10  -0.351347E-10  -0.156603E-09
   0.214740E+06   0.139281E-10  -0.367663E-10  -0.170477E-09
   0.214760E+06   0.495279E-11  -0.370986E-10  -0.181236E-09
   0.214780E+06  -0.359003E-11  -0.362089E-10  -0.188884E-09
   0.214800E+06  -0.121903E-10  -0.342851E-10  -0.193549E-09
   0.214820E+06  -0.212949E-10  -0.316094E-10  -0.195481E-09
   0.214840E+06  -0.312333E-10  -0.285296E-10  -0.195031E-09
   0.214860E+06  -0.421536E-10  -0.254188E-10  -0.192617E-09
   0.214880E+06  -0.539774E-10  -0.226309E-10  -0.188677E-09
   0.214900E+06  -0.663791E-10  -0.204595E-10  -0.183624E-09
   0.214920E+06  -0.787936E-10  -0.191050E-10  -0.177806E-09
   0.214940E+06  -0.904557E-10  -0.186562E-10  -0.171472E-09
   0.214960E+06  -0.100470E-09  -0.190866E-10  -0.164773E-09
   0.214980E+06  -0.107904E-09  -0.202662E-10  -0.157765E-09
   0.215000E+06  -0.111898E-09  -0.219840E-10  -0.150436E-09
   0.215020E+06  -0.111783E-09  -0.239777E-10  -0.142750E-09
   0.215040E+06  -0.107182E-09  -0.259638E-10  -0.134678E-09
   0.215060E+06  -0.980950E-10  -0.276661E-10  -0.126233E-09
   0.215080E+06  -0.849395E-10  -0.288330E-10  -0.117489E-09
   0.215100E+06  -0.685490E-10  -0.292522E-10  -0.108582E-09
   0.215120E+06  -0.501173E-10  -0.287553E-10  -0.996829E-10
   0.215140E+06  -0.310946E-10  -0.272189E-10  -0.909687E-10
   0.215160E+06  -0.130434E-10  -0.245630E-10  -0.825724E-10
   0.215180E+06   0.252836E-11  -0.207506E-10  -0.745406E-10
   0.215200E+06   0.143383E-10  -0.157898E-10  -0.667986E-10
   0.215220E+06   0.214815E-10  -0.973754E-11  -0.591356E-10
   0.215240E+06   0.235437E-10  -0.270423E-11  -0.512127E-10
   0.215260E+06   0.206593E-10   0.514278E-11  -0.425974E-10
   0.215280E+06   0.135057E-10   0.135801E-10  -0.328195E-10
   0.215300E+06   0.323395E-11   0.223355E-10  -0.214404E-10
   0.215320E+06  -0.865503E-11   0.311011E-10  -0.812720E-11
   0.215340E+06  -0.204737E-10   0.395535E-10   0.728177E-11
   0.215360E+06  -0.305287E-10   0.473762E-10   0.247301E-10
   0.215380E+06  -0.372975E-10   0.542822E-10   0.439225E-10
   0.215400E+06  -0.395794E-10   0.600329E-10   0.643342E-10
   0.215420E+06  -0.366061E-10   0.644508E-10   0.852500E-10
   0.215440E+06  -0.281009E-10   0.674233E-10   0.105826E-09
   0.215460E+06  -0.142863E-10   0.688990E-10   0.125169E-09
   0.215480E+06   0.415582E-11   0.688791E-10   0.142413E-09
   0.215500E+06   0.261617E-10   0.674049E-10   0.156800E-09
   0.215520E+06   0.503876E-10   0.645474E-10   0.167729E-09
   0.215540E+06   0.753225E-10   0.603999E-10   0.174797E-09
   0.215560E+06   0.994017E-10   0.550775E-10   0.177805E-09
   0.215580E+06   0.121111E-09   0.487197E-10   0.176742E-09
   0.215600E+06   0.139079E-09   0.414973E-10   0.171755E-09
   0.215620E+06   0.152153E-09   0.336177E-10   0.163105E-09
   0.215640E+06   0.159460E-09   0.253270E-10   0.151117E-09
   0.215660E+06   0.160454E-09   0.169036E-10   0.136148E-09
   0.215680E+06   0.154945E-09   0.864400E-11   0.118548E-09
   0.215700E+06   0.143115E-09   0.839696E-12   0.986543E-10
   0.215720E+06   0.125506E-09  -0.624893E-11   0.767838E-10
   0.215740E+06   0.102993E-09  -0.124204E-10   0.532499E-10
   0.215760E+06   0.767233E-10  -0.175537E-10   0.283779E-10
   0.215780E+06   0.480296E-10  -0.216188E-10   0.252500E-11
   0.215800E+06   0.183274E-10  -0.246747E-10  -0.239046E-10
   0.215820E+06  -0.110056E-10  -0.268528E-10  -0.504538E-10
   0.215840E+06  -0.387488E-10  -0.283284E-10  -0.766171E-10
   0.215860E+06  -0.639430E-10  -0.292869E-10  -0.101857E-09
   0.215880E+06  -0.859647E-10  -0.298882E-10  -0.125632E-09
   0.215900E+06  -0.104560E-09  -0.302397E-10  -0.147422E-09
   0.215920E+06  -0.119830E-09  -0.303803E-10  -0.166768E-09
   0.215940E+06  -0.132168E-09  -0.302805E-10  -0.183299E-09
   0.215960E+06  -0.142158E-09  -0.298568E-10  -0.196751E-09
   0.215980E+06  -0.150452E-09  -0.289992E-10  -0.206981E-09
   0.216000E+06  -0.157636E-09  -0.276031E-10  -0.213967E-09
   0.216020E+06  -0.164117E-09  -0.256021E-10  -0.217793E-09
   0.216040E+06  -0.170043E-09  -0.229922E-10  -0.218632E-09
   0.216060E+06  -0.175274E-09  -0.198437E-10  -0.216717E-09
   0.216080E+06  -0.179396E-09  -0.162992E-10  -0.212313E-09
   0.216100E+06  -0.181795E-09  -0.125570E-10  -0.205686E-09
   0.216120E+06  -0.181763E-09  -0.884520E-11  -0.197082E-09
   0.216140E+06  -0.178621E-09  -0.539202E-11  -0.186710E-09
   0.216160E+06  -0.171841E-09  -0.239766E-11  -0.174731E-09
   0.216180E+06  -0.161149E-09  -0.144960E-13  -0.161266E-09
   0.216200E+06  -0.146583E-09   0.166287E-11  -0.146396E-09
   0.216220E+06  -0.128506E-09   0.259478E-11  -0.130187E-09
   0.216240E+06  -0.107575E-09   0.278495E-11  -0.112699E-09
   0.216260E+06  -0.846598E-10   0.226354E-11  -0.940166E-10
   0.216280E+06  -0.607407E-10   0.107008E-11  -0.742552E-10
   0.216300E+06  -0.367968E-10  -0.758777E-12  -0.535802E-10
   0.216320E+06  -0.137002E-10  -0.319338E-11  -0.322086E-10
   0.216340E+06   0.786421E-11  -0.620688E-11  -0.104050E-10
   0.216360E+06   0.274437E-10  -0.976213E-11   0.115295E-10
   0.216380E+06   0.448262E-10  -0.137966E-10   0.332770E-10
   0.216400E+06   0.600134E-10  -0.182077E-10   0.545260E-10
   0.216420E+06   0.731686E-10  -0.228440E-10   0.749947E-10
   0.216440E+06   0.845521E-10  -0.275065E-10   0.944536E-10
   0.216460E+06   0.944576E-10  -0.319602E-10   0.112740E-09
   0.216480E+06   0.103162E-09  -0.359558E-10   0.129765E-09
   0.216500E+06   0.110898E-09  -0.392571E-10   0.145511E-09
   0.216520E+06   0.117846E-09  -0.416688E-10   0.160016E-09
   0.216540E+06   0.124154E-09  -0.430607E-10   0.173357E-09
   0.216560E+06   0.129962E-09  -0.433818E-10   0.185621E-09
   0.216580E+06   0.135437E-09  -0.426624E-10   0.196881E-09
   0.216600E+06   0.140790E-09  -0.410031E-10   0.207170E-09
   0.216620E+06   0.146281E-09  -0.385548E-10   0.216471E-09
   0.216640E+06   0.152190E-09  -0.354912E-10   0.224708E-09
   0.216660E+06   0.158775E-09  -0.319813E-10   0.231754E-09
   0.216680E+06   0.166191E-09  -0.281664E-10   0.237442E-09
   0.216700E+06   0.174421E-09  -0.241448E-10   0.241596E-09
   0.216720E+06   0.183198E-09  -0.199680E-10   0.244045E-09
   0.216740E+06   0.191951E-09  -0.156464E-10   0.244656E-09
   0.216760E+06   0.199794E-09  -0.111632E-10   0.243344E-09
   0.216780E+06   0.205553E-09  -0.649343E-11   0.240087E-09
   0.216800E+06   0.207848E-09  -0.162264E-11   0.234919E-09
   0.216820E+06   0.205222E-09   0.343739E-11   0.227925E-09
   0.216840E+06   0.196300E-09   0.863961E-11   0.219220E-09
   0.216860E+06   0.179967E-09   0.138987E-10   0.208937E-09
   0.216880E+06   0.155535E-09   0.190950E-10   0.197202E-09
   0.216900E+06   0.122884E-09   0.240836E-10   0.184133E-09
   0.216920E+06   0.825438E-10   0.287060E-10   0.169834E-09
   0.216940E+06   0.357071E-10   0.328019E-10   0.154405E-09
   0.216960E+06  -0.158302E-10   0.362210E-10   0.137958E-09
   0.216980E+06  -0.698049E-10   0.388314E-10   0.120639E-09
   0.217000E+06  -0.123677E-09   0.405290E-10   0.102643E-09
   0.217020E+06  -0.174859E-09   0.412427E-10   0.842277E-10
   0.217040E+06  -0.220953E-09   0.409408E-10   0.657141E-10
   0.217060E+06  -0.259963E-09   0.396360E-10   0.474709E-10
   0.217080E+06  -0.290463E-09   0.373891E-10   0.298860E-10
   0.217100E+06  -0.311691E-09   0.343106E-10   0.133263E-10
   0.217120E+06  -0.323573E-09   0.305580E-10  -0.190917E-11
   0.217140E+06  -0.326657E-09   0.263276E-10  -0.156347E-10
   0.217160E+06  -0.321998E-09   0.218413E-10  -0.278136E-10
   0.217180E+06  -0.310987E-09   0.173277E-10  -0.385781E-10
   0.217200E+06  -0.295166E-09   0.129994E-10  -0.482272E-10
   0.217220E+06  -0.276052E-09   0.903184E-11  -0.572014E-10
   0.217240E+06  -0.254991E-09   0.554455E-11  -0.660348E-10
   0.217260E+06  -0.233055E-09   0.259085E-11  -0.752908E-10
   0.217280E+06  -0.210997E-09   0.157159E-12  -0.854892E-10
   0.217300E+06  -0.189251E-09  -0.182672E-11  -0.970329E-10
   0.217320E+06  -0.167973E-09  -0.346777E-11  -0.110145E-09
   0.217340E+06  -0.147105E-09  -0.488378E-11  -0.124827E-09
   0.217360E+06  -0.126449E-09  -0.617588E-11  -0.140832E-09
   0.217380E+06  -0.105726E-09  -0.740492E-11  -0.157679E-09
   0.217400E+06  -0.846341E-10  -0.857626E-11  -0.174675E-09
   0.217420E+06  -0.628710E-10  -0.963591E-11  -0.190971E-09
   0.217440E+06  -0.401567E-10  -0.104785E-10  -0.205628E-09
   0.217460E+06  -0.162431E-10  -0.109659E-10  -0.217685E-09
   0.217480E+06   0.907043E-11  -0.109503E-10  -0.226238E-09
   0.217500E+06   0.359102E-10  -0.103006E-10  -0.230500E-09
   0.217520E+06   0.642855E-10  -0.892260E-11  -0.229861E-09
   0.217540E+06   0.940346E-10  -0.677183E-11  -0.223931E-09
   0.217560E+06   0.124768E-09  -0.385651E-11  -0.212570E-09
   0.217580E+06   0.155823E-09  -0.230739E-12  -0.195912E-09
   0.217600E+06   0.186245E-09   0.401943E-11  -0.174368E-09
   0.217620E+06   0.214811E-09   0.878782E-11  -0.148628E-09
   0.217640E+06   0.240098E-09   0.139668E-10  -0.119643E-09
   0.217660E+06   0.260608E-09   0.194494E-10  -0.886019E-10
   0.217680E+06   0.274913E-09   0.251281E-10  -0.568876E-10
   0.217700E+06   0.281839E-09   0.308859E-10  -0.260176E-10
   0.217720E+06   0.280623E-09   0.365818E-10   0.243013E-11
   0.217740E+06   0.271045E-09   0.420377E-10   0.269085E-10
   0.217760E+06   0.253503E-09   0.470300E-10   0.460019E-10
   0.217780E+06   0.229009E-09   0.512917E-10   0.585297E-10
   0.217800E+06   0.199111E-09   0.545268E-10   0.636419E-10
   0.217820E+06   0.165744E-09   0.564362E-10   0.608968E-10
   0.217840E+06   0.131035E-09   0.567517E-10   0.503095E-10
   0.217860E+06   0.970841E-10   0.552726E-10   0.323630E-10
   0.217880E+06   0.657555E-10   0.518962E-10   0.797824E-11
   0.217900E+06   0.385100E-10   0.466388E-10  -0.215556E-10
   0.217920E+06   0.162970E-10   0.396386E-10  -0.546847E-10
   0.217940E+06  -0.480660E-12   0.311426E-10  -0.897165E-10
   0.217960E+06  -0.119313E-10   0.214778E-10  -0.124952E-09
   0.217980E+06  -0.185809E-10   0.110125E-10  -0.158811E-09
   0.218000E+06  -0.212427E-10   0.115358E-12  -0.189929E-09
   0.218020E+06  -0.208763E-10  -0.108797E-10  -0.217225E-09
   0.218040E+06  -0.184589E-10  -0.216963E-10  -0.239923E-09
   0.218060E+06  -0.148892E-10  -0.321225E-10  -0.257533E-09
   0.218080E+06  -0.109328E-10  -0.420009E-10  -0.269806E-09
   0.218100E+06  -0.721030E-11  -0.512067E-10  -0.276655E-09
   0.218120E+06  -0.421758E-11  -0.596183E-10  -0.278085E-09
   0.218140E+06  -0.236500E-11  -0.670922E-10  -0.274118E-09
   0.218160E+06  -0.201652E-11  -0.734452E-10  -0.264757E-09
   0.218180E+06  -0.351376E-11  -0.784535E-10  -0.249967E-09
   0.218200E+06  -0.717466E-11  -0.818671E-10  -0.229699E-09
   0.218220E+06  -0.132640E-10  -0.834403E-10  -0.203939E-09
   0.218240E+06  -0.219411E-10  -0.829704E-10  -0.172775E-09
   0.218260E+06  -0.331990E-10  -0.803383E-10  -0.136472E-09
   0.218280E+06  -0.468050E-10  -0.755392E-10  -0.955219E-10
   0.218300E+06  -0.622661E-10  -0.687002E-10  -0.506852E-10
   0.218320E+06  -0.788269E-10  -0.600769E-10  -0.298109E-11
   0.218340E+06  -0.955060E-10  -0.500304E-10   0.463540E-10
   0.218360E+06  -0.111172E-09  -0.389880E-10   0.959465E-10
   0.218380E+06  -0.124647E-09  -0.273949E-10   0.144390E-09
   0.218400E+06  -0.134823E-09  -0.156654E-10   0.190361E-09
   0.218420E+06  -0.140778E-09  -0.414370E-11   0.232726E-09
   0.218440E+06  -0.141871E-09   0.692099E-11   0.270629E-09
   0.218460E+06  -0.137797E-09   0.173786E-10   0.303536E-09
   0.218480E+06  -0.128614E-09   0.271643E-10   0.331239E-09
   0.218500E+06  -0.114718E-09   0.362700E-10   0.353824E-09
   0.218520E+06  -0.967930E-10   0.447082E-10   0.371583E-09
   0.218540E+06  -0.757351E-10   0.524762E-10   0.384926E-09
   0.218560E+06  -0.525658E-10   0.595285E-10   0.394269E-09
   0.218580E+06  -0.283522E-10   0.657631E-10   0.399935E-09
   0.218600E+06  -0.413762E-11   0.710220E-10   0.402084E-09
   0.218620E+06   0.191087E-10   0.751079E-10   0.400676E-09
   0.218640E+06   0.405243E-10   0.778091E-10   0.395470E-09
   0.218660E+06   0.593723E-10   0.789301E-10   0.386063E-09
   0.218680E+06   0.750511E-10   0.783190E-10   0.371960E-09
   0.218700E+06   0.871036E-10   0.758882E-10   0.352660E-09
   0.218720E+06   0.952287E-10   0.716251E-10   0.327747E-09
   0.218740E+06   0.992979E-10   0.655909E-10   0.296973E-09
   0.218760E+06   0.993742E-10   0.579130E-10   0.260325E-09
   0.218780E+06   0.957284E-10   0.487701E-10   0.218065E-09
   0.218800E+06   0.888451E-10   0.383779E-10   0.170744E-09
   0.218820E+06   0.794114E-10   0.269778E-10   0.119200E-09
   0.218840E+06   0.682841E-10   0.148299E-10   0.645219E-10
   0.218860E+06   0.564323E-10   0.221156E-11   0.801672E-11
   0.218880E+06   0.448595E-10  -0.105812E-10  -0.488398E-10
   0.218900E+06   0.345138E-10  -0.232325E-10  -0.104451E-09
   0.218920E+06   0.261946E-10  -0.354073E-10  -0.157154E-09
   0.218940E+06   0.204727E-10  -0.467603E-10  -0.205267E-09
   0.218960E+06   0.176327E-10  -0.569500E-10  -0.247156E-09
   0.218980E+06   0.176495E-10  -0.656603E-10  -0.281292E-09
   0.219000E+06   0.202019E-10  -0.726248E-10  -0.306334E-09
   0.219020E+06   0.247236E-10  -0.776504E-10  -0.321201E-09
   0.219040E+06   0.304847E-10  -0.806360E-10  -0.325167E-09
   0.219060E+06   0.366898E-10  -0.815827E-10  -0.317933E-09
   0.219080E+06   0.425818E-10  -0.805914E-10  -0.299692E-09
   0.219100E+06   0.475313E-10  -0.778505E-10  -0.271170E-09
   0.219120E+06   0.511021E-10  -0.736137E-10  -0.233622E-09
   0.219140E+06   0.530809E-10  -0.681722E-10  -0.188795E-09
   0.219160E+06   0.534688E-10  -0.618259E-10  -0.138836E-09
   0.219180E+06   0.524377E-10  -0.548580E-10  -0.861725E-10
   0.219200E+06   0.502602E-10  -0.475164E-10  -0.333519E-10
   0.219220E+06   0.472263E-10  -0.400039E-10   0.171260E-10
   0.219240E+06   0.435634E-10  -0.324772E-10   0.629767E-10
   0.219260E+06   0.393748E-10  -0.250520E-10   0.102276E-09
   0.219280E+06   0.346084E-10  -0.178141E-10   0.133570E-09
   0.219300E+06   0.290631E-10  -0.108296E-10   0.155936E-09
   0.219320E+06   0.224332E-10  -0.415581E-11   0.168993E-09
   0.219340E+06   0.143828E-10   0.215248E-11   0.172869E-09
   0.219360E+06   0.463867E-11   0.803912E-11   0.168122E-09
   0.219380E+06  -0.691649E-11   0.134457E-10   0.155641E-09
   0.219400E+06  -0.201682E-10   0.183136E-10   0.136542E-09
   0.219420E+06  -0.347279E-10   0.225848E-10   0.112065E-09
   0.219440E+06  -0.499354E-10   0.262040E-10   0.834929E-10
   0.219460E+06  -0.649096E-10   0.291199E-10   0.520963E-10
   0.219480E+06  -0.786431E-10   0.312862E-10   0.191072E-10
   0.219500E+06  -0.901266E-10   0.326655E-10  -0.142867E-10
   0.219520E+06  -0.984865E-10   0.332339E-10  -0.469327E-10
   0.219540E+06  -0.103112E-09   0.329880E-10  -0.777015E-10
   0.219560E+06  -0.103746E-09   0.319556E-10  -0.105483E-09
   0.219580E+06  -0.100536E-09   0.302038E-10  -0.129203E-09
   0.219600E+06  -0.940122E-10   0.278456E-10  -0.147851E-09
   0.219620E+06  -0.850245E-10   0.250410E-10  -0.160542E-09
   0.219640E+06  -0.746176E-10   0.219902E-10  -0.166580E-09
   0.219660E+06  -0.638857E-10   0.189185E-10  -0.165528E-09
   0.219680E+06  -0.538203E-10   0.160542E-10  -0.157272E-09
   0.219700E+06  -0.451805E-10   0.136007E-10  -0.142060E-09
   0.219720E+06  -0.384053E-10   0.117113E-10  -0.120512E-09
   0.219740E+06  -0.335843E-10   0.104667E-10  -0.935964E-10
   0.219760E+06  -0.304896E-10   0.986405E-11  -0.625704E-10
   0.219780E+06  -0.286608E-10   0.981877E-11  -0.288925E-10
   0.219800E+06  -0.275281E-10   0.101800E-10   0.588230E-11
   0.219820E+06  -0.265465E-10   0.107579E-10   0.402131E-10
   0.219840E+06  -0.253176E-10   0.113571E-10   0.726753E-10
   0.219860E+06  -0.236745E-10   0.118105E-10   0.102043E-09
   0.219880E+06  -0.217140E-10   0.120068E-10   0.127342E-09
   0.219900E+06  -0.197713E-10   0.119048E-10   0.147881E-09
   0.219920E+06  -0.183427E-10   0.115329E-10   0.163236E-09
   0.219940E+06  -0.179724E-10   0.109729E-10   0.173236E-09
   0.219960E+06  -0.191281E-10   0.103323E-10   0.177912E-09
   0.219980E+06  -0.220884E-10   0.971136E-11   0.177456E-09
   0.220000E+06  -0.268667E-10   0.917176E-11   0.172176E-09
   0.220020E+06  -0.331853E-10   0.871515E-11   0.162464E-09
   0.220040E+06  -0.405049E-10   0.827725E-11   0.148775E-09
   0.220060E+06  -0.481017E-10   0.773733E-11   0.131612E-09
   0.220080E+06  -0.551780E-10   0.694342E-11   0.111523E-09
   0.220100E+06  -0.609809E-10   0.574689E-11   0.890953E-10
   0.220120E+06  -0.649081E-10   0.403873E-11   0.649436E-10
   0.220140E+06  -0.665784E-10   0.177930E-11   0.396942E-10
   0.220160E+06  -0.658568E-10  -0.984238E-12   0.139548E-10
   0.220180E+06  -0.628332E-10  -0.412518E-11  -0.117218E-10
   0.220200E+06  -0.577602E-10  -0.744741E-11  -0.368754E-10
   0.220220E+06  -0.509722E-10  -0.107253E-10  -0.611711E-10
   0.220240E+06  -0.428039E-10  -0.137421E-10  -0.844189E-10
   0.220260E+06  -0.335322E-10  -0.163280E-10  -0.106575E-09
   0.220280E+06  -0.233544E-10  -0.183873E-10  -0.127716E-09
   0.220300E+06  -0.124099E-10  -0.199096E-10  -0.147998E-09
   0.220320E+06  -0.839747E-12  -0.209600E-10  -0.167588E-09
   0.220340E+06   0.111314E-10  -0.216543E-10  -0.186592E-09
   0.220360E+06   0.231149E-10  -0.221198E-10  -0.204987E-09
   0.220380E+06   0.345022E-10  -0.224555E-10  -0.222557E-09
   0.220400E+06   0.444564E-10  -0.226979E-10  -0.238866E-09
   0.220420E+06   0.519644E-10  -0.228006E-10  -0.253256E-09
   0.220440E+06   0.559488E-10  -0.226343E-10  -0.264876E-09
   0.220460E+06   0.554285E-10  -0.220058E-10  -0.272757E-09
   0.220480E+06   0.497021E-10  -0.206946E-10  -0.275895E-09
   0.220500E+06   0.385238E-10  -0.184969E-10  -0.273361E-09
   0.220520E+06   0.222357E-10  -0.152699E-10  -0.264403E-09
   0.220540E+06   0.182946E-11  -0.109667E-10  -0.248541E-09
   0.220560E+06  -0.210830E-10  -0.565378E-11  -0.225628E-09
   0.220580E+06  -0.443931E-10   0.491471E-12  -0.195892E-09
   0.220600E+06  -0.657028E-10   0.720237E-11  -0.159932E-09
   0.220620E+06  -0.825884E-10   0.141593E-10  -0.118690E-09
   0.220640E+06  -0.928859E-10   0.210326E-10  -0.733871E-10
   0.220660E+06  -0.949559E-10   0.275230E-10  -0.254574E-10
   0.220680E+06  -0.878916E-10   0.333930E-10   0.235407E-10
   0.220700E+06  -0.716389E-10   0.384816E-10   0.720018E-10
   0.220720E+06  -0.470141E-10   0.427031E-10   0.118345E-09
   0.220740E+06  -0.156166E-10   0.460313E-10   0.161072E-09
   0.220760E+06   0.203467E-10   0.484745E-10   0.198815E-09
   0.220780E+06   0.583004E-10   0.500487E-10   0.230368E-09
   0.220800E+06   0.955677E-10   0.507566E-10   0.254722E-09
   0.220820E+06   0.129629E-09   0.505760E-10   0.271083E-09
   0.220840E+06   0.158345E-09   0.494638E-10   0.278906E-09
   0.220860E+06   0.180111E-09   0.473701E-10   0.277918E-09
   0.220880E+06   0.193944E-09   0.442605E-10   0.268148E-09
   0.220900E+06   0.199486E-09   0.401418E-10   0.249947E-09
   0.220920E+06   0.196951E-09   0.350810E-10   0.224001E-09
   0.220940E+06   0.187016E-09   0.292161E-10   0.191323E-09
   0.220960E+06   0.170693E-09   0.227526E-10   0.153227E-09
   0.220980E+06   0.149194E-09   0.159467E-10   0.111274E-09
   0.221000E+06   0.123810E-09   0.908010E-11   0.671918E-10
   0.221020E+06   0.958172E-10   0.242850E-11   0.227843E-10
   0.221040E+06   0.664147E-10  -0.376786E-11  -0.201822E-10
   0.221060E+06   0.366939E-10  -0.932630E-11  -0.600851E-10
   0.221080E+06   0.763346E-11  -0.141330E-10  -0.955458E-10
   0.221100E+06  -0.198893E-10  -0.181421E-10  -0.125506E-09
   0.221120E+06  -0.450805E-10  -0.213644E-10  -0.149280E-09
   0.221140E+06  -0.672139E-10  -0.238492E-10  -0.166562E-09
   0.221160E+06  -0.856252E-10  -0.256647E-10  -0.177417E-09
   0.221180E+06  -0.997185E-10  -0.268811E-10  -0.182224E-09
   0.221200E+06  -0.108986E-09  -0.275607E-10  -0.181604E-09
   0.221220E+06  -0.113039E-09  -0.277562E-10  -0.176340E-09
   0.221240E+06  -0.111641E-09  -0.275154E-10  -0.167280E-09
   0.221260E+06  -0.104750E-09  -0.268908E-10  -0.155262E-09
   0.221280E+06  -0.925379E-10  -0.259490E-10  -0.141041E-09
   0.221300E+06  -0.754191E-10  -0.247768E-10  -0.125249E-09
   0.221320E+06  -0.540444E-10  -0.234791E-10  -0.108362E-09
   0.221340E+06  -0.292885E-10  -0.221718E-10  -0.906985E-10
   0.221360E+06  -0.221399E-11  -0.209670E-10  -0.724360E-10
   0.221380E+06   0.259794E-10  -0.199556E-10  -0.536334E-10
   0.221400E+06   0.540195E-10  -0.191917E-10  -0.342696E-10
   0.221420E+06   0.806342E-10  -0.186822E-10  -0.142815E-10
   0.221440E+06   0.104625E-09  -0.183845E-10   0.639547E-11
   0.221460E+06   0.124936E-09  -0.182150E-10   0.277926E-10
   0.221480E+06   0.140716E-09  -0.180642E-10   0.498750E-10
   0.221500E+06   0.151359E-09  -0.178180E-10   0.725183E-10
   0.221520E+06   0.156531E-09  -0.173799E-10   0.954916E-10
   0.221540E+06   0.156180E-09  -0.166887E-10   0.118450E-09
   0.221560E+06   0.150522E-09  -0.157282E-10   0.140937E-09
   0.221580E+06   0.140016E-09  -0.145285E-10   0.162400E-09
   0.221600E+06   0.125330E-09  -0.131567E-10   0.182212E-09
   0.221620E+06   0.107288E-09  -0.117020E-10   0.199716E-09
   0.221640E+06   0.868342E-10  -0.102561E-10   0.214267E-09
   0.221660E+06   0.649725E-10  -0.889633E-11   0.225292E-09
   0.221680E+06   0.427267E-10  -0.767250E-11   0.232339E-09
   0.221700E+06   0.210927E-10  -0.660168E-11   0.235139E-09
   0.221720E+06   0.995006E-12  -0.567003E-11   0.233638E-09
   0.221740E+06  -0.167535E-10  -0.484095E-11   0.228028E-09
   0.221760E+06  -0.314904E-10  -0.406650E-11   0.218740E-09
   0.221780E+06  -0.427379E-10  -0.329874E-11   0.206427E-09
   0.221800E+06  -0.502300E-10  -0.249828E-11   0.191908E-09
   0.221820E+06  -0.539299E-10  -0.163817E-11   0.176100E-09
   0.221840E+06  -0.540337E-10  -0.703127E-12   0.159935E-09
   0.221860E+06  -0.509585E-10   0.314461E-12   0.144271E-09
   0.221880E+06  -0.453123E-10   0.141934E-11   0.129808E-09
   0.221900E+06  -0.378484E-10   0.261628E-11   0.117021E-09
   0.221920E+06  -0.294075E-10   0.390915E-11   0.106124E-09
   0.221940E+06  -0.208519E-10   0.529498E-11   0.970538E-10
   0.221960E+06  -0.130005E-10   0.675584E-11   0.894920E-10
   0.221980E+06  -0.657032E-11   0.824824E-11   0.829166E-10
   0.222000E+06  -0.213109E-11   0.969583E-11   0.766727E-10
   0.222020E+06  -0.767205E-13   0.109876E-10   0.700572E-10
   0.222040E+06  -0.614095E-12   0.119842E-10   0.624059E-10
   0.222060E+06  -0.376776E-11   0.125320E-10   0.531706E-10
   0.222080E+06  -0.939582E-11   0.124841E-10   0.419778E-10
   0.222100E+06  -0.172146E-10   0.117228E-10   0.286618E-10
   0.222120E+06  -0.268202E-10   0.101817E-10   0.132706E-10
   0.222140E+06  -0.377133E-10   0.785847E-11  -0.395580E-11
   0.222160E+06  -0.493184E-10   0.481769E-11  -0.226285E-10
   0.222180E+06  -0.610019E-10   0.118176E-11  -0.422671E-10
   0.222200E+06  -0.720922E-10  -0.288919E-11  -0.623622E-10
   0.222220E+06  -0.819050E-10  -0.722361E-11  -0.824332E-10
   0.222240E+06  -0.897768E-10  -0.116655E-10  -0.102075E-09
   0.222260E+06  -0.951085E-10  -0.160960E-10  -0.120986E-09
   0.222280E+06  -0.974150E-10  -0.204430E-10  -0.138974E-09
   0.222300E+06  -0.963766E-10  -0.246781E-10  -0.155949E-09
   0.222320E+06  -0.918832E-10  -0.287996E-10  -0.171892E-09
   0.222340E+06  -0.840619E-10  -0.328065E-10  -0.186816E-09
   0.222360E+06  -0.732800E-10  -0.366685E-10  -0.200733E-09
   0.222380E+06  -0.601185E-10  -0.403012E-10  -0.213607E-09
   0.222400E+06  -0.453156E-10  -0.435526E-10  -0.225337E-09
   0.222420E+06  -0.296865E-10  -0.462052E-10  -0.235738E-09
   0.222440E+06  -0.140300E-10  -0.479959E-10  -0.244544E-09
   0.222460E+06   0.963852E-12  -0.486508E-10  -0.251425E-09
   0.222480E+06   0.147889E-10  -0.479269E-10  -0.256013E-09
   0.222500E+06   0.271673E-10  -0.456552E-10  -0.257938E-09
   0.222520E+06   0.380551E-10  -0.417726E-10  -0.256862E-09
   0.222540E+06   0.476067E-10  -0.363389E-10  -0.252509E-09
   0.222560E+06   0.561048E-10  -0.295322E-10  -0.244695E-09
   0.222580E+06   0.638672E-10  -0.216246E-10  -0.233339E-09
   0.222600E+06   0.711499E-10  -0.129421E-10  -0.218471E-09
   0.222620E+06   0.780629E-10  -0.381815E-11  -0.200230E-09
   0.222640E+06   0.845170E-10   0.545106E-11  -0.178852E-09
   0.222660E+06   0.902104E-10   0.146391E-10  -0.154663E-09
   0.222680E+06   0.946596E-10   0.236035E-10  -0.128060E-09
   0.222700E+06   0.972679E-10   0.322792E-10  -0.995070E-10
   0.222720E+06   0.974197E-10   0.406540E-10  -0.695191E-10
   0.222740E+06   0.945812E-10   0.487264E-10  -0.386636E-10
   0.222760E+06   0.883911E-10   0.564725E-10  -0.755166E-11
   0.222780E+06   0.787238E-10   0.638060E-10   0.231658E-10
   0.222800E+06   0.657141E-10   0.705615E-10   0.528080E-10
   0.222820E+06   0.497429E-10   0.764960E-10   0.806791E-10
   0.222840E+06   0.313878E-10   0.813111E-10   0.106090E-09
   0.222860E+06   0.113522E-10   0.846930E-10   0.128391E-09
   0.222880E+06  -0.961311E-11   0.863611E-10   0.146999E-09
   0.222900E+06  -0.307784E-10   0.861153E-10   0.161445E-09
   0.222920E+06  -0.514807E-10   0.838746E-10   0.171403E-09
   0.222940E+06  -0.711420E-10   0.796964E-10   0.176719E-09
   0.222960E+06  -0.892595E-10   0.737751E-10   0.177435E-09
   0.222980E+06  -0.105377E-09   0.664196E-10   0.173791E-09
   0.223000E+06  -0.119050E-09   0.580163E-10   0.166215E-09
   0.223020E+06  -0.129820E-09   0.489822E-10   0.155296E-09
   0.223040E+06  -0.137210E-09   0.397207E-10   0.141748E-09
   0.223060E+06  -0.140753E-09   0.305844E-10   0.126354E-09
   0.223080E+06  -0.140045E-09   0.218537E-10   0.109920E-09
   0.223100E+06  -0.134824E-09   0.137301E-10   0.932155E-10
   0.223120E+06  -0.125059E-09   0.634410E-11   0.769271E-10
   0.223140E+06  -0.111026E-09  -0.227250E-12   0.616230E-10
   0.223160E+06  -0.933548E-10  -0.593997E-11   0.477293E-10
   0.223180E+06  -0.730316E-10  -0.107658E-10   0.355222E-10
   0.223200E+06  -0.513519E-10  -0.146823E-10   0.251346E-10
   0.223220E+06  -0.298194E-10  -0.176733E-10   0.165750E-10
   0.223240E+06  -0.100047E-10  -0.197361E-10   0.975575E-11
   0.223260E+06   0.661747E-11  -0.208952E-10   0.452500E-11
   0.223280E+06   0.188309E-10  -0.212155E-10   0.699386E-12
   0.223300E+06   0.258142E-10  -0.208100E-10  -0.190750E-11
   0.223320E+06   0.272321E-10  -0.198388E-10  -0.346358E-11
   0.223340E+06   0.232645E-10  -0.184982E-10  -0.410553E-11
   0.223360E+06   0.145730E-10  -0.170006E-10  -0.393540E-11
   0.223380E+06   0.220336E-11  -0.155513E-10  -0.302654E-11
   0.223400E+06  -0.125507E-10  -0.143223E-10  -0.143480E-11
   0.223420E+06  -0.283141E-10  -0.134348E-10   0.784417E-12
   0.223440E+06  -0.437934E-10  -0.129499E-10   0.355853E-11
   0.223460E+06  -0.579177E-10  -0.128701E-10   0.678156E-11
   0.223480E+06  -0.699368E-10  -0.131522E-10   0.103019E-10
   0.223500E+06  -0.794648E-10  -0.137269E-10   0.139158E-10
   0.223520E+06  -0.864678E-10  -0.145198E-10   0.173686E-10
   0.223540E+06  -0.911992E-10  -0.154711E-10   0.203617E-10
   0.223560E+06  -0.940961E-10  -0.165458E-10   0.225678E-10
   0.223580E+06  -0.956573E-10  -0.177371E-10   0.236508E-10
   0.223600E+06  -0.963194E-10  -0.190583E-10   0.232895E-10
   0.223620E+06  -0.963542E-10  -0.205293E-10   0.212031E-10
   0.223640E+06  -0.958008E-10  -0.221610E-10   0.171768E-10
   0.223660E+06  -0.944426E-10  -0.239406E-10   0.110847E-10
   0.223680E+06  -0.918332E-10  -0.258249E-10   0.290905E-11
   0.223700E+06  -0.873651E-10  -0.277403E-10  -0.724627E-11
   0.223720E+06  -0.803720E-10  -0.295924E-10  -0.191486E-10
   0.223740E+06  -0.702477E-10  -0.312801E-10  -0.324365E-10
   0.223760E+06  -0.565645E-10  -0.327122E-10  -0.466276E-10
   0.223780E+06  -0.391725E-10  -0.338210E-10  -0.611333E-10
   0.223800E+06  -0.182646E-10  -0.345691E-10  -0.752818E-10
   0.223820E+06   0.560292E-11  -0.349480E-10  -0.883461E-10
   0.223840E+06   0.315395E-10  -0.349679E-10  -0.995792E-10
   0.223860E+06   0.583933E-10  -0.346435E-10  -0.108252E-09
   0.223880E+06   0.848627E-10  -0.339754E-10  -0.113697E-09
   0.223900E+06   0.109625E-09  -0.329388E-10  -0.115345E-09
   0.223920E+06   0.131471E-09  -0.314769E-10  -0.112769E-09
   0.223940E+06   0.149419E-09  -0.295056E-10  -0.105719E-09
   0.223960E+06   0.162796E-09  -0.269279E-10  -0.941462E-10
   0.223980E+06   0.171280E-09  -0.236546E-10  -0.782240E-10
   0.224000E+06   0.174888E-09  -0.196279E-10  -0.583494E-10
   0.224020E+06   0.173925E-09  -0.148429E-10  -0.351338E-10
   0.224040E+06   0.168899E-09  -0.935893E-11  -0.938034E-11
   0.224060E+06   0.160421E-09  -0.330253E-11   0.179553E-10
   0.224080E+06   0.149107E-09   0.314269E-11   0.458144E-10
   0.224100E+06   0.135508E-09   0.975510E-11   0.730934E-10
   0.224120E+06   0.120065E-09   0.162996E-10   0.987054E-10
   0.224140E+06   0.103111E-09   0.225517E-10   0.121641E-09
   0.224160E+06   0.849081E-10   0.283170E-10   0.141025E-09
   0.224180E+06   0.657112E-10   0.334403E-10   0.156155E-09
   0.224200E+06   0.458441E-10   0.378068E-10   0.166540E-09
   0.224220E+06   0.257630E-10   0.413327E-10   0.171905E-09
   0.224240E+06   0.609354E-11   0.439518E-10   0.172196E-09
   0.224260E+06  -0.123738E-10   0.456019E-10   0.167558E-09
   0.224280E+06  -0.287357E-10   0.462172E-10   0.158310E-09
   0.224300E+06  -0.420699E-10   0.457280E-10   0.144903E-09
   0.224320E+06  -0.515581E-10   0.440713E-10   0.127885E-09
   0.224340E+06  -0.566158E-10   0.412087E-10   0.107859E-09
   0.224360E+06  -0.570077E-10   0.371475E-10   0.854552E-10
   0.224380E+06  -0.529228E-10   0.319599E-10   0.612989E-10
   0.224400E+06  -0.449945E-10   0.257941E-10   0.360005E-10
   0.224420E+06  -0.342570E-10   0.188729E-10   0.101464E-10
   0.224440E+06  -0.220406E-10   0.114782E-10  -0.157004E-10
   0.224460E+06  -0.982075E-11   0.392377E-11  -0.409939E-10
   0.224480E+06   0.958195E-12  -0.347967E-11  -0.651987E-10
   0.224500E+06   0.905702E-11  -0.104604E-10  -0.877835E-10
   0.224520E+06   0.135886E-10  -0.168133E-10  -0.108219E-09
   0.224540E+06   0.141143E-10  -0.224165E-10  -0.125982E-09
   0.224560E+06   0.106791E-10  -0.272307E-10  -0.140564E-09
   0.224580E+06   0.378074E-11  -0.312826E-10  -0.151492E-09
   0.224600E+06  -0.571733E-11  -0.346367E-10  -0.158346E-09
   0.224620E+06  -0.167138E-10  -0.373617E-10  -0.160788E-09
   0.224640E+06  -0.280156E-10  -0.394993E-10  -0.158588E-09
   0.224660E+06  -0.384827E-10  -0.410448E-10  -0.151646E-09
   0.224680E+06  -0.471442E-10  -0.419402E-10  -0.140017E-09
   0.224700E+06  -0.532818E-10  -0.420872E-10  -0.123920E-09
   0.224720E+06  -0.564685E-10  -0.413727E-10  -0.103746E-09
   0.224740E+06  -0.565657E-10  -0.397025E-10  -0.800491E-10
   0.224760E+06  -0.536880E-10  -0.370353E-10  -0.535338E-10
   0.224780E+06  -0.481471E-10  -0.334085E-10  -0.250244E-10
   0.224800E+06  -0.403884E-10  -0.289479E-10   0.456878E-11
   0.224820E+06  -0.309312E-10  -0.238608E-10   0.342923E-10
   0.224840E+06  -0.203182E-10  -0.184095E-10   0.631969E-10
   0.224860E+06  -0.907984E-11  -0.128749E-10   0.903834E-10
   0.224880E+06   0.229056E-11  -0.751427E-11   0.115046E-09
   0.224900E+06   0.133540E-10  -0.252416E-11   0.136508E-09
   0.224920E+06   0.237405E-10   0.198420E-11   0.154243E-09
   0.224940E+06   0.331651E-10   0.599137E-11   0.167892E-09
   0.224960E+06   0.414461E-10   0.955711E-11   0.177257E-09
   0.224980E+06   0.485233E-10   0.127918E-10   0.182288E-09
   0.225000E+06   0.544721E-10   0.158183E-10   0.183057E-09
   0.225020E+06   0.595071E-10   0.187336E-10   0.179730E-09
   0.225040E+06   0.639694E-10   0.215782E-10   0.172536E-09
   0.225060E+06   0.682945E-10   0.243205E-10   0.161734E-09
   0.225080E+06   0.729608E-10   0.268595E-10   0.147601E-09
   0.225100E+06   0.784243E-10   0.290442E-10   0.130417E-09
   0.225120E+06   0.850457E-10   0.307062E-10   0.110470E-09
   0.225140E+06   0.930222E-10   0.316947E-10   0.880702E-10
   0.225160E+06   0.102335E-09   0.319113E-10   0.635683E-10
   0.225180E+06   0.112720E-09   0.313297E-10   0.373789E-10
   0.225200E+06   0.123669E-09   0.300018E-10   0.999829E-11
   0.225220E+06   0.134467E-09   0.280461E-10  -0.179863E-10
   0.225240E+06   0.144247E-09   0.256228E-10  -0.459009E-10
   0.225260E+06   0.152080E-09   0.229011E-10  -0.730047E-10
   0.225280E+06   0.157060E-09   0.200312E-10  -0.985250E-10
   0.225300E+06   0.158405E-09   0.171013E-10  -0.121701E-09
   0.225320E+06   0.155517E-09   0.141565E-10  -0.141846E-09
   0.225340E+06   0.148058E-09   0.111808E-10  -0.158389E-09
   0.225360E+06   0.135976E-09   0.812084E-11  -0.170924E-09
   0.225380E+06   0.119513E-09   0.491184E-11  -0.179238E-09
   0.225400E+06   0.991909E-10   0.150719E-11  -0.183322E-09
   0.225420E+06   0.757728E-10  -0.209741E-11  -0.183357E-09
   0.225440E+06   0.502118E-10  -0.584968E-11  -0.179686E-09
   0.225460E+06   0.235873E-10  -0.964059E-11  -0.172766E-09
   0.225480E+06  -0.296318E-11  -0.133156E-10  -0.163113E-09
   0.225500E+06  -0.283156E-10  -0.166979E-10  -0.151243E-09
   0.225520E+06  -0.514291E-10  -0.196143E-10  -0.137633E-09
   0.225540E+06  -0.714108E-10  -0.219205E-10  -0.122676E-09
   0.225560E+06  -0.875731E-10  -0.235186E-10  -0.106677E-09
   0.225580E+06  -0.994777E-10  -0.243635E-10  -0.898519E-10
   0.225600E+06  -0.106963E-09  -0.244596E-10  -0.723535E-10
   0.225620E+06  -0.110153E-09  -0.238472E-10  -0.543100E-10
   0.225640E+06  -0.109439E-09  -0.225853E-10  -0.358676E-10
   0.225660E+06  -0.105442E-09  -0.207340E-10  -0.172337E-10
   0.225680E+06  -0.989549E-10  -0.183429E-10   0.129081E-11
   0.225700E+06  -0.908634E-10  -0.154467E-10   0.192933E-10
   0.225720E+06  -0.820670E-10  -0.120700E-10   0.362511E-10
   0.225740E+06  -0.733972E-10  -0.823838E-11   0.515531E-10
   0.225760E+06  -0.655493E-10  -0.399262E-11   0.645390E-10
   0.225780E+06  -0.590348E-10   0.598581E-12   0.745511E-10
   0.225800E+06  -0.541574E-10   0.543287E-11   0.809945E-10
   0.225820E+06  -0.510180E-10   0.103751E-10   0.833960E-10
   0.225840E+06  -0.495425E-10   0.152675E-10   0.814557E-10
   0.225860E+06  -0.495281E-10   0.199464E-10   0.750870E-10
   0.225880E+06  -0.506977E-10   0.242610E-10   0.644396E-10
   0.225900E+06  -0.527547E-10   0.280909E-10   0.499045E-10
   0.225920E+06  -0.554259E-10   0.313567E-10   0.321013E-10
   0.225940E+06  -0.584909E-10   0.340219E-10   0.118486E-10
   0.225960E+06  -0.617863E-10   0.360881E-10  -0.987725E-11
   0.225980E+06  -0.651959E-10   0.375813E-10  -0.319940E-10
   0.226000E+06  -0.686220E-10   0.385357E-10  -0.533712E-10
   0.226020E+06  -0.719503E-10   0.389806E-10  -0.728904E-10
   0.226040E+06  -0.750131E-10   0.389314E-10  -0.895047E-10
   0.226060E+06  -0.775609E-10   0.383893E-10  -0.102296E-09
   0.226080E+06  -0.792493E-10   0.373491E-10  -0.110525E-09
   0.226100E+06  -0.796445E-10   0.358117E-10  -0.113678E-09
   0.226120E+06  -0.782500E-10   0.337991E-10  -0.111493E-09
   0.226140E+06  -0.745538E-10   0.313652E-10  -0.103988E-09
   0.226160E+06  -0.680895E-10   0.285988E-10  -0.914583E-10
   0.226180E+06  -0.585078E-10   0.256176E-10  -0.744651E-10
   0.226200E+06  -0.456473E-10   0.225530E-10  -0.538049E-10
   0.226220E+06  -0.295971E-10   0.195279E-10  -0.304592E-10
   0.226240E+06  -0.107416E-10   0.166346E-10  -0.553117E-11
   0.226260E+06   0.102215E-10   0.139168E-10   0.198283E-10
   0.226280E+06   0.322950E-10   0.113624E-10   0.444987E-10
   0.226300E+06   0.542322E-10   0.890825E-11   0.674635E-10
   0.226320E+06   0.746226E-10   0.645890E-11   0.878734E-10
   0.226340E+06   0.920069E-10   0.391330E-11   0.105091E-09
   0.226360E+06   0.105014E-09   0.119510E-11   0.118712E-09
   0.226380E+06   0.112501E-09  -0.172157E-11   0.128566E-09
   0.226400E+06   0.113689E-09  -0.479760E-11   0.134686E-09
   0.226420E+06   0.108265E-09  -0.793093E-11   0.137263E-09
   0.226440E+06   0.964365E-10  -0.109736E-10   0.136596E-09
   0.226460E+06   0.789402E-10  -0.137648E-10   0.133022E-09
   0.226480E+06   0.569754E-10  -0.161690E-10   0.126869E-09
   0.226500E+06   0.320873E-10  -0.181136E-10   0.118415E-09
   0.226520E+06   0.600076E-11  -0.196142E-10   0.107865E-09
   0.226540E+06  -0.195716E-10  -0.207829E-10   0.953578E-10
   0.226560E+06  -0.431210E-10  -0.218147E-10   0.809865E-10
   0.226580E+06  -0.635059E-10  -0.229544E-10   0.648379E-10
   0.226600E+06  -0.800664E-10  -0.244478E-10   0.470366E-10
   0.226620E+06  -0.926659E-10  -0.264905E-10   0.277899E-10
   0.226640E+06  -0.101659E-09  -0.291824E-10   0.742068E-11
   0.226660E+06  -0.107790E-09  -0.324980E-10  -0.136189E-10
   0.226680E+06  -0.112033E-09  -0.362807E-10  -0.347547E-10
   0.226700E+06  -0.115412E-09  -0.402624E-10  -0.553220E-10
   0.226720E+06  -0.118817E-09  -0.441044E-10  -0.746145E-10
   0.226740E+06  -0.122859E-09  -0.474534E-10  -0.919458E-10
   0.226760E+06  -0.127779E-09  -0.499980E-10  -0.106712E-09
   0.226780E+06  -0.133425E-09  -0.515190E-10  -0.118448E-09
   0.226800E+06  -0.139305E-09  -0.519200E-10  -0.126864E-09
   0.226820E+06  -0.144694E-09  -0.512338E-10  -0.131861E-09
   0.226840E+06  -0.148772E-09  -0.496037E-10  -0.133518E-09
   0.226860E+06  -0.150775E-09  -0.472466E-10  -0.132059E-09
   0.226880E+06  -0.150121E-09  -0.444026E-10  -0.127793E-09
   0.226900E+06  -0.146484E-09  -0.412869E-10  -0.121055E-09
   0.226920E+06  -0.139820E-09  -0.380502E-10  -0.112137E-09
   0.226940E+06  -0.130326E-09  -0.347582E-10  -0.101233E-09
   0.226960E+06  -0.118352E-09  -0.313918E-10  -0.884069E-10
   0.226980E+06  -0.104298E-09  -0.278680E-10  -0.735787E-10
   0.227000E+06  -0.885004E-10  -0.240735E-10  -0.565393E-10
   0.227020E+06  -0.711550E-10  -0.199044E-10  -0.369893E-10
   0.227040E+06  -0.522849E-10  -0.152999E-10  -0.145961E-10
   0.227060E+06  -0.317653E-10  -0.102662E-10   0.109385E-10
   0.227080E+06  -0.939996E-11  -0.487933E-11   0.398093E-10
   0.227100E+06   0.149644E-10   0.724903E-12   0.720452E-10
   0.227120E+06   0.413134E-10   0.637685E-11   0.107460E-09
   0.227140E+06   0.693554E-10   0.119039E-10   0.145623E-09
   0.227160E+06   0.984562E-10   0.171597E-10   0.185846E-09
   0.227180E+06   0.127633E-09   0.220432E-10   0.227196E-09
   0.227200E+06   0.155620E-09   0.265041E-10   0.268517E-09
   0.227220E+06   0.180985E-09   0.305314E-10   0.308476E-09
   0.227240E+06   0.202303E-09   0.341335E-10   0.345609E-09
   0.227260E+06   0.218328E-09   0.373086E-10   0.378386E-09
   0.227280E+06   0.228159E-09   0.400193E-10   0.405268E-09
   0.227300E+06   0.231357E-09   0.421766E-10   0.424779E-09
   0.227320E+06   0.227994E-09   0.436380E-10   0.435578E-09
   0.227340E+06   0.218630E-09   0.442225E-10   0.436528E-09
   0.227360E+06   0.204224E-09   0.437387E-10   0.426768E-09
   0.227380E+06   0.185986E-09   0.420207E-10   0.405783E-09
   0.227400E+06   0.165212E-09   0.389660E-10   0.373461E-09
   0.227420E+06   0.143110E-09   0.345628E-10   0.330139E-09
   0.227440E+06   0.120668E-09   0.289054E-10   0.276624E-09
   0.227460E+06   0.985701E-10   0.221907E-10   0.214193E-09
   0.227480E+06   0.771700E-10   0.146995E-10   0.144561E-09
   0.227500E+06   0.565337E-10   0.676475E-11   0.698144E-10
   0.227520E+06   0.365248E-10  -0.126578E-11  -0.768004E-11
   0.227540E+06   0.169217E-10  -0.906420E-11  -0.853950E-10
   0.227560E+06  -0.246260E-11  -0.163493E-10  -0.160776E-09
   0.227580E+06  -0.216777E-10  -0.229002E-10  -0.231377E-09
   0.227600E+06  -0.405716E-10  -0.285565E-10  -0.294998E-09
   0.227620E+06  -0.587734E-10  -0.332074E-10  -0.349790E-09
   0.227640E+06  -0.757242E-10  -0.367749E-10  -0.394348E-09
   0.227660E+06  -0.907486E-10  -0.391966E-10  -0.427761E-09
   0.227680E+06  -0.103152E-09  -0.404144E-10  -0.449627E-09
   0.227700E+06  -0.112322E-09  -0.403724E-10  -0.460038E-09
   0.227720E+06  -0.117827E-09  -0.390236E-10  -0.459534E-09
   0.227740E+06  -0.119473E-09  -0.363456E-10  -0.449031E-09
   0.227760E+06  -0.117338E-09  -0.323592E-10  -0.429742E-09
   0.227780E+06  -0.111759E-09  -0.271439E-10  -0.403091E-09
   0.227800E+06  -0.103285E-09  -0.208464E-10  -0.370622E-09
   0.227820E+06  -0.926041E-10  -0.136784E-10  -0.333923E-09
   0.227840E+06  -0.804618E-10  -0.590193E-11  -0.294558E-09
   0.227860E+06  -0.675749E-10   0.218855E-11  -0.254006E-09
   0.227880E+06  -0.545633E-10   0.103021E-10  -0.213607E-09
   0.227900E+06  -0.419060E-10   0.181709E-10  -0.174529E-09
   0.227920E+06  -0.299235E-10   0.255711E-10  -0.137729E-09
   0.227940E+06  -0.187879E-10   0.323324E-10  -0.103926E-09
   0.227960E+06  -0.855486E-11   0.383362E-10  -0.735893E-10
   0.227980E+06   0.792774E-12   0.435041E-10  -0.469301E-10
   0.228000E+06   0.929847E-11   0.477817E-10  -0.239094E-10
   0.228020E+06   0.169943E-10   0.511215E-10  -0.426317E-11
   0.228040E+06   0.238810E-10   0.534734E-10   0.124567E-10
   0.228060E+06   0.299279E-10   0.547813E-10   0.268252E-10
   0.228080E+06   0.350958E-10   0.549909E-10   0.394742E-10
   0.228100E+06   0.393759E-10   0.540649E-10   0.510164E-10
   0.228120E+06   0.428373E-10   0.520018E-10   0.619690E-10
   0.228140E+06   0.456710E-10   0.488522E-10   0.726883E-10
   0.228160E+06   0.482188E-10   0.447279E-10   0.833215E-10
   0.228180E+06   0.509755E-10   0.397996E-10   0.937821E-10
   0.228200E+06   0.545581E-10   0.342824E-10   0.103755E-09
   0.228220E+06   0.596408E-10   0.284117E-10   0.112731E-09
   0.228240E+06   0.668590E-10   0.224136E-10   0.120059E-09
   0.228260E+06   0.766959E-10   0.164769E-10   0.125032E-09
   0.228280E+06   0.893657E-10   0.107335E-10   0.126960E-09
   0.228300E+06   0.104714E-09   0.525018E-11   0.125267E-09
   0.228320E+06   0.122156E-09   0.360312E-13   0.119552E-09
   0.228340E+06   0.140660E-09  -0.493812E-11   0.109647E-09
   0.228360E+06   0.158802E-09  -0.971041E-11   0.956479E-10
   0.228380E+06   0.174866E-09  -0.142991E-10   0.779092E-10
   0.228400E+06   0.187014E-09  -0.186781E-10   0.570262E-10
   0.228420E+06   0.193472E-09  -0.227653E-10   0.337889E-10
   0.228440E+06   0.192736E-09  -0.264244E-10   0.912646E-11
   0.228460E+06   0.183759E-09  -0.294833E-10  -0.159561E-10
   0.228480E+06   0.166092E-09  -0.317613E-10  -0.404390E-10
   0.228500E+06   0.139961E-09  -0.331037E-10  -0.633434E-10
   0.228520E+06   0.106280E-09  -0.334096E-10  -0.837754E-10
   0.228540E+06   0.665720E-10  -0.326536E-10  -0.100961E-09
   0.228560E+06   0.228404E-10  -0.308923E-10  -0.114271E-09
   0.228580E+06  -0.226125E-10  -0.282562E-10  -0.123236E-09
   0.228600E+06  -0.673869E-10  -0.249290E-10  -0.127559E-09
   0.228620E+06  -0.109182E-09  -0.211211E-10  -0.127123E-09
   0.228640E+06  -0.145968E-09  -0.170422E-10  -0.121997E-09
   0.228660E+06  -0.176107E-09  -0.128814E-10  -0.112439E-09
   0.228680E+06  -0.198433E-09  -0.879605E-11  -0.988931E-10
   0.228700E+06  -0.212271E-09  -0.491438E-11  -0.819790E-10
   0.228720E+06  -0.217418E-09  -0.134639E-11  -0.624709E-10
   0.228740E+06  -0.214091E-09   0.180089E-11  -0.412627E-10
   0.228760E+06  -0.202863E-09   0.441066E-11  -0.193201E-10
   0.228780E+06  -0.184595E-09   0.635194E-11   0.237821E-11
   0.228800E+06  -0.160366E-09   0.748772E-11   0.229059E-10
   0.228820E+06  -0.131423E-09   0.769555E-11   0.414544E-10
   0.228840E+06  -0.991335E-10   0.689732E-11   0.573913E-10
   0.228860E+06  -0.649373E-10   0.509123E-11   0.703030E-10
   0.228880E+06  -0.302997E-10   0.237731E-11   0.800175E-10
   0.228900E+06   0.334502E-11  -0.103140E-11   0.866022E-10
   0.228920E+06   0.346584E-10  -0.481803E-11   0.903382E-10
   0.228940E+06   0.624662E-10  -0.859246E-11   0.916732E-10
   0.228960E+06   0.858250E-10  -0.119399E-10   0.911605E-10
   0.228980E+06   0.104074E-09  -0.144806E-10   0.893920E-10
   0.229000E+06   0.116868E-09  -0.159261E-10   0.869355E-10
   0.229020E+06   0.124174E-09  -0.161263E-10   0.842830E-10
   0.229040E+06   0.126246E-09  -0.150917E-10   0.818172E-10
   0.229060E+06   0.123563E-09  -0.129896E-10   0.797992E-10
   0.229080E+06   0.116761E-09  -0.101119E-10   0.783748E-10
   0.229100E+06   0.106547E-09  -0.682072E-11   0.775969E-10
   0.229120E+06   0.936382E-10  -0.348394E-11   0.774558E-10
   0.229140E+06   0.787141E-10  -0.412029E-12   0.779106E-10
   0.229160E+06   0.623981E-10   0.219245E-11   0.789112E-10
   0.229180E+06   0.452698E-10   0.425884E-11   0.804104E-10
   0.229200E+06   0.278954E-10   0.584545E-11   0.823602E-10
   0.229220E+06   0.108648E-10   0.710945E-11   0.846942E-10
   0.229240E+06  -0.518035E-11   0.825721E-11   0.873025E-10
   0.229260E+06  -0.195415E-10   0.948635E-11   0.900040E-10
   0.229280E+06  -0.314914E-10   0.109325E-10   0.925271E-10
   0.229300E+06  -0.403361E-10   0.126310E-10   0.945038E-10
   0.229320E+06  -0.455032E-10   0.145047E-10   0.954841E-10
   0.229340E+06  -0.466424E-10   0.163749E-10   0.949715E-10
   0.229360E+06  -0.437160E-10   0.179961E-10   0.924769E-10
   0.229380E+06  -0.370600E-10   0.191046E-10   0.875846E-10
   0.229400E+06  -0.273973E-10   0.194702E-10   0.800201E-10
   0.229420E+06  -0.157942E-10   0.189399E-10   0.697101E-10
   0.229440E+06  -0.356068E-11   0.174636E-10   0.568212E-10
   0.229460E+06   0.789306E-11   0.150992E-10   0.417732E-10
   0.229480E+06   0.172223E-10   0.119959E-10   0.252186E-10
   0.229500E+06   0.233103E-10   0.836087E-11   0.799184E-11
   0.229520E+06   0.253999E-10   0.441969E-11  -0.896735E-11
   0.229540E+06   0.231728E-10   0.377643E-12  -0.247070E-10
   0.229560E+06   0.167637E-10  -0.360766E-11  -0.383593E-10
   0.229580E+06   0.670910E-11  -0.743789E-11  -0.492285E-10
   0.229600E+06  -0.615888E-11  -0.110685E-10  -0.568565E-10
   0.229620E+06  -0.208526E-10  -0.144905E-10  -0.610607E-10
   0.229640E+06  -0.363759E-10  -0.177022E-10  -0.619362E-10
   0.229660E+06  -0.518536E-10  -0.206851E-10  -0.598265E-10
   0.229680E+06  -0.666193E-10  -0.233858E-10  -0.552663E-10
   0.229700E+06  -0.802517E-10  -0.257109E-10  -0.489055E-10
   0.229720E+06  -0.925556E-10  -0.275365E-10  -0.414271E-10
   0.229740E+06  -0.103500E-09  -0.287292E-10  -0.334686E-10
   0.229760E+06  -0.113128E-09  -0.291723E-10  -0.255581E-10
   0.229780E+06  -0.121468E-09  -0.287928E-10  -0.180735E-10
   0.229800E+06  -0.128455E-09  -0.275768E-10  -0.112245E-10
   0.229820E+06  -0.133895E-09  -0.255762E-10  -0.506162E-11
   0.229840E+06  -0.137470E-09  -0.228997E-10   0.494613E-12
   0.229860E+06  -0.138786E-09  -0.196931E-10   0.560976E-11
   0.229880E+06  -0.137453E-09  -0.161136E-10   0.104847E-10
   0.229900E+06  -0.133173E-09  -0.123055E-10   0.153059E-10
   0.229920E+06  -0.125826E-09  -0.838278E-11   0.202030E-10
   0.229940E+06  -0.115529E-09  -0.442534E-11   0.252193E-10
   0.229960E+06  -0.102648E-09  -0.485733E-12   0.302966E-10
   0.229980E+06  -0.877775E-10   0.339073E-11   0.352756E-10
   0.230000E+06  -0.716652E-10   0.714244E-11   0.399091E-10
   0.230020E+06  -0.551193E-10   0.106701E-10   0.438860E-10
   0.230040E+06  -0.388991E-10   0.138247E-10   0.468618E-10
   0.230060E+06  -0.236182E-10   0.164102E-10   0.484919E-10
   0.230080E+06  -0.967341E-11   0.182025E-10   0.484653E-10
   0.230100E+06   0.278565E-11   0.189813E-10   0.465344E-10
   0.230120E+06   0.138429E-10   0.185701E-10   0.425414E-10
   0.230140E+06   0.237615E-10   0.168748E-10   0.364377E-10
   0.230160E+06   0.329003E-10   0.139129E-10   0.282969E-10
   0.230180E+06   0.416161E-10   0.982584E-11   0.183202E-10
   0.230200E+06   0.501714E-10   0.487171E-11   0.683408E-11
   0.230220E+06   0.586625E-10  -0.601853E-12  -0.572015E-11
   0.230240E+06   0.669822E-10  -0.619890E-11  -0.188049E-10
   0.230260E+06   0.748210E-10  -0.115237E-10  -0.318128E-10
   0.230280E+06   0.817080E-10  -0.162248E-10  -0.440992E-10
   0.230300E+06   0.870819E-10  -0.200306E-10  -0.550201E-10
   0.230320E+06   0.903809E-10  -0.227668E-10  -0.639725E-10
   0.230340E+06   0.911355E-10  -0.243568E-10  -0.704348E-10
   0.230360E+06   0.890495E-10  -0.248058E-10  -0.740039E-10
   0.230380E+06   0.840556E-10  -0.241756E-10  -0.744257E-10
   0.230400E+06   0.763389E-10  -0.225553E-10  -0.716173E-10
   0.230420E+06   0.663201E-10  -0.200471E-10  -0.656798E-10
   0.230440E+06   0.546098E-10  -0.167403E-10  -0.568978E-10
   0.230460E+06   0.419342E-10  -0.127216E-10  -0.457291E-10
   0.230480E+06   0.290467E-10  -0.808389E-11  -0.327832E-10
   0.230500E+06   0.166400E-10  -0.294247E-11  -0.187914E-10
   0.230520E+06   0.526981E-11   0.254847E-11  -0.457081E-11
   0.230540E+06  -0.469539E-11   0.818765E-11   0.901740E-11
   0.230560E+06  -0.130944E-10   0.137305E-10   0.211113E-10
   0.230580E+06  -0.199593E-10   0.189058E-10   0.308916E-10
   0.230600E+06  -0.254705E-10   0.234458E-10   0.376246E-10
   0.230620E+06  -0.298909E-10   0.271192E-10   0.407008E-10
   0.230640E+06  -0.334916E-10   0.297643E-10   0.396682E-10
   0.230660E+06  -0.364813E-10   0.313119E-10   0.342603E-10
   0.230680E+06  -0.389560E-10   0.317931E-10   0.244136E-10
   0.230700E+06  -0.408779E-10   0.313295E-10   0.102768E-10
   0.230720E+06  -0.420886E-10   0.301068E-10  -0.779236E-11
   0.230740E+06  -0.423568E-10   0.283378E-10  -0.292411E-10
   0.230760E+06  -0.414504E-10   0.262230E-10  -0.533484E-10
   0.230780E+06  -0.392204E-10   0.239161E-10  -0.792609E-10
   0.230800E+06  -0.356780E-10   0.215032E-10  -0.106038E-09
   0.230820E+06  -0.310486E-10   0.189990E-10  -0.132701E-09
   0.230840E+06  -0.257856E-10   0.163606E-10  -0.158284E-09
   0.230860E+06  -0.205390E-10   0.135143E-10  -0.181883E-09
   0.230880E+06  -0.160758E-10   0.103903E-10  -0.202691E-09
   0.230900E+06  -0.131647E-10   0.695342E-11  -0.220035E-09
   0.230920E+06  -0.124415E-10   0.322742E-11  -0.233391E-09
   0.230940E+06  -0.142799E-10  -0.698621E-12  -0.242388E-09
   0.230960E+06  -0.186912E-10  -0.467831E-11  -0.246805E-09
   0.230980E+06  -0.252754E-10  -0.853011E-11  -0.246557E-09
   0.231000E+06  -0.332371E-10  -0.120675E-10  -0.241672E-09
   0.231020E+06  -0.414677E-10  -0.151291E-10  -0.232268E-09
   0.231040E+06  -0.486849E-10  -0.176020E-10  -0.218539E-09
   0.231060E+06  -0.536126E-10  -0.194332E-10  -0.200729E-09
   0.231080E+06  -0.551614E-10  -0.206240E-10  -0.179132E-09
   0.231100E+06  -0.525940E-10  -0.212142E-10  -0.154080E-09
   0.231120E+06  -0.456350E-10  -0.212577E-10  -0.125954E-09
   0.231140E+06  -0.345117E-10  -0.207970E-10  -0.951832E-10
   0.231160E+06  -0.199149E-10  -0.198446E-10  -0.622542E-10
   0.231180E+06  -0.288950E-11  -0.183757E-10  -0.277164E-10
   0.231200E+06   0.153290E-10  -0.163351E-10   0.781925E-11
   0.231220E+06   0.334993E-10  -0.136567E-10   0.436867E-10
   0.231240E+06   0.505518E-10  -0.102886E-10   0.791794E-10
   0.231260E+06   0.657232E-10  -0.621976E-11   0.113570E-09
   0.231280E+06   0.786297E-10  -0.149914E-11   0.146138E-09
   0.231300E+06   0.892652E-10   0.375881E-11   0.176198E-09
   0.231320E+06   0.979299E-10   0.938313E-11   0.203125E-09
   0.231340E+06   0.105107E-09   0.151693E-10   0.226389E-09
   0.231360E+06   0.111308E-09   0.209099E-10   0.245568E-09
   0.231380E+06   0.116934E-09   0.264269E-10   0.260363E-09
   0.231400E+06   0.122153E-09   0.315945E-10   0.270611E-09
   0.231420E+06   0.126846E-09   0.363503E-10   0.276276E-09
   0.231440E+06   0.130616E-09   0.406871E-10   0.277445E-09
   0.231460E+06   0.132853E-09   0.446307E-10   0.274318E-09
   0.231480E+06   0.132849E-09   0.482065E-10   0.267184E-09
   0.231500E+06   0.129941E-09   0.514046E-10   0.256410E-09
   0.231520E+06   0.123643E-09   0.541530E-10   0.242422E-09
   0.231540E+06   0.113756E-09   0.563054E-10   0.225680E-09
   0.231560E+06   0.100424E-09   0.576515E-10   0.206670E-09
   0.231580E+06   0.841393E-10   0.579447E-10   0.185882E-09
   0.231600E+06   0.656901E-10   0.569467E-10   0.163799E-09
   0.231620E+06   0.460709E-10   0.544769E-10   0.140882E-09
   0.231640E+06   0.263659E-10   0.504567E-10   0.117563E-09
   0.231660E+06   0.763306E-11   0.449385E-10   0.942300E-10
   0.231680E+06  -0.919578E-11   0.381114E-10   0.712249E-10
   0.231700E+06  -0.233829E-10   0.302807E-10   0.488380E-10
   0.231720E+06  -0.344198E-10   0.218279E-10   0.273063E-10
   0.231740E+06  -0.420245E-10   0.131535E-10   0.682015E-11
   0.231760E+06  -0.461169E-10   0.461869E-11  -0.124696E-10
   0.231780E+06  -0.467795E-10  -0.350321E-11  -0.304394E-10
   0.231800E+06  -0.442187E-10  -0.110568E-10  -0.469784E-10
   0.231820E+06  -0.387335E-10  -0.180089E-10  -0.619742E-10
   0.231840E+06  -0.306994E-10  -0.244280E-10  -0.752990E-10
   0.231860E+06  -0.205633E-10  -0.304447E-10  -0.868016E-10
   0.231880E+06  -0.884585E-11  -0.361999E-10  -0.963028E-10
   0.231900E+06   0.385726E-11  -0.417976E-10  -0.103601E-09
   0.231920E+06   0.168835E-10  -0.472688E-10  -0.108483E-09
   0.231940E+06   0.295265E-10  -0.525554E-10  -0.110745E-09
   0.231960E+06   0.410759E-10  -0.575186E-10  -0.110216E-09
   0.231980E+06   0.508697E-10  -0.619656E-10  -0.106782E-09
   0.232000E+06   0.583514E-10  -0.656908E-10  -0.100418E-09
   0.232020E+06   0.631237E-10  -0.685187E-10  -0.912074E-10
   0.232040E+06   0.649855E-10  -0.703395E-10  -0.793545E-10
   0.232060E+06   0.639478E-10  -0.711280E-10  -0.651931E-10
   0.232080E+06   0.602231E-10  -0.709425E-10  -0.491786E-10
   0.232100E+06   0.541899E-10  -0.699054E-10  -0.318714E-10
   0.232120E+06   0.463405E-10  -0.681688E-10  -0.139099E-10
   0.232140E+06   0.372182E-10  -0.658767E-10   0.402414E-11
   0.232160E+06   0.273585E-10  -0.631315E-10   0.212446E-10
   0.232180E+06   0.172398E-10  -0.599754E-10   0.371009E-10
   0.232200E+06   0.725269E-11  -0.563872E-10   0.510164E-10
   0.232220E+06  -0.231114E-11  -0.522999E-10   0.625211E-10
   0.232240E+06  -0.112536E-10  -0.476309E-10   0.712772E-10
   0.232260E+06  -0.194524E-10  -0.423174E-10   0.770946E-10
   0.232280E+06  -0.268386E-10  -0.363487E-10   0.799383E-10
   0.232300E+06  -0.333765E-10  -0.297860E-10   0.799239E-10
   0.232320E+06  -0.390502E-10  -0.227652E-10   0.773050E-10
   0.232340E+06  -0.438615E-10  -0.154829E-10   0.724499E-10
   0.232360E+06  -0.478287E-10  -0.816553E-11   0.658136E-10
   0.232380E+06  -0.509960E-10  -0.103462E-11   0.579021E-10
   0.232400E+06  -0.534379E-10   0.572674E-11   0.492335E-10
   0.232420E+06  -0.552579E-10   0.119965E-10   0.402990E-10
   0.232440E+06  -0.565798E-10   0.177201E-10   0.315247E-10
   0.232460E+06  -0.575300E-10   0.228980E-10   0.232400E-10
   0.232480E+06  -0.582164E-10   0.275608E-10   0.156533E-10
   0.232500E+06  -0.587071E-10   0.317340E-10   0.883970E-11
   0.232520E+06  -0.590149E-10   0.354087E-10   0.274216E-11
   0.232540E+06  -0.590947E-10   0.385198E-10  -0.281337E-11
   0.232560E+06  -0.588536E-10   0.409436E-10  -0.808923E-11
   0.232580E+06  -0.581743E-10   0.425143E-10  -0.133961E-10
   0.232600E+06  -0.569470E-10   0.430584E-10  -0.190460E-10
   0.232620E+06  -0.551043E-10   0.424371E-10  -0.253044E-10
   0.232640E+06  -0.526490E-10   0.405901E-10  -0.323453E-10
   0.232660E+06  -0.496706E-10   0.375673E-10  -0.402182E-10
   0.232680E+06  -0.463445E-10   0.335423E-10  -0.488287E-10
   0.232700E+06  -0.429129E-10   0.288016E-10  -0.579384E-10
   0.232720E+06  -0.396504E-10   0.237125E-10  -0.671826E-10
   0.232740E+06  -0.368212E-10   0.186733E-10  -0.761058E-10
   0.232760E+06  -0.346347E-10   0.140573E-10  -0.842090E-10
   0.232780E+06  -0.332094E-10   0.101613E-10  -0.910042E-10
   0.232800E+06  -0.325501E-10   0.716842E-11  -0.960685E-10
   0.232820E+06  -0.325443E-10   0.513129E-11  -0.990915E-10
   0.232840E+06  -0.329762E-10   0.398118E-11  -0.999083E-10
   0.232860E+06  -0.335571E-10   0.355465E-11  -0.985174E-10
   0.232880E+06  -0.339659E-10   0.363483E-11  -0.950799E-10
   0.232900E+06  -0.338920E-10   0.399580E-11  -0.899015E-10
   0.232920E+06  -0.330754E-10   0.444065E-11  -0.834013E-10
   0.232940E+06  -0.313390E-10   0.482583E-11  -0.760717E-10
   0.232960E+06  -0.286081E-10   0.506965E-11  -0.684344E-10
   0.232980E+06  -0.249207E-10   0.513668E-11  -0.610004E-10
   0.233000E+06  -0.204232E-10   0.502866E-11  -0.542331E-10
   0.233020E+06  -0.153613E-10   0.475225E-11  -0.485229E-10
   0.233040E+06  -0.100620E-10   0.430152E-11  -0.441709E-10
   0.233060E+06  -0.491172E-11   0.364888E-11  -0.413806E-10
   0.233080E+06  -0.329574E-12   0.274935E-11  -0.402588E-10
   0.233100E+06   0.326339E-11   0.155695E-11  -0.408199E-10
   0.233120E+06   0.547916E-11   0.483492E-13  -0.429942E-10
   0.233140E+06   0.600017E-11  -0.175462E-11  -0.466371E-10
   0.233160E+06   0.461810E-11  -0.376827E-11  -0.515379E-10
   0.233180E+06   0.126733E-11  -0.584675E-11  -0.574303E-10
   0.233200E+06  -0.395065E-11  -0.779662E-11  -0.640034E-10
   0.233220E+06  -0.107586E-10  -0.940610E-11  -0.709138E-10
   0.233240E+06  -0.187150E-10  -0.104829E-10  -0.778008E-10
   0.233260E+06  -0.272481E-10  -0.108919E-10  -0.843028E-10
   0.233280E+06  -0.357099E-10  -0.105839E-10  -0.900750E-10
   0.233300E+06  -0.434444E-10  -0.960741E-11  -0.948055E-10
   0.233320E+06  -0.498607E-10  -0.810051E-11  -0.982287E-10
   0.233340E+06  -0.544990E-10  -0.626314E-11  -0.100133E-09
   0.233360E+06  -0.570782E-10  -0.431568E-11  -0.100360E-09
   0.233380E+06  -0.575166E-10  -0.245276E-11  -0.988011E-10
   0.233400E+06  -0.559206E-10  -0.802736E-12  -0.953824E-10
   0.233420E+06  -0.525458E-10   0.597803E-12  -0.900484E-10
   0.233440E+06  -0.477347E-10   0.180883E-11  -0.827460E-10
   0.233460E+06  -0.418479E-10   0.296861E-11  -0.734120E-10
   0.233480E+06  -0.351980E-10   0.425946E-11  -0.619665E-10
   0.233500E+06  -0.280047E-10   0.586081E-11  -0.483188E-10
   0.233520E+06  -0.203763E-10   0.790416E-11  -0.323813E-10
   0.233540E+06  -0.123235E-10   0.104383E-10  -0.140952E-10
   0.233560E+06  -0.379941E-11   0.134130E-10   0.653985E-11
   0.233580E+06   0.524331E-11   0.166846E-10   0.294328E-10
   0.233600E+06   0.147943E-10   0.200418E-10   0.543736E-10
   0.233620E+06   0.247369E-10   0.232437E-10   0.810130E-10
   0.233640E+06   0.348329E-10   0.260661E-10   0.108858E-09
   0.233660E+06   0.447328E-10   0.283375E-10   0.137278E-09
   0.233680E+06   0.540208E-10   0.299642E-10   0.165533E-09
   0.233700E+06   0.622817E-10   0.309348E-10   0.192802E-09
   0.233720E+06   0.691762E-10   0.313069E-10   0.218232E-09
   0.233740E+06   0.745042E-10   0.311781E-10   0.240980E-09
   0.233760E+06   0.782423E-10   0.306516E-10   0.260256E-09
   0.233780E+06   0.805423E-10   0.298032E-10   0.275357E-09
   0.233800E+06   0.816889E-10   0.286602E-10   0.285694E-09
   0.233820E+06   0.820217E-10   0.271950E-10   0.290801E-09
   0.233840E+06   0.818382E-10   0.253353E-10   0.290345E-09
   0.233860E+06   0.812979E-10   0.229881E-10   0.284122E-09
   0.233880E+06   0.803507E-10   0.200693E-10   0.272053E-09
   0.233900E+06   0.787076E-10   0.165314E-10   0.254187E-09
   0.233920E+06   0.758660E-10   0.123819E-10   0.230701E-09
   0.233940E+06   0.711898E-10   0.768673E-11   0.201911E-09
   0.233960E+06   0.640323E-10   0.255911E-11   0.168283E-09
   0.233980E+06   0.538828E-10  -0.286374E-11   0.130449E-09
   0.234000E+06   0.405086E-10  -0.844833E-11   0.892177E-10
   0.234020E+06   0.240647E-10  -0.140893E-10   0.455739E-10
   0.234040E+06   0.514861E-11  -0.197226E-10   0.667977E-12
   0.234060E+06  -0.152151E-10  -0.253231E-10  -0.442135E-10
   0.234080E+06  -0.356614E-10  -0.308856E-10  -0.876943E-10
   0.234100E+06  -0.546333E-10  -0.363954E-10  -0.128371E-09
   0.234120E+06  -0.705681E-10  -0.417913E-10  -0.164885E-09
   0.234140E+06  -0.820961E-10  -0.469387E-10  -0.196000E-09
   0.234160E+06  -0.882180E-10  -0.516149E-10  -0.220678E-09
   0.234180E+06  -0.884360E-10  -0.555158E-10  -0.238141E-09
   0.234200E+06  -0.828180E-10  -0.582857E-10  -0.247914E-09
   0.234220E+06  -0.719883E-10  -0.595649E-10  -0.249854E-09
   0.234240E+06  -0.570480E-10  -0.590472E-10  -0.244144E-09
   0.234260E+06  -0.394385E-10  -0.565357E-10  -0.231272E-09
   0.234280E+06  -0.207736E-10  -0.519834E-10  -0.211986E-09
   0.234300E+06  -0.265947E-11  -0.455121E-10  -0.187240E-09
   0.234320E+06   0.134685E-10  -0.374032E-10  -0.158129E-09
   0.234340E+06   0.264754E-10  -0.280612E-10  -0.125822E-09
   0.234360E+06   0.356104E-10  -0.179585E-10  -0.915044E-10
   0.234380E+06   0.405405E-10  -0.757159E-11  -0.563246E-10
   0.234400E+06   0.413375E-10   0.267821E-11  -0.213533E-10
   0.234420E+06   0.384283E-10   0.124660E-10   0.124455E-10
   0.234440E+06   0.325189E-10   0.215833E-10   0.442364E-10
   0.234460E+06   0.245060E-10   0.299281E-10   0.733234E-10
   0.234480E+06   0.153859E-10   0.374744E-10   0.991577E-10
   0.234500E+06   0.616897E-11   0.442275E-10   0.121340E-09
   0.234520E+06  -0.219378E-11   0.501780E-10   0.139618E-09
   0.234540E+06  -0.887232E-11   0.552650E-10   0.153888E-09
   0.234560E+06  -0.132047E-10   0.593599E-10   0.164180E-09
   0.234580E+06  -0.147308E-10   0.622726E-10   0.170649E-09
   0.234600E+06  -0.132138E-10   0.637810E-10   0.173555E-09
   0.234620E+06  -0.864757E-11   0.636744E-10   0.173233E-09
   0.234640E+06  -0.125258E-11   0.618025E-10   0.170064E-09
   0.234660E+06   0.854227E-11   0.581167E-10   0.164437E-09
   0.234680E+06   0.201294E-10   0.526952E-10   0.156708E-09
   0.234700E+06   0.327630E-10   0.457444E-10   0.147173E-09
   0.234720E+06   0.456076E-10   0.375784E-10   0.136036E-09
   0.234740E+06   0.577910E-10   0.285779E-10   0.123399E-09
   0.234760E+06   0.684586E-10   0.191433E-10   0.109258E-09
   0.234780E+06   0.768252E-10   0.964544E-11   0.935271E-10
   0.234800E+06   0.822217E-10   0.389761E-12   0.760618E-10
   0.234820E+06   0.841357E-10  -0.840197E-11   0.567047E-10
   0.234840E+06   0.822456E-10  -0.165898E-10   0.353315E-10
   0.234860E+06   0.764458E-10  -0.240965E-10   0.118989E-10
   0.234880E+06   0.668657E-10  -0.308781E-10  -0.135140E-10
   0.234900E+06   0.538740E-10  -0.368950E-10  -0.406770E-10
   0.234920E+06   0.380785E-10  -0.420877E-10  -0.691933E-10
   0.234940E+06   0.203013E-10  -0.463707E-10  -0.985031E-10
   0.234960E+06   0.154057E-11  -0.496405E-10  -0.127903E-09
   0.234980E+06  -0.170908E-10  -0.517977E-10  -0.156582E-09
   0.235000E+06  -0.344443E-10  -0.527773E-10  -0.183661E-09
   0.235020E+06  -0.494293E-10  -0.525760E-10  -0.208248E-09
   0.235040E+06  -0.611122E-10  -0.512704E-10  -0.229482E-09
   0.235060E+06  -0.688086E-10  -0.490190E-10  -0.246585E-09
   0.235080E+06  -0.721549E-10  -0.460445E-10  -0.258894E-09
   0.235100E+06  -0.711474E-10  -0.426028E-10  -0.265895E-09
   0.235120E+06  -0.661405E-10  -0.389423E-10  -0.267240E-09
   0.235140E+06  -0.577994E-10  -0.352645E-10  -0.262762E-09
   0.235160E+06  -0.470128E-10  -0.316951E-10  -0.252479E-09
   0.235180E+06  -0.347779E-10  -0.282732E-10  -0.236591E-09
   0.235200E+06  -0.220723E-10  -0.249614E-10  -0.215479E-09
   0.235220E+06  -0.973586E-11  -0.216738E-10  -0.189694E-09
   0.235240E+06   0.162001E-11  -0.183170E-10  -0.159943E-09
   0.235260E+06   0.116599E-10  -0.148324E-10  -0.127074E-09
   0.235280E+06   0.203226E-10  -0.112300E-10  -0.920508E-10
   0.235300E+06   0.277704E-10  -0.760517E-11  -0.559199E-10
   0.235320E+06   0.343029E-10  -0.413317E-11  -0.197770E-10
   0.235340E+06   0.402512E-10  -0.104264E-11   0.152782E-10
   0.235360E+06   0.458755E-10   0.142688E-11   0.481886E-10
   0.235380E+06   0.512852E-10   0.307230E-11   0.779859E-10
   0.235400E+06   0.563997E-10   0.377151E-11   0.103836E-09
   0.235420E+06   0.609531E-10   0.351008E-11   0.125075E-09
   0.235440E+06   0.645424E-10   0.238803E-11   0.141238E-09
   0.235460E+06   0.667080E-10   0.603521E-12   0.152076E-09
   0.235480E+06   0.670258E-10  -0.158205E-11   0.157557E-09
   0.235500E+06   0.651934E-10  -0.388920E-11   0.157860E-09
   0.235520E+06   0.610911E-10  -0.606451E-11   0.153354E-09
   0.235540E+06   0.547997E-10  -0.791737E-11   0.144580E-09
   0.235560E+06   0.465870E-10  -0.932961E-11   0.132208E-09
   0.235580E+06   0.368514E-10  -0.102562E-10   0.117014E-09
   0.235600E+06   0.260477E-10  -0.107014E-10   0.998437E-10
   0.235620E+06   0.146096E-10  -0.106858E-10   0.815800E-10
   0.235640E+06   0.288888E-11  -0.102140E-10   0.631097E-10
   0.235660E+06  -0.887510E-11  -0.925098E-11   0.452902E-10
   0.235680E+06  -0.205486E-10  -0.771620E-11   0.289158E-10
   0.235700E+06  -0.320623E-10  -0.549875E-11   0.146829E-10
   0.235720E+06  -0.433453E-10  -0.248708E-11   0.315663E-11
   0.235740E+06  -0.542554E-10   0.138851E-11  -0.526093E-11
   0.235760E+06  -0.645214E-10   0.611609E-11  -0.103560E-10
   0.235780E+06  -0.737176E-10   0.115741E-10  -0.121190E-10
   0.235800E+06  -0.812800E-10   0.175245E-10  -0.107475E-10
   0.235820E+06  -0.865661E-10   0.236306E-10  -0.663355E-11
   0.235840E+06  -0.889497E-10   0.294988E-10  -0.333905E-12
   0.235860E+06  -0.879340E-10   0.347353E-10   0.747462E-11
   0.235880E+06  -0.832623E-10   0.390071E-10   0.160527E-10
   0.235900E+06  -0.750027E-10   0.420941E-10   0.246622E-10
   0.235920E+06  -0.635899E-10   0.439203E-10   0.326303E-10
   0.235940E+06  -0.498143E-10   0.445580E-10   0.394057E-10
   0.235960E+06  -0.347569E-10   0.442025E-10   0.446014E-10
   0.235980E+06  -0.196808E-10   0.431253E-10   0.480184E-10
   0.236000E+06  -0.589570E-11   0.416138E-10   0.496485E-10
   0.236020E+06   0.538285E-11   0.399118E-10   0.496550E-10
   0.236040E+06   0.131597E-10   0.381766E-10   0.483376E-10
   0.236060E+06   0.167533E-10   0.364566E-10   0.460834E-10
   0.236080E+06   0.158467E-10   0.346988E-10   0.433131E-10
   0.236100E+06   0.104959E-10   0.327802E-10   0.404286E-10
   0.236120E+06   0.109886E-11   0.305572E-10   0.377685E-10
   0.236140E+06  -0.116619E-10   0.279177E-10   0.355751E-10
   0.236160E+06  -0.268900E-10   0.248264E-10   0.339781E-10
   0.236180E+06  -0.435523E-10   0.213471E-10   0.329892E-10
   0.236200E+06  -0.605411E-10   0.176451E-10   0.325141E-10
   0.236220E+06  -0.767346E-10   0.139586E-10   0.323693E-10
   0.236240E+06  -0.910453E-10   0.105543E-10   0.323068E-10
   0.236260E+06  -0.102464E-09   0.767417E-11   0.320383E-10
   0.236280E+06  -0.110102E-09   0.548673E-11   0.312593E-10
   0.236300E+06  -0.113245E-09   0.405493E-11   0.296688E-10
   0.236320E+06  -0.111399E-09   0.332723E-11   0.269860E-10
   0.236340E+06  -0.104342E-09   0.315317E-11   0.229642E-10
   0.236360E+06  -0.921683E-10   0.332206E-11   0.174036E-10
   0.236380E+06  -0.753077E-10   0.361033E-11   0.101632E-10
   0.236400E+06  -0.545185E-10   0.383020E-11   0.117460E-11
   0.236420E+06  -0.308463E-10   0.386598E-11  -0.954480E-11
   0.236440E+06  -0.554722E-11   0.369031E-11  -0.218782E-10
   0.236460E+06   0.200162E-10   0.335707E-11  -0.355988E-10
   0.236480E+06   0.444960E-10   0.297379E-11  -0.503646E-10
   0.236500E+06   0.666777E-10   0.266133E-11  -0.657203E-10
   0.236520E+06   0.855827E-10   0.251184E-11  -0.811096E-10
   0.236540E+06   0.100537E-09   0.255609E-11  -0.958967E-10
   0.236560E+06   0.111197E-09   0.274876E-11  -0.109399E-09
   0.236580E+06   0.117537E-09   0.297549E-11  -0.120926E-09
   0.236600E+06   0.119793E-09   0.307992E-11  -0.129824E-09
   0.236620E+06   0.118386E-09   0.290341E-11  -0.135522E-09
   0.236640E+06   0.113839E-09   0.232732E-11  -0.137573E-09
   0.236660E+06   0.106694E-09   0.130520E-11  -0.135691E-09
   0.236680E+06   0.974665E-10  -0.120661E-12  -0.129769E-09
   0.236700E+06   0.866145E-10  -0.182826E-11  -0.119903E-09
   0.236720E+06   0.745465E-10  -0.364487E-11  -0.106381E-09
   0.236740E+06   0.616508E-10  -0.539107E-11  -0.896790E-10
   0.236760E+06   0.483357E-10  -0.692881E-11  -0.704317E-10
   0.236780E+06   0.350665E-10  -0.820130E-11  -0.494021E-10
   0.236800E+06   0.223867E-10  -0.925392E-11  -0.274400E-10
   0.236820E+06   0.109125E-10  -0.102316E-10  -0.543507E-11
   0.236840E+06   0.129504E-11  -0.113474E-10   0.157286E-10
   0.236860E+06  -0.584022E-11  -0.128353E-10   0.352221E-10
   0.236880E+06  -0.997474E-11  -0.148919E-10   0.523166E-10
   0.236900E+06  -0.107811E-10  -0.176230E-10   0.664227E-10
   0.236920E+06  -0.819656E-11  -0.210065E-10   0.771219E-10
   0.236940E+06  -0.247232E-11  -0.248805E-10   0.841867E-10
   0.236960E+06   0.581197E-11  -0.289609E-10   0.875886E-10
   0.236980E+06   0.157718E-10  -0.328848E-10   0.874912E-10
   0.237000E+06   0.262801E-10  -0.362684E-10   0.842306E-10
   0.237020E+06   0.360593E-10  -0.387717E-10   0.782811E-10
   0.237040E+06   0.437945E-10  -0.401532E-10   0.702127E-10
   0.237060E+06   0.482544E-10  -0.403037E-10   0.606417E-10
   0.237080E+06   0.484075E-10  -0.392546E-10   0.501807E-10
   0.237100E+06   0.435220E-10  -0.371594E-10   0.393931E-10
   0.237120E+06   0.332397E-10  -0.342536E-10   0.287574E-10
   0.237140E+06   0.176199E-10  -0.308045E-10   0.186441E-10
   0.237160E+06  -0.285468E-11  -0.270610E-10   0.930851E-11
   0.237180E+06  -0.273045E-10  -0.232155E-10   0.898668E-12
   0.237200E+06  -0.545152E-10  -0.193844E-10  -0.652412E-11
   0.237220E+06  -0.830283E-10  -0.156104E-10  -0.129555E-10
   0.237240E+06  -0.111253E-09  -0.118826E-10  -0.184148E-10
   0.237260E+06  -0.137590E-09  -0.816862E-11  -0.229148E-10
   0.237280E+06  -0.160562E-09  -0.444682E-11  -0.264380E-10
   0.237300E+06  -0.178925E-09  -0.733400E-12  -0.289262E-10
   0.237320E+06  -0.191764E-09   0.290779E-11  -0.302811E-10
   0.237340E+06  -0.198554E-09   0.636854E-11  -0.303797E-10
   0.237360E+06  -0.199178E-09   0.951532E-11  -0.290985E-10
   0.237380E+06  -0.193909E-09   0.122160E-10  -0.263436E-10
   0.237400E+06  -0.183342E-09   0.143663E-10  -0.220801E-10
   0.237420E+06  -0.168313E-09   0.159087E-10  -0.163553E-10
   0.237440E+06  -0.149782E-09   0.168384E-10  -0.931158E-11
   0.237460E+06  -0.128735E-09   0.171926E-10  -0.118584E-11
   0.237480E+06  -0.106083E-09   0.170332E-10   0.770730E-11
   0.237500E+06  -0.826040E-10   0.164185E-10   0.170025E-10
   0.237520E+06  -0.589063E-10   0.153813E-10   0.263205E-10
   0.237540E+06  -0.354353E-10   0.139161E-10   0.353078E-10
   0.237560E+06  -0.125011E-10   0.119817E-10   0.436730E-10
   0.237580E+06   0.967617E-11   0.951985E-11   0.512147E-10
   0.237600E+06   0.309214E-10   0.648489E-11   0.578361E-10
   0.237620E+06   0.510705E-10   0.287729E-11   0.635437E-10
   0.237640E+06   0.699603E-10  -0.122629E-11   0.684318E-10
   0.237660E+06   0.874390E-10  -0.565995E-11   0.726533E-10
   0.237680E+06   0.103399E-09  -0.101738E-10   0.763831E-10
   0.237700E+06   0.117813E-09  -0.144604E-10   0.797784E-10
   0.237720E+06   0.130771E-09  -0.181977E-10   0.829435E-10
   0.237740E+06   0.142490E-09  -0.211002E-10   0.859028E-10
   0.237760E+06   0.153294E-09  -0.229658E-10   0.885874E-10
   0.237780E+06   0.163566E-09  -0.237088E-10   0.908355E-10
   0.237800E+06   0.173662E-09  -0.233704E-10   0.924070E-10
   0.237820E+06   0.183820E-09  -0.221033E-10   0.930095E-10
   0.237840E+06   0.194068E-09  -0.201346E-10   0.923311E-10
   0.237860E+06   0.204160E-09  -0.177143E-10   0.900752E-10
   0.237880E+06   0.213556E-09  -0.150616E-10   0.859927E-10
   0.237900E+06   0.221456E-09  -0.123228E-10   0.799074E-10
   0.237920E+06   0.226890E-09  -0.954867E-11   0.717321E-10
   0.237940E+06   0.228847E-09  -0.669955E-11   0.614735E-10
   0.237960E+06   0.226427E-09  -0.367286E-11   0.492300E-10
   0.237980E+06   0.218984E-09  -0.350931E-12   0.351804E-10
   0.238000E+06   0.206243E-09   0.334673E-11   0.195693E-10
   0.238020E+06   0.188351E-09   0.741855E-11   0.269124E-11
   0.238040E+06   0.165865E-09   0.117554E-10  -0.151239E-10
   0.238060E+06   0.139684E-09   0.161420E-10  -0.335236E-10
   0.238080E+06   0.110911E-09   0.202875E-10  -0.521420E-10
   0.238100E+06   0.807074E-10   0.238677E-10  -0.706093E-10
   0.238120E+06   0.501412E-10   0.266002E-10  -0.885586E-10
   0.238140E+06   0.200688E-10   0.282901E-10  -0.105637E-09
   0.238160E+06  -0.892676E-11   0.288715E-10  -0.121518E-09
   0.238180E+06  -0.365343E-10   0.284187E-10  -0.135915E-09
   0.238200E+06  -0.626526E-10   0.271269E-10  -0.148602E-09
   0.238220E+06  -0.872854E-10   0.252655E-10  -0.159425E-09
   0.238240E+06  -0.110419E-09   0.231161E-10  -0.168316E-09
   0.238260E+06  -0.131912E-09   0.209079E-10  -0.175294E-09
   0.238280E+06  -0.151427E-09   0.187692E-10  -0.180462E-09
   0.238300E+06  -0.168415E-09   0.167017E-10  -0.183982E-09
   0.238320E+06  -0.182169E-09   0.145887E-10  -0.186050E-09
   0.238340E+06  -0.191925E-09   0.122337E-10  -0.186856E-09
   0.238360E+06  -0.196999E-09   0.942013E-11  -0.186541E-09
   0.238380E+06  -0.196928E-09   0.597972E-11  -0.185167E-09
   0.238400E+06  -0.191588E-09   0.185134E-11  -0.182678E-09
   0.238420E+06  -0.181253E-09  -0.288253E-11  -0.178899E-09
   0.238440E+06  -0.166596E-09  -0.799177E-11  -0.173533E-09
   0.238460E+06  -0.148623E-09  -0.131285E-10  -0.166198E-09
   0.238480E+06  -0.128542E-09  -0.178845E-10  -0.156463E-09
   0.238500E+06  -0.107615E-09  -0.218640E-10  -0.143914E-09
   0.238520E+06  -0.869917E-10  -0.247546E-10  -0.128209E-09
   0.238540E+06  -0.675787E-10  -0.263815E-10  -0.109147E-09
   0.238560E+06  -0.499546E-10  -0.267318E-10  -0.867048E-10
   0.238580E+06  -0.343463E-10  -0.259453E-10  -0.610746E-10
   0.238600E+06  -0.206663E-10  -0.242714E-10  -0.326636E-10
   0.238620E+06  -0.860177E-11  -0.220073E-10  -0.207791E-11
   0.238640E+06   0.226868E-11  -0.194282E-10   0.299176E-10
   0.238660E+06   0.123533E-10  -0.167275E-10   0.624549E-10
   0.238680E+06   0.219460E-10  -0.139815E-10   0.946257E-10
   0.238700E+06   0.311625E-10  -0.111451E-10   0.125545E-09
   0.238720E+06   0.399254E-10  -0.807969E-11   0.154407E-09
   0.238740E+06   0.479901E-10  -0.460819E-11   0.180524E-09
   0.238760E+06   0.550155E-10  -0.576162E-12   0.203356E-09
   0.238780E+06   0.606442E-10   0.408559E-11   0.222517E-09
   0.238800E+06   0.645880E-10   0.932051E-11   0.237769E-09
   0.238820E+06   0.666938E-10   0.149345E-10   0.249004E-09
   0.238840E+06   0.669814E-10   0.206162E-10   0.256224E-09
   0.238860E+06   0.656461E-10   0.259860E-10   0.259518E-09
   0.238880E+06   0.630299E-10   0.306610E-10   0.259040E-09
   0.238900E+06   0.595680E-10   0.343219E-10   0.254997E-09
   0.238920E+06   0.557247E-10   0.367691E-10   0.247637E-09
   0.238940E+06   0.519276E-10   0.379510E-10   0.237245E-09
   0.238960E+06   0.485132E-10   0.379629E-10   0.224141E-09
   0.238980E+06   0.456891E-10   0.370173E-10   0.208669E-09
   0.239000E+06   0.435157E-10   0.353911E-10   0.191197E-09
   0.239020E+06   0.419060E-10   0.333666E-10   0.172103E-09
   0.239040E+06   0.406390E-10   0.311760E-10   0.151763E-09
   0.239060E+06   0.393843E-10   0.289649E-10   0.130536E-09
   0.239080E+06   0.377317E-10   0.267809E-10   0.108751E-09
   0.239100E+06   0.352253E-10   0.245871E-10   0.866974E-10
   0.239120E+06   0.314011E-10   0.222975E-10   0.646243E-10
   0.239140E+06   0.258282E-10   0.198213E-10   0.427407E-10
   0.239160E+06   0.181523E-10   0.171050E-10   0.212261E-10
   0.239180E+06   0.814200E-11   0.141614E-10   0.243706E-12
   0.239200E+06  -0.426783E-11   0.110760E-10  -0.200460E-10
   0.239220E+06  -0.189409E-10   0.799143E-11  -0.394739E-10
   0.239240E+06  -0.355184E-10   0.507419E-11  -0.578556E-10
   0.239260E+06  -0.534204E-10   0.247048E-11  -0.749938E-10
   0.239280E+06  -0.718739E-10   0.265687E-12  -0.906866E-10
   0.239300E+06  -0.899664E-10  -0.154277E-11  -0.104743E-09
   0.239320E+06  -0.106724E-09  -0.305131E-11  -0.117003E-09
   0.239340E+06  -0.121204E-09  -0.443263E-11  -0.127355E-09
   0.239360E+06  -0.132590E-09  -0.589802E-11  -0.135749E-09
   0.239380E+06  -0.140274E-09  -0.765037E-11  -0.142204E-09
   0.239400E+06  -0.143923E-09  -0.983371E-11  -0.146811E-09
   0.239420E+06  -0.143506E-09  -0.124992E-10  -0.149714E-09
   0.239440E+06  -0.139288E-09  -0.155892E-10  -0.151093E-09
   0.239460E+06  -0.131794E-09  -0.189461E-10  -0.151144E-09
   0.239480E+06  -0.121737E-09  -0.223425E-10  -0.150054E-09
   0.239500E+06  -0.109941E-09  -0.255263E-10  -0.147982E-09
   0.239520E+06  -0.972496E-10  -0.282684E-10  -0.145050E-09
   0.239540E+06  -0.844501E-10  -0.304040E-10  -0.141338E-09
   0.239560E+06  -0.722053E-10  -0.318542E-10  -0.136898E-09
   0.239580E+06  -0.610117E-10  -0.326287E-10  -0.131765E-09
   0.239600E+06  -0.511752E-10  -0.328068E-10  -0.125977E-09
   0.239620E+06  -0.428060E-10  -0.325039E-10  -0.119600E-09
   0.239640E+06  -0.358279E-10  -0.318332E-10  -0.112736E-09
   0.239660E+06  -0.299977E-10  -0.308725E-10  -0.105531E-09
   0.239680E+06  -0.249319E-10  -0.296465E-10  -0.981721E-10
   0.239700E+06  -0.201400E-10  -0.281268E-10  -0.908731E-10
   0.239720E+06  -0.150659E-10  -0.262507E-10  -0.838483E-10
   0.239740E+06  -0.913698E-11  -0.239525E-10  -0.772855E-10
   0.239760E+06  -0.182119E-11  -0.211978E-10  -0.713166E-10
   0.239780E+06   0.730843E-11  -0.180113E-10  -0.659925E-10
   0.239800E+06   0.185094E-10  -0.144886E-10  -0.612671E-10
   0.239820E+06   0.318132E-10  -0.107890E-10  -0.569925E-10
   0.239840E+06   0.469864E-10  -0.710849E-11  -0.529274E-10
   0.239860E+06   0.635200E-10  -0.364147E-11  -0.487575E-10
   0.239880E+06   0.806547E-10  -0.537042E-12  -0.441247E-10
   0.239900E+06   0.974423E-10   0.213332E-11  -0.386634E-10
   0.239920E+06   0.112841E-09   0.439213E-11  -0.320372E-10
   0.239940E+06   0.125830E-09   0.634899E-11  -0.239727E-10
   0.239960E+06   0.135532E-09   0.817129E-11  -0.142862E-10
   0.239980E+06   0.141322E-09   0.100389E-10  -0.290095E-11
   0.240000E+06   0.142901E-09   0.120940E-10   0.101473E-10
   0.240020E+06   0.140323E-09   0.143958E-10   0.247128E-10
   0.240040E+06   0.133988E-09   0.168990E-10   0.405550E-10
   0.240060E+06   0.124564E-09   0.194515E-10   0.573563E-10
   0.240080E+06   0.112893E-09   0.218217E-10   0.747445E-10
   0.240100E+06   0.998689E-10   0.237458E-10   0.923152E-10
   0.240120E+06   0.863283E-10   0.249847E-10   0.109651E-09
   0.240140E+06   0.729556E-10   0.253769E-10   0.126338E-09
   0.240160E+06   0.602292E-10   0.248753E-10   0.141973E-09
   0.240180E+06   0.484082E-10   0.235559E-10   0.156174E-09
   0.240200E+06   0.375584E-10   0.216012E-10   0.168578E-09
   0.240220E+06   0.276056E-10   0.192550E-10   0.178842E-09
   0.240240E+06   0.184008E-10   0.167644E-10   0.186645E-09
   0.240260E+06   0.978211E-11   0.143213E-10   0.191690E-09
   0.240280E+06   0.161809E-11   0.120169E-10   0.193714E-09
   0.240300E+06  -0.617310E-11   0.982265E-11   0.192492E-09
   0.240320E+06  -0.136296E-10   0.760097E-11   0.187859E-09
   0.240340E+06  -0.207685E-10   0.514476E-11   0.179727E-09
   0.240360E+06  -0.276149E-10   0.223621E-11   0.168101E-09
   0.240380E+06  -0.342216E-10  -0.128910E-11   0.153102E-09
   0.240400E+06  -0.406722E-10  -0.548851E-11   0.134975E-09
   0.240420E+06  -0.470600E-10  -0.102823E-10   0.114100E-09
   0.240440E+06  -0.534486E-10  -0.154557E-10   0.909844E-10
   0.240460E+06  -0.598215E-10  -0.206925E-10   0.662540E-10
   0.240480E+06  -0.660376E-10  -0.256334E-10   0.406281E-10
   0.240500E+06  -0.718077E-10  -0.299468E-10   0.148873E-10
   0.240520E+06  -0.767038E-10  -0.333910E-10  -0.101646E-10
   0.240540E+06  -0.802075E-10  -0.358598E-10  -0.337428E-10
   0.240560E+06  -0.817926E-10  -0.373940E-10  -0.551241E-10
   0.240580E+06  -0.810291E-10  -0.381599E-10  -0.736850E-10
   0.240600E+06  -0.776868E-10  -0.383973E-10  -0.889331E-10
   0.240620E+06  -0.718165E-10  -0.383510E-10  -0.100529E-09
   0.240640E+06  -0.637860E-10  -0.381979E-10  -0.108298E-09
   0.240660E+06  -0.542624E-10  -0.380064E-10  -0.112228E-09
   0.240680E+06  -0.441290E-10  -0.376912E-10  -0.112460E-09
   0.240700E+06  -0.343563E-10  -0.370389E-10  -0.109270E-09
   0.240720E+06  -0.258435E-10  -0.357500E-10  -0.103035E-09
   0.240740E+06  -0.192616E-10  -0.335075E-10  -0.942095E-10
   0.240760E+06  -0.149269E-10  -0.300536E-10  -0.832867E-10
   0.240780E+06  -0.127308E-10  -0.252575E-10  -0.707712E-10
   0.240800E+06  -0.121425E-10  -0.191567E-10  -0.571494E-10
   0.240820E+06  -0.122858E-10  -0.119656E-10  -0.428681E-10
   0.240840E+06  -0.120763E-10  -0.404346E-11  -0.283182E-10
   0.240860E+06  -0.103976E-10   0.416252E-11  -0.138273E-10
   0.240880E+06  -0.628321E-11   0.121937E-10   0.340343E-12
   0.240900E+06   0.928132E-12   0.196544E-10   0.139765E-10
   0.240920E+06   0.114901E-10   0.262688E-10   0.269158E-10
   0.240940E+06   0.252152E-10   0.319087E-10   0.390169E-10
   0.240960E+06   0.415123E-10   0.365863E-10   0.501424E-10
   0.240980E+06   0.594842E-10   0.404159E-10   0.601373E-10
   0.241000E+06   0.780638E-10   0.435554E-10   0.688117E-10
   0.241020E+06   0.961592E-10   0.461420E-10   0.759273E-10
   0.241040E+06   0.112783E-09   0.482390E-10   0.811932E-10
   0.241060E+06   0.127142E-09   0.498072E-10   0.842695E-10
   0.241080E+06   0.138677E-09   0.507064E-10   0.847820E-10
   0.241100E+06   0.147051E-09   0.507276E-10   0.823457E-10
   0.241120E+06   0.152106E-09   0.496467E-10   0.765962E-10
   0.241140E+06   0.153788E-09   0.472858E-10   0.672253E-10
   0.241160E+06   0.152085E-09   0.435693E-10   0.540193E-10
   0.241180E+06   0.146982E-09   0.385566E-10   0.368928E-10
   0.241200E+06   0.138449E-09   0.324461E-10   0.159168E-10
   0.241220E+06   0.126467E-09   0.255496E-10  -0.866330E-11
   0.241240E+06   0.111086E-09   0.182417E-10  -0.364220E-10
   0.241260E+06   0.924903E-10   0.108971E-10  -0.667611E-10
   0.241280E+06   0.710719E-10   0.383085E-11  -0.989292E-10
   0.241300E+06   0.474663E-10  -0.274645E-11  -0.132054E-09
   0.241320E+06   0.225665E-10  -0.874281E-11  -0.165178E-09
   0.241340E+06  -0.251898E-11  -0.141747E-10  -0.197305E-09
   0.241360E+06  -0.265449E-10  -0.191286E-10  -0.227441E-09
   0.241380E+06  -0.482393E-10  -0.237084E-10  -0.254637E-09
   0.241400E+06  -0.664290E-10  -0.279804E-10  -0.278024E-09
   0.241420E+06  -0.801590E-10  -0.319326E-10  -0.296845E-09
   0.241440E+06  -0.887899E-10  -0.354542E-10  -0.310469E-09
   0.241460E+06  -0.920585E-10  -0.383459E-10  -0.318407E-09
   0.241480E+06  -0.900949E-10  -0.403512E-10  -0.320318E-09
   0.241500E+06  -0.833970E-10  -0.412079E-10  -0.316001E-09
   0.241520E+06  -0.727680E-10  -0.407025E-10  -0.305396E-09
   0.241540E+06  -0.592289E-10  -0.387156E-10  -0.288567E-09
   0.241560E+06  -0.439173E-10  -0.352474E-10  -0.265698E-09
   0.241580E+06  -0.279863E-10  -0.304189E-10  -0.237081E-09
   0.241600E+06  -0.125124E-10  -0.244475E-10  -0.203109E-09
   0.241620E+06   0.158014E-11  -0.176065E-10  -0.164271E-09
   0.241640E+06   0.135734E-10  -0.101775E-10  -0.121152E-09
   0.241660E+06   0.229893E-10  -0.240908E-11  -0.744338E-10
   0.241680E+06   0.296004E-10   0.550832E-11  -0.248942E-10
   0.241700E+06   0.334192E-10   0.134458E-10   0.265874E-10
   0.241720E+06   0.346685E-10   0.213181E-10   0.790337E-10
   0.241740E+06   0.337328E-10   0.290507E-10   0.131376E-09
   0.241760E+06   0.310963E-10   0.365426E-10   0.182468E-09
   0.241780E+06   0.272701E-10   0.436363E-10   0.231112E-09
   0.241800E+06   0.227188E-10   0.501074E-10   0.276089E-09
   0.241820E+06   0.177920E-10   0.556740E-10   0.316206E-09
   0.241840E+06   0.126742E-10   0.600308E-10   0.350347E-09
   0.241860E+06   0.735913E-11   0.628973E-10   0.377525E-09
   0.241880E+06   0.165757E-11   0.640698E-10   0.396937E-09
   0.241900E+06  -0.476256E-11   0.634649E-10   0.408016E-09
   0.241920E+06  -0.123063E-10   0.611414E-10   0.410461E-09
   0.241940E+06  -0.213610E-10   0.572942E-10   0.404265E-09
   0.241960E+06  -0.322049E-10   0.522240E-10   0.389714E-09
   0.241980E+06  -0.449225E-10   0.462823E-10   0.367375E-09
   0.242000E+06  -0.593494E-10   0.398098E-10   0.338064E-09
   0.242020E+06  -0.750546E-10   0.330805E-10   0.302799E-09
   0.242040E+06  -0.913650E-10   0.262645E-10   0.262748E-09
   0.242060E+06  -0.107429E-09   0.194192E-10   0.219170E-09
   0.242080E+06  -0.122309E-09   0.125104E-10   0.173363E-09
   0.242100E+06  -0.135083E-09   0.545752E-11   0.126612E-09
   0.242120E+06  -0.144943E-09  -0.180606E-11   0.801512E-10
   0.242140E+06  -0.151269E-09  -0.927761E-11   0.351365E-10
   0.242160E+06  -0.153678E-09  -0.168449E-10  -0.737724E-11
   0.242180E+06  -0.152022E-09  -0.242744E-10  -0.464481E-10
   0.242200E+06  -0.146372E-09  -0.312321E-10  -0.812579E-10
   0.242220E+06  -0.136970E-09  -0.373324E-10  -0.111122E-09
   0.242240E+06  -0.124178E-09  -0.422055E-10  -0.135499E-09
   0.242260E+06  -0.108437E-09  -0.455665E-10  -0.154005E-09
   0.242280E+06  -0.902436E-10  -0.472716E-10  -0.166431E-09
   0.242300E+06  -0.701443E-10  -0.473454E-10  -0.172751E-09
   0.242320E+06  -0.487528E-10  -0.459751E-10  -0.173135E-09
   0.242340E+06  -0.267696E-10  -0.434709E-10  -0.167952E-09
   0.242360E+06  -0.499582E-11  -0.402025E-10  -0.157756E-09
   0.242380E+06   0.156761E-10  -0.365258E-10  -0.143271E-09
   0.242400E+06   0.343033E-10  -0.327180E-10  -0.125354E-09
   0.242420E+06   0.499662E-10  -0.289376E-10  -0.104951E-09
   0.242440E+06   0.618707E-10  -0.252133E-10  -0.830521E-10
   0.242460E+06   0.694595E-10  -0.214723E-10  -0.606353E-10
   0.242480E+06   0.725139E-10  -0.175937E-10  -0.386228E-10
   0.242500E+06   0.712222E-10  -0.134769E-10  -0.178408E-10
   0.242520E+06   0.661978E-10  -0.910598E-11   0.100895E-11
   0.242540E+06   0.584343E-10  -0.459413E-11   0.173646E-10
   0.242560E+06   0.492036E-10  -0.195354E-12   0.308081E-10
   0.242580E+06   0.399004E-10   0.371849E-11   0.410577E-10
   0.242600E+06   0.318744E-10   0.671845E-11   0.479571E-10
   0.242620E+06   0.262564E-10   0.839354E-11   0.514585E-10
   0.242640E+06   0.238223E-10   0.843179E-11   0.516072E-10
   0.242660E+06   0.249116E-10   0.668536E-11   0.485286E-10
   0.242680E+06   0.294136E-10   0.320547E-11   0.424194E-10
   0.242700E+06   0.368198E-10  -0.176078E-11   0.335410E-10
   0.242720E+06   0.463306E-10  -0.781056E-11   0.222158E-10
   0.242740E+06   0.569922E-10  -0.144546E-10   0.882243E-11
   0.242760E+06   0.678392E-10  -0.211957E-10  -0.621007E-11
   0.242780E+06   0.780136E-10  -0.276049E-10  -0.224127E-10
   0.242800E+06   0.868434E-10  -0.333736E-10  -0.392908E-10
   0.242820E+06   0.938704E-10  -0.383335E-10  -0.563413E-10
   0.242840E+06   0.988300E-10  -0.424415E-10  -0.730716E-10
   0.242860E+06   0.101595E-09  -0.457361E-10  -0.890186E-10
   0.242880E+06   0.102105E-09  -0.482777E-10  -0.103762E-09
   0.242900E+06   0.100295E-09  -0.500901E-10  -0.116937E-09
   0.242920E+06   0.960591E-10  -0.511190E-10  -0.128230E-09
   0.242940E+06   0.892330E-10  -0.512193E-10  -0.137384E-09
   0.242960E+06   0.796243E-10  -0.501741E-10  -0.144183E-09
   0.242980E+06   0.670645E-10  -0.477431E-10  -0.148440E-09
   0.243000E+06   0.514751E-10  -0.437262E-10  -0.149993E-09
   0.243020E+06   0.329291E-10  -0.380283E-10  -0.148692E-09
   0.243040E+06   0.116914E-10  -0.307070E-10  -0.144402E-09
   0.243060E+06  -0.117726E-10  -0.219930E-10  -0.137009E-09
   0.243080E+06  -0.368215E-10  -0.122716E-10  -0.126439E-09
   0.243100E+06  -0.626924E-10  -0.203583E-11  -0.112674E-09
   0.243120E+06  -0.885698E-10   0.818470E-11  -0.957827E-10
   0.243140E+06  -0.113656E-09   0.179019E-10  -0.759390E-10
   0.243160E+06  -0.137228E-09   0.267363E-10  -0.534432E-10
   0.243180E+06  -0.158664E-09   0.344588E-10  -0.287304E-10
   0.243200E+06  -0.177452E-09   0.410014E-10  -0.236788E-11
   0.243220E+06  -0.193164E-09   0.464212E-10   0.249583E-10
   0.243240E+06  -0.205425E-09   0.508651E-10   0.524723E-10
   0.243260E+06  -0.213880E-09   0.544915E-10   0.793436E-10
   0.243280E+06  -0.218174E-09   0.574132E-10   0.104730E-09
   0.243300E+06  -0.217967E-09   0.596542E-10   0.127824E-09
   0.243320E+06  -0.212963E-09   0.611376E-10   0.147889E-09
   0.243340E+06  -0.202969E-09   0.617037E-10   0.164300E-09
   0.243360E+06  -0.187959E-09   0.611565E-10   0.176564E-09
   0.243380E+06  -0.168140E-09   0.593220E-10   0.184336E-09
   0.243400E+06  -0.143982E-09   0.561098E-10   0.187422E-09
   0.243420E+06  -0.116226E-09   0.515535E-10   0.185768E-09
   0.243440E+06  -0.858426E-10   0.458264E-10   0.179454E-09
   0.243460E+06  -0.539649E-10   0.392253E-10   0.168673E-09
   0.243480E+06  -0.217871E-10   0.321254E-10   0.153719E-09
   0.243500E+06   0.953728E-11   0.249186E-10   0.134973E-09
   0.243520E+06   0.389880E-10   0.179489E-10   0.112895E-09
   0.243540E+06   0.657432E-10   0.114606E-10   0.880277E-10
   0.243560E+06   0.892072E-10   0.557168E-11   0.609893E-10
   0.243580E+06   0.109001E-09   0.277741E-12   0.324821E-10
   0.243600E+06   0.124921E-09  -0.451517E-11   0.328881E-11
   0.243620E+06   0.136884E-09  -0.893780E-11  -0.257338E-10
   0.243640E+06   0.144868E-09  -0.130991E-10  -0.536722E-10
   0.243660E+06   0.148877E-09  -0.170367E-10  -0.795839E-10
   0.243680E+06   0.148928E-09  -0.206901E-10  -0.102538E-09
   0.243700E+06   0.145071E-09  -0.239028E-10  -0.121665E-09
   0.243720E+06   0.137438E-09  -0.264517E-10  -0.136214E-09
   0.243740E+06   0.126301E-09  -0.281001E-10  -0.145605E-09
   0.243760E+06   0.112130E-09  -0.286576E-10  -0.149485E-09
   0.243780E+06   0.956288E-10  -0.280325E-10  -0.147764E-09
   0.243800E+06   0.777374E-10  -0.262647E-10  -0.140638E-09
   0.243820E+06   0.595907E-10  -0.235294E-10  -0.128586E-09
   0.243840E+06   0.424407E-10  -0.201109E-10  -0.112352E-09
   0.243860E+06   0.275428E-10  -0.163547E-10  -0.928974E-10
   0.243880E+06   0.160398E-10  -0.126036E-10  -0.713365E-10
   0.243900E+06   0.883984E-11  -0.914163E-11  -0.488648E-10
   0.243920E+06   0.652329E-11  -0.615320E-11  -0.266757E-10
   0.243940E+06   0.928536E-11  -0.370772E-11  -0.588113E-11
   0.243960E+06   0.169214E-10  -0.177344E-11   0.125597E-10
   0.243980E+06   0.288550E-10  -0.254565E-12   0.278967E-10
   0.244000E+06   0.442001E-10   0.959275E-12   0.396278E-10
   0.244020E+06   0.618475E-10   0.194387E-11   0.475167E-10
   0.244040E+06   0.805616E-10   0.270975E-11   0.515918E-10
   0.244060E+06   0.990750E-10   0.319238E-11   0.521260E-10
   0.244080E+06   0.116175E-09   0.327184E-11   0.496018E-10
   0.244100E+06   0.130773E-09   0.281472E-11   0.446654E-10
   0.244120E+06   0.141964E-09   0.172738E-11   0.380733E-10
   0.244140E+06   0.149065E-09   0.590700E-14   0.306362E-10
   0.244160E+06   0.151651E-09  -0.223199E-11   0.231637E-10
   0.244180E+06   0.149566E-09  -0.474350E-11   0.164115E-10
   0.244200E+06   0.142936E-09  -0.718932E-11   0.110359E-10
   0.244220E+06   0.132157E-09  -0.918989E-11   0.755580E-11
   0.244240E+06   0.117863E-09  -0.103971E-10   0.632511E-11
   0.244260E+06   0.100882E-09  -0.105653E-10   0.751639E-11
   0.244280E+06   0.821588E-10  -0.960447E-11   0.111168E-10
   0.244300E+06   0.626779E-10  -0.760209E-11   0.169361E-10
   0.244320E+06   0.433685E-10  -0.480693E-11   0.246268E-10
   0.244340E+06   0.250241E-10  -0.157916E-11   0.337128E-10
   0.244360E+06   0.824163E-11   0.168727E-11   0.436271E-10
   0.244380E+06  -0.661039E-11   0.464556E-11   0.537520E-10
   0.244400E+06  -0.193851E-10   0.706741E-11   0.634591E-10
   0.244420E+06  -0.301167E-10   0.888555E-11   0.721464E-10
   0.244440E+06  -0.389536E-10   0.101977E-10   0.792688E-10
   0.244460E+06  -0.460815E-10   0.112310E-10   0.843591E-10
   0.244480E+06  -0.516538E-10   0.122760E-10   0.870407E-10
   0.244500E+06  -0.557444E-10   0.136033E-10   0.870352E-10
   0.244520E+06  -0.583406E-10   0.153889E-10   0.841579E-10
   0.244540E+06  -0.593701E-10   0.176586E-10   0.783181E-10
   0.244560E+06  -0.587627E-10   0.202709E-10   0.695160E-10
   0.244580E+06  -0.565286E-10   0.229405E-10   0.578434E-10
   0.244600E+06  -0.528327E-10   0.252979E-10   0.434883E-10
   0.244620E+06  -0.480436E-10   0.269710E-10   0.267415E-10
   0.244640E+06  -0.427384E-10   0.276692E-10   0.800479E-11
   0.244660E+06  -0.376565E-10   0.272489E-10  -0.122055E-10
   0.244680E+06  -0.336029E-10   0.257491E-10  -0.332605E-10
   0.244700E+06  -0.313187E-10   0.233817E-10  -0.544339E-10
   0.244720E+06  -0.313408E-10   0.204849E-10  -0.749293E-10
   0.244740E+06  -0.338803E-10   0.174472E-10  -0.939216E-10
   0.244760E+06  -0.387462E-10   0.146222E-10  -0.110609E-09
   0.244780E+06  -0.453346E-10   0.122530E-10  -0.124272E-09
   0.244800E+06  -0.526894E-10   0.104248E-10  -0.134332E-09
   0.244820E+06  -0.596280E-10   0.905724E-11  -0.140399E-09
   0.244840E+06  -0.649123E-10   0.793684E-11  -0.142308E-09
   0.244860E+06  -0.674322E-10   0.678206E-11  -0.140130E-09
   0.244880E+06  -0.663724E-10   0.532478E-11  -0.134162E-09
   0.244900E+06  -0.613292E-10   0.338793E-11  -0.124892E-09
   0.244920E+06  -0.523592E-10   0.940259E-12  -0.112944E-09
   0.244940E+06  -0.399535E-10  -0.188519E-11  -0.990128E-10
   0.244960E+06  -0.249454E-10  -0.481356E-11  -0.837873E-10
   0.244980E+06  -0.837342E-11  -0.748770E-11  -0.678899E-10
   0.245000E+06   0.867203E-11  -0.954639E-11  -0.518212E-10
   0.245020E+06   0.251865E-10  -0.107092E-10  -0.359295E-10
   0.245040E+06   0.403500E-10  -0.108422E-10  -0.204035E-10
   0.245060E+06   0.535720E-10  -0.999119E-11  -0.528798E-11
   0.245080E+06   0.644809E-10  -0.837456E-11   0.947941E-11
   0.245100E+06   0.728710E-10  -0.633779E-11   0.240180E-10
   0.245120E+06   0.786291E-10  -0.427963E-11   0.384480E-10
   0.245140E+06   0.816599E-10  -0.257109E-11   0.528353E-10
   0.245160E+06   0.818492E-10  -0.147807E-11   0.671503E-10
   0.245180E+06   0.790576E-10  -0.111696E-11   0.812378E-10
   0.245200E+06   0.731640E-10  -0.144367E-11   0.948089E-10
   0.245220E+06   0.641413E-10  -0.228136E-11   0.107451E-09
   0.245240E+06   0.521459E-10  -0.337823E-11   0.118657E-09
   0.245260E+06   0.375936E-10  -0.448013E-11   0.127863E-09
   0.245280E+06   0.211983E-10  -0.539944E-11   0.134500E-09
   0.245300E+06   0.395287E-11  -0.606458E-11   0.138041E-09
   0.245320E+06  -0.129509E-10  -0.653370E-11   0.138054E-09
   0.245340E+06  -0.282583E-10  -0.697666E-11   0.134234E-09
   0.245360E+06  -0.408214E-10  -0.762465E-11   0.126436E-09
   0.245380E+06  -0.497727E-10  -0.870329E-11   0.114691E-09
   0.245400E+06  -0.546712E-10  -0.103662E-10   0.992075E-10
   0.245420E+06  -0.555900E-10  -0.126458E-10   0.803625E-10
   0.245440E+06  -0.531287E-10  -0.154343E-10   0.586845E-10
   0.245460E+06  -0.483436E-10  -0.184994E-10   0.348250E-10
   0.245480E+06  -0.426075E-10  -0.215315E-10   0.952630E-11
   0.245500E+06  -0.374195E-10  -0.242100E-10  -0.164157E-10
   0.245520E+06  -0.341974E-10  -0.262729E-10  -0.421887E-10
   0.245540E+06  -0.340860E-10  -0.275723E-10  -0.670015E-10
   0.245560E+06  -0.378106E-10  -0.281026E-10  -0.901182E-10
   0.245580E+06  -0.455950E-10  -0.279943E-10  -0.110888E-09
   0.245600E+06  -0.571537E-10  -0.274753E-10  -0.128771E-09
   0.245620E+06  -0.717521E-10  -0.268118E-10  -0.143354E-09
   0.245640E+06  -0.883186E-10  -0.262387E-10  -0.154362E-09
   0.245660E+06  -0.105589E-09  -0.259042E-10  -0.161659E-09
   0.245680E+06  -0.122258E-09  -0.258369E-10  -0.165246E-09
   0.245700E+06  -0.137112E-09  -0.259451E-10  -0.165243E-09
   0.245720E+06  -0.149136E-09  -0.260478E-10  -0.161876E-09
   0.245740E+06  -0.157582E-09  -0.259298E-10  -0.155453E-09
   0.245760E+06  -0.162004E-09  -0.253860E-10  -0.146347E-09
   0.245780E+06  -0.162198E-09  -0.243648E-10  -0.134917E-09
   0.245800E+06  -0.158289E-09  -0.228494E-10  -0.121603E-09
   0.245820E+06  -0.150598E-09  -0.209701E-10  -0.106807E-09
   0.245840E+06  -0.139617E-09  -0.189432E-10  -0.909024E-10
   0.245860E+06  -0.125961E-09  -0.170161E-10  -0.742277E-10
   0.245880E+06  -0.110312E-09  -0.154013E-10  -0.570803E-10
   0.245900E+06  -0.933727E-10  -0.142182E-10  -0.397192E-10
   0.245920E+06  -0.758180E-10  -0.134562E-10  -0.223716E-10
   0.245940E+06  -0.582497E-10  -0.129722E-10  -0.524389E-11
   0.245960E+06  -0.411586E-10  -0.125194E-10   0.114684E-10
   0.245980E+06  -0.248992E-10  -0.118077E-10   0.275688E-10
   0.246000E+06  -0.967936E-11  -0.105759E-10   0.428531E-10
   0.246020E+06   0.442984E-11  -0.865993E-11   0.571061E-10
   0.246040E+06   0.174652E-10  -0.604080E-11   0.701047E-10
   0.246060E+06   0.295261E-10  -0.285788E-11   0.816274E-10
   0.246080E+06   0.407225E-10   0.615136E-12   0.914683E-10
   0.246100E+06   0.511240E-10   0.402745E-11   0.994544E-10
   0.246120E+06   0.607242E-10   0.702826E-11   0.105464E-09
   0.246140E+06   0.694256E-10   0.934561E-11   0.109443E-09
   0.246160E+06   0.770529E-10   0.108483E-10   0.111415E-09
   0.246180E+06   0.833889E-10   0.115756E-10   0.111485E-09
   0.246200E+06   0.882282E-10   0.117285E-10   0.109837E-09
   0.246220E+06   0.914339E-10   0.116229E-10   0.106718E-09
   0.246240E+06   0.929843E-10   0.116184E-10   0.102417E-09
   0.246260E+06   0.929956E-10   0.120359E-10   0.972453E-10
   0.246280E+06   0.917157E-10   0.130902E-10   0.915093E-10
   0.246300E+06   0.894847E-10   0.148455E-10   0.854878E-10
   0.246320E+06   0.866716E-10   0.172101E-10   0.794169E-10
   0.246340E+06   0.836022E-10   0.199688E-10   0.734825E-10
   0.246360E+06   0.804918E-10   0.228432E-10   0.678207E-10
   0.246380E+06   0.774021E-10   0.255666E-10   0.625275E-10
   0.246400E+06   0.742332E-10   0.279521E-10   0.576740E-10
   0.246420E+06   0.707491E-10   0.299356E-10   0.533217E-10
   0.246440E+06   0.666473E-10   0.315897E-10   0.495420E-10
   0.246460E+06   0.616355E-10   0.330941E-10   0.464248E-10
   0.246480E+06   0.555155E-10   0.346788E-10   0.440839E-10
   0.246500E+06   0.482455E-10   0.365513E-10   0.426512E-10
   0.246520E+06   0.399657E-10   0.388269E-10   0.422645E-10
   0.246540E+06   0.309813E-10   0.414811E-10   0.430471E-10
   0.246560E+06   0.217027E-10   0.443363E-10   0.450844E-10
   0.246580E+06   0.125556E-10   0.470867E-10   0.483995E-10
   0.246600E+06   0.388381E-11   0.493605E-10   0.529336E-10
   0.246620E+06  -0.413633E-11   0.507978E-10   0.585312E-10
   0.246640E+06  -0.115451E-10   0.511306E-10   0.649343E-10
   0.246660E+06  -0.186003E-10   0.502445E-10   0.717859E-10
   0.246680E+06  -0.257259E-10   0.482037E-10   0.786431E-10
   0.246700E+06  -0.334178E-10   0.452362E-10   0.849970E-10
   0.246720E+06  -0.421265E-10   0.416789E-10   0.902994E-10
   0.246740E+06  -0.521395E-10   0.378972E-10   0.939936E-10
   0.246760E+06  -0.634920E-10   0.341982E-10   0.955464E-10
   0.246780E+06  -0.759237E-10   0.307583E-10   0.944803E-10
   0.246800E+06  -0.888922E-10   0.275831E-10   0.904038E-10
   0.246820E+06  -0.101642E-09   0.245111E-10   0.830391E-10
   0.246840E+06  -0.113313E-09   0.212594E-10   0.722448E-10
   0.246860E+06  -0.123066E-09   0.175025E-10   0.580331E-10
   0.246880E+06  -0.130201E-09   0.129650E-10   0.405800E-10
   0.246900E+06  -0.134239E-09   0.750430E-11   0.202263E-10
   0.246920E+06  -0.134962E-09   0.116851E-11  -0.252976E-11
   0.246940E+06  -0.132391E-09  -0.579335E-11  -0.270517E-10
   0.246960E+06  -0.126730E-09  -0.129651E-10  -0.525937E-10
   0.246980E+06  -0.118279E-09  -0.198373E-10  -0.783386E-10
   0.247000E+06  -0.107347E-09  -0.259044E-10  -0.103443E-09
   0.247020E+06  -0.941812E-10  -0.307627E-10  -0.127085E-09
   0.247040E+06  -0.789441E-10  -0.341867E-10  -0.148513E-09
   0.247060E+06  -0.617233E-10  -0.361688E-10  -0.167083E-09
   0.247080E+06  -0.425887E-10  -0.369073E-10  -0.182298E-09
   0.247100E+06  -0.216655E-10  -0.367562E-10  -0.193820E-09
   0.247120E+06   0.792221E-12  -0.361400E-10  -0.201485E-09
   0.247140E+06   0.243522E-10  -0.354588E-10  -0.205284E-09
   0.247160E+06   0.483988E-10  -0.350037E-10  -0.205350E-09
   0.247180E+06   0.721778E-10  -0.349028E-10  -0.201927E-09
   0.247200E+06   0.948864E-10  -0.351077E-10  -0.195331E-09
   0.247220E+06   0.115791E-09  -0.354246E-10  -0.185922E-09
   0.247240E+06   0.134347E-09  -0.355748E-10  -0.174069E-09
   0.247260E+06   0.150292E-09  -0.352764E-10  -0.160127E-09
   0.247280E+06   0.163688E-09  -0.343194E-10  -0.144422E-09
   0.247300E+06   0.174900E-09  -0.326188E-10  -0.127242E-09
   0.247320E+06   0.184506E-09  -0.302322E-10  -0.108842E-09
   0.247340E+06   0.193165E-09  -0.273393E-10  -0.894484E-10
   0.247360E+06   0.201453E-09  -0.241885E-10  -0.692709E-10
   0.247380E+06   0.209717E-09  -0.210275E-10  -0.485157E-10
   0.247400E+06   0.217967E-09  -0.180348E-10  -0.273981E-10
   0.247420E+06   0.225834E-09  -0.152723E-10  -0.615351E-11
   0.247440E+06   0.232605E-09  -0.126711E-10   0.149530E-10
   0.247460E+06   0.237336E-09  -0.100554E-10   0.356206E-10
   0.247480E+06   0.239001E-09  -0.719840E-11   0.555088E-10
   0.247500E+06   0.236679E-09  -0.389714E-11   0.742370E-10
   0.247520E+06   0.229711E-09  -0.462228E-13   0.913875E-10
   0.247540E+06   0.217817E-09   0.430703E-11   0.106511E-09
   0.247560E+06   0.201145E-09   0.894579E-11   0.119142E-09
   0.247580E+06   0.180242E-09   0.135037E-10   0.128811E-09
   0.247600E+06   0.155962E-09   0.175245E-10   0.135070E-09
   0.247620E+06   0.129324E-09   0.205461E-10   0.137516E-09
   0.247640E+06   0.101366E-09   0.221893E-10   0.135825E-09
   0.247660E+06   0.730005E-10   0.222320E-10   0.129775E-09
   0.247680E+06   0.449313E-10   0.206511E-10   0.119281E-09
   0.247700E+06   0.176065E-10   0.176199E-10   0.104410E-09
   0.247720E+06  -0.874867E-11   0.134716E-10   0.854012E-10
   0.247740E+06  -0.340688E-10   0.862376E-11   0.626659E-10
   0.247760E+06  -0.583526E-10   0.349511E-11   0.367848E-10
   0.247780E+06  -0.815696E-10  -0.157229E-11   0.848964E-11
   0.247800E+06  -0.103591E-09  -0.636448E-11  -0.213608E-10
   0.247820E+06  -0.124159E-09  -0.108101E-10  -0.518130E-10
   0.247840E+06  -0.142905E-09  -0.149552E-10  -0.818539E-10
   0.247860E+06  -0.159404E-09  -0.189087E-10  -0.110449E-09
   0.247880E+06  -0.173250E-09  -0.227678E-10  -0.136580E-09
   0.247900E+06  -0.184141E-09  -0.265530E-10  -0.159280E-09
   0.247920E+06  -0.191932E-09  -0.301626E-10  -0.177664E-09
   0.247940E+06  -0.196668E-09  -0.333633E-10  -0.190968E-09
   0.247960E+06  -0.198567E-09  -0.358203E-10  -0.198569E-09
   0.247980E+06  -0.197964E-09  -0.371597E-10  -0.200016E-09
   0.248000E+06  -0.195233E-09  -0.370492E-10  -0.195049E-09
   0.248020E+06  -0.190705E-09  -0.352757E-10  -0.183620E-09
   0.248040E+06  -0.184597E-09  -0.318032E-10  -0.165901E-09
   0.248060E+06  -0.176967E-09  -0.267929E-10  -0.142285E-09
   0.248080E+06  -0.167721E-09  -0.205821E-10  -0.113384E-09
   0.248100E+06  -0.156649E-09  -0.136256E-10  -0.800027E-10
   0.248120E+06  -0.143498E-09  -0.641237E-11  -0.431093E-10
   0.248140E+06  -0.128061E-09   0.620914E-12  -0.379740E-11
   0.248160E+06  -0.110260E-09   0.716184E-11   0.367636E-10
   0.248180E+06  -0.902180E-10   0.130589E-10   0.773775E-10
   0.248200E+06  -0.682819E-10   0.183209E-10   0.116872E-09
   0.248220E+06  -0.450217E-10   0.230727E-10   0.154141E-09
   0.248240E+06  -0.211849E-10   0.274852E-10   0.188181E-09
   0.248260E+06   0.237605E-11   0.316958E-10   0.218113E-09
   0.248280E+06   0.247910E-10   0.357407E-10   0.243199E-09
   0.248300E+06   0.452613E-10   0.395161E-10   0.262847E-09
   0.248320E+06   0.631378E-10   0.427830E-10   0.276604E-09
   0.248340E+06   0.779761E-10   0.451974E-10   0.284156E-09
   0.248360E+06   0.895732E-10   0.464031E-10   0.285318E-09
   0.248380E+06   0.979735E-10   0.461020E-10   0.280033E-09
   0.248400E+06   0.103455E-09   0.441338E-10   0.268372E-09
   0.248420E+06   0.106500E-09   0.405239E-10   0.250537E-09
   0.248440E+06   0.107741E-09   0.354894E-10   0.226868E-09
   0.248460E+06   0.107910E-09   0.294016E-10   0.197851E-09
   0.248480E+06   0.107765E-09   0.227133E-10   0.164116E-09
   0.248500E+06   0.108013E-09   0.158655E-10   0.126439E-09
   0.248520E+06   0.109236E-09   0.920278E-11   0.857316E-10
   0.248540E+06   0.111807E-09   0.290828E-11   0.430182E-10
   0.248560E+06   0.115836E-09  -0.301649E-11  -0.587970E-12
   0.248580E+06   0.121122E-09  -0.872633E-11  -0.439204E-10
   0.248600E+06   0.127152E-09  -0.144655E-10  -0.857982E-10
   0.248620E+06   0.133134E-09  -0.204756E-10  -0.125067E-09
   0.248640E+06   0.138075E-09  -0.269006E-10  -0.160640E-09
   0.248660E+06   0.140897E-09  -0.337124E-10  -0.191538E-09
   0.248680E+06   0.140573E-09  -0.406761E-10  -0.216921E-09
   0.248700E+06   0.136274E-09  -0.473649E-10  -0.236123E-09
   0.248720E+06   0.127485E-09  -0.532221E-10  -0.248671E-09
   0.248740E+06   0.114093E-09  -0.576584E-10  -0.254310E-09
   0.248760E+06   0.964000E-10  -0.601612E-10  -0.253009E-09
   0.248780E+06   0.750933E-10  -0.603930E-10  -0.244970E-09
   0.248800E+06   0.511402E-10  -0.582556E-10  -0.230620E-09
   0.248820E+06   0.256527E-10  -0.539081E-10  -0.210596E-09
   0.248840E+06  -0.263772E-12  -0.477299E-10  -0.185722E-09
   0.248860E+06  -0.256471E-10  -0.402471E-10  -0.156965E-09
   0.248880E+06  -0.497735E-10  -0.320311E-10  -0.125396E-09
   0.248900E+06  -0.721926E-10  -0.235991E-10  -0.921254E-10
   0.248920E+06  -0.927001E-10  -0.153349E-10  -0.582533E-10
   0.248940E+06  -0.111255E-09  -0.745094E-11  -0.248063E-10
   0.248960E+06  -0.127865E-09   0.623328E-14   0.731160E-11
   0.248980E+06  -0.142474E-09   0.710463E-11   0.373561E-10
   0.249000E+06  -0.154868E-09   0.139566E-10   0.647692E-10
   0.249020E+06  -0.164645E-09   0.206349E-10   0.891827E-10
   0.249040E+06  -0.171243E-09   0.271092E-10   0.110407E-09
   0.249060E+06  -0.174039E-09   0.332143E-10   0.128404E-09
   0.249080E+06  -0.172486E-09   0.386613E-10   0.143250E-09
   0.249100E+06  -0.166267E-09   0.430875E-10   0.155089E-09
   0.249120E+06  -0.155430E-09   0.461332E-10   0.164095E-09
   0.249140E+06  -0.140469E-09   0.475254E-10   0.170435E-09
   0.249160E+06  -0.122331E-09   0.471499E-10   0.174243E-09
   0.249180E+06  -0.102336E-09   0.450876E-10   0.175613E-09
   0.249200E+06  -0.820260E-10   0.416101E-10   0.174600E-09
   0.249220E+06  -0.629692E-10   0.371341E-10   0.171235E-09
   0.249240E+06  -0.465503E-10   0.321426E-10   0.165552E-09
   0.249260E+06  -0.337910E-10   0.270956E-10   0.157612E-09
   0.249280E+06  -0.252329E-10   0.223480E-10   0.147529E-09
   0.249300E+06  -0.209036E-10   0.180975E-10   0.135491E-09
   0.249320E+06  -0.203695E-10   0.143717E-10   0.121766E-09
   0.249340E+06  -0.228610E-10   0.110589E-10   0.106704E-09
   0.249360E+06  -0.274421E-10   0.797167E-11   0.907237E-10
   0.249380E+06  -0.331864E-10   0.492847E-11   0.742872E-10
   0.249400E+06  -0.393254E-10   0.182967E-11   0.578764E-10
   0.249420E+06  -0.453390E-10  -0.129064E-11   0.419609E-10
   0.249440E+06  -0.509740E-10  -0.425123E-11   0.269705E-10
   0.249460E+06  -0.561963E-10  -0.675460E-11   0.132708E-10
   0.249480E+06  -0.610896E-10  -0.844954E-11   0.114829E-11
   0.249500E+06  -0.657358E-10  -0.901832E-11  -0.919838E-11
   0.249520E+06  -0.701047E-10  -0.825965E-11  -0.176587E-10
   0.249540E+06  -0.739847E-10  -0.614951E-11  -0.242043E-10
   0.249560E+06  -0.769705E-10  -0.286351E-11  -0.288798E-10
   0.249580E+06  -0.785123E-10   0.124579E-11  -0.317918E-10
   0.249600E+06  -0.780139E-10   0.571224E-11  -0.330998E-10
   0.249620E+06  -0.749546E-10   0.100429E-10  -0.330065E-10
   0.249640E+06  -0.690111E-10   0.138151E-10  -0.317590E-10
   0.249660E+06  -0.601410E-10   0.167500E-10  -0.296451E-10
   0.249680E+06  -0.486161E-10   0.187537E-10  -0.269944E-10
   0.249700E+06  -0.349938E-10   0.199133E-10  -0.241779E-10
   0.249720E+06  -0.200332E-10   0.204499E-10  -0.216037E-10
   0.249740E+06  -0.457705E-11   0.206414E-10  -0.197078E-10
   0.249760E+06   0.105763E-10   0.207352E-10  -0.189358E-10
   0.249780E+06   0.247797E-10   0.208715E-10  -0.197198E-10
   0.249800E+06   0.376043E-10   0.210410E-10  -0.224464E-10
   0.249820E+06   0.488493E-10   0.210827E-10  -0.274250E-10
   0.249840E+06   0.585010E-10   0.207257E-10  -0.348547E-10
   0.249860E+06   0.666511E-10   0.196646E-10  -0.447988E-10
   0.249880E+06   0.734002E-10   0.176482E-10  -0.571682E-10
   0.249900E+06   0.787706E-10   0.145583E-10  -0.717192E-10
   0.249920E+06   0.826523E-10   0.104600E-10  -0.880656E-10
   0.249940E+06   0.847973E-10   0.560717E-11  -0.105705E-09
   0.249960E+06   0.848623E-10   0.401796E-12  -0.124058E-09
   0.249980E+06   0.824926E-10  -0.468412E-11  -0.142510E-09
   0.250000E+06   0.774255E-10  -0.920622E-11  -0.160459E-09
   0.250020E+06   0.695881E-10  -0.128411E-10  -0.177353E-09
   0.250040E+06   0.591677E-10  -0.154528E-10  -0.192718E-09
   0.250060E+06   0.466351E-10  -0.171153E-10  -0.206175E-09
   0.250080E+06   0.327164E-10  -0.180853E-10  -0.217430E-09
   0.250100E+06   0.183158E-10  -0.187334E-10  -0.226271E-09
   0.250120E+06   0.440893E-11  -0.194442E-10  -0.232533E-09
   0.250140E+06  -0.807692E-11  -0.205179E-10  -0.236075E-09
   0.250160E+06  -0.183686E-10  -0.220912E-10  -0.236761E-09
   0.250180E+06  -0.259215E-10  -0.240990E-10  -0.234440E-09
   0.250200E+06  -0.304526E-10  -0.262872E-10  -0.228947E-09
   0.250220E+06  -0.319304E-10  -0.282730E-10  -0.220123E-09
   0.250240E+06  -0.305297E-10  -0.296380E-10  -0.207836E-09
   0.250260E+06  -0.265750E-10  -0.300348E-10  -0.192021E-09
   0.250280E+06  -0.204677E-10  -0.292718E-10  -0.172711E-09
   0.250300E+06  -0.126416E-10  -0.273681E-10  -0.150075E-09
   0.250320E+06  -0.353316E-11  -0.245546E-10  -0.124430E-09
   0.250340E+06   0.642454E-11  -0.212240E-10  -0.962442E-10
   0.250360E+06   0.167911E-10  -0.178419E-10  -0.661220E-10
   0.250380E+06   0.271047E-10  -0.148397E-10  -0.347677E-10
   0.250400E+06   0.368761E-10  -0.125145E-10  -0.294133E-11
   0.250420E+06   0.456012E-10  -0.109640E-10   0.285908E-10
   0.250440E+06   0.527977E-10  -0.100654E-10   0.591055E-10
   0.250460E+06   0.580577E-10  -0.951321E-11   0.879598E-10
   0.250480E+06   0.611094E-10  -0.889981E-11   0.114617E-09
   0.250500E+06   0.618705E-10  -0.782303E-11   0.138655E-09
   0.250520E+06   0.604786E-10  -0.599400E-11   0.159767E-09
   0.250540E+06   0.572864E-10  -0.331937E-11   0.177742E-09
   0.250560E+06   0.528186E-10   0.623426E-13   0.192455E-09
   0.250580E+06   0.476956E-10   0.379932E-11   0.203847E-09
   0.250600E+06   0.425365E-10   0.739613E-11   0.211923E-09
   0.250620E+06   0.378617E-10   0.103183E-10   0.216748E-09
   0.250640E+06   0.340162E-10   0.121076E-10   0.218461E-09
   0.250660E+06   0.311271E-10   0.124805E-10   0.217286E-09
   0.250680E+06   0.291085E-10   0.113880E-10   0.213546E-09
   0.250700E+06   0.277088E-10   0.902256E-11   0.207670E-09
   0.250720E+06   0.265917E-10   0.577246E-11   0.200180E-09
   0.250740E+06   0.254313E-10   0.213253E-11   0.191671E-09
   0.250760E+06   0.240009E-10  -0.140035E-11   0.182766E-09
   0.250780E+06   0.222331E-10  -0.443081E-11   0.174062E-09
   0.250800E+06   0.202403E-10  -0.673610E-11   0.166069E-09
   0.250820E+06   0.182914E-10  -0.829181E-11   0.159152E-09
   0.250840E+06   0.167505E-10  -0.924758E-11   0.153486E-09
   0.250860E+06   0.159937E-10  -0.986046E-11   0.149032E-09
   0.250880E+06   0.163246E-10  -0.104003E-10   0.145538E-09
   0.250900E+06   0.179008E-10  -0.110787E-10   0.142572E-09
   0.250920E+06   0.207019E-10  -0.119515E-10   0.139572E-09
   0.250940E+06   0.245306E-10  -0.129156E-10   0.135920E-09
   0.250960E+06   0.290501E-10  -0.137248E-10   0.131022E-09
   0.250980E+06   0.338467E-10  -0.140549E-10   0.124377E-09
   0.251000E+06   0.385000E-10  -0.135925E-10   0.115642E-09
   0.251020E+06   0.426445E-10  -0.121274E-10   0.104663E-09
   0.251040E+06   0.460089E-10  -0.962281E-11   0.914914E-10
   0.251060E+06   0.484252E-10  -0.624673E-11   0.763656E-10
   0.251080E+06   0.498150E-10  -0.235052E-11   0.596781E-10
   0.251100E+06   0.501555E-10   0.159342E-11   0.419254E-10
   0.251120E+06   0.494458E-10   0.508776E-11   0.236554E-10
   0.251140E+06   0.476840E-10   0.771403E-11   0.541766E-11
   0.251160E+06   0.448665E-10   0.922003E-11  -0.122753E-10
   0.251180E+06   0.410123E-10   0.956978E-11  -0.289724E-10
   0.251200E+06   0.362046E-10   0.894412E-11  -0.442940E-10
   0.251220E+06   0.306387E-10   0.769187E-11  -0.579304E-10
   0.251240E+06   0.246555E-10   0.624354E-11  -0.696332E-10
   0.251260E+06   0.187475E-10   0.500855E-11  -0.792051E-10
   0.251280E+06   0.135244E-10   0.428080E-11  -0.864942E-10
   0.251300E+06   0.963823E-11   0.417498E-11  -0.913944E-10
   0.251320E+06   0.767879E-11   0.460875E-11  -0.938546E-10
   0.251340E+06   0.805808E-11   0.533393E-11  -0.938930E-10
   0.251360E+06   0.109100E-10   0.600873E-11  -0.916137E-10
   0.251380E+06   0.160289E-10   0.629030E-11  -0.872212E-10
   0.251400E+06   0.228686E-10   0.593010E-11  -0.810236E-10
   0.251420E+06   0.306048E-10   0.483961E-11  -0.734273E-10
   0.251440E+06   0.382560E-10   0.311794E-11  -0.649151E-10
   0.251460E+06   0.448420E-10   0.103136E-11  -0.560131E-10
   0.251480E+06   0.495480E-10  -0.104863E-11  -0.472479E-10
   0.251500E+06   0.518620E-10  -0.273285E-11  -0.391011E-10
   0.251520E+06   0.516564E-10  -0.370467E-11  -0.319660E-10
   0.251540E+06   0.491863E-10  -0.379421E-11  -0.261183E-10
   0.251560E+06   0.450249E-10  -0.300786E-11  -0.216954E-10
   0.251580E+06   0.399194E-10  -0.152094E-11  -0.187000E-10
   0.251600E+06   0.346185E-10   0.375498E-12  -0.170174E-10
   0.251620E+06   0.296990E-10   0.235457E-11  -0.164488E-10
   0.251640E+06   0.254313E-10   0.413969E-11  -0.167529E-10
   0.251660E+06   0.217113E-10   0.557463E-11  -0.176895E-10
   0.251680E+06   0.180754E-10   0.665940E-11  -0.190587E-10
   0.251700E+06   0.137946E-10   0.754071E-11  -0.207297E-10
   0.251720E+06   0.803054E-11   0.846518E-11  -0.226526E-10
   0.251740E+06   0.165823E-13   0.969897E-11  -0.248575E-10
   0.251760E+06  -0.107705E-10   0.114424E-10  -0.274368E-10
   0.251780E+06  -0.244853E-10   0.137592E-10  -0.305185E-10
   0.251800E+06  -0.408597E-10   0.165401E-10  -0.342341E-10
   0.251820E+06  -0.592286E-10   0.195120E-10  -0.386877E-10
   0.251840E+06  -0.786281E-10   0.222908E-10  -0.439322E-10
   0.251860E+06  -0.979403E-10   0.244670E-10  -0.499569E-10
   0.251880E+06  -0.116057E-09   0.257017E-10  -0.566863E-10
   0.251900E+06  -0.132020E-09   0.258092E-10  -0.639925E-10
   0.251920E+06  -0.145122E-09   0.248045E-10  -0.717144E-10
   0.251940E+06  -0.154935E-09   0.229031E-10  -0.796821E-10
   0.251960E+06  -0.161285E-09   0.204708E-10  -0.877384E-10
   0.251980E+06  -0.164177E-09   0.179355E-10  -0.957533E-10
   0.252000E+06  -0.163694E-09   0.156830E-10  -0.103627E-09
   0.252020E+06  -0.159907E-09   0.139591E-10  -0.111284E-09
   0.252040E+06  -0.152819E-09   0.128108E-10  -0.118645E-09
   0.252060E+06  -0.142357E-09   0.120722E-10  -0.125608E-09
   0.252080E+06  -0.128420E-09   0.114079E-10  -0.132011E-09
   0.252100E+06  -0.110965E-09   0.104021E-10  -0.137611E-09
   0.252120E+06  -0.901127E-10   0.867217E-11  -0.142066E-09
   0.252140E+06  -0.662468E-10   0.597964E-11  -0.144945E-09
   0.252160E+06  -0.400691E-10   0.231161E-11  -0.145746E-09
   0.252180E+06  -0.126001E-10  -0.209252E-11  -0.143938E-09
   0.252200E+06   0.148807E-10  -0.676852E-11  -0.139022E-09
   0.252220E+06   0.409576E-10  -0.111173E-10  -0.130589E-09
   0.252240E+06   0.642331E-10  -0.145278E-10  -0.118385E-09
   0.252260E+06   0.834919E-10  -0.165085E-10  -0.102361E-09
   0.252280E+06   0.978423E-10  -0.167984E-10  -0.827031E-10
   0.252300E+06   0.106811E-09  -0.154279E-10  -0.598396E-10
   0.252320E+06   0.110375E-09  -0.127177E-10  -0.344161E-10
   0.252340E+06   0.108931E-09  -0.921539E-11  -0.725094E-11
   0.252360E+06   0.103210E-09  -0.557812E-11   0.207333E-10
   0.252380E+06   0.941611E-10  -0.243768E-11   0.485846E-10
   0.252400E+06   0.828205E-10  -0.270532E-12   0.753976E-10
   0.252420E+06   0.702010E-10   0.693873E-12   0.100376E-09
   0.252440E+06   0.572056E-10   0.506777E-12   0.122880E-09
   0.252460E+06   0.445798E-10  -0.530872E-12   0.142442E-09
   0.252480E+06   0.328958E-10  -0.195548E-11   0.158766E-09
   0.252500E+06   0.225605E-10  -0.326212E-11   0.171699E-09
   0.252520E+06   0.138309E-10  -0.403063E-11   0.181195E-09
   0.252540E+06   0.682650E-11  -0.402608E-11   0.187271E-09
   0.252560E+06   0.152936E-11  -0.325002E-11   0.189969E-09
   0.252580E+06  -0.222676E-11  -0.193119E-11   0.189329E-09
   0.252600E+06  -0.477186E-11  -0.459042E-12   0.185387E-09
   0.252620E+06  -0.660672E-11   0.722362E-12   0.178179E-09
   0.252640E+06  -0.838842E-11   0.123344E-11   0.167772E-09
   0.252660E+06  -0.108858E-10   0.859266E-12   0.154295E-09
   0.252680E+06  -0.148996E-10  -0.388283E-12   0.137970E-09
   0.252700E+06  -0.211590E-10  -0.227091E-11   0.119138E-09
   0.252720E+06  -0.302068E-10  -0.437891E-11   0.982673E-10
   0.252740E+06  -0.422954E-10  -0.623076E-11   0.759358E-10
   0.252760E+06  -0.573161E-10  -0.739173E-11   0.528060E-10
   0.252780E+06  -0.747790E-10  -0.758238E-11   0.295762E-10
   0.252800E+06  -0.938488E-10  -0.674910E-11   0.692867E-11
   0.252820E+06  -0.113444E-09  -0.508327E-11  -0.145240E-10
   0.252840E+06  -0.132357E-09  -0.297319E-11  -0.342769E-10
   0.252860E+06  -0.149412E-09  -0.915508E-12  -0.519586E-10
   0.252880E+06  -0.163594E-09   0.604639E-12  -0.673352E-10
   0.252900E+06  -0.174152E-09   0.123059E-11  -0.802939E-10
   0.252920E+06  -0.180645E-09   0.820589E-12  -0.908125E-10
   0.252940E+06  -0.182939E-09  -0.517285E-12  -0.989210E-10
   0.252960E+06  -0.181143E-09  -0.244987E-11  -0.104663E-09
   0.252980E+06  -0.175533E-09  -0.449953E-11  -0.108068E-09
   0.253000E+06  -0.166462E-09  -0.615524E-11  -0.109136E-09
   0.253020E+06  -0.154288E-09  -0.699660E-11  -0.107843E-09
   0.253040E+06  -0.139342E-09  -0.679338E-11  -0.104161E-09
   0.253060E+06  -0.121938E-09  -0.556065E-11  -0.980876E-10
   0.253080E+06  -0.102413E-09  -0.355597E-11  -0.896856E-10
   0.253100E+06  -0.811892E-10  -0.122026E-11  -0.791125E-10
   0.253120E+06  -0.588256E-10   0.922993E-12  -0.666424E-10
   0.253140E+06  -0.360452E-10   0.238571E-11  -0.526692E-10
   0.253160E+06  -0.137131E-10   0.282183E-11  -0.376907E-10
   0.253180E+06   0.723600E-11   0.209804E-11  -0.222759E-10
   0.253200E+06   0.259109E-10   0.312582E-12  -0.701965E-11
   0.253220E+06   0.415986E-10  -0.224032E-11   0.750797E-11
   0.253240E+06   0.538904E-10  -0.515005E-11   0.208089E-10
   0.253260E+06   0.627688E-10  -0.799205E-11   0.324936E-10
   0.253280E+06   0.686323E-10  -0.104269E-10   0.423021E-10
   0.253300E+06   0.722443E-10  -0.122734E-10   0.501054E-10
   0.253320E+06   0.746153E-10  -0.135330E-10   0.558916E-10
   0.253340E+06   0.768306E-10  -0.143698E-10   0.597370E-10
   0.253360E+06   0.798639E-10  -0.150451E-10   0.617716E-10
   0.253380E+06   0.844071E-10  -0.158300E-10   0.621443E-10
   0.253400E+06   0.907548E-10  -0.169172E-10   0.609954E-10
   0.253420E+06   0.987636E-10  -0.183573E-10   0.584405E-10
   0.253440E+06   0.107897E-09  -0.200332E-10   0.545699E-10
   0.253460E+06   0.117338E-09  -0.216972E-10   0.494575E-10
   0.253480E+06   0.126158E-09  -0.230116E-10   0.431867E-10
   0.253500E+06   0.133490E-09  -0.236537E-10   0.358755E-10
   0.253520E+06   0.138681E-09  -0.233985E-10   0.277036E-10
   0.253540E+06   0.141386E-09  -0.221825E-10   0.189318E-10
   0.253560E+06   0.141592E-09  -0.201258E-10   0.991081E-11
   0.253580E+06   0.139572E-09  -0.175061E-10   0.107538E-11
   0.253600E+06   0.135773E-09  -0.146896E-10  -0.707543E-11
   0.253620E+06   0.130683E-09  -0.120390E-10  -0.140114E-10
   0.253640E+06   0.124704E-09  -0.981441E-11  -0.192105E-10
   0.253660E+06   0.118051E-09  -0.810423E-11  -0.222043E-10
   0.253680E+06   0.110716E-09  -0.679600E-11  -0.226202E-10
   0.253700E+06   0.102493E-09  -0.560014E-11  -0.202166E-10
   0.253720E+06   0.930556E-10  -0.412178E-11  -0.149078E-10
   0.253740E+06   0.820681E-10  -0.196396E-11  -0.677508E-11
   0.253760E+06   0.693003E-10   0.116281E-11   0.393623E-11
   0.253780E+06   0.547193E-10   0.535217E-11   0.168328E-10
   0.253800E+06   0.385321E-10   0.104574E-10   0.314005E-10
   0.253820E+06   0.211752E-10   0.161036E-10   0.470387E-10
   0.253840E+06   0.325190E-11   0.217544E-10   0.630986E-10
   0.253860E+06  -0.145641E-10   0.268202E-10   0.789204E-10
   0.253880E+06  -0.316340E-10   0.307803E-10   0.938679E-10
   0.253900E+06  -0.474421E-10   0.332917E-10   0.107356E-09
   0.253920E+06  -0.616466E-10   0.342582E-10   0.118871E-09
   0.253940E+06  -0.740833E-10   0.338395E-10   0.127981E-09
   0.253960E+06  -0.847233E-10   0.324056E-10   0.134346E-09
   0.253980E+06  -0.936030E-10   0.304374E-10   0.137711E-09
   0.254000E+06  -0.100747E-09   0.284048E-10   0.137910E-09
   0.254020E+06  -0.106106E-09   0.266505E-10   0.134861E-09
   0.254040E+06  -0.109538E-09   0.253063E-10   0.128559E-09
   0.254060E+06  -0.110829E-09   0.242652E-10   0.119085E-09
   0.254080E+06  -0.109754E-09   0.232154E-10   0.106601E-09
   0.254100E+06  -0.106180E-09   0.217242E-10   0.913508E-10
   0.254120E+06  -0.100143E-09   0.193633E-10   0.736681E-10
   0.254140E+06  -0.919246E-10   0.158273E-10   0.539668E-10
   0.254160E+06  -0.820657E-10   0.110296E-10   0.327338E-10
   0.254180E+06  -0.713277E-10   0.514474E-11   0.105119E-10
   0.254200E+06  -0.605951E-10  -0.141196E-11  -0.121240E-10
   0.254220E+06  -0.507400E-10  -0.806445E-11  -0.345949E-10
   0.254240E+06  -0.424736E-10  -0.141962E-10  -0.563490E-10
   0.254260E+06  -0.362199E-10  -0.192840E-10  -0.768900E-10
   0.254280E+06  -0.320349E-10  -0.230059E-10  -0.957974E-10
   0.254300E+06  -0.295968E-10  -0.253073E-10  -0.112738E-09
   0.254320E+06  -0.282660E-10  -0.263992E-10  -0.127466E-09
   0.254340E+06  -0.272049E-10  -0.266932E-10  -0.139807E-09
   0.254360E+06  -0.255335E-10  -0.266879E-10  -0.149635E-09
   0.254380E+06  -0.224867E-10  -0.268333E-10  -0.156848E-09
   0.254400E+06  -0.175420E-10  -0.274081E-10  -0.161338E-09
   0.254420E+06  -0.104901E-10  -0.284394E-10  -0.162978E-09
   0.254440E+06  -0.143955E-11  -0.296857E-10  -0.161614E-09
   0.254460E+06   0.924524E-11  -0.306884E-10  -0.157081E-09
   0.254480E+06   0.210516E-10  -0.308799E-10  -0.149228E-09
   0.254500E+06   0.334449E-10  -0.297245E-10  -0.137966E-09
   0.254520E+06   0.459831E-10  -0.268556E-10  -0.123312E-09
   0.254540E+06   0.583908E-10  -0.221792E-10  -0.105433E-09
   0.254560E+06   0.705793E-10  -0.159151E-10  -0.846836E-10
   0.254580E+06   0.826075E-10  -0.856860E-11  -0.616171E-10
   0.254600E+06   0.946011E-10  -0.831606E-12  -0.369742E-10
   0.254620E+06   0.106647E-09   0.655412E-11  -0.116469E-10
   0.254640E+06   0.118700E-09   0.129488E-10   0.133810E-10
   0.254660E+06   0.130518E-09   0.179418E-10   0.371086E-10
   0.254680E+06   0.141652E-09   0.214251E-10   0.585969E-10
   0.254700E+06   0.151496E-09   0.235970E-10   0.770418E-10
   0.254720E+06   0.159375E-09   0.248947E-10   0.918293E-10
   0.254740E+06   0.164668E-09   0.258706E-10   0.102571E-09
   0.254760E+06   0.166923E-09   0.270511E-10   0.109105E-09
   0.254780E+06   0.165947E-09   0.287963E-10   0.111474E-09
   0.254800E+06   0.161844E-09   0.312090E-10   0.109887E-09
   0.254820E+06   0.154998E-09   0.341046E-10   0.104665E-09
   0.254840E+06   0.146002E-09   0.370544E-10   0.961856E-10
   0.254860E+06   0.135552E-09   0.394865E-10   0.848374E-10
   0.254880E+06   0.124326E-09   0.408242E-10   0.709919E-10
   0.254900E+06   0.112885E-09   0.406231E-10   0.549921E-10
   0.254920E+06   0.101606E-09   0.386824E-10   0.371630E-10
   0.254940E+06   0.906633E-10   0.350944E-10   0.178347E-10
   0.254960E+06   0.800544E-10   0.302280E-10  -0.262726E-11
   0.254980E+06   0.696651E-10   0.246501E-10  -0.237936E-10
   0.255000E+06   0.593454E-10   0.190028E-10  -0.451540E-10
   0.255020E+06   0.489782E-10   0.138678E-10  -0.661157E-10
   0.255040E+06   0.385224E-10   0.965054E-11  -0.860221E-10
   0.255060E+06   0.280188E-10   0.650955E-11  -0.104189E-09
   0.255080E+06   0.175615E-10   0.434840E-11  -0.119953E-09
   0.255100E+06   0.724566E-11   0.286829E-11  -0.132725E-09
   0.255120E+06  -0.288875E-11   0.166713E-11  -0.142044E-09
   0.255140E+06  -0.128982E-10   0.358689E-12  -0.147610E-09
   0.255160E+06  -0.229444E-10  -0.131849E-11  -0.149312E-09
   0.255180E+06  -0.332635E-10  -0.342955E-11  -0.147222E-09
   0.255200E+06  -0.441001E-10  -0.582604E-11  -0.141583E-09
   0.255220E+06  -0.556220E-10  -0.818796E-11  -0.132768E-09
   0.255240E+06  -0.678339E-10  -0.101070E-10  -0.121239E-09
   0.255260E+06  -0.805193E-10  -0.111985E-10  -0.107501E-09
   0.255280E+06  -0.932258E-10  -0.112040E-10  -0.920606E-10
   0.255300E+06  -0.105304E-09  -0.100634E-10  -0.753960E-10
   0.255320E+06  -0.115993E-09  -0.793479E-11  -0.579399E-10
   0.255340E+06  -0.124545E-09  -0.516081E-11  -0.400757E-10
   0.255360E+06  -0.130347E-09  -0.218645E-11  -0.221439E-10
   0.255380E+06  -0.133036E-09   0.543502E-12  -0.445747E-11
   0.255400E+06  -0.132547E-09   0.269380E-11   0.126880E-10
   0.255420E+06  -0.129114E-09   0.410947E-11   0.290020E-10
   0.255440E+06  -0.123211E-09   0.484342E-11   0.441969E-10
   0.255460E+06  -0.115438E-09   0.512804E-11   0.579947E-10
   0.255480E+06  -0.106387E-09   0.529921E-11   0.701414E-10
   0.255500E+06  -0.965259E-10   0.569264E-11   0.804265E-10
   0.255520E+06  -0.861089E-10   0.653973E-11   0.887036E-10
   0.255540E+06  -0.751597E-10   0.788811E-11   0.949066E-10
   0.255560E+06  -0.635089E-10   0.957483E-11   0.990594E-10
   0.255580E+06  -0.508924E-10   0.112497E-10   0.101273E-09
   0.255600E+06  -0.370778E-10   0.124528E-10   0.101734E-09
   0.255620E+06  -0.219907E-10   0.127233E-10   0.100677E-09
   0.255640E+06  -0.580627E-11   0.117130E-10   0.983588E-10
   0.255660E+06   0.110168E-10   0.927661E-11   0.950213E-10
   0.255680E+06   0.277718E-10   0.551434E-11   0.908657E-10
   0.255700E+06   0.436025E-10   0.757177E-12   0.860296E-10
   0.255720E+06   0.576428E-10  -0.450387E-11   0.805791E-10
   0.255740E+06   0.691663E-10  -0.972641E-11   0.745141E-10
   0.255760E+06   0.777098E-10  -0.144369E-10   0.677873E-10
   0.255780E+06   0.831422E-10  -0.183325E-10   0.603344E-10
   0.255800E+06   0.856621E-10  -0.213388E-10   0.521101E-10
   0.255820E+06   0.857249E-10  -0.236101E-10   0.431245E-10
   0.255840E+06   0.839178E-10  -0.254698E-10   0.334724E-10
   0.255860E+06   0.808127E-10  -0.273108E-10   0.233505E-10
   0.255880E+06   0.768364E-10  -0.294730E-10   0.130602E-10
   0.255900E+06   0.721871E-10  -0.321404E-10   0.299034E-11
   0.255920E+06   0.668221E-10  -0.352755E-10  -0.641405E-11
   0.255940E+06   0.605196E-10  -0.386134E-10  -0.146962E-10
   0.255960E+06   0.530007E-10  -0.417167E-10  -0.214371E-10
   0.255980E+06   0.440800E-10  -0.440784E-10  -0.263030E-10
   0.256000E+06   0.338110E-10  -0.452472E-10  -0.290870E-10
   0.256020E+06   0.225691E-10  -0.449499E-10  -0.297127E-10
   0.256040E+06   0.110830E-10  -0.431553E-10  -0.282718E-10
   0.256060E+06   0.357147E-12  -0.401031E-10  -0.249803E-10
   0.256080E+06  -0.847637E-11  -0.362506E-10  -0.201519E-10
   0.256100E+06  -0.143582E-10  -0.321679E-10  -0.141529E-10
   0.256120E+06  -0.165131E-10  -0.284013E-10  -0.735490E-11
   0.256140E+06  -0.146261E-10  -0.253403E-10  -0.929757E-13
   0.256160E+06  -0.894575E-11  -0.231191E-10   0.736321E-11
   0.256180E+06  -0.289776E-12  -0.215828E-10   0.148181E-10
   0.256200E+06   0.100528E-10  -0.203205E-10   0.221419E-10
   0.256220E+06   0.205016E-10  -0.187699E-10   0.292425E-10
   0.256240E+06   0.294168E-10  -0.163612E-10   0.360272E-10
   0.256260E+06   0.353362E-10  -0.126696E-10   0.423623E-10
   0.256280E+06   0.371743E-10  -0.753944E-11   0.480403E-10
   0.256300E+06   0.343490E-10  -0.114744E-11   0.527632E-10
   0.256320E+06   0.268173E-10   0.601022E-11   0.561472E-10
   0.256340E+06   0.150227E-10   0.132075E-10   0.577518E-10
   0.256360E+06  -0.228165E-12   0.196344E-10   0.571287E-10
   0.256380E+06  -0.179237E-10   0.245666E-10   0.538844E-10
   0.256400E+06  -0.370069E-10   0.275186E-10   0.477445E-10
   0.256420E+06  -0.565014E-10   0.283455E-10   0.386096E-10
   0.256440E+06  -0.755851E-10   0.272682E-10   0.265912E-10
   0.256460E+06  -0.936046E-10   0.248161E-10   0.120211E-10
   0.256480E+06  -0.110042E-09   0.217016E-10  -0.456932E-11
   0.256500E+06  -0.124455E-09   0.186523E-10  -0.224969E-10
   0.256520E+06  -0.136422E-09   0.162491E-10  -0.409922E-10
   0.256540E+06  -0.145506E-09   0.147964E-10  -0.592752E-10
   0.256560E+06  -0.151267E-09   0.142649E-10  -0.766260E-10
   0.256580E+06  -0.153309E-09   0.143167E-10  -0.924396E-10
   0.256600E+06  -0.151365E-09   0.144056E-10  -0.106258E-09
   0.256620E+06  -0.145377E-09   0.139298E-10  -0.117773E-09
   0.256640E+06  -0.135566E-09   0.123999E-10  -0.126808E-09
   0.256660E+06  -0.122458E-09   0.957630E-11  -0.133280E-09
   0.256680E+06  -0.106841E-09   0.555670E-11  -0.137152E-09
   0.256700E+06  -0.896765E-10   0.772673E-12  -0.138394E-09
   0.256720E+06  -0.719718E-10  -0.408899E-11  -0.136957E-09
   0.256740E+06  -0.546288E-10  -0.822848E-11  -0.132765E-09
   0.256760E+06  -0.383170E-10  -0.109044E-10  -0.125735E-09
   0.256780E+06  -0.233920E-10  -0.115943E-10  -0.115812E-09
   0.256800E+06  -0.987920E-11  -0.101064E-10  -0.103020E-09
   0.256820E+06   0.247044E-11  -0.661993E-11  -0.875021E-10
   0.256840E+06   0.140700E-10  -0.163784E-11  -0.695622E-10
   0.256860E+06   0.253511E-10   0.412432E-11  -0.496749E-10
   0.256880E+06   0.366223E-10   0.989602E-11  -0.284731E-10
   0.256900E+06   0.479622E-10   0.150137E-10  -0.670694E-11
   0.256920E+06   0.591732E-10   0.190501E-10   0.148187E-10
   0.256940E+06   0.698071E-10   0.218814E-10   0.353183E-10
   0.256960E+06   0.792541E-10   0.236793E-10   0.541000E-10
   0.256980E+06   0.868773E-10   0.248308E-10   0.706247E-10
   0.257000E+06   0.921553E-10   0.258103E-10   0.845447E-10
   0.257020E+06   0.948040E-10   0.270345E-10   0.957101E-10
   0.257040E+06   0.948441E-10   0.287391E-10   0.104148E-09
   0.257060E+06   0.926011E-10   0.309055E-10   0.110016E-09
   0.257080E+06   0.886363E-10   0.332569E-10   0.113543E-09
   0.257100E+06   0.836265E-10   0.353222E-10   0.114970E-09
   0.257120E+06   0.782216E-10   0.365523E-10   0.114492E-09
   0.257140E+06   0.729114E-10   0.364555E-10   0.112230E-09
   0.257160E+06   0.679372E-10   0.347261E-10   0.108223E-09
   0.257180E+06   0.632625E-10   0.313223E-10   0.102440E-09
   0.257200E+06   0.586122E-10   0.264840E-10   0.948234E-10
   0.257220E+06   0.535662E-10   0.206832E-10   0.853275E-10
   0.257240E+06   0.476841E-10   0.145195E-10   0.739702E-10
   0.257260E+06   0.406290E-10   0.858751E-11   0.608659E-10
   0.257280E+06   0.322590E-10   0.335053E-11   0.462417E-10
   0.257300E+06   0.226669E-10  -0.953097E-12   0.304357E-10
   0.257320E+06   0.121519E-10  -0.433771E-11   0.138630E-10
   0.257340E+06   0.114416E-11  -0.704167E-11  -0.302272E-11
   0.257360E+06  -0.990893E-11  -0.943845E-11  -0.197800E-10
   0.257380E+06  -0.206584E-10  -0.119166E-10  -0.360264E-10
   0.257400E+06  -0.309436E-10  -0.147586E-10  -0.514716E-10
   0.257420E+06  -0.408312E-10  -0.180504E-10  -0.659317E-10
   0.257440E+06  -0.505934E-10  -0.216433E-10  -0.793198E-10
   0.257460E+06  -0.606299E-10  -0.251811E-10  -0.916174E-10
   0.257480E+06  -0.713495E-10  -0.281779E-10  -0.102829E-09
   0.257500E+06  -0.830451E-10  -0.301377E-10  -0.112934E-09
   0.257520E+06  -0.957871E-10  -0.306752E-10  -0.121840E-09
   0.257540E+06  -0.109364E-09  -0.296125E-10  -0.129353E-09
   0.257560E+06  -0.123286E-09  -0.270255E-10  -0.135172E-09
   0.257580E+06  -0.136843E-09  -0.232288E-10  -0.138899E-09
   0.257600E+06  -0.149214E-09  -0.187034E-10  -0.140084E-09
   0.257620E+06  -0.159597E-09  -0.139855E-10  -0.138282E-09
   0.257640E+06  -0.167325E-09  -0.954622E-11  -0.133116E-09
   0.257660E+06  -0.171952E-09  -0.569105E-11  -0.124349E-09
   0.257680E+06  -0.173282E-09  -0.250672E-11  -0.111933E-09
   0.257700E+06  -0.171352E-09   0.132639E-12  -0.960458E-10
   0.257720E+06  -0.166362E-09   0.250174E-11  -0.770985E-10
   0.257740E+06  -0.158594E-09   0.492011E-11  -0.557152E-10
   0.257760E+06  -0.148324E-09   0.763624E-11  -0.326886E-10
   0.257780E+06  -0.135772E-09   0.107287E-10  -0.891697E-11
   0.257800E+06  -0.121085E-09   0.140589E-10   0.146711E-10
   0.257820E+06  -0.104376E-09   0.172783E-10   0.371905E-10
   0.257840E+06  -0.857901E-10   0.199003E-10   0.578657E-10
   0.257860E+06  -0.655777E-10   0.214144E-10   0.760798E-10
   0.257880E+06  -0.441637E-10   0.214169E-10   0.914030E-10
   0.257900E+06  -0.221709E-10   0.197223E-10   0.103597E-09
   0.257920E+06  -0.392656E-12   0.164288E-10   0.112602E-09
   0.257940E+06   0.202790E-10   0.119125E-10   0.118497E-09
   0.257960E+06   0.389820E-10   0.676356E-11   0.121468E-09
   0.257980E+06   0.550074E-10   0.165810E-11   0.121759E-09
   0.258000E+06   0.679134E-10  -0.278798E-11   0.119633E-09
   0.258020E+06   0.775923E-10  -0.615493E-11   0.115343E-09
   0.258040E+06   0.842711E-10  -0.830966E-11   0.109121E-09
   0.258060E+06   0.884446E-10  -0.942749E-11   0.101175E-09
   0.258080E+06   0.907514E-10  -0.993824E-11   0.916981E-10
   0.258100E+06   0.918209E-10  -0.104109E-10   0.808876E-10
   0.258120E+06   0.921277E-10  -0.113973E-10   0.689648E-10
   0.258140E+06   0.918846E-10  -0.132838E-10   0.561891E-10
   0.258160E+06   0.910011E-10  -0.161789E-10   0.428637E-10
   0.258180E+06   0.891197E-10  -0.198692E-10   0.293307E-10
   0.258200E+06   0.857186E-10  -0.238561E-10   0.159535E-10
   0.258220E+06   0.802600E-10  -0.274655E-10   0.309168E-11
   0.258240E+06   0.723455E-10  -0.300051E-10  -0.893004E-11
   0.258260E+06   0.618439E-10  -0.309317E-10  -0.198502E-10
   0.258280E+06   0.489570E-10  -0.299883E-10  -0.294919E-10
   0.258300E+06   0.342099E-10  -0.272760E-10  -0.377727E-10
   0.258320E+06   0.183667E-10  -0.232415E-10  -0.447001E-10
   0.258340E+06   0.229035E-11  -0.185833E-10  -0.503532E-10
   0.258360E+06  -0.132162E-10  -0.140958E-10  -0.548544E-10
   0.258380E+06  -0.275518E-10  -0.104885E-10  -0.583362E-10
   0.258400E+06  -0.404040E-10  -0.822376E-11  -0.609089E-10
   0.258420E+06  -0.517629E-10  -0.741344E-11  -0.626392E-10
   0.258440E+06  -0.618542E-10  -0.779348E-11  -0.635376E-10
   0.258460E+06  -0.710140E-10  -0.879432E-11  -0.635638E-10
   0.258480E+06  -0.795341E-10  -0.968111E-11  -0.626453E-10
   0.258500E+06  -0.875200E-10  -0.973542E-11  -0.607038E-10
   0.258520E+06  -0.948007E-10  -0.843390E-11  -0.576860E-10
   0.258540E+06  -0.100916E-09  -0.558135E-11  -0.535881E-10
   0.258560E+06  -0.105190E-09  -0.136201E-11  -0.484687E-10
   0.258580E+06  -0.106879E-09   0.367962E-11  -0.424495E-10
   0.258600E+06  -0.105353E-09   0.878899E-11  -0.356919E-10
   0.258620E+06  -0.100282E-09   0.131538E-10  -0.283661E-10
   0.258640E+06  -0.917609E-10   0.160980E-10  -0.206111E-10
   0.258660E+06  -0.803581E-10   0.172382E-10  -0.124950E-10
   0.258680E+06  -0.670576E-10   0.165707E-10  -0.398816E-11
   0.258700E+06  -0.531052E-10   0.144689E-10   0.504685E-11
   0.258720E+06  -0.397886E-10   0.115913E-10   0.148409E-10
   0.258740E+06  -0.281974E-10   0.872063E-11   0.256797E-10
   0.258760E+06  -0.190120E-10   0.657915E-11   0.378500E-10
   0.258780E+06  -0.123741E-10   0.565369E-11   0.515717E-10
   0.258800E+06  -0.786322E-11   0.608186E-11   0.669347E-10
   0.258820E+06  -0.459064E-11   0.762195E-11   0.838474E-10
   0.258840E+06  -0.139020E-11   0.971447E-11   0.102009E-09
   0.258860E+06   0.293215E-11   0.116200E-10   0.120914E-09
   0.258880E+06   0.934281E-11   0.125999E-10   0.139879E-09
   0.258900E+06   0.183727E-10   0.120968E-10   0.158108E-09
   0.258920E+06   0.299980E-10   0.987086E-11   0.174764E-09
   0.258940E+06   0.436356E-10   0.606006E-11   0.189046E-09
   0.258960E+06   0.582475E-10   0.115020E-11   0.200268E-09
   0.258980E+06   0.725326E-10  -0.413733E-11   0.207908E-09
   0.259000E+06   0.851600E-10  -0.901253E-11   0.211633E-09
   0.259020E+06   0.949969E-10  -0.127983E-10   0.211305E-09
   0.259040E+06   0.101284E-09  -0.150821E-10   0.206955E-09
   0.259060E+06   0.103723E-09  -0.158055E-10   0.198740E-09
   0.259080E+06   0.102477E-09  -0.152616E-10   0.186901E-09
   0.259100E+06   0.980775E-10  -0.140163E-10   0.171724E-09
   0.259120E+06   0.912767E-10  -0.127617E-10   0.153510E-09
   0.259140E+06   0.828881E-10  -0.121430E-10   0.132573E-09
   0.259160E+06   0.736425E-10  -0.126001E-10   0.109250E-09
   0.259180E+06   0.640998E-10  -0.142626E-10   0.839284E-10
   0.259200E+06   0.546280E-10  -0.169198E-10   0.570803E-10
   0.259220E+06   0.454339E-10  -0.200783E-10   0.292869E-10
