   0.000000E+00   0.173838E-09  -0.592061E-09   0.440750E-09
   0.200000E+02  -0.803909E-11   0.324526E-08   0.447646E-08
   0.400000E+02  -0.221378E-09   0.671448E-08   0.788318E-08
   0.600000E+02  -0.435565E-09   0.934732E-08   0.102654E-07
   0.800000E+02  -0.613261E-09   0.107938E-07   0.113890E-07
   0.100000E+03  -0.718290E-09   0.108800E-07   0.112062E-07
   0.120000E+03  -0.724460E-09   0.963777E-08   0.985087E-08
   0.140000E+03  -0.623112E-09   0.730155E-08   0.760573E-08
   0.160000E+03  -0.427279E-09   0.427051E-08   0.484898E-08
   0.180000E+03  -0.171021E-09   0.104250E-08   0.199137E-08
   0.200000E+03   0.964317E-10  -0.186981E-08  -0.586117E-09
   0.220000E+03   0.320752E-09  -0.402581E-08  -0.258380E-08
   0.240000E+03   0.454711E-09  -0.513167E-08  -0.381740E-08
   0.260000E+03   0.469646E-09  -0.508892E-08  -0.423110E-08
   0.280000E+03   0.363291E-09  -0.400773E-08  -0.389043E-08
   0.300000E+03   0.161761E-09  -0.218190E-08  -0.295825E-08
   0.320000E+03  -0.852561E-10  -0.298343E-10  -0.165992E-08
   0.340000E+03  -0.315400E-09   0.198771E-08  -0.244135E-09
   0.360000E+03  -0.468342E-09   0.345745E-08   0.105451E-08
   0.380000E+03  -0.500893E-09   0.409369E-08   0.204612E-08
   0.400000E+03  -0.398763E-09   0.379265E-08   0.260639E-08
   0.420000E+03  -0.181785E-09   0.265024E-08   0.268651E-08
   0.440000E+03   0.991545E-10   0.939081E-09   0.231235E-08
   0.460000E+03   0.373276E-09  -0.950693E-09   0.157459E-08
   0.480000E+03   0.566893E-09  -0.259521E-08   0.611807E-09
   0.500000E+03   0.622319E-09  -0.362795E-08  -0.411106E-09
   0.520000E+03   0.514019E-09  -0.381911E-08  -0.132664E-08
   0.540000E+03   0.257667E-09  -0.312624E-08  -0.198816E-08
   0.560000E+03  -0.907305E-10  -0.170483E-08  -0.229062E-08
   0.580000E+03  -0.446208E-09   0.124231E-09  -0.218623E-08
   0.600000E+03  -0.714645E-09   0.194404E-08  -0.169272E-08
   0.620000E+03  -0.816611E-09   0.333363E-08  -0.892559E-09
   0.640000E+03  -0.709519E-09   0.396276E-08   0.777016E-10
   0.660000E+03  -0.402261E-09   0.366866E-08   0.104748E-08
   0.680000E+03   0.420351E-10   0.249722E-08   0.183934E-08
   0.700000E+03   0.516912E-09   0.698308E-09   0.229962E-08
   0.720000E+03   0.895610E-09  -0.132522E-08   0.232741E-08
   0.740000E+03   0.106153E-08  -0.310473E-08   0.189639E-08
   0.760000E+03   0.939130E-09  -0.421105E-08   0.106476E-08
   0.780000E+03   0.517613E-09  -0.435446E-08  -0.301543E-10
   0.800000E+03  -0.139269E-09  -0.345666E-08  -0.119283E-08
   0.820000E+03  -0.900957E-09  -0.167724E-08  -0.220374E-08
   0.840000E+03  -0.159516E-08   0.613301E-09  -0.286092E-08
   0.860000E+03  -0.204573E-08   0.290991E-08  -0.302142E-08
   0.880000E+03  -0.211525E-08   0.468363E-08  -0.263396E-08
   0.900000E+03  -0.174242E-08   0.550271E-08  -0.175538E-08
   0.920000E+03  -0.964646E-09   0.513690E-08  -0.546198E-09
   0.940000E+03   0.808869E-10   0.362049E-08   0.755604E-09
   0.960000E+03   0.118001E-08   0.125741E-08   0.187865E-08
   0.980000E+03   0.208478E-08  -0.143538E-08   0.257233E-08
   0.100000E+04   0.256880E-08  -0.383641E-08   0.266030E-08
   0.102000E+04   0.248231E-08  -0.535800E-08   0.208212E-08
   0.104000E+04   0.179437E-08  -0.558404E-08   0.913402E-09
   0.106000E+04   0.610724E-09  -0.437584E-08  -0.641233E-09
   0.108000E+04  -0.838616E-09  -0.192002E-08  -0.228260E-08
   0.110000E+04  -0.224181E-08   0.129549E-08  -0.367326E-08
   0.112000E+04  -0.327007E-08   0.457598E-08  -0.450516E-08
   0.114000E+04  -0.365178E-08   0.716711E-08  -0.456497E-08
   0.116000E+04  -0.323920E-08   0.842415E-08  -0.378316E-08
   0.118000E+04  -0.205181E-08   0.796595E-08  -0.225559E-08
   0.120000E+04  -0.284484E-09   0.577774E-08  -0.231496E-09
   0.122000E+04   0.172415E-08   0.223643E-08   0.193134E-08
   0.124000E+04   0.355864E-08  -0.195182E-08   0.383661E-08
   0.126000E+04   0.481613E-08  -0.589264E-08   0.513100E-08
   0.128000E+04   0.519928E-08  -0.869576E-08   0.558080E-08
   0.130000E+04   0.459129E-08  -0.967814E-08   0.512680E-08
   0.132000E+04   0.309457E-08  -0.853274E-08   0.390500E-08
   0.134000E+04   0.102140E-08  -0.542265E-08   0.222651E-08
   0.136000E+04  -0.116480E-08  -0.975197E-09   0.518787E-09
   0.138000E+04  -0.294758E-08   0.382903E-08  -0.761683E-09
   0.140000E+04  -0.387522E-08   0.785363E-08  -0.122885E-08
   0.142000E+04  -0.367232E-08   0.100518E-07  -0.658505E-09
   0.144000E+04  -0.231918E-08   0.970790E-08   0.947682E-09
   0.146000E+04  -0.778330E-10   0.662223E-08   0.334047E-08
   0.148000E+04   0.254525E-08   0.119391E-08   0.605087E-08
   0.150000E+04   0.489646E-08  -0.562140E-08   0.846515E-08
   0.152000E+04   0.631512E-08  -0.124775E-07   0.993525E-08
   0.154000E+04   0.628793E-08  -0.178985E-07   0.990530E-08
   0.156000E+04   0.458423E-08  -0.205838E-07   0.803081E-08
   0.158000E+04   0.134002E-08  -0.196937E-07   0.426734E-08
   0.160000E+04  -0.293233E-08  -0.150541E-07  -0.108980E-08
   0.162000E+04  -0.741692E-08  -0.723362E-08  -0.742504E-08
   0.164000E+04  -0.111408E-07   0.253112E-08  -0.138812E-07
   0.166000E+04  -0.131683E-07   0.125503E-07  -0.194858E-07
   0.168000E+04  -0.128047E-07   0.209987E-07  -0.233065E-07
   0.170000E+04  -0.976768E-08   0.262730E-07  -0.246080E-07
   0.172000E+04  -0.428685E-08   0.273157E-07  -0.229851E-07
   0.174000E+04   0.289404E-08   0.238380E-07  -0.184488E-07
   0.176000E+04   0.106194E-07   0.163915E-07  -0.114474E-07
   0.178000E+04   0.175144E-07   0.627234E-08  -0.281847E-08
   0.180000E+04   0.222343E-07  -0.472743E-08   0.632306E-08
   0.182000E+04   0.237236E-07  -0.146708E-07   0.147449E-07
   0.184000E+04   0.214329E-07  -0.218578E-07   0.212813E-07
   0.186000E+04   0.154501E-07  -0.251585E-07   0.250118E-07
   0.188000E+04   0.651495E-08  -0.242274E-07   0.254079E-07
   0.190000E+04  -0.408867E-08  -0.195529E-07   0.224222E-07
   0.192000E+04  -0.147464E-07  -0.123316E-07   0.165069E-07
   0.194000E+04  -0.237933E-07  -0.419396E-08   0.855513E-08
   0.196000E+04  -0.298078E-07   0.315778E-08  -0.226419E-09
   0.198000E+04  -0.318631E-07   0.832176E-08  -0.849627E-08
   0.200000E+04  -0.296871E-07   0.104949E-07  -0.149825E-07
   0.202000E+04  -0.237010E-07   0.963206E-08  -0.186813E-07
   0.204000E+04  -0.149294E-07   0.642905E-08  -0.190200E-07
   0.206000E+04  -0.480069E-08   0.213427E-08  -0.159565E-07
   0.208000E+04   0.512057E-08  -0.176974E-08  -0.999875E-08
   0.210000E+04   0.134170E-07  -0.394070E-08  -0.213686E-08
   0.212000E+04   0.190608E-07  -0.351983E-08   0.630420E-08
   0.214000E+04   0.215691E-07  -0.361359E-09   0.138724E-07
   0.216000E+04   0.210456E-07   0.490958E-08   0.192254E-07
   0.218000E+04   0.181050E-07   0.110301E-07   0.213604E-07
   0.220000E+04   0.137027E-07   0.163987E-07   0.197971E-07
   0.222000E+04   0.890860E-08   0.194754E-07   0.146820E-07
   0.224000E+04   0.467795E-08   0.191891E-07   0.679094E-08
   0.226000E+04   0.166632E-08   0.152559E-07  -0.257690E-08
   0.228000E+04   0.126842E-09   0.832205E-08  -0.118025E-07
   0.230000E+04  -0.932927E-10  -0.113239E-09  -0.192191E-07
   0.232000E+04   0.536628E-09  -0.799367E-08  -0.234093E-07
   0.234000E+04   0.138644E-08  -0.131675E-07  -0.234774E-07
   0.236000E+04   0.184554E-08  -0.139184E-07  -0.192449E-07
   0.238000E+04   0.148306E-08  -0.944741E-08  -0.113284E-07
   0.240000E+04   0.149283E-09  -0.187357E-09  -0.107740E-08
   0.242000E+04  -0.200400E-08   0.121369E-07   0.962820E-08
   0.244000E+04  -0.458548E-08   0.247418E-07   0.186947E-07
   0.246000E+04  -0.708886E-08   0.342870E-07   0.241951E-07
   0.248000E+04  -0.904392E-08   0.375612E-07   0.247478E-07
   0.250000E+04  -0.101516E-07   0.322181E-07   0.198230E-07
   0.252000E+04  -0.103645E-07   0.174094E-07   0.991216E-08
   0.254000E+04  -0.988973E-08  -0.583027E-08  -0.348043E-08
   0.256000E+04  -0.910935E-08  -0.345509E-07  -0.180396E-07
   0.258000E+04  -0.844083E-08  -0.642439E-07  -0.310100E-07
   0.260000E+04  -0.817384E-08  -0.895500E-07  -0.396811E-07
   0.262000E+04  -0.833227E-08  -0.105205E-06  -0.419023E-07
   0.264000E+04  -0.860576E-08  -0.107051E-06  -0.365360E-07
   0.266000E+04  -0.838094E-08  -0.929257E-07  -0.237557E-07
   0.268000E+04  -0.687759E-08  -0.632441E-07  -0.512369E-08
   0.270000E+04  -0.336749E-08  -0.211387E-07   0.165844E-07
   0.272000E+04   0.257187E-08   0.278864E-07   0.377935E-07
   0.274000E+04   0.108319E-07   0.767578E-07   0.547206E-07
   0.276000E+04   0.206408E-07   0.117962E-06   0.640476E-07
   0.278000E+04   0.305741E-07   0.144809E-06   0.635543E-07
   0.280000E+04   0.387314E-07   0.152605E-06   0.525934E-07
   0.282000E+04   0.430625E-07   0.139519E-06   0.323087E-07
   0.284000E+04   0.417909E-07   0.106976E-06   0.554154E-08
   0.286000E+04   0.338538E-07   0.594986E-07  -0.235752E-07
   0.288000E+04   0.192601E-07   0.401533E-08  -0.502777E-07
   0.290000E+04  -0.721498E-09  -0.512583E-07  -0.699791E-07
   0.292000E+04  -0.236088E-07  -0.981593E-07  -0.790847E-07
   0.294000E+04  -0.460067E-07  -0.129912E-06  -0.756650E-07
   0.296000E+04  -0.641297E-07  -0.142217E-06  -0.598601E-07
   0.298000E+04  -0.744653E-07  -0.133917E-06  -0.339298E-07
   0.300000E+04  -0.744594E-07  -0.107110E-06  -0.192800E-08
   0.302000E+04  -0.630884E-07  -0.667152E-07   0.309513E-07
   0.304000E+04  -0.411972E-07  -0.195723E-07   0.592500E-07
   0.306000E+04  -0.115140E-07   0.267572E-07   0.781894E-07
   0.308000E+04   0.216853E-07   0.652662E-07   0.845145E-07
   0.310000E+04   0.532241E-07   0.906306E-07   0.770830E-07
   0.312000E+04   0.778850E-07   0.999969E-07   0.570885E-07
   0.314000E+04   0.913295E-07   0.933065E-07   0.278721E-07
   0.316000E+04   0.909113E-07   0.731201E-07  -0.564898E-08
   0.318000E+04   0.762234E-07   0.439998E-07  -0.378369E-07
   0.320000E+04   0.492647E-07   0.115836E-07  -0.633188E-07
   0.322000E+04   0.141788E-07  -0.184661E-07  -0.779258E-07
   0.324000E+04  -0.234039E-07  -0.414411E-07  -0.794150E-07
   0.326000E+04  -0.573121E-07  -0.543232E-07  -0.678427E-07
   0.328000E+04  -0.819026E-07  -0.561595E-07  -0.455238E-07
   0.330000E+04  -0.930592E-07  -0.480358E-07  -0.165853E-07
   0.332000E+04  -0.889354E-07  -0.326823E-07   0.137994E-07
   0.334000E+04  -0.702998E-07  -0.138134E-07   0.403532E-07
   0.336000E+04  -0.404160E-07   0.465364E-08   0.586402E-07
   0.338000E+04  -0.447237E-08   0.193449E-07   0.658384E-07
   0.340000E+04   0.313378E-07   0.280033E-07   0.612014E-07
   0.342000E+04   0.609169E-07   0.297956E-07   0.461299E-07
   0.344000E+04   0.793449E-07   0.253158E-07   0.238479E-07
   0.346000E+04   0.837416E-07   0.163152E-07  -0.124714E-08
   0.348000E+04   0.737538E-07   0.523282E-08  -0.244322E-07
   0.350000E+04   0.515773E-07  -0.536082E-08  -0.415400E-07
   0.352000E+04   0.215156E-07  -0.132896E-07  -0.497088E-07
   0.354000E+04  -0.108385E-07  -0.171662E-07  -0.478641E-07
   0.356000E+04  -0.396425E-07  -0.165887E-07  -0.368491E-07
   0.358000E+04  -0.598697E-07  -0.121189E-07  -0.191918E-07
   0.360000E+04  -0.682005E-07  -0.506767E-08   0.143680E-08
   0.362000E+04  -0.635807E-07   0.284906E-08   0.209586E-07
   0.364000E+04  -0.473477E-07   0.990227E-08   0.356728E-07
   0.366000E+04  -0.229129E-07   0.147034E-07   0.429387E-07
   0.368000E+04   0.493001E-08   0.164515E-07   0.416289E-07
   0.370000E+04   0.309312E-07   0.150333E-07   0.322787E-07
   0.372000E+04   0.503652E-07   0.109712E-07   0.169142E-07
   0.374000E+04   0.598818E-07   0.524695E-08  -0.139436E-08
   0.376000E+04   0.580715E-07  -0.950501E-09  -0.191545E-07
   0.378000E+04   0.456501E-07  -0.648849E-08  -0.331237E-07
   0.380000E+04   0.252413E-07  -0.105107E-07  -0.408996E-07
   0.382000E+04   0.814520E-09  -0.125704E-07  -0.413204E-07
   0.384000E+04  -0.231040E-07  -0.126597E-07  -0.346096E-07
   0.386000E+04  -0.422874E-07  -0.111400E-07  -0.222513E-07
   0.388000E+04  -0.535693E-07  -0.860365E-08  -0.663761E-08
   0.390000E+04  -0.553696E-07  -0.570467E-08   0.942949E-08
   0.392000E+04  -0.478990E-07  -0.300338E-08   0.232770E-07
   0.394000E+04  -0.330181E-07  -0.857997E-09   0.328324E-07
   0.396000E+04  -0.137983E-07   0.616405E-09   0.369424E-07
   0.398000E+04   0.611760E-08   0.152056E-08   0.354894E-07
   0.400000E+04   0.232215E-07   0.209074E-08   0.293004E-07
   0.402000E+04   0.347749E-07   0.259268E-08   0.198859E-07
   0.404000E+04   0.392565E-07   0.322048E-08   0.907668E-08
   0.406000E+04   0.365496E-07   0.402765E-08  -0.135632E-08
   0.408000E+04   0.278503E-07   0.490651E-08  -0.100205E-07
   0.410000E+04   0.153359E-07   0.561903E-08  -0.160985E-07
   0.412000E+04   0.167221E-08   0.586807E-08  -0.193956E-07
   0.414000E+04  -0.105305E-07   0.538859E-08  -0.202461E-07
   0.416000E+04  -0.192041E-07   0.403367E-08  -0.193174E-07
   0.418000E+04  -0.231620E-07   0.183269E-08  -0.173704E-07
   0.420000E+04  -0.222357E-07  -0.993270E-09  -0.150388E-07
   0.422000E+04  -0.172006E-07  -0.406282E-08  -0.126827E-07
   0.424000E+04  -0.952286E-08  -0.690470E-08  -0.103459E-07
   0.426000E+04  -0.995983E-09  -0.905059E-08  -0.781934E-08
   0.428000E+04   0.665117E-08  -0.101288E-07  -0.478614E-08
   0.430000E+04   0.120909E-07  -0.993791E-08  -0.100147E-08
   0.432000E+04   0.146147E-07  -0.848498E-08   0.354625E-08
   0.434000E+04   0.141991E-07  -0.598172E-08   0.854172E-08
   0.436000E+04   0.114206E-07  -0.280148E-08   0.133476E-07
   0.438000E+04   0.725252E-08   0.591685E-09   0.171127E-07
   0.440000E+04   0.280027E-08   0.372554E-08   0.189620E-07
   0.442000E+04  -0.961891E-09   0.619666E-08   0.182233E-07
   0.444000E+04  -0.339410E-08   0.772781E-08   0.146351E-07
   0.446000E+04  -0.429445E-08   0.819755E-08   0.847973E-08
   0.448000E+04  -0.388870E-08   0.764080E-08   0.603420E-09
   0.450000E+04  -0.271888E-08   0.622545E-08  -0.769360E-08
   0.452000E+04  -0.146559E-08   0.421381E-08  -0.148812E-07
   0.454000E+04  -0.751538E-09   0.191899E-08  -0.194963E-07
   0.456000E+04  -0.974717E-09  -0.335705E-09  -0.204520E-07
   0.458000E+04  -0.220968E-08  -0.224948E-08  -0.172911E-07
   0.460000E+04  -0.419685E-08  -0.356838E-08  -0.103275E-07
   0.462000E+04  -0.641798E-08  -0.410331E-08  -0.636685E-09
   0.464000E+04  -0.823544E-08  -0.374506E-08   0.101090E-07
   0.466000E+04  -0.905894E-08  -0.247867E-08   0.199347E-07
   0.468000E+04  -0.849834E-08  -0.396354E-09   0.269320E-07
   0.470000E+04  -0.646586E-08   0.229473E-08   0.296308E-07
   0.472000E+04  -0.320454E-08   0.527606E-08   0.272993E-07
   0.474000E+04   0.762518E-09   0.813908E-08   0.201106E-07
   0.476000E+04   0.474840E-08   0.104281E-07   0.913829E-08
   0.478000E+04   0.805577E-08   0.117038E-07  -0.381961E-08
   0.480000E+04   0.101309E-07   0.116193E-07  -0.165593E-07
   0.482000E+04   0.106825E-07   0.999566E-08  -0.268711E-07
   0.484000E+04   0.973880E-08   0.688046E-08  -0.329456E-07
   0.486000E+04   0.763063E-08   0.257106E-08  -0.337068E-07
   0.488000E+04   0.490608E-08  -0.240769E-08  -0.290113E-07
   0.490000E+04   0.219765E-08  -0.737526E-08  -0.196728E-07
   0.492000E+04   0.732266E-10  -0.116082E-07  -0.731228E-08
   0.494000E+04  -0.109417E-08  -0.144748E-07   0.594035E-08
   0.496000E+04  -0.120845E-08  -0.155649E-07   0.178317E-07
   0.498000E+04  -0.465715E-09  -0.147849E-07   0.263869E-07
   0.500000E+04   0.699892E-09  -0.123934E-07   0.302515E-07
   0.502000E+04   0.172690E-08  -0.896399E-08   0.289133E-07
   0.504000E+04   0.206793E-08  -0.527561E-08   0.227654E-07
   0.506000E+04   0.132942E-08  -0.214938E-08   0.130048E-07
   0.508000E+04  -0.622407E-09  -0.264662E-09   0.139100E-08
   0.510000E+04  -0.361353E-08   0.550169E-11  -0.100849E-07
   0.512000E+04  -0.718339E-08  -0.130001E-08  -0.195582E-07
   0.514000E+04  -0.106715E-07  -0.371325E-08  -0.256067E-07
   0.516000E+04  -0.133509E-07  -0.641970E-08  -0.274722E-07
   0.518000E+04  -0.145804E-07  -0.842935E-08  -0.251499E-07
   0.520000E+04  -0.139422E-07  -0.880377E-08  -0.193394E-07
   0.522000E+04  -0.113367E-07  -0.689081E-08  -0.112724E-07
   0.524000E+04  -0.701385E-08  -0.251258E-08  -0.245812E-08
   0.526000E+04  -0.153391E-08   0.394075E-08   0.560357E-08
   0.528000E+04   0.433281E-08   0.115414E-07   0.116862E-07
   0.530000E+04   0.974774E-08   0.189816E-07   0.150321E-07
   0.532000E+04   0.139574E-07   0.248332E-07   0.154489E-07
   0.534000E+04   0.164278E-07   0.278561E-07   0.132969E-07
   0.536000E+04   0.169321E-07   0.272911E-07   0.937702E-08
   0.538000E+04   0.155776E-07   0.230657E-07   0.474804E-08
   0.540000E+04   0.127647E-07   0.158607E-07   0.509776E-09
   0.542000E+04   0.909168E-08   0.701035E-08  -0.240606E-08
   0.544000E+04   0.522489E-08  -0.175403E-08  -0.340130E-08
   0.546000E+04   0.176197E-08  -0.867089E-08  -0.230711E-08
   0.548000E+04  -0.882245E-09  -0.123505E-07   0.601483E-09
   0.550000E+04  -0.254484E-08  -0.121231E-07   0.466979E-08
   0.552000E+04  -0.332541E-08  -0.824883E-08   0.899060E-08
   0.554000E+04  -0.353778E-08  -0.193011E-08   0.125700E-07
   0.556000E+04  -0.361464E-08   0.489377E-08   0.145033E-07
   0.558000E+04  -0.398677E-08   0.994230E-08   0.141329E-07
   0.560000E+04  -0.496395E-08   0.111075E-07   0.111652E-07
   0.562000E+04  -0.664368E-08   0.698119E-08   0.573019E-08
   0.564000E+04  -0.886841E-08  -0.272151E-08  -0.162277E-08
   0.566000E+04  -0.112415E-07  -0.169448E-07  -0.999202E-08
   0.568000E+04  -0.132001E-07  -0.333497E-07  -0.182433E-07
   0.570000E+04  -0.141303E-07  -0.486601E-07  -0.251664E-07
   0.572000E+04  -0.135032E-07  -0.592496E-07  -0.296483E-07
   0.574000E+04  -0.110025E-07  -0.618687E-07  -0.308398E-07
   0.576000E+04  -0.661750E-08  -0.543716E-07  -0.282943E-07
   0.578000E+04  -0.682217E-09  -0.362922E-07  -0.220566E-07
   0.580000E+04   0.615104E-08  -0.913907E-08  -0.126890E-07
   0.582000E+04   0.130002E-07   0.236756E-07  -0.122429E-08
   0.584000E+04   0.188899E-07   0.572863E-07   0.109508E-07
   0.586000E+04   0.229119E-07   0.861457E-07   0.222723E-07
   0.588000E+04   0.243803E-07   0.104988E-06   0.312140E-07
   0.590000E+04   0.229535E-07   0.109815E-06   0.365106E-07
   0.592000E+04   0.187003E-07   0.987072E-07   0.373575E-07
   0.594000E+04   0.120975E-07   0.723132E-07   0.335523E-07
   0.596000E+04   0.395980E-08   0.338892E-07   0.255514E-07
   0.598000E+04  -0.468590E-08  -0.111279E-07   0.144277E-07
   0.600000E+04  -0.127591E-07  -0.559606E-07   0.172672E-08
   0.602000E+04  -0.192885E-07  -0.936038E-07  -0.107585E-07
   0.604000E+04  -0.235505E-07  -0.118018E-06  -0.212634E-07
   0.606000E+04  -0.251606E-07  -0.125186E-06  -0.283327E-07
   0.608000E+04  -0.241028E-07  -0.113839E-06  -0.310583E-07
   0.610000E+04  -0.206968E-07  -0.857108E-07  -0.292309E-07
   0.612000E+04  -0.155123E-07  -0.452775E-07  -0.233743E-07
   0.614000E+04  -0.925103E-08   0.991115E-09  -0.146517E-07
   0.616000E+04  -0.262279E-08   0.457263E-07  -0.465829E-08
   0.618000E+04   0.376010E-08   0.819100E-07   0.486770E-08
   0.620000E+04   0.944883E-08   0.104057E-06   0.123606E-07
   0.622000E+04   0.141753E-07   0.109116E-06   0.167123E-07
   0.624000E+04   0.178221E-07   0.969357E-07   0.174711E-07
   0.626000E+04   0.203588E-07   0.702172E-07   0.149118E-07
   0.628000E+04   0.217662E-07   0.339677E-07   0.996378E-08
   0.630000E+04   0.219741E-07  -0.543028E-08   0.400508E-08
   0.632000E+04   0.208334E-07  -0.413612E-07  -0.143611E-08
   0.634000E+04   0.181376E-07  -0.681205E-07  -0.501471E-08
   0.636000E+04   0.136923E-07  -0.818528E-07  -0.586793E-08
   0.638000E+04   0.742079E-08  -0.811259E-07  -0.381645E-08
   0.640000E+04  -0.521356E-09  -0.670499E-07   0.578364E-09
   0.642000E+04  -0.965412E-08  -0.429411E-07   0.611868E-08
   0.644000E+04  -0.191364E-07  -0.136122E-07   0.112204E-07
   0.646000E+04  -0.278086E-07   0.155646E-07   0.142622E-07
   0.648000E+04  -0.343237E-07   0.396379E-07   0.139625E-07
   0.650000E+04  -0.373550E-07   0.549211E-07   0.970576E-08
   0.652000E+04  -0.358509E-07   0.595530E-07   0.174388E-08
   0.654000E+04  -0.292901E-07   0.536895E-07  -0.877766E-08
   0.656000E+04  -0.178820E-07   0.393156E-07  -0.199850E-07
   0.658000E+04  -0.266283E-08   0.197386E-07  -0.296102E-07
   0.660000E+04   0.145507E-07  -0.112153E-08  -0.354354E-07
   0.662000E+04   0.313613E-07  -0.194964E-07  -0.357608E-07
   0.664000E+04   0.451289E-07  -0.324405E-07  -0.298024E-07
   0.666000E+04   0.533985E-07  -0.382906E-07  -0.179312E-07
   0.668000E+04   0.543474E-07  -0.368438E-07  -0.169840E-08
   0.670000E+04   0.471715E-07  -0.292437E-07   0.163749E-07
   0.672000E+04   0.323280E-07  -0.176237E-07   0.332129E-07
   0.674000E+04   0.115777E-07  -0.459664E-08   0.457361E-07
   0.676000E+04  -0.122024E-07   0.729391E-08   0.514449E-07
   0.678000E+04  -0.354223E-07   0.160498E-07   0.489256E-07
   0.680000E+04  -0.543419E-07   0.205356E-07   0.381742E-07
   0.682000E+04  -0.657033E-07   0.205890E-07   0.206678E-07
   0.684000E+04  -0.673229E-07   0.169249E-07  -0.840362E-09
   0.686000E+04  -0.585322E-07   0.108740E-07  -0.227750E-07
   0.688000E+04  -0.403762E-07   0.402758E-08  -0.413644E-07
   0.690000E+04  -0.155206E-07  -0.212577E-08  -0.533239E-07
   0.692000E+04   0.121346E-07  -0.649531E-08  -0.564693E-07
   0.694000E+04   0.380782E-07  -0.855916E-08  -0.501430E-07
   0.696000E+04   0.579489E-07  -0.838860E-08  -0.353661E-07
   0.698000E+04   0.683007E-07  -0.653735E-08  -0.146831E-07
   0.700000E+04   0.672351E-07  -0.383655E-08   0.827926E-08
   0.702000E+04   0.547803E-07  -0.115312E-08   0.294616E-07
   0.704000E+04   0.329383E-07   0.827838E-09   0.451094E-07
   0.706000E+04   0.538081E-08   0.174752E-08   0.524635E-07
   0.708000E+04  -0.231615E-07   0.161756E-08   0.502721E-07
   0.710000E+04  -0.477148E-07   0.762860E-09   0.390271E-07
   0.712000E+04  -0.639398E-07  -0.312792E-09   0.208778E-07
   0.714000E+04  -0.689123E-07  -0.109731E-08  -0.763040E-09
   0.716000E+04  -0.616631E-07  -0.122959E-08  -0.218497E-07
   0.718000E+04  -0.433751E-07  -0.605934E-09  -0.384517E-07
   0.720000E+04  -0.171933E-07   0.592362E-09  -0.474812E-07
   0.722000E+04   0.123195E-07   0.195498E-08  -0.472623E-07
   0.724000E+04   0.399895E-07   0.296497E-08  -0.378370E-07
   0.726000E+04   0.609537E-07   0.315392E-08  -0.209511E-07
   0.728000E+04   0.715312E-07   0.224821E-08   0.276401E-09
   0.730000E+04   0.698829E-07   0.267331E-09   0.219354E-07
   0.732000E+04   0.563382E-07  -0.245252E-08   0.400489E-07
   0.734000E+04   0.333288E-07  -0.531771E-08   0.513027E-07
   0.736000E+04   0.494142E-08  -0.760693E-08   0.536446E-07
   0.738000E+04  -0.238275E-07  -0.864128E-08   0.466431E-07
   0.740000E+04  -0.479770E-07  -0.795461E-08   0.315436E-07
   0.742000E+04  -0.633988E-07  -0.542292E-08   0.110155E-07
   0.744000E+04  -0.676022E-07  -0.132081E-08  -0.113561E-07
   0.746000E+04  -0.601348E-07   0.371065E-08  -0.317345E-07
   0.748000E+04  -0.426243E-07   0.877995E-08  -0.467259E-07
   0.750000E+04  -0.184412E-07   0.129213E-07  -0.539726E-07
   0.752000E+04   0.795155E-08   0.152931E-07  -0.525406E-07
   0.754000E+04   0.318336E-07   0.153560E-07  -0.430338E-07
   0.756000E+04   0.490899E-07   0.129917E-07  -0.274240E-07
   0.758000E+04   0.569392E-07   0.853572E-08  -0.863816E-08
   0.760000E+04   0.543965E-07   0.271868E-08   0.100120E-07
   0.762000E+04   0.423902E-07  -0.347378E-08   0.254438E-07
   0.764000E+04   0.235209E-07  -0.899101E-08   0.353461E-07
   0.766000E+04   0.151874E-08  -0.129185E-07   0.385503E-07
   0.768000E+04  -0.194910E-07  -0.146481E-07   0.351693E-07
   0.770000E+04  -0.357671E-07  -0.139842E-07   0.264896E-07
   0.772000E+04  -0.446304E-07  -0.111647E-07   0.146487E-07
   0.774000E+04  -0.449132E-07  -0.679720E-08   0.217186E-08
   0.776000E+04  -0.371046E-07  -0.172540E-08  -0.853579E-08
   0.778000E+04  -0.231756E-07   0.314285E-08  -0.156414E-07
   0.780000E+04  -0.612892E-08   0.700949E-08  -0.181957E-07
   0.782000E+04   0.106265E-07   0.932652E-08  -0.162513E-07
   0.784000E+04   0.239507E-07   0.987616E-08  -0.107749E-07
   0.786000E+04   0.315623E-07   0.877867E-08  -0.338355E-08
   0.788000E+04   0.324340E-07   0.643202E-08   0.403311E-08
   0.790000E+04   0.269220E-07   0.340158E-08   0.972233E-08
   0.792000E+04   0.166188E-07   0.287740E-09   0.124251E-07
   0.794000E+04   0.396825E-08  -0.239789E-08   0.116108E-07
   0.796000E+04  -0.826907E-08  -0.432170E-08   0.754920E-08
   0.798000E+04  -0.175879E-07  -0.536618E-08   0.121202E-08
   0.800000E+04  -0.222319E-07  -0.561380E-08  -0.596523E-08
   0.802000E+04  -0.215132E-07  -0.528628E-08  -0.124071E-07
   0.804000E+04  -0.159007E-07  -0.465888E-08  -0.167359E-07
   0.806000E+04  -0.687027E-08  -0.397370E-08  -0.180539E-07
   0.808000E+04   0.344478E-08  -0.337477E-08  -0.161133E-07
   0.810000E+04   0.127231E-07  -0.288026E-08  -0.113452E-07
   0.812000E+04   0.189447E-07  -0.239702E-08  -0.474702E-08
   0.814000E+04   0.208002E-07  -0.177096E-08   0.234274E-08
   0.816000E+04   0.179398E-07  -0.857445E-09   0.853025E-08
   0.818000E+04   0.110163E-07   0.409292E-09   0.126525E-07
   0.820000E+04   0.152159E-08   0.196828E-08   0.140046E-07
   0.822000E+04  -0.854338E-08   0.362051E-08   0.124649E-07
   0.824000E+04  -0.170930E-07   0.505965E-08   0.849583E-08
   0.826000E+04  -0.223855E-07   0.593895E-08   0.302780E-08
   0.828000E+04  -0.233685E-07   0.595909E-08  -0.274741E-08
   0.830000E+04  -0.198759E-07   0.495493E-08  -0.762568E-08
   0.832000E+04  -0.126380E-07   0.295896E-08  -0.106307E-07
   0.834000E+04  -0.311266E-08   0.223026E-09  -0.111968E-07
   0.836000E+04   0.682567E-08  -0.281001E-08  -0.926122E-08
   0.838000E+04   0.152707E-07  -0.558220E-08  -0.525137E-08
   0.840000E+04   0.206627E-07  -0.752942E-08   0.236916E-10
   0.842000E+04   0.220865E-07  -0.820068E-08   0.555054E-08
   0.844000E+04   0.194303E-07  -0.736148E-08   0.103176E-07
   0.846000E+04   0.133810E-07  -0.505731E-08   0.135071E-07
   0.848000E+04   0.526035E-08  -0.162144E-08   0.146358E-07
   0.850000E+04  -0.325831E-08   0.237739E-08   0.136199E-07
   0.852000E+04  -0.104921E-07   0.623849E-08   0.107564E-07
   0.854000E+04  -0.150804E-07   0.926379E-08   0.663371E-08
   0.856000E+04  -0.162404E-07   0.108962E-07   0.199258E-08
   0.858000E+04  -0.138993E-07   0.108328E-07  -0.242661E-08
   0.860000E+04  -0.868211E-08   0.908859E-08  -0.601991E-08
   0.862000E+04  -0.176221E-08   0.599737E-08  -0.841165E-08
   0.864000E+04   0.538877E-08   0.214819E-08  -0.948819E-08
   0.866000E+04   0.113002E-07  -0.172988E-08  -0.937297E-08
   0.868000E+04   0.147895E-07  -0.491129E-08  -0.835550E-08
   0.870000E+04   0.151819E-07  -0.681657E-08  -0.679597E-08
   0.872000E+04   0.124230E-07  -0.712485E-08  -0.503066E-08
   0.874000E+04   0.706717E-08  -0.583347E-08  -0.330058E-08
   0.876000E+04   0.149136E-09  -0.325301E-08  -0.171834E-08
   0.878000E+04  -0.703064E-08   0.605571E-10  -0.277304E-09
   0.880000E+04  -0.131620E-07   0.342187E-08   0.110398E-08
   0.882000E+04  -0.171714E-07   0.615590E-08   0.251748E-08
   0.884000E+04  -0.184126E-07   0.773235E-08   0.400177E-08
   0.886000E+04  -0.167673E-07   0.786723E-08   0.549761E-08
   0.888000E+04  -0.126425E-07   0.657151E-08   0.683677E-08
   0.890000E+04  -0.686919E-08   0.413806E-08   0.776855E-08
   0.892000E+04  -0.528494E-09   0.107115E-08   0.801847E-08
   0.894000E+04   0.526036E-08  -0.202543E-08   0.736490E-08
   0.896000E+04   0.954663E-08  -0.457714E-08   0.571376E-08
   0.898000E+04   0.117121E-07  -0.615693E-08   0.315129E-08
   0.900000E+04   0.115642E-07  -0.656843E-08  -0.409400E-10
   0.902000E+04   0.934541E-08  -0.587736E-08  -0.341625E-08
   0.904000E+04   0.566235E-08  -0.438589E-08  -0.643514E-08
   0.906000E+04   0.135182E-08  -0.255688E-08  -0.856647E-08
   0.908000E+04  -0.268679E-08  -0.905189E-09  -0.939706E-08
   0.910000E+04  -0.566090E-08   0.119663E-09  -0.872574E-08
   0.912000E+04  -0.702462E-08   0.234185E-09  -0.662056E-08
   0.914000E+04  -0.656584E-08  -0.616618E-09  -0.342426E-08
   0.916000E+04  -0.442797E-08  -0.224799E-08   0.295928E-09
   0.918000E+04  -0.106650E-08  -0.427727E-08   0.384698E-08
   0.920000E+04   0.284803E-08  -0.620946E-08   0.653928E-08
   0.922000E+04   0.656023E-08  -0.754761E-08   0.782158E-08
   0.924000E+04   0.936866E-08  -0.790445E-08   0.739479E-08
   0.926000E+04   0.107485E-07  -0.709095E-08   0.528117E-08
   0.928000E+04   0.104376E-07  -0.516305E-08   0.183370E-08
   0.930000E+04   0.847427E-08  -0.241619E-08  -0.231829E-08
   0.932000E+04   0.518135E-08   0.671357E-09  -0.637853E-08
   0.934000E+04   0.110349E-08   0.353494E-08  -0.952903E-08
   0.936000E+04  -0.309041E-08   0.563978E-08  -0.110843E-07
   0.938000E+04  -0.672197E-08   0.659310E-08  -0.106256E-07
   0.940000E+04  -0.921577E-08   0.622881E-08  -0.809053E-08
   0.942000E+04  -0.101916E-07   0.464708E-08  -0.379884E-08
   0.944000E+04  -0.952272E-08   0.220023E-08   0.158994E-08
   0.946000E+04  -0.735217E-08  -0.572727E-09   0.718167E-08
   0.948000E+04  -0.406576E-08  -0.305030E-08   0.119976E-07
   0.950000E+04  -0.227249E-09  -0.465100E-08   0.151432E-07
   0.952000E+04   0.351340E-08  -0.494987E-08   0.159671E-07
   0.954000E+04   0.652440E-08  -0.376609E-08   0.141815E-07
   0.956000E+04   0.829279E-08  -0.120424E-08   0.992395E-08
   0.958000E+04   0.850642E-08   0.235909E-08   0.374862E-08
   0.960000E+04   0.710463E-08   0.634087E-08  -0.345162E-08
   0.962000E+04   0.429032E-08   0.100571E-07  -0.105807E-07
   0.964000E+04   0.501130E-09   0.128477E-07  -0.165107E-07
   0.966000E+04  -0.365593E-08   0.141975E-07  -0.202607E-07
   0.968000E+04  -0.749703E-08   0.138298E-07  -0.211564E-07
   0.970000E+04  -0.103673E-07   0.117557E-07  -0.189435E-07
   0.972000E+04  -0.117442E-07   0.826959E-08  -0.138367E-07
   0.974000E+04  -0.113221E-07   0.389348E-08  -0.649779E-08
   0.976000E+04  -0.906506E-08  -0.720137E-09   0.205625E-08
   0.978000E+04  -0.521902E-08  -0.490672E-08   0.106003E-07
   0.980000E+04  -0.280512E-09  -0.810729E-08   0.178821E-07
   0.982000E+04   0.507384E-08  -0.996298E-08   0.228096E-07
   0.984000E+04   0.100869E-07  -0.103694E-07   0.246170E-07
   0.986000E+04   0.140341E-07  -0.948129E-08   0.229838E-07
   0.988000E+04   0.163335E-07  -0.766838E-08   0.180886E-07
   0.990000E+04   0.166338E-07  -0.543204E-08   0.105890E-07
   0.992000E+04   0.148678E-07  -0.330009E-08   0.153019E-08
   0.994000E+04   0.112622E-07  -0.172106E-08  -0.780649E-08
   0.996000E+04   0.630156E-08  -0.978320E-09  -0.160909E-07
   0.998000E+04   0.653456E-09  -0.114073E-08  -0.221407E-07
   0.100000E+05  -0.493409E-08  -0.205846E-08  -0.250976E-07
   0.100200E+05  -0.974497E-08  -0.340357E-08  -0.245552E-07
   0.100400E+05  -0.131996E-07  -0.474616E-08  -0.206186E-07
   0.100600E+05  -0.149350E-07  -0.564976E-08  -0.138872E-07
   0.100800E+05  -0.148473E-07  -0.576606E-08  -0.536054E-08
   0.101000E+05  -0.130924E-07  -0.490967E-08   0.371669E-08
   0.101200E+05  -0.100447E-07  -0.309785E-08   0.120466E-07
   0.101400E+05  -0.622414E-08  -0.547374E-09   0.184768E-07
   0.101600E+05  -0.220416E-08   0.237006E-08   0.221740E-07
   0.101800E+05   0.148152E-08   0.520440E-08   0.227427E-07
   0.102000E+05   0.441812E-08   0.751944E-08   0.202731E-07
   0.102200E+05   0.636161E-08   0.898137E-08   0.153071E-07
   0.102400E+05   0.725602E-08   0.942518E-08   0.873256E-08
   0.102600E+05   0.721568E-08   0.888516E-08   0.162330E-08
   0.102800E+05   0.647845E-08   0.758322E-08  -0.494641E-08
   0.103000E+05   0.534120E-08   0.587763E-08  -0.100793E-07
   0.103200E+05   0.409147E-08   0.418288E-08  -0.131935E-07
   0.103400E+05   0.294930E-08   0.287788E-08  -0.140987E-07
   0.103600E+05   0.203040E-08   0.222152E-08  -0.129975E-07
   0.103800E+05   0.133684E-08   0.229398E-08  -0.104140E-07
   0.104000E+05   0.775513E-09   0.297602E-08  -0.706751E-08
   0.104200E+05   0.198788E-09   0.397132E-08  -0.371549E-08
   0.104400E+05  -0.542994E-09   0.486759E-08  -0.999224E-09
   0.104600E+05  -0.154948E-08   0.522401E-08   0.677416E-09
   0.104800E+05  -0.283096E-08   0.466732E-08   0.121255E-08
   0.105000E+05  -0.429093E-08   0.297667E-08   0.802657E-09
   0.105200E+05  -0.573492E-08   0.139741E-09  -0.126535E-09
   0.105400E+05  -0.690432E-08  -0.363155E-08  -0.103798E-08
   0.105600E+05  -0.752840E-08  -0.792915E-08  -0.142323E-08
   0.105800E+05  -0.738368E-08  -0.122152E-07  -0.932911E-09
   0.106000E+05  -0.634796E-08  -0.159138E-07   0.531656E-09
   0.106200E+05  -0.443736E-08  -0.185087E-07   0.278653E-08
   0.106400E+05  -0.181755E-08  -0.196303E-07   0.540065E-08
   0.106600E+05   0.121399E-08  -0.191124E-07   0.779147E-08
   0.106800E+05   0.427246E-08  -0.170112E-07   0.936013E-08
   0.107000E+05   0.694902E-08  -0.135838E-07   0.963565E-08
   0.107200E+05   0.888089E-08  -0.923223E-08   0.839567E-08
   0.107400E+05   0.981496E-08  -0.442700E-08   0.573494E-08
   0.107600E+05   0.965227E-08   0.373401E-09   0.206423E-08
   0.107800E+05   0.846463E-08   0.479069E-08  -0.196288E-08
   0.108000E+05   0.647967E-08   0.856944E-08  -0.558162E-08
   0.108200E+05   0.403709E-08   0.115881E-07  -0.807891E-08
   0.108400E+05   0.152434E-08   0.138401E-07  -0.895212E-08
   0.108600E+05  -0.695829E-09   0.153919E-07  -0.802820E-08
   0.108800E+05  -0.235189E-08   0.163335E-07  -0.551492E-08
   0.109000E+05  -0.331089E-08   0.167329E-07  -0.197007E-08
   0.109200E+05  -0.359742E-08   0.166081E-07   0.180803E-08
   0.109400E+05  -0.338021E-08   0.159233E-07   0.494784E-08
   0.109600E+05  -0.292897E-08   0.146094E-07   0.669500E-08
   0.109800E+05  -0.254998E-08   0.126009E-07   0.658506E-08
   0.110000E+05  -0.251328E-08   0.987931E-08   0.455960E-08
   0.110200E+05  -0.298630E-08   0.650833E-08   0.997750E-09
   0.110400E+05  -0.398774E-08   0.264994E-08  -0.334729E-08
   0.110600E+05  -0.537173E-08  -0.144518E-08  -0.749726E-08
   0.110800E+05  -0.684671E-08  -0.547240E-08  -0.104544E-07
   0.111000E+05  -0.802651E-08  -0.912498E-08  -0.114213E-07
   0.111200E+05  -0.850490E-08  -0.121499E-07  -0.998834E-08
   0.111400E+05  -0.793988E-08  -0.143921E-07  -0.624545E-08
   0.111600E+05  -0.613186E-08  -0.158143E-07  -0.792192E-09
   0.111800E+05  -0.308017E-08  -0.164842E-07   0.536202E-08
   0.112000E+05   0.993568E-09  -0.165314E-07   0.109905E-07
   0.112200E+05   0.566142E-08  -0.160828E-07   0.148980E-07
   0.112400E+05   0.103430E-07  -0.151962E-07   0.161749E-07
   0.112600E+05   0.143895E-07  -0.138105E-07   0.144037E-07
   0.112800E+05   0.171837E-07  -0.117332E-07   0.977201E-08
   0.113000E+05   0.182395E-07  -0.867615E-08   0.306386E-08
   0.113200E+05   0.172842E-07  -0.433862E-08  -0.447318E-08
   0.113400E+05   0.143090E-07   0.147418E-08  -0.113630E-07
   0.113600E+05   0.957919E-08   0.872381E-08  -0.161932E-07
   0.113800E+05   0.360187E-08   0.170342E-07  -0.179062E-07
   0.114000E+05  -0.294256E-08   0.256431E-07  -0.160300E-07
   0.114200E+05  -0.929513E-08   0.334357E-07  -0.107971E-07
   0.114400E+05  -0.147230E-07   0.390689E-07  -0.312619E-08
   0.114600E+05  -0.186182E-07   0.411795E-07   0.553729E-08
   0.114800E+05  -0.205743E-07   0.386454E-07   0.134916E-07
   0.115000E+05  -0.204322E-07   0.308541E-07   0.191103E-07
   0.115200E+05  -0.182878E-07   0.179234E-07   0.211689E-07
   0.115400E+05  -0.144640E-07   0.821234E-09   0.191016E-07
   0.115600E+05  -0.945353E-08  -0.186555E-07   0.131340E-07
   0.115800E+05  -0.384370E-08  -0.380598E-07   0.426221E-08
   0.116000E+05   0.176381E-08  -0.546177E-07  -0.592065E-08
   0.116200E+05   0.682610E-08  -0.656536E-07  -0.155205E-07
   0.116400E+05   0.109150E-07  -0.690487E-07  -0.227040E-07
   0.116600E+05   0.137498E-07  -0.636529E-07  -0.260561E-07
   0.116800E+05   0.152062E-07  -0.495688E-07  -0.248625E-07
   0.117000E+05   0.153033E-07  -0.282445E-07  -0.192610E-07
   0.117200E+05   0.141758E-07  -0.234249E-08  -0.102287E-07
   0.117400E+05   0.120390E-07   0.246090E-07   0.594009E-09
   0.117600E+05   0.915290E-08   0.487364E-07   0.112098E-07
   0.117800E+05   0.579267E-08   0.664311E-07   0.196444E-07
   0.118000E+05   0.222729E-08   0.749474E-07   0.243261E-07
   0.118200E+05  -0.129229E-08   0.728818E-07   0.243912E-07
   0.118400E+05  -0.453805E-08   0.604455E-07   0.198562E-07
   0.118600E+05  -0.730634E-08   0.394723E-07   0.116216E-07
   0.118800E+05  -0.941953E-08   0.131539E-07   0.130749E-08
   0.119000E+05  -0.107309E-07  -0.144618E-07  -0.905095E-08
   0.119200E+05  -0.111338E-07  -0.391251E-07  -0.173880E-07
   0.119400E+05  -0.105751E-07  -0.570814E-07  -0.220002E-07
   0.119600E+05  -0.906855E-08  -0.656896E-07  -0.218727E-07
   0.119800E+05  -0.670624E-08  -0.638520E-07  -0.168772E-07
   0.120000E+05  -0.366308E-08  -0.521806E-07  -0.780462E-08
   0.120200E+05  -0.191358E-09  -0.328696E-07   0.377315E-08
   0.120400E+05   0.339597E-08  -0.929723E-08   0.157856E-07
   0.120600E+05   0.675251E-08   0.145706E-07   0.260375E-07
   0.120800E+05   0.953350E-08   0.348671E-07   0.326041E-07
   0.121000E+05   0.114343E-07   0.484799E-07   0.341754E-07
   0.121200E+05   0.122267E-07   0.535566E-07   0.302880E-07
   0.121400E+05   0.117887E-07   0.497755E-07   0.214035E-07
   0.121600E+05   0.101227E-07   0.383362E-07   0.882366E-08
   0.121800E+05   0.735986E-08   0.216809E-07  -0.554000E-08
   0.122000E+05   0.375041E-08   0.300428E-08  -0.194972E-07
   0.122200E+05  -0.359248E-09  -0.143527E-07  -0.309490E-07
   0.122400E+05  -0.455988E-08  -0.275085E-07  -0.382315E-07
   0.122600E+05  -0.841932E-08  -0.345361E-07  -0.403737E-07
   0.122800E+05  -0.115251E-07  -0.347584E-07  -0.372300E-07
   0.123000E+05  -0.135257E-07  -0.287976E-07  -0.294677E-07
   0.123200E+05  -0.141674E-07  -0.183798E-07  -0.184217E-07
   0.123400E+05  -0.133225E-07  -0.594047E-08  -0.584727E-08
   0.123600E+05  -0.110086E-07   0.588346E-08   0.638235E-08
   0.123800E+05  -0.739478E-08   0.147740E-07   0.165765E-07
   0.124000E+05  -0.279481E-08   0.191641E-07   0.234777E-07
   0.124200E+05   0.235449E-08   0.185007E-07   0.264229E-07
   0.124400E+05   0.752868E-08   0.132966E-07   0.253961E-07
   0.124600E+05   0.121639E-07   0.496874E-08   0.209731E-07
   0.124800E+05   0.157143E-07  -0.449408E-08   0.141766E-07
   0.125000E+05   0.177144E-07  -0.129623E-07   0.627516E-08
   0.125200E+05   0.178384E-07  -0.186047E-07  -0.143573E-08
   0.125400E+05   0.159494E-07  -0.202481E-07  -0.783327E-08
   0.125600E+05   0.121322E-07  -0.175886E-07  -0.121163E-07
   0.125800E+05   0.669995E-08  -0.112195E-07  -0.138867E-07
   0.126000E+05   0.174396E-09  -0.247612E-08  -0.131579E-07
   0.126200E+05  -0.676295E-08   0.686306E-08  -0.103004E-07
   0.126400E+05  -0.133438E-07   0.149527E-07  -0.594079E-08
   0.126600E+05  -0.188026E-07   0.202566E-07  -0.838582E-09
   0.126800E+05  -0.224707E-07   0.218463E-07   0.423680E-08
   0.127000E+05  -0.238635E-07   0.195667E-07   0.860950E-08
   0.127200E+05  -0.227470E-07   0.140388E-07   0.117692E-07
   0.127400E+05  -0.191744E-07   0.650726E-08   0.134068E-07
   0.127600E+05  -0.134863E-07  -0.143288E-08   0.134176E-07
   0.127800E+05  -0.627413E-08  -0.816821E-08   0.118778E-07
   0.128000E+05   0.168879E-08  -0.123907E-07   0.900770E-08
   0.128200E+05   0.953926E-08  -0.133475E-07   0.512785E-08
   0.128400E+05   0.164264E-07  -0.109705E-07   0.619570E-09
   0.128600E+05   0.216109E-07  -0.586507E-08  -0.410869E-08
   0.128800E+05   0.245487E-07   0.835302E-09  -0.864705E-08
   0.129000E+05   0.249485E-07   0.771107E-08  -0.126045E-07
   0.129200E+05   0.227994E-07   0.133454E-07  -0.156269E-07
   0.129400E+05   0.183649E-07   0.165991E-07  -0.174165E-07
   0.129600E+05   0.121483E-07   0.168187E-07  -0.177531E-07
   0.129800E+05   0.483484E-08   0.139399E-07  -0.165185E-07
   0.130000E+05  -0.278307E-08   0.847229E-08  -0.137188E-07
   0.130200E+05  -0.988716E-08   0.137516E-08  -0.950230E-08
   0.130400E+05  -0.157158E-07  -0.614553E-08  -0.416562E-08
   0.130600E+05  -0.196405E-07  -0.128733E-07   0.185456E-08
   0.130800E+05  -0.212310E-07  -0.178032E-07   0.800864E-08
   0.131000E+05  -0.203049E-07  -0.203067E-07   0.136793E-07
   0.131200E+05  -0.169572E-07  -0.202125E-07   0.182423E-07
   0.131400E+05  -0.115656E-07  -0.177939E-07   0.211369E-07
   0.131600E+05  -0.476713E-08  -0.136732E-07   0.219381E-07
   0.131800E+05   0.259522E-08  -0.866985E-08   0.204215E-07
   0.132000E+05   0.955720E-08  -0.362742E-08   0.166102E-07
   0.132200E+05   0.151443E-07   0.743927E-09   0.107973E-07
   0.132400E+05   0.184998E-07   0.397908E-08   0.353591E-08
   0.132600E+05   0.190162E-07   0.590645E-08  -0.440409E-08
   0.132800E+05   0.164487E-07   0.663023E-08  -0.121121E-07
   0.133000E+05   0.109930E-07   0.645819E-08  -0.186389E-07
   0.133200E+05   0.330575E-08   0.579690E-08  -0.231142E-07
   0.133400E+05  -0.554491E-08   0.504128E-08  -0.248661E-07
   0.133600E+05  -0.142013E-07   0.448387E-08  -0.235259E-07
   0.133800E+05  -0.212025E-07   0.426205E-08  -0.191016E-07
   0.134000E+05  -0.252126E-07   0.435100E-08  -0.120065E-07
   0.134200E+05  -0.252561E-07   0.459877E-08  -0.303402E-08
   0.134400E+05  -0.209222E-07   0.479013E-08   0.672464E-08
   0.134600E+05  -0.124954E-07   0.472035E-08   0.160126E-07
   0.134800E+05  -0.982108E-09   0.425884E-08   0.235749E-07
   0.135000E+05   0.119859E-07   0.338710E-08   0.283394E-07
   0.135200E+05   0.243676E-07   0.220231E-08   0.295833E-07
   0.135400E+05   0.340221E-07   0.887777E-09   0.270587E-07
   0.135600E+05   0.390681E-07  -0.340717E-09   0.210526E-07
   0.135800E+05   0.382309E-07  -0.129734E-08   0.123669E-07
   0.136000E+05   0.311160E-07  -0.188045E-08   0.221531E-08
   0.136200E+05   0.183525E-07  -0.210388E-08  -0.795143E-08
   0.136400E+05   0.156819E-08  -0.209664E-08  -0.166677E-07
   0.136600E+05  -0.168113E-07  -0.207016E-08  -0.226876E-07
   0.136800E+05  -0.339193E-07  -0.226053E-08  -0.251922E-07
   0.137000E+05  -0.469076E-07  -0.285943E-08  -0.239329E-07
   0.137200E+05  -0.534331E-07  -0.395065E-08  -0.192810E-07
   0.137400E+05  -0.520882E-07  -0.546812E-08  -0.121715E-07
   0.137600E+05  -0.426927E-07  -0.718709E-08  -0.394584E-08
   0.137800E+05  -0.263877E-07  -0.875254E-08   0.388207E-08
   0.138000E+05  -0.550354E-08  -0.974104E-08   0.989746E-08
   0.138200E+05   0.167853E-07  -0.974439E-08   0.130445E-07
   0.138400E+05   0.369683E-07  -0.845852E-08   0.128260E-07
   0.138600E+05   0.517851E-07  -0.575938E-08   0.940399E-08
   0.138800E+05   0.587882E-07  -0.174970E-08   0.357720E-08
   0.139000E+05   0.567819E-07   0.323394E-08  -0.336289E-08
   0.139200E+05   0.460533E-07   0.865690E-08  -0.987504E-08
   0.139400E+05   0.283485E-07   0.138598E-07  -0.144665E-07
   0.139600E+05   0.659241E-08   0.181573E-07  -0.159911E-07
   0.139800E+05  -0.156052E-07   0.209447E-07  -0.138882E-07
   0.140000E+05  -0.345711E-07   0.217944E-07  -0.831595E-08
   0.140200E+05  -0.472082E-07   0.205257E-07  -0.146960E-09
   0.140400E+05  -0.515377E-07   0.172350E-07   0.917562E-08
   0.140600E+05  -0.470445E-07   0.122830E-07   0.178991E-07
   0.140800E+05  -0.347603E-07   0.624158E-08   0.242919E-07
   0.141000E+05  -0.170680E-07  -0.192083E-09   0.269811E-07
   0.141200E+05   0.273827E-08  -0.629717E-08   0.252325E-07
   0.141400E+05   0.210579E-07  -0.114319E-07   0.191148E-07
   0.141600E+05   0.346416E-07  -0.151201E-07   0.951435E-08
   0.141800E+05   0.411812E-07  -0.171088E-07  -0.200638E-08
   0.142000E+05   0.397203E-07  -0.173891E-07  -0.134848E-07
   0.142200E+05   0.308123E-07  -0.161778E-07  -0.229160E-07
   0.142400E+05   0.163946E-07  -0.138651E-07  -0.286271E-07
   0.142600E+05  -0.595086E-09  -0.109369E-07  -0.295932E-07
   0.142800E+05  -0.167862E-07  -0.788564E-08  -0.256365E-07
   0.143000E+05  -0.290196E-07  -0.512471E-08  -0.174655E-07
   0.143200E+05  -0.349458E-07  -0.292065E-08  -0.654671E-08
   0.143400E+05  -0.334635E-07  -0.135432E-08   0.516871E-08
   0.143600E+05  -0.249181E-07  -0.318373E-09   0.156102E-07
   0.143800E+05  -0.110221E-07   0.448073E-09   0.229756E-07
   0.144000E+05   0.548334E-08   0.129261E-08   0.260655E-07
   0.144200E+05   0.213595E-07   0.256147E-08   0.244992E-07
   0.144400E+05   0.334910E-07   0.450539E-08   0.187704E-07
   0.144600E+05   0.394769E-07   0.719704E-08   0.101331E-07
   0.144800E+05   0.380804E-07   0.104771E-07   0.340071E-09
   0.145000E+05   0.294525E-07   0.139422E-07  -0.871147E-08
   0.145200E+05   0.150910E-07   0.169835E-07  -0.153568E-07
   0.145400E+05  -0.245456E-08   0.188726E-07  -0.184869E-07
   0.145600E+05  -0.200707E-07   0.188884E-07  -0.177536E-07
   0.145800E+05  -0.346650E-07   0.164623E-07  -0.136163E-07
   0.146000E+05  -0.437356E-07   0.113213E-07  -0.722292E-08
   0.146200E+05  -0.458172E-07   0.359763E-08  -0.149686E-09
   0.146400E+05  -0.407220E-07  -0.611669E-08   0.594339E-08
   0.146600E+05  -0.295355E-07  -0.167914E-07   0.967097E-08
   0.146800E+05  -0.143736E-07  -0.270606E-07   0.102192E-07
   0.147000E+05   0.204344E-08  -0.353990E-07   0.751940E-08
   0.147200E+05   0.169154E-07  -0.403523E-07   0.226184E-08
   0.147400E+05   0.278795E-07  -0.407837E-07  -0.425264E-08
   0.147600E+05   0.334229E-07  -0.360994E-07  -0.103935E-07
   0.147800E+05   0.331143E-07  -0.264078E-07  -0.145550E-07
   0.148000E+05   0.276187E-07  -0.125792E-07  -0.155104E-07
   0.148200E+05   0.184997E-07   0.381533E-08  -0.126918E-07
   0.148400E+05   0.785893E-08   0.206869E-07  -0.633620E-08
   0.148600E+05  -0.210954E-08   0.357142E-07   0.253418E-08
   0.148800E+05  -0.955840E-08   0.466905E-07   0.122965E-07
   0.149000E+05  -0.133316E-07   0.518780E-07   0.210398E-07
   0.149200E+05  -0.131499E-07   0.503112E-07   0.269445E-07
   0.149400E+05  -0.960751E-08   0.419923E-07   0.286520E-07
   0.149600E+05  -0.398746E-08   0.279396E-07   0.255494E-07
   0.149800E+05   0.205641E-08   0.100729E-07   0.179126E-07
   0.150000E+05   0.688147E-08  -0.905521E-08   0.687572E-08
   0.150200E+05   0.921928E-08  -0.266425E-07  -0.576638E-08
   0.150400E+05   0.844448E-08  -0.400753E-07  -0.178857E-07
   0.150600E+05   0.469618E-08  -0.473497E-07  -0.274146E-07
   0.150800E+05  -0.116950E-08  -0.474032E-07  -0.327281E-07
   0.151000E+05  -0.778120E-08  -0.402987E-07  -0.329422E-07
   0.151200E+05  -0.135623E-07  -0.272245E-07  -0.280694E-07
   0.151400E+05  -0.170813E-07  -0.103080E-07  -0.190049E-07
   0.151600E+05  -0.173685E-07   0.773004E-08  -0.734672E-08
   0.151800E+05  -0.141321E-07   0.240220E-07   0.491048E-08
   0.152000E+05  -0.783060E-08   0.360265E-07   0.157488E-07
   0.152200E+05   0.412298E-09   0.419451E-07   0.234926E-07
   0.152400E+05   0.903135E-08   0.410131E-07   0.270968E-07
   0.152600E+05   0.163345E-07   0.336114E-07   0.263048E-07
   0.152800E+05   0.208435E-07   0.211825E-07   0.216504E-07
   0.153000E+05   0.215919E-07   0.596624E-08   0.143086E-07
   0.153200E+05   0.183193E-07  -0.939862E-08   0.583189E-08
   0.153400E+05   0.115267E-07  -0.223331E-07  -0.217294E-08
   0.153600E+05   0.238152E-08  -0.307580E-07  -0.835872E-08
   0.153800E+05  -0.750530E-08  -0.334368E-07  -0.118820E-07
   0.154000E+05  -0.163842E-07  -0.301638E-07  -0.125304E-07
   0.154200E+05  -0.226935E-07  -0.217664E-07  -0.107136E-07
   0.154400E+05  -0.253438E-07  -0.992651E-08  -0.732526E-08
   0.154600E+05  -0.239062E-07   0.314204E-08  -0.351114E-08
   0.154800E+05  -0.186720E-07   0.151003E-07  -0.395763E-09
   0.155000E+05  -0.105763E-07   0.238980E-07   0.117334E-08
   0.155200E+05  -0.100619E-08   0.281216E-07   0.809597E-09
   0.155400E+05   0.846629E-08   0.272149E-07  -0.133739E-08
   0.155600E+05   0.163711E-07   0.215399E-07  -0.462855E-08
   0.155800E+05   0.215925E-07   0.122699E-07  -0.809139E-08
   0.156000E+05   0.235405E-07   0.114465E-08  -0.106497E-07
   0.156200E+05   0.222133E-07  -0.986502E-08  -0.113766E-07
   0.156400E+05   0.181469E-07  -0.189157E-07  -0.971661E-08
   0.156600E+05   0.122683E-07  -0.246086E-07  -0.562870E-08
   0.156800E+05   0.568868E-08  -0.262085E-07   0.378702E-09
   0.157000E+05  -0.519032E-09  -0.237310E-07   0.732992E-08
   0.157200E+05  -0.551258E-08  -0.178890E-07   0.139641E-07
   0.157400E+05  -0.880706E-08  -0.991697E-08   0.189811E-07
   0.157600E+05  -0.103159E-07  -0.131267E-08   0.213009E-07
   0.157800E+05  -0.103051E-07   0.644954E-08   0.202865E-07
   0.158000E+05  -0.927834E-08   0.121797E-07   0.158842E-07
   0.158200E+05  -0.782357E-08   0.151600E-07   0.865496E-08
   0.158400E+05  -0.645807E-08   0.152301E-07  -0.310323E-09
   0.158600E+05  -0.550712E-08   0.127613E-07  -0.957487E-08
   0.158800E+05  -0.504168E-08   0.853424E-08  -0.176057E-07
   0.159000E+05  -0.488584E-08   0.355103E-08  -0.230421E-07
   0.159200E+05  -0.468895E-08  -0.117627E-08  -0.249335E-07
   0.159400E+05  -0.404236E-08  -0.481713E-08  -0.229057E-07
   0.159600E+05  -0.261143E-08  -0.685866E-08  -0.172248E-07
   0.159800E+05  -0.250298E-09  -0.716439E-08  -0.875240E-08
   0.160000E+05   0.292829E-08  -0.595151E-08   0.120089E-08
   0.160200E+05   0.654588E-08  -0.369911E-08   0.110930E-07
   0.160400E+05   0.100171E-07  -0.101349E-08   0.194022E-07
   0.160600E+05   0.126630E-07   0.151707E-08   0.248690E-07
   0.160800E+05   0.138555E-07   0.344575E-08   0.266883E-07
   0.161000E+05   0.131611E-07   0.454443E-08   0.246235E-07
   0.161200E+05   0.104546E-07   0.482191E-08   0.190267E-07
   0.161400E+05   0.597496E-08   0.448472E-08   0.107663E-07
   0.161600E+05   0.310709E-09   0.385462E-08   0.107876E-08
   0.161800E+05  -0.568538E-08   0.326576E-08  -0.862884E-08
   0.162000E+05  -0.110380E-07   0.296768E-08  -0.169928E-07
   0.162200E+05  -0.148213E-07   0.305732E-08  -0.228894E-07
   0.162400E+05  -0.163294E-07   0.345526E-08  -0.255856E-07
   0.162600E+05  -0.152127E-07   0.393028E-08  -0.248258E-07
   0.162800E+05  -0.115536E-07   0.416483E-08  -0.208443E-07
   0.163000E+05  -0.586766E-08   0.384448E-08  -0.143079E-07
   0.163200E+05   0.972162E-09   0.274924E-08  -0.620057E-08
   0.163400E+05   0.787493E-08   0.824461E-09   0.232994E-08
   0.163600E+05   0.137104E-07  -0.178584E-08   0.101396E-07
   0.163800E+05   0.174959E-07  -0.475183E-08   0.162461E-07
   0.164000E+05   0.185598E-07  -0.761473E-08   0.199556E-07
   0.164200E+05   0.166536E-07  -0.987575E-08   0.209436E-07
   0.164400E+05   0.119936E-07  -0.110980E-07   0.192798E-07
   0.164600E+05   0.522826E-08  -0.109996E-07   0.153970E-07
   0.164800E+05  -0.266382E-08  -0.951741E-08   0.100102E-07
   0.165000E+05  -0.105263E-07  -0.682865E-08   0.399871E-08
   0.165200E+05  -0.172022E-07  -0.332475E-08  -0.173043E-08
   0.165400E+05  -0.217078E-07   0.456812E-09  -0.637841E-08
   0.165600E+05  -0.233753E-07   0.392902E-08  -0.936946E-08
   0.165800E+05  -0.219449E-07   0.656086E-08  -0.104280E-07
   0.166000E+05  -0.175937E-07   0.797113E-08  -0.960665E-08
   0.166200E+05  -0.109009E-07   0.799272E-08  -0.726180E-08
   0.166400E+05  -0.275713E-08   0.669599E-08  -0.397986E-08
   0.166600E+05   0.576624E-08   0.436828E-08  -0.467597E-09
   0.166800E+05   0.135664E-07   0.145541E-08   0.257558E-08
   0.167000E+05   0.196564E-07  -0.152220E-08   0.458139E-08
   0.167200E+05   0.232903E-07  -0.406151E-08   0.521079E-08
   0.167400E+05   0.240517E-07  -0.575980E-08   0.440878E-08
   0.167600E+05   0.218958E-07  -0.637392E-08   0.240587E-08
   0.167800E+05   0.171442E-07  -0.584731E-08  -0.334531E-09
   0.168000E+05   0.104355E-07  -0.430291E-08  -0.321294E-08
   0.168200E+05   0.263871E-08  -0.200687E-08  -0.561656E-08
   0.168400E+05  -0.525608E-08   0.686906E-09  -0.704408E-08
   0.168600E+05  -0.122592E-07   0.339910E-08  -0.720759E-08
   0.168800E+05  -0.175000E-07   0.578210E-08  -0.609063E-08
   0.169000E+05  -0.203310E-07   0.756274E-08  -0.394981E-08
   0.169200E+05  -0.204066E-07   0.856600E-08  -0.125865E-08
   0.169400E+05  -0.177272E-07   0.871956E-08   0.139550E-08
   0.169600E+05  -0.126448E-07   0.804346E-08   0.344077E-08
   0.169800E+05  -0.582714E-08   0.663101E-08   0.444881E-08
   0.170000E+05   0.181774E-08   0.462788E-08   0.423380E-08
   0.170200E+05   0.924959E-08   0.221431E-08   0.289972E-08
   0.170400E+05   0.154268E-07  -0.407205E-09   0.823605E-09
   0.170600E+05   0.194452E-07  -0.301964E-08  -0.142409E-08
   0.170800E+05   0.206677E-07  -0.539786E-08  -0.320681E-08
   0.171000E+05   0.188263E-07  -0.731798E-08  -0.397058E-08
   0.171200E+05   0.140809E-07  -0.857318E-08  -0.338176E-08
   0.171400E+05   0.702044E-08  -0.899726E-08  -0.142210E-08
   0.171600E+05  -0.139652E-08  -0.849348E-08   0.158252E-08
   0.171800E+05  -0.996161E-08  -0.706359E-08   0.501038E-08
   0.172000E+05  -0.173820E-07  -0.482918E-08   0.806294E-08
   0.172200E+05  -0.224713E-07  -0.203739E-08   0.993286E-08
   0.172400E+05  -0.243381E-07   0.955038E-09   0.998676E-08
   0.172600E+05  -0.225422E-07   0.372176E-08   0.792332E-08
   0.172800E+05  -0.171907E-07   0.582754E-08   0.387049E-08
   0.173000E+05  -0.895368E-08   0.690130E-08  -0.160369E-08
   0.173200E+05   0.100907E-08   0.670869E-08  -0.757467E-08
   0.173400E+05   0.112058E-07   0.520940E-08  -0.129275E-07
   0.173600E+05   0.200338E-07   0.258560E-08  -0.165754E-07
   0.173800E+05   0.260328E-07  -0.767916E-09  -0.176873E-07
   0.174000E+05   0.281287E-07  -0.429434E-08  -0.158767E-07
   0.174200E+05   0.258283E-07  -0.736092E-08  -0.113099E-07
   0.174400E+05   0.193270E-07  -0.936714E-08  -0.470611E-08
   0.174600E+05   0.950787E-08  -0.985621E-08   0.277716E-08
   0.174800E+05  -0.217473E-08  -0.860866E-08   0.975481E-08
   0.175000E+05  -0.139128E-07  -0.569872E-08   0.148830E-07
   0.175200E+05  -0.238316E-07  -0.149996E-08   0.171334E-07
   0.175400E+05  -0.302988E-07   0.336407E-08   0.160156E-07
   0.175600E+05  -0.322055E-07   0.811849E-08   0.117009E-07
   0.175800E+05  -0.291669E-07   0.119689E-07   0.501550E-08
   0.176000E+05  -0.216068E-07   0.142433E-07  -0.269909E-08
   0.176200E+05  -0.107051E-07   0.145181E-07  -0.983789E-08
   0.176400E+05   0.178526E-08   0.127032E-07  -0.148481E-07
   0.176600E+05   0.138265E-07   0.906962E-08  -0.165474E-07
   0.176800E+05   0.234395E-07   0.421074E-08  -0.143808E-07
   0.177000E+05   0.290451E-07  -0.105592E-08  -0.855992E-08
   0.177200E+05   0.297421E-07  -0.583142E-08  -0.538378E-10
   0.177400E+05   0.254711E-07  -0.929636E-08   0.957338E-08
   0.177600E+05   0.170329E-07  -0.108608E-07   0.184508E-07
   0.177800E+05   0.595437E-08  -0.102748E-07   0.247606E-07
   0.178000E+05  -0.577670E-08  -0.767859E-08   0.271006E-07
   0.178200E+05  -0.160618E-07  -0.358155E-08   0.247764E-07
   0.178400E+05  -0.230663E-07   0.122707E-08   0.179629E-07
   0.178600E+05  -0.255496E-07   0.581969E-08   0.770009E-08
   0.178800E+05  -0.230921E-07   0.929880E-08  -0.428192E-08
   0.179000E+05  -0.161737E-07   0.109611E-07  -0.158770E-07
   0.179200E+05  -0.609048E-08   0.104272E-07  -0.249986E-07
   0.179400E+05   0.527852E-08   0.771204E-08  -0.299797E-07
   0.179600E+05   0.158131E-07   0.322413E-08  -0.298998E-07
   0.179800E+05   0.235394E-07  -0.230766E-08  -0.247725E-07
   0.180000E+05   0.269929E-07  -0.796505E-08  -0.155556E-07
   0.180200E+05   0.254896E-07  -0.128052E-07  -0.397802E-08
   0.180400E+05   0.192545E-07  -0.160287E-07   0.778374E-08
   0.180600E+05   0.938254E-08  -0.171194E-07   0.175191E-07
   0.180800E+05  -0.236005E-08  -0.159319E-07   0.234067E-07
   0.181000E+05  -0.138594E-07  -0.127092E-07   0.243649E-07
   0.181200E+05  -0.230413E-07  -0.803031E-08   0.202614E-07
   0.181400E+05  -0.282513E-07  -0.269774E-08   0.119399E-07
   0.181600E+05  -0.285559E-07   0.241301E-08   0.105762E-08
   0.181800E+05  -0.239100E-07   0.651325E-08  -0.102338E-07
   0.182000E+05  -0.151593E-07   0.904016E-08  -0.197036E-07
   0.182200E+05  -0.387789E-08   0.974992E-08  -0.254723E-07
   0.182400E+05   0.792648E-08   0.874857E-08  -0.263726E-07
   0.182600E+05   0.181847E-07   0.645640E-08  -0.221721E-07
   0.182800E+05   0.251448E-07   0.351449E-08  -0.136143E-07
   0.183000E+05   0.276855E-07   0.652453E-09  -0.227123E-08
   0.183200E+05   0.255081E-07  -0.145659E-08   0.976255E-08
   0.183400E+05   0.191704E-07  -0.232602E-08   0.202746E-07
   0.183600E+05   0.996152E-08  -0.174642E-08   0.273575E-07
   0.183800E+05  -0.358906E-09   0.179094E-09   0.297692E-07
   0.184000E+05  -0.990225E-08   0.306031E-08   0.271598E-07
   0.184200E+05  -0.170083E-07   0.629969E-08   0.201247E-07
   0.184400E+05  -0.205491E-07   0.921022E-08   0.100743E-07
   0.184600E+05  -0.201229E-07   0.111480E-07  -0.105111E-08
   0.184800E+05  -0.161024E-07   0.116347E-07  -0.111630E-07
   0.185000E+05  -0.953296E-08   0.104466E-07  -0.184282E-07
   0.185200E+05  -0.190306E-08   0.765573E-08  -0.216145E-07
   0.185400E+05   0.516452E-08   0.361544E-08  -0.203135E-07
   0.185600E+05   0.102387E-07  -0.110432E-08  -0.149985E-07
   0.185800E+05   0.123586E-07  -0.581902E-08  -0.691066E-08
   0.186000E+05   0.112116E-07  -0.984898E-08   0.220112E-08
   0.186200E+05   0.717722E-08  -0.126342E-07   0.104333E-07
   0.186400E+05   0.123254E-08  -0.138238E-07   0.161018E-07
   0.186600E+05  -0.526009E-08  -0.133259E-07   0.180654E-07
   0.186800E+05  -0.108374E-07  -0.113099E-07   0.159351E-07
   0.187000E+05  -0.142336E-07  -0.816446E-08   0.101330E-07
   0.187200E+05  -0.146346E-07  -0.441955E-08   0.179245E-08
   0.187400E+05  -0.118358E-07  -0.650111E-09  -0.747704E-08
   0.187600E+05  -0.627769E-08   0.262190E-08  -0.159101E-07
   0.187800E+05   0.104776E-08   0.500890E-08  -0.219273E-07
   0.188000E+05   0.879754E-08   0.630954E-08  -0.244311E-07
   0.188200E+05   0.155427E-07   0.652404E-08  -0.230007E-07
   0.188400E+05   0.200447E-07   0.583294E-08  -0.179507E-07
   0.188600E+05   0.214884E-07   0.454609E-08  -0.102475E-07
   0.188800E+05   0.196275E-07   0.303324E-08  -0.130441E-08
   0.189000E+05   0.148155E-07   0.165030E-08   0.730064E-08
   0.189200E+05   0.792127E-08   0.674729E-09   0.141274E-07
   0.189400E+05   0.148758E-09   0.260945E-09   0.181364E-07
   0.189600E+05  -0.720090E-08   0.422071E-09   0.188643E-07
   0.189800E+05  -0.129749E-07   0.103905E-08   0.164803E-07
   0.190000E+05  -0.163746E-07   0.189327E-08   0.117199E-07
   0.190200E+05  -0.170823E-07   0.271501E-08   0.571285E-08
   0.190400E+05  -0.152878E-07   0.323787E-08  -0.255628E-09
   0.190600E+05  -0.116148E-07   0.324930E-08  -0.500081E-08
   0.190800E+05  -0.696583E-08   0.262889E-08  -0.766147E-08
   0.191000E+05  -0.232236E-08   0.136895E-08  -0.784819E-08
   0.191200E+05   0.145861E-08  -0.424735E-09  -0.569210E-08
   0.191400E+05   0.380865E-08  -0.255046E-08  -0.178998E-08
   0.191600E+05   0.454166E-08  -0.474245E-08   0.293811E-08
   0.191800E+05   0.386135E-08  -0.671107E-08   0.744605E-08
   0.192000E+05   0.228524E-08  -0.818485E-08   0.107725E-07
   0.192200E+05   0.505072E-09  -0.894833E-08   0.122236E-07
   0.192400E+05  -0.783949E-09  -0.887071E-08   0.114936E-07
   0.192600E+05  -0.104736E-08  -0.792221E-08   0.870453E-08
   0.192800E+05  -0.343783E-10  -0.617681E-08   0.436100E-08
   0.193000E+05   0.216533E-08  -0.380161E-08  -0.764080E-09
   0.193200E+05   0.514133E-08  -0.103495E-08  -0.578779E-08
   0.193400E+05   0.825210E-08   0.184394E-08  -0.988530E-08
   0.193600E+05   0.107642E-07   0.454982E-08  -0.124353E-07
   0.193800E+05   0.120107E-07   0.682664E-08  -0.131167E-07
   0.194000E+05   0.115346E-07   0.847872E-08  -0.119424E-07
   0.194200E+05   0.918923E-08   0.939394E-08  -0.922911E-08
   0.194400E+05   0.517460E-08   0.955558E-08  -0.551409E-08
   0.194600E+05   0.471078E-11   0.904081E-08  -0.144104E-08
   0.194800E+05  -0.558633E-08   0.800539E-08   0.236145E-08
   0.195000E+05  -0.107789E-07   0.665621E-08   0.538424E-08
   0.195200E+05  -0.148153E-07   0.521519E-08   0.730722E-08
   0.195400E+05  -0.171312E-07   0.387997E-08   0.802504E-08
   0.195600E+05  -0.174459E-07   0.278788E-08   0.763002E-08
   0.195800E+05  -0.157966E-07   0.198986E-08   0.636151E-08
   0.196000E+05  -0.125131E-07   0.143985E-08   0.453691E-08
   0.196200E+05  -0.814177E-08   0.100299E-08   0.248117E-08
   0.196400E+05  -0.333569E-08   0.482734E-09   0.469429E-09
   0.196600E+05   0.126332E-08  -0.336585E-09  -0.130735E-08
   0.196800E+05   0.512949E-08  -0.163861E-08  -0.275085E-08
   0.197000E+05   0.792471E-08  -0.352452E-08  -0.384124E-08
   0.197200E+05   0.952650E-08  -0.597349E-08  -0.460863E-08
   0.197400E+05   0.100117E-07  -0.882297E-08  -0.510071E-08
   0.197600E+05   0.960409E-08  -0.117751E-07  -0.535620E-08
   0.197800E+05   0.860155E-08  -0.144304E-07  -0.539096E-08
   0.198000E+05   0.730011E-08  -0.163461E-07  -0.519895E-08
   0.198200E+05   0.593255E-08  -0.171083E-07  -0.476522E-08
   0.198400E+05   0.463306E-08  -0.164091E-07  -0.408522E-08
   0.198600E+05   0.343313E-08  -0.141109E-07  -0.318221E-08
   0.198800E+05   0.228570E-08  -0.102877E-07  -0.211623E-08
   0.199000E+05   0.110834E-08  -0.523348E-08  -0.980158E-09
   0.199200E+05  -0.167667E-09   0.566554E-09   0.117026E-09
   0.199400E+05  -0.155608E-08   0.649778E-08   0.107579E-08
   0.199600E+05  -0.299333E-08   0.119023E-07   0.183313E-08
   0.199800E+05  -0.434059E-08   0.161746E-07   0.238278E-08
   0.200000E+05  -0.540973E-08   0.188501E-07   0.278134E-08
   0.200200E+05  -0.600642E-08   0.196719E-07   0.313637E-08
   0.200400E+05  -0.597948E-08   0.186226E-07   0.357716E-08
   0.200600E+05  -0.526405E-08   0.159173E-07   0.421384E-08
   0.200800E+05  -0.390764E-08   0.119597E-07   0.509433E-08
   0.201000E+05  -0.207204E-08   0.726943E-08   0.617034E-08
   0.201200E+05  -0.100000E-10   0.239774E-08   0.728291E-08
   0.201400E+05   0.197884E-08  -0.215521E-08   0.817417E-08
   0.201600E+05   0.360341E-08  -0.600330E-08   0.852666E-08
   0.201800E+05   0.463593E-08  -0.890829E-08   0.802496E-08
   0.202000E+05   0.495420E-08  -0.107802E-07   0.642873E-08
   0.202200E+05   0.456227E-08  -0.116480E-07   0.364243E-08
   0.202400E+05   0.358535E-08  -0.116106E-07  -0.234100E-09
   0.202600E+05   0.224029E-08  -0.107838E-07  -0.488719E-08
   0.202800E+05   0.788478E-09  -0.925746E-08  -0.981073E-08
   0.203000E+05  -0.518465E-09  -0.707594E-08  -0.143675E-07
   0.203200E+05  -0.148829E-08  -0.424851E-08  -0.178823E-07
   0.203400E+05  -0.202245E-08  -0.786715E-09  -0.197524E-07
   0.203600E+05  -0.212814E-08   0.324034E-08  -0.195550E-07
   0.203800E+05  -0.190609E-08   0.764932E-08  -0.171328E-07
   0.204000E+05  -0.151762E-08   0.121033E-07  -0.126396E-07
   0.204200E+05  -0.113890E-08   0.161063E-07  -0.653637E-08
   0.204400E+05  -0.913239E-09   0.190425E-07   0.464792E-09
   0.204600E+05  -0.912534E-09   0.202608E-07   0.750001E-08
   0.204800E+05  -0.111677E-08   0.191938E-07   0.136814E-07
   0.205000E+05  -0.141658E-08   0.154916E-07   0.182313E-07
   0.205200E+05  -0.163849E-08   0.914258E-08   0.206009E-07
   0.205400E+05  -0.158774E-08   0.552455E-09   0.205521E-07
   0.205600E+05  -0.109912E-08  -0.944201E-08   0.181901E-07
   0.205800E+05  -0.848594E-10  -0.196388E-07   0.139402E-07
   0.206000E+05   0.143140E-08  -0.286152E-07   0.847421E-08
   0.206200E+05   0.330259E-08  -0.349335E-07   0.259985E-08
   0.206400E+05   0.527193E-08  -0.373782E-07  -0.286840E-08
   0.206600E+05   0.701079E-08  -0.351836E-07  -0.723401E-08
   0.206800E+05   0.817436E-08  -0.282088E-07  -0.100185E-07
   0.207000E+05   0.846488E-08  -0.170238E-07  -0.110212E-07
   0.207200E+05   0.769074E-08  -0.288173E-08  -0.103307E-07
   0.207400E+05   0.581001E-08   0.124254E-07  -0.828779E-08
   0.207600E+05   0.295009E-08   0.268136E-07  -0.541023E-08
   0.207800E+05  -0.600998E-09   0.382187E-07  -0.229259E-08
   0.208000E+05  -0.443058E-08   0.449239E-07   0.499213E-09
   0.208200E+05  -0.805903E-08   0.458471E-07   0.252083E-08
   0.208400E+05  -0.110097E-07   0.407368E-07   0.351482E-08
   0.208600E+05  -0.128793E-07   0.302389E-07   0.343904E-08
   0.208800E+05  -0.133986E-07   0.158187E-07   0.245576E-08
   0.209000E+05  -0.124712E-07  -0.454827E-09   0.886044E-09
   0.209200E+05  -0.101885E-07  -0.162274E-07  -0.860422E-09
   0.209400E+05  -0.681560E-08  -0.292304E-07  -0.236623E-08
   0.209600E+05  -0.275305E-08  -0.376417E-07  -0.328336E-08
   0.209800E+05   0.151903E-08  -0.403742E-07  -0.339353E-08
   0.210000E+05   0.550625E-08  -0.372438E-07  -0.264257E-08
   0.210200E+05   0.876404E-08  -0.289871E-07  -0.114457E-08
   0.210400E+05   0.109518E-07  -0.171250E-07   0.843018E-09
   0.210600E+05   0.118699E-07  -0.369875E-08   0.296760E-08
   0.210800E+05   0.114759E-07   0.907864E-08   0.484382E-08
   0.211000E+05   0.987930E-08   0.191920E-07   0.611927E-08
   0.211200E+05   0.731698E-08   0.251523E-07   0.653284E-08
   0.211400E+05   0.411556E-08   0.262275E-07   0.595713E-08
   0.211600E+05   0.645904E-09   0.225368E-07   0.441881E-08
   0.211800E+05  -0.272264E-08   0.149978E-07   0.209504E-08
   0.212000E+05  -0.566250E-08   0.513611E-08  -0.712917E-09
   0.212200E+05  -0.791808E-08  -0.520144E-08  -0.362408E-08
   0.212400E+05  -0.932351E-08  -0.141800E-07  -0.623331E-08
   0.212600E+05  -0.980760E-08  -0.202933E-07  -0.817000E-08
   0.212800E+05  -0.938755E-08  -0.226101E-07  -0.915148E-08
   0.213000E+05  -0.815456E-08  -0.209077E-07  -0.902395E-08
   0.213200E+05  -0.625472E-08  -0.156747E-07  -0.778529E-08
   0.213400E+05  -0.386901E-08  -0.798627E-08  -0.558674E-08
   0.213600E+05  -0.119528E-08   0.718541E-09  -0.271309E-08
   0.213800E+05   0.156597E-08   0.891394E-08   0.456143E-09
   0.214000E+05   0.422129E-08   0.152655E-07   0.349938E-08
   0.214200E+05   0.659027E-08   0.188585E-07   0.601246E-08
   0.214400E+05   0.850926E-08   0.193369E-07   0.766664E-08
   0.214600E+05   0.983474E-08   0.169316E-07   0.825685E-08
   0.214800E+05   0.104483E-07   0.123785E-07   0.773279E-08
   0.215000E+05   0.102644E-07   0.674627E-08   0.620782E-08
   0.215200E+05   0.924052E-08   0.121201E-08   0.394347E-08
   0.215400E+05   0.738917E-08  -0.317149E-08   0.131114E-08
   0.215600E+05   0.478925E-08  -0.567169E-08  -0.126412E-08
   0.215800E+05   0.159329E-08  -0.600001E-08  -0.336930E-08
   0.216000E+05  -0.197207E-08  -0.434302E-08  -0.466894E-08
   0.216200E+05  -0.561533E-08  -0.129924E-08  -0.495972E-08
   0.216400E+05  -0.900032E-08   0.226185E-08  -0.420498E-08
   0.216600E+05  -0.117769E-07   0.538841E-08  -0.254302E-08
   0.216800E+05  -0.136195E-07   0.724368E-08  -0.266862E-09
   0.217000E+05  -0.142693E-07   0.727394E-08   0.222191E-08
   0.217200E+05  -0.135736E-07   0.531557E-08   0.447825E-08
   0.217400E+05  -0.115162E-07   0.162257E-08   0.608722E-08
   0.217600E+05  -0.823337E-08  -0.318776E-08   0.673380E-08
   0.217800E+05  -0.401033E-08  -0.825823E-08   0.625706E-08
   0.218000E+05   0.743046E-09  -0.126581E-07   0.467914E-08
   0.218200E+05   0.553521E-08  -0.155600E-07   0.220398E-08
   0.218400E+05   0.985047E-08  -0.163929E-07  -0.814554E-09
   0.218600E+05   0.132133E-07  -0.149439E-07  -0.392966E-08
   0.218800E+05   0.152502E-07  -0.113923E-07  -0.667410E-08
   0.219000E+05   0.157403E-07  -0.627003E-08  -0.863576E-08
   0.219200E+05   0.146461E-07  -0.360826E-09  -0.952325E-08
   0.219400E+05   0.121196E-07   0.544240E-08  -0.921039E-08
   0.219600E+05   0.848221E-08   0.102938E-07  -0.775244E-08
   0.219800E+05   0.418071E-08   0.135358E-07  -0.537178E-08
   0.220000E+05  -0.273795E-09   0.148000E-07  -0.241651E-08
   0.220200E+05  -0.437518E-08   0.140527E-07   0.699847E-09
   0.220400E+05  -0.768920E-08   0.115786E-07   0.356631E-08
   0.220600E+05  -0.990802E-08   0.791065E-08   0.583772E-08
   0.220800E+05  -0.108844E-07   0.372041E-08   0.728239E-08
   0.221000E+05  -0.106409E-07  -0.307431E-09   0.780667E-08
   0.221200E+05  -0.935423E-08  -0.359382E-08   0.745362E-08
   0.221400E+05  -0.731755E-08  -0.575573E-08   0.637798E-08
   0.221600E+05  -0.488882E-08  -0.665404E-08   0.480442E-08
   0.221800E+05  -0.243359E-08  -0.639314E-08   0.297854E-08
   0.222000E+05  -0.271795E-09  -0.527598E-08   0.112114E-08
   0.222200E+05   0.136313E-08  -0.372615E-08  -0.605054E-09
   0.222400E+05   0.234752E-08  -0.219404E-08  -0.211036E-08
   0.222600E+05   0.267104E-08  -0.106576E-08  -0.337322E-08
   0.222800E+05   0.242215E-08  -0.592081E-09  -0.441848E-08
   0.223000E+05   0.175996E-08  -0.849116E-09  -0.528551E-08
   0.223200E+05   0.879111E-09  -0.173632E-08  -0.599520E-08
   0.223400E+05  -0.253804E-10  -0.300942E-08  -0.652496E-08
   0.223600E+05  -0.787167E-09  -0.433955E-08  -0.679875E-08
   0.223800E+05  -0.128733E-08  -0.538541E-08  -0.669585E-08
   0.224000E+05  -0.146141E-08  -0.586346E-08  -0.607747E-08
   0.224200E+05  -0.129581E-08  -0.560243E-08  -0.482580E-08
   0.224400E+05  -0.816861E-09  -0.457248E-08  -0.288701E-08
   0.224600E+05  -0.769626E-10  -0.288455E-08  -0.307975E-09
   0.224800E+05   0.858012E-09  -0.761829E-09   0.274296E-08
   0.225000E+05   0.191678E-08   0.150925E-08   0.597803E-08
   0.225200E+05   0.302500E-08   0.363760E-08   0.901739E-08
   0.225400E+05   0.410275E-08   0.538294E-08   0.114394E-07
   0.225600E+05   0.505988E-08   0.659690E-08   0.128462E-07
   0.225800E+05   0.579304E-08   0.724159E-08   0.129337E-07
   0.226000E+05   0.618787E-08   0.738285E-08   0.115529E-07
   0.226200E+05   0.612895E-08   0.716046E-08   0.875135E-08
   0.226400E+05   0.551780E-08   0.674271E-08   0.478423E-08
   0.226600E+05   0.429670E-08   0.627613E-08   0.925911E-10
   0.226800E+05   0.247381E-08   0.584212E-08  -0.475086E-08
   0.227000E+05   0.143640E-09   0.543099E-08  -0.912045E-08
   0.227200E+05  -0.250361E-08   0.494030E-08  -0.124290E-07
   0.227400E+05  -0.518875E-08   0.419910E-08  -0.142172E-07
   0.227600E+05  -0.756894E-08   0.301413E-08  -0.142268E-07
   0.227800E+05  -0.928061E-08   0.122870E-08  -0.124443E-07
   0.228000E+05  -0.999491E-08  -0.121828E-08  -0.910811E-08
   0.228200E+05  -0.947751E-08  -0.424675E-08  -0.467746E-08
   0.228400E+05  -0.764221E-08  -0.761545E-08   0.233699E-09
   0.228600E+05  -0.458765E-08  -0.109347E-07   0.494669E-08
   0.228800E+05  -0.608121E-09  -0.137135E-07   0.881855E-08
   0.229000E+05   0.382702E-08  -0.154355E-07   0.113371E-07
   0.229200E+05   0.812544E-08  -0.156510E-07   0.121961E-07
   0.229400E+05   0.116502E-07  -0.140709E-07   0.113380E-07
   0.229600E+05   0.138142E-07  -0.106409E-07   0.895838E-08
   0.229800E+05   0.141756E-07  -0.558430E-08   0.547193E-08
   0.230000E+05   0.125198E-07   0.601909E-09   0.144405E-08
   0.230200E+05   0.891205E-08   0.719800E-08  -0.249946E-08
   0.230400E+05   0.371065E-08   0.133562E-07  -0.577119E-08
   0.230600E+05  -0.246504E-08   0.182249E-07  -0.791346E-08
   0.230800E+05  -0.880902E-08   0.210823E-07  -0.866806E-08
   0.231000E+05  -0.144370E-07   0.214575E-07  -0.801329E-08
   0.231200E+05  -0.185129E-07   0.192166E-07  -0.616271E-08
   0.231400E+05  -0.203755E-07   0.145965E-07  -0.352563E-08
   0.231600E+05  -0.196444E-07   0.818053E-08  -0.635918E-09
   0.231800E+05  -0.162888E-07   0.815541E-09   0.193974E-08
   0.232000E+05  -0.106465E-07  -0.651538E-08   0.369936E-08
   0.232200E+05  -0.338858E-08  -0.128442E-07   0.429313E-08
   0.232400E+05   0.456571E-08  -0.173675E-07   0.358659E-08
   0.232600E+05   0.121741E-07  -0.195684E-07   0.168865E-08
   0.232800E+05   0.184164E-07  -0.192895E-07  -0.106069E-08
   0.233000E+05   0.224395E-07  -0.167441E-07  -0.414208E-08
   0.233200E+05   0.236801E-07  -0.124651E-07  -0.694039E-08
   0.233400E+05   0.219461E-07  -0.719985E-08  -0.884750E-08
   0.233600E+05   0.174461E-07  -0.177358E-08  -0.936808E-08
   0.233800E+05   0.107605E-07   0.305560E-08  -0.821116E-08
   0.234000E+05   0.275954E-08   0.672093E-08  -0.535203E-08
   0.234200E+05  -0.551836E-08   0.892859E-08  -0.105319E-08
   0.234400E+05  -0.130118E-07   0.968223E-08   0.416054E-08
   0.234600E+05  -0.187817E-07   0.924759E-08   0.957068E-08
   0.234800E+05  -0.221372E-07   0.806656E-08   0.143682E-07
   0.235000E+05  -0.227232E-07   0.663998E-08   0.177758E-07
   0.235200E+05  -0.205584E-07   0.540498E-08   0.191713E-07
   0.235400E+05  -0.160204E-07   0.463335E-08   0.181911E-07
   0.235600E+05  -0.978098E-08   0.437298E-08   0.147991E-07
   0.235800E+05  -0.270301E-08   0.444532E-08   0.930664E-08
   0.236000E+05   0.428461E-08   0.449929E-08   0.234092E-08
   0.236200E+05   0.103155E-07   0.411023E-08  -0.523580E-08
   0.236400E+05   0.146993E-07   0.290171E-08  -0.124444E-07
   0.236600E+05   0.170050E-07   0.662752E-09  -0.183271E-07
   0.236800E+05   0.171040E-07  -0.256718E-08  -0.220852E-07
   0.237000E+05   0.151688E-07  -0.646697E-08  -0.231951E-07
   0.237200E+05   0.116305E-07  -0.104671E-07  -0.214849E-07
   0.237400E+05   0.710231E-08  -0.138445E-07  -0.171602E-07
   0.237600E+05   0.228357E-08  -0.158622E-07  -0.107750E-07
   0.237800E+05  -0.214358E-08  -0.159273E-07  -0.315317E-08
   0.238000E+05  -0.560853E-08  -0.137338E-07   0.472912E-08
   0.238200E+05  -0.772589E-08  -0.935956E-08   0.118795E-07
   0.238400E+05  -0.833928E-08  -0.329354E-08   0.174255E-07
   0.238600E+05  -0.753082E-08   0.361759E-08   0.207298E-07
   0.238800E+05  -0.559653E-08   0.102978E-07   0.214685E-07
   0.239000E+05  -0.299229E-08   0.156245E-07   0.196623E-07
   0.239200E+05  -0.258666E-09   0.186330E-07   0.156589E-07
   0.239400E+05   0.206468E-08   0.187045E-07   0.100695E-07
   0.239600E+05   0.352311E-08   0.156989E-07   0.367373E-08
   0.239800E+05   0.381828E-08   0.100062E-07  -0.269461E-08
   0.240000E+05   0.285660E-08   0.250174E-08  -0.826062E-08
   0.240200E+05   0.767871E-09  -0.558995E-08  -0.124063E-07
   0.240400E+05  -0.210925E-08  -0.129003E-07  -0.147397E-07
   0.240600E+05  -0.527404E-08  -0.181548E-07  -0.151284E-07
   0.240800E+05  -0.813754E-08  -0.204011E-07  -0.136951E-07
   0.241000E+05  -0.101140E-07  -0.191847E-07  -0.107797E-07
   0.241200E+05  -0.107178E-07  -0.146378E-07  -0.687615E-08
   0.241400E+05  -0.965100E-08  -0.746550E-08  -0.255506E-08
   0.241600E+05  -0.686831E-08   0.117184E-08   0.161662E-08
   0.241800E+05  -0.260704E-08   0.985781E-08   0.514726E-08
   0.242000E+05   0.262580E-08   0.171660E-07   0.767561E-08
   0.242200E+05   0.811080E-08   0.219079E-07   0.900382E-08
   0.242400E+05   0.130130E-07   0.233377E-07   0.910669E-08
   0.242600E+05   0.165066E-07   0.212773E-07   0.811833E-08
   0.242800E+05   0.179093E-07   0.161390E-07   0.630012E-08
   0.243000E+05   0.168065E-07   0.884365E-08   0.399557E-08
   0.243200E+05   0.131421E-07   0.649567E-09   0.157823E-08
   0.243400E+05   0.725991E-08  -0.707425E-08  -0.600448E-09
   0.243600E+05  -0.117923E-09  -0.130891E-07  -0.225758E-08
   0.243800E+05  -0.797566E-08  -0.164977E-07  -0.321418E-08
   0.244000E+05  -0.151444E-07  -0.168872E-07  -0.341553E-08
   0.244200E+05  -0.204786E-07  -0.143819E-07  -0.293415E-08
   0.244400E+05  -0.230428E-07  -0.959750E-08  -0.195485E-08
   0.244600E+05  -0.222770E-07  -0.350938E-08  -0.743278E-09
   0.244800E+05  -0.181110E-07   0.273682E-08   0.398195E-09
   0.245000E+05  -0.110065E-07   0.803644E-08   0.118174E-08
   0.245200E+05  -0.191245E-08   0.115184E-07   0.138507E-08
   0.245400E+05   0.786242E-08   0.126849E-07   0.894330E-09
   0.245600E+05   0.168441E-07   0.114752E-07  -0.268941E-09
   0.245800E+05   0.236252E-07   0.824643E-08  -0.194247E-08
   0.246000E+05   0.270969E-07   0.367899E-08  -0.384258E-08
   0.246200E+05   0.266408E-07  -0.136984E-08  -0.560715E-08
   0.246400E+05   0.222468E-07  -0.603418E-08  -0.685679E-08
   0.246600E+05   0.145327E-07  -0.959580E-08  -0.726511E-08
   0.246800E+05   0.465932E-08  -0.115998E-07  -0.662598E-08
   0.247000E+05  -0.584915E-08  -0.119105E-07  -0.490512E-08
   0.247200E+05  -0.153498E-07  -0.107015E-07  -0.226486E-08
   0.247400E+05  -0.223520E-07  -0.838705E-08   0.945462E-09
   0.247600E+05  -0.257666E-07  -0.551413E-08   0.423484E-08
   0.247800E+05  -0.250913E-07  -0.263885E-08   0.704687E-08
   0.248000E+05  -0.204969E-07  -0.215063E-09   0.885546E-08
   0.248200E+05  -0.127985E-07   0.148362E-08   0.926394E-08
   0.248400E+05  -0.331620E-08   0.239487E-08   0.808922E-08
   0.248600E+05   0.635305E-08   0.264914E-08   0.541399E-08
   0.248800E+05   0.146106E-07   0.251007E-08   0.159450E-08
   0.249000E+05   0.201312E-07   0.229027E-08  -0.278110E-08
   0.249200E+05   0.220872E-07   0.226356E-08  -0.698001E-08
   0.249400E+05   0.202841E-07   0.259391E-08  -0.102448E-07
   0.249600E+05   0.151802E-07   0.329669E-08  -0.119266E-07
   0.249800E+05   0.779086E-08   0.423950E-08  -0.116070E-07
   0.250000E+05  -0.506900E-09   0.518062E-08  -0.918727E-08
   0.250200E+05  -0.823057E-08   0.583439E-08  -0.492457E-08
   0.250400E+05  -0.140627E-07   0.594735E-08   0.592798E-09
   0.250600E+05  -0.170844E-07   0.536649E-08   0.653041E-08
   0.250800E+05  -0.169297E-07   0.408371E-08   0.119404E-07
   0.251000E+05  -0.138327E-07   0.224600E-08   0.159200E-07
   0.251200E+05  -0.856058E-08   0.129158E-09   0.177676E-07
   0.251400E+05  -0.224790E-08  -0.191908E-08   0.171099E-07
   0.251600E+05   0.383459E-08  -0.355342E-08   0.139741E-07
   0.251800E+05   0.853055E-08  -0.450623E-08   0.879279E-08
   0.252000E+05   0.110191E-07  -0.464665E-08   0.233768E-08
   0.252200E+05   0.109639E-07  -0.401032E-08  -0.440636E-08
   0.252400E+05   0.856184E-08  -0.279314E-08  -0.104061E-07
   0.252600E+05   0.448480E-08  -0.131012E-08  -0.147540E-07
   0.252800E+05  -0.273297E-09   0.715569E-10  -0.168208E-07
   0.253000E+05  -0.461086E-08   0.101114E-08  -0.163595E-07
   0.253200E+05  -0.755084E-08   0.126732E-08  -0.135415E-07
   0.253400E+05  -0.844340E-08   0.750317E-09  -0.891996E-08
   0.253600E+05  -0.709822E-08  -0.458251E-09  -0.332635E-08
   0.253800E+05  -0.382039E-08  -0.212166E-08   0.227922E-08
   0.254000E+05   0.656887E-09  -0.389705E-08   0.697690E-08
   0.254200E+05   0.532820E-08  -0.540648E-08   0.100440E-07
   0.254400E+05   0.912818E-08  -0.631509E-08   0.110723E-07
   0.254600E+05   0.111566E-07  -0.640001E-08   0.100243E-07
   0.254800E+05   0.108702E-07  -0.559562E-08   0.722267E-08
   0.255000E+05   0.820218E-08  -0.400629E-08   0.327393E-08
   0.255200E+05   0.358438E-08  -0.188420E-08  -0.105403E-08
   0.255400E+05  -0.213160E-08   0.422516E-09  -0.497790E-08
   0.255600E+05  -0.783993E-08   0.254014E-08  -0.783935E-08
   0.255800E+05  -0.123989E-07   0.414352E-08  -0.921410E-08
   0.256000E+05  -0.148591E-07   0.501863E-08  -0.897097E-08
   0.256200E+05  -0.146548E-07   0.510112E-08  -0.727240E-08
   0.256400E+05  -0.117224E-07   0.448340E-08  -0.452012E-08
   0.256600E+05  -0.652001E-08   0.338991E-08  -0.125979E-08
   0.256800E+05   0.538923E-10   0.212623E-08   0.193391E-08
   0.257000E+05   0.682771E-08   0.101348E-08   0.456771E-08
   0.257200E+05   0.125767E-07   0.321752E-09   0.631404E-08
   0.257400E+05   0.162532E-07   0.216196E-09   0.705403E-08
   0.257600E+05   0.171815E-07   0.726505E-09   0.687355E-08
   0.257800E+05   0.151825E-07   0.174510E-08   0.601681E-08
   0.258000E+05   0.106020E-07   0.305342E-08   0.481088E-08
   0.258200E+05   0.424182E-08   0.436991E-08   0.357977E-08
   0.258400E+05  -0.279415E-08   0.540898E-08   0.256798E-08
   0.258600E+05  -0.930616E-08   0.593864E-08   0.189057E-08
   0.258800E+05  -0.142179E-07   0.582484E-08   0.151935E-08
   0.259000E+05  -0.167667E-07   0.505432E-08   0.130690E-08
   0.259200E+05  -0.166297E-07   0.373217E-08   0.104051E-08
   0.259400E+05  -0.139644E-07   0.205577E-08   0.512091E-09
   0.259600E+05  -0.935904E-08   0.271926E-09  -0.413823E-09
   0.259800E+05  -0.370545E-08  -0.137345E-08  -0.175088E-08
   0.260000E+05   0.197750E-08  -0.268207E-08  -0.337292E-08
   0.260200E+05   0.673513E-08  -0.353705E-08  -0.503220E-08
   0.260400E+05   0.984534E-08  -0.391766E-08  -0.641017E-08
   0.260600E+05   0.109337E-07  -0.389297E-08  -0.718968E-08
   0.260800E+05   0.100160E-07  -0.359730E-08  -0.713193E-08
   0.261000E+05   0.746527E-08  -0.319386E-08  -0.614039E-08
   0.261200E+05   0.391378E-08  -0.283531E-08  -0.429622E-08
   0.261400E+05   0.113272E-09  -0.262991E-08  -0.185579E-08
   0.261600E+05  -0.321575E-08  -0.262052E-08   0.790614E-09
   0.261800E+05  -0.551604E-08  -0.278032E-08   0.319151E-08
   0.262000E+05  -0.648206E-08  -0.302510E-08   0.492362E-08
   0.262200E+05  -0.609083E-08  -0.323857E-08   0.567926E-08
   0.262400E+05  -0.457382E-08  -0.330415E-08   0.533312E-08
   0.262600E+05  -0.234073E-08  -0.313556E-08   0.397354E-08
   0.262800E+05   0.124756E-09  -0.269923E-08   0.189093E-08
   0.263000E+05   0.237274E-08  -0.202350E-08  -0.475386E-09
   0.263200E+05   0.407494E-08  -0.119299E-08  -0.262175E-08
   0.263400E+05   0.507527E-08  -0.329600E-09  -0.407952E-08
   0.263600E+05   0.539524E-08   0.434926E-09  -0.450906E-08
   0.263800E+05   0.519692E-08   0.988682E-09  -0.376952E-08
   0.264000E+05   0.471579E-08   0.126448E-08  -0.195003E-08
   0.264200E+05   0.418194E-08   0.125445E-08   0.644066E-09
   0.264400E+05   0.375000E-08   0.101113E-08   0.354728E-08
   0.264600E+05   0.345519E-08   0.634946E-09   0.622127E-08
   0.264800E+05   0.320583E-08   0.251119E-09   0.815610E-08
   0.265000E+05   0.281396E-08  -0.188653E-10   0.896553E-08
   0.265200E+05   0.205584E-08  -0.847233E-10   0.845804E-08
   0.265400E+05   0.747289E-09   0.922362E-10   0.667023E-08
   0.265600E+05  -0.118522E-08   0.490236E-09   0.385710E-08
   0.265800E+05  -0.365608E-08   0.103152E-08   0.442167E-09
   0.266000E+05  -0.640823E-08   0.159912E-08  -0.306170E-08
   0.266200E+05  -0.904225E-08   0.206223E-08  -0.614456E-08
   0.266400E+05  -0.110833E-07   0.230461E-08  -0.838680E-08
   0.266600E+05  -0.120728E-07   0.225009E-08  -0.952516E-08
   0.266800E+05  -0.116665E-07   0.187972E-08  -0.948633E-08
   0.267000E+05  -0.971794E-08   0.123726E-08  -0.838358E-08
   0.267200E+05  -0.632878E-08   0.421905E-09  -0.647986E-08
   0.267400E+05  -0.185328E-08  -0.429884E-09  -0.412702E-08
   0.267600E+05   0.314554E-08  -0.116970E-08  -0.169495E-08
   0.267800E+05   0.798220E-08  -0.166437E-08   0.494505E-09
   0.268000E+05   0.119620E-07  -0.181962E-08   0.221624E-08
   0.268200E+05   0.145001E-07  -0.159596E-08   0.336522E-08
   0.268400E+05   0.152247E-07  -0.101390E-08   0.395249E-08
   0.268600E+05   0.140435E-07  -0.148454E-09   0.407798E-08
   0.268800E+05   0.111614E-07   0.885543E-09   0.388895E-08
   0.269000E+05   0.704644E-08   0.195366E-08   0.353509E-08
   0.269200E+05   0.234826E-08   0.292353E-08   0.313137E-08
   0.269400E+05  -0.221365E-08   0.368367E-08   0.273659E-08
   0.269600E+05  -0.597281E-08   0.415656E-08   0.235143E-08
   0.269800E+05  -0.842683E-08   0.430415E-08   0.193433E-08
   0.270000E+05  -0.931696E-08   0.412625E-08   0.142961E-08
   0.270200E+05  -0.866261E-08   0.365324E-08   0.798950E-09
   0.270400E+05  -0.674591E-08   0.293584E-08   0.471020E-10
   0.270600E+05  -0.405053E-08   0.203465E-08  -0.765637E-09
   0.270800E+05  -0.116724E-08   0.101190E-08  -0.152808E-08
   0.271000E+05   0.131561E-08  -0.733836E-10  -0.209934E-08
   0.271200E+05   0.291680E-08  -0.116671E-08  -0.234164E-08
   0.271400E+05   0.334361E-08  -0.221691E-08  -0.215672E-08
   0.271600E+05   0.253664E-08  -0.317417E-08  -0.151676E-08
   0.271800E+05   0.671786E-09  -0.398907E-08  -0.481541E-09
   0.272000E+05  -0.187875E-08  -0.461396E-08   0.802949E-09
   0.272200E+05  -0.461769E-08  -0.500712E-08   0.212554E-08
   0.272400E+05  -0.701207E-08  -0.513889E-08   0.324661E-08
   0.272600E+05  -0.858468E-08  -0.499835E-08   0.394327E-08
   0.272800E+05  -0.899195E-08  -0.459829E-08   0.405331E-08
   0.273000E+05  -0.807647E-08  -0.397648E-08   0.350866E-08
   0.273200E+05  -0.588724E-08  -0.319218E-08   0.235109E-08
   0.273400E+05  -0.266679E-08  -0.231760E-08   0.726609E-09
   0.273600E+05   0.119010E-08  -0.142577E-08  -0.114019E-08
   0.273800E+05   0.519750E-08  -0.577234E-09  -0.298652E-08
   0.274000E+05   0.884826E-08   0.191241E-09  -0.455817E-08
   0.274200E+05   0.116821E-07   0.873066E-09  -0.565296E-08
   0.274400E+05   0.133424E-07   0.149106E-08  -0.615230E-08
   0.274600E+05   0.136160E-07   0.208894E-08  -0.603502E-08
   0.274800E+05   0.124525E-07   0.271639E-08  -0.537174E-08
   0.275000E+05   0.996448E-08   0.341050E-08  -0.430200E-08
   0.275200E+05   0.640949E-08   0.417792E-08  -0.300040E-08
   0.275400E+05   0.216006E-08   0.498214E-08  -0.163971E-08
   0.275600E+05  -0.233596E-08   0.573968E-08  -0.359294E-09
   0.275800E+05  -0.659989E-08   0.632737E-08   0.754613E-09
   0.276000E+05  -0.101685E-07   0.660061E-08   0.167326E-08
   0.276200E+05  -0.126394E-07   0.641977E-08   0.241478E-08
   0.276400E+05  -0.137129E-07   0.568027E-08   0.302262E-08
   0.276600E+05  -0.132275E-07   0.434008E-08   0.353924E-08
   0.276800E+05  -0.111854E-07   0.243870E-08   0.398264E-08
   0.277000E+05  -0.776450E-08   0.102920E-09   0.433191E-08
   0.277200E+05  -0.331251E-08  -0.246319E-08   0.452585E-08
   0.277400E+05   0.167882E-08  -0.500330E-08   0.447519E-08
   0.277600E+05   0.662072E-08  -0.724518E-08   0.408563E-08
   0.277800E+05   0.108927E-07  -0.894215E-08   0.328597E-08
   0.278000E+05   0.139201E-07  -0.991196E-08   0.205448E-08
   0.278200E+05   0.152554E-07  -0.100659E-07   0.436841E-09
   0.278400E+05   0.146494E-07  -0.942208E-08  -0.144908E-08
   0.278600E+05   0.121031E-07  -0.810023E-08  -0.342344E-08
   0.278800E+05   0.788575E-08  -0.629886E-08  -0.526784E-08
   0.279000E+05   0.251496E-08  -0.425872E-08  -0.675756E-08
   0.279200E+05  -0.330339E-08  -0.221998E-08  -0.769594E-08
   0.279400E+05  -0.876993E-08  -0.381245E-09  -0.794433E-08
   0.279600E+05  -0.131086E-07   0.113144E-08  -0.744190E-08
   0.279800E+05  -0.156881E-07   0.227944E-08  -0.621222E-08
   0.280000E+05  -0.161274E-07   0.310757E-08  -0.435633E-08
   0.280200E+05  -0.143670E-07   0.372239E-08  -0.203524E-08
   0.280400E+05  -0.106909E-07   0.425759E-08   0.553705E-09
   0.280600E+05  -0.569146E-08   0.483406E-08   0.320099E-08
   0.280800E+05  -0.181264E-09   0.552347E-08   0.570504E-08
   0.281000E+05   0.493737E-08   0.632346E-08   0.788535E-08
   0.281200E+05   0.882346E-08   0.715035E-08   0.958840E-08
   0.281400E+05   0.108439E-07   0.785127E-08   0.106883E-07
   0.281600E+05   0.106889E-07   0.823391E-08   0.110858E-07
   0.281800E+05   0.843458E-08   0.810797E-08   0.107093E-07
   0.282000E+05   0.453824E-08   0.732983E-08   0.952174E-08
   0.282200E+05  -0.234605E-09   0.584100E-08   0.753172E-08
   0.282400E+05  -0.494211E-08   0.369214E-08   0.480967E-08
   0.282600E+05  -0.863451E-08   0.104687E-08   0.150207E-08
   0.282800E+05  -0.105300E-07  -0.183619E-08  -0.216099E-08
   0.283000E+05  -0.101657E-07  -0.464019E-08  -0.587129E-08
   0.283200E+05  -0.749526E-08  -0.703937E-08  -0.926449E-08
   0.283400E+05  -0.291229E-08  -0.875141E-08  -0.119593E-07
   0.283600E+05   0.280655E-08  -0.958327E-08  -0.136098E-07
   0.283800E+05   0.863216E-08  -0.946168E-08  -0.139629E-07
   0.284000E+05   0.134653E-07  -0.844305E-08  -0.129098E-07
   0.284200E+05   0.163383E-07  -0.670098E-08  -0.105213E-07
   0.284400E+05   0.166003E-07  -0.449457E-08  -0.705529E-08
   0.284600E+05   0.140496E-07  -0.212382E-08  -0.293270E-08
   0.284800E+05   0.898826E-08   0.118926E-09   0.131761E-08
   0.285000E+05   0.218467E-08   0.199239E-08   0.513836E-08
   0.285200E+05  -0.525007E-08   0.333684E-08   0.803420E-08
   0.285400E+05  -0.120532E-07   0.408697E-08   0.965667E-08
   0.285600E+05  -0.170347E-07   0.426632E-08   0.986701E-08
   0.285800E+05  -0.192937E-07   0.396629E-08   0.876314E-08
   0.286000E+05  -0.183886E-07   0.331579E-08   0.666363E-08
   0.286200E+05  -0.144261E-07   0.244921E-08   0.404933E-08
   0.286400E+05  -0.805236E-08   0.147998E-08   0.147237E-08
   0.286600E+05  -0.345951E-09   0.485422E-09  -0.551165E-09
   0.286800E+05   0.737042E-08  -0.494886E-09  -0.164394E-08
   0.287000E+05   0.137649E-07  -0.144823E-08  -0.164479E-08
   0.287200E+05   0.177359E-07  -0.236970E-08  -0.644210E-09
   0.287400E+05   0.186121E-07  -0.324125E-08   0.103075E-08
   0.287600E+05   0.162748E-07  -0.401568E-08   0.288114E-08
   0.287800E+05   0.111795E-07  -0.461090E-08   0.433890E-08
   0.288000E+05   0.427310E-08  -0.491738E-08   0.488812E-08
   0.288200E+05  -0.318099E-08  -0.481802E-08   0.418087E-08
   0.288400E+05  -0.983465E-08  -0.421635E-08   0.212345E-08
   0.288600E+05  -0.145030E-07  -0.306652E-08  -0.108564E-08
   0.288800E+05  -0.163812E-07  -0.139734E-08  -0.497566E-08
   0.289000E+05  -0.151888E-07   0.676303E-09  -0.888003E-08
   0.289200E+05  -0.112165E-07   0.295902E-08  -0.120560E-07
   0.289400E+05  -0.526458E-08   0.519804E-08  -0.138255E-07
   0.289600E+05   0.151321E-08   0.712054E-08  -0.137099E-07
   0.289800E+05   0.783164E-08   0.847810E-08  -0.115331E-07
   0.290000E+05   0.125181E-07   0.908964E-08  -0.746975E-08
   0.290200E+05   0.147331E-07   0.887359E-08  -0.203099E-08
   0.290400E+05   0.141246E-07   0.786227E-08   0.401435E-08
   0.290600E+05   0.108870E-07   0.619499E-08   0.976707E-08
   0.290800E+05   0.571497E-08   0.409106E-08   0.143513E-07
   0.291000E+05  -0.339448E-09   0.180798E-08   0.170660E-07
   0.291200E+05  -0.607676E-08  -0.406061E-09   0.175056E-07
   0.291400E+05  -0.103865E-07  -0.235511E-08   0.156284E-07
   0.291600E+05  -0.124635E-07  -0.392443E-08   0.117593E-07
   0.291800E+05  -0.119625E-07  -0.508894E-08   0.652846E-08
   0.292000E+05  -0.906023E-08  -0.589961E-08   0.756387E-09
   0.292200E+05  -0.441498E-08  -0.645102E-08  -0.469012E-08
   0.292400E+05   0.969377E-09  -0.683850E-08  -0.904575E-08
   0.292600E+05   0.594647E-08  -0.711564E-08  -0.117700E-07
   0.292800E+05   0.945787E-08  -0.726380E-08  -0.126245E-07
   0.293000E+05   0.107454E-07  -0.718283E-08  -0.116927E-07
   0.293200E+05   0.950348E-08  -0.670752E-08  -0.933978E-08
   0.293400E+05   0.594204E-08  -0.564837E-08  -0.612560E-08
   0.293600E+05   0.747775E-09  -0.384909E-08  -0.268781E-08
   0.293800E+05  -0.504827E-08  -0.124818E-08   0.379308E-09
   0.294000E+05  -0.102707E-07   0.207013E-08   0.262769E-08
   0.294200E+05  -0.138279E-07   0.585005E-08   0.382116E-08
   0.294400E+05  -0.149248E-07   0.967322E-08   0.395426E-08
   0.294600E+05  -0.132180E-07   0.130060E-07   0.322422E-08
   0.294800E+05  -0.888505E-08   0.152805E-07   0.196585E-08
   0.295000E+05  -0.259412E-08   0.159959E-07   0.565672E-09
   0.295200E+05   0.461797E-08   0.148230E-07  -0.624871E-09
   0.295400E+05   0.115363E-07   0.116898E-07  -0.135899E-08
   0.295600E+05   0.169893E-07   0.682945E-08  -0.153356E-08
   0.295800E+05   0.200588E-07   0.776697E-09  -0.119189E-08
   0.296000E+05   0.202404E-07  -0.569101E-08  -0.493067E-09
   0.296200E+05   0.175238E-07  -0.116627E-07   0.342161E-09
   0.296400E+05   0.123814E-07  -0.162367E-07   0.109442E-08
   0.296600E+05   0.567017E-08  -0.186733E-07   0.160188E-08
   0.296800E+05  -0.153308E-08  -0.185306E-07   0.179666E-08
   0.297000E+05  -0.812858E-08  -0.157561E-07   0.171366E-08
   0.297200E+05  -0.131852E-07  -0.107173E-07   0.147141E-08
   0.297400E+05  -0.160909E-07  -0.415953E-08   0.123105E-08
   0.297600E+05  -0.166359E-07   0.290249E-08   0.114484E-08
   0.297800E+05  -0.150170E-07   0.934519E-08   0.130781E-08
   0.298000E+05  -0.117658E-07   0.141210E-07   0.172514E-08
   0.298200E+05  -0.762016E-08   0.164363E-07   0.230365E-08
   0.298400E+05  -0.336779E-08   0.158916E-07   0.286995E-08
   0.298600E+05   0.307300E-09   0.125563E-07   0.321115E-08
   0.298800E+05   0.294339E-08   0.696660E-08   0.312833E-08
   0.299000E+05   0.436455E-08   0.418971E-10   0.248996E-08
   0.299200E+05   0.467954E-08  -0.706457E-08   0.127225E-08
   0.299400E+05   0.422103E-08  -0.131570E-07  -0.423829E-09
   0.299600E+05   0.344181E-08  -0.171969E-07  -0.238357E-08
   0.299800E+05   0.279292E-08  -0.184779E-07  -0.431592E-08
   0.300000E+05   0.261096E-08  -0.167440E-07  -0.590950E-08
   0.300200E+05   0.303898E-08  -0.122321E-07  -0.689496E-08
   0.300400E+05   0.399650E-08  -0.563104E-08  -0.709999E-08
   0.300600E+05   0.520379E-08   0.203468E-08  -0.648473E-08
   0.300800E+05   0.625304E-08   0.957650E-08  -0.514970E-08
   0.301000E+05   0.670962E-08   0.158380E-07  -0.331457E-08
   0.301200E+05   0.622052E-08   0.198824E-07  -0.127259E-08
   0.301400E+05   0.460587E-08   0.211391E-07   0.669148E-09
   0.301600E+05   0.191398E-08   0.194856E-07   0.225015E-08
   0.301800E+05  -0.157203E-08   0.152532E-07   0.330442E-08
   0.302000E+05  -0.537731E-08   0.915611E-08   0.378547E-08
   0.302200E+05  -0.891897E-08   0.216131E-08   0.376340E-08
   0.302400E+05  -0.116134E-07  -0.467908E-08   0.339575E-08
   0.302600E+05  -0.129852E-07  -0.104011E-07   0.287958E-08
   0.302800E+05  -0.127565E-07  -0.142792E-07   0.239691E-08
   0.303000E+05  -0.108996E-07  -0.159278E-07   0.206688E-08
   0.303200E+05  -0.764274E-08  -0.153412E-07   0.191636E-08
   0.303400E+05  -0.343002E-08  -0.128659E-07   0.187651E-08
   0.303600E+05   0.115576E-08  -0.911635E-08   0.180603E-08
   0.303800E+05   0.549228E-08  -0.484985E-08   0.153590E-08
   0.304000E+05   0.901883E-08  -0.826846E-09   0.924342E-09
   0.304200E+05   0.113214E-07   0.231976E-08  -0.915798E-10
   0.304400E+05   0.121872E-07   0.418315E-08  -0.146138E-08
   0.304600E+05   0.116206E-07   0.463415E-08  -0.301353E-08
   0.304800E+05   0.982188E-08   0.381994E-08  -0.447867E-08
   0.305000E+05   0.713475E-08   0.211373E-08  -0.554049E-08
   0.305200E+05   0.397639E-08   0.278294E-10  -0.590420E-08
   0.305400E+05   0.764406E-09  -0.189194E-08  -0.536791E-08
   0.305600E+05  -0.214541E-08  -0.317024E-08  -0.388063E-08
   0.305800E+05  -0.450036E-08  -0.348627E-08  -0.157279E-08
   0.306000E+05  -0.616644E-08  -0.272423E-08   0.124971E-08
   0.306200E+05  -0.711942E-08  -0.983496E-09   0.414912E-08
   0.306400E+05  -0.741776E-08   0.145037E-08   0.663031E-08
   0.306600E+05  -0.716651E-08   0.416605E-08   0.823226E-08
   0.306800E+05  -0.648236E-08   0.670526E-08   0.861859E-08
   0.307000E+05  -0.546806E-08   0.864494E-08   0.764830E-08
   0.307200E+05  -0.420107E-08   0.966801E-08   0.541173E-08
   0.307400E+05  -0.273696E-08   0.961144E-08   0.222321E-08
   0.307600E+05  -0.112385E-08   0.848478E-08  -0.142954E-08
   0.307800E+05   0.578539E-09   0.645855E-08  -0.497011E-08
   0.308000E+05   0.228271E-08   0.382663E-08  -0.783620E-08
   0.308200E+05   0.386666E-08   0.951261E-09  -0.958040E-08
   0.308400E+05   0.518024E-08  -0.179858E-08  -0.994927E-08
   0.308600E+05   0.606479E-08  -0.410449E-08  -0.892518E-08
   0.308800E+05   0.638223E-08  -0.574252E-08  -0.672278E-08
   0.309000E+05   0.604704E-08  -0.660747E-08  -0.374145E-08
   0.309200E+05   0.505329E-08  -0.671552E-08  -0.483778E-09
   0.309400E+05   0.348931E-08  -0.618691E-08   0.254303E-08
   0.309600E+05   0.153527E-08  -0.521353E-08   0.492244E-08
   0.309800E+05  -0.557791E-09  -0.401842E-08   0.640133E-08
   0.310000E+05  -0.250445E-08  -0.281478E-08   0.692584E-08
   0.310200E+05  -0.403070E-08  -0.177144E-08   0.663381E-08
   0.310400E+05  -0.492035E-08  -0.990026E-09   0.580682E-08
   0.310600E+05  -0.505291E-08  -0.496486E-09   0.479302E-08
   0.310800E+05  -0.442545E-08  -0.247186E-09   0.391854E-08
   0.311000E+05  -0.315372E-08  -0.147151E-09   0.340714E-08
   0.311200E+05  -0.145234E-08  -0.763679E-10   0.332611E-08
   0.311400E+05   0.402509E-09   0.810262E-10   0.357069E-08
   0.311600E+05   0.212079E-08   0.409945E-09   0.389061E-08
   0.311800E+05   0.344759E-08   0.944512E-09   0.395335E-08
   0.312000E+05   0.420454E-08   0.165838E-08   0.343038E-08
   0.312200E+05   0.431616E-08   0.246664E-08   0.208747E-08
   0.312400E+05   0.381687E-08   0.323883E-08  -0.141357E-09
   0.312600E+05   0.283838E-08   0.382081E-08  -0.311330E-08
   0.312800E+05   0.158067E-08   0.406197E-08  -0.648044E-08
   0.313000E+05   0.272853E-09   0.384323E-08  -0.973897E-08
   0.313200E+05  -0.868291E-09   0.310133E-08  -0.123160E-07
   0.313400E+05  -0.167433E-08   0.184539E-08  -0.136775E-07
   0.313600E+05  -0.204972E-08   0.162876E-09  -0.134373E-07
   0.313800E+05  -0.198126E-08  -0.178656E-08  -0.114432E-07
   0.314000E+05  -0.153235E-08  -0.378855E-08  -0.782517E-08
   0.314200E+05  -0.824422E-09  -0.560078E-08  -0.299202E-08
   0.314400E+05  -0.105341E-10  -0.698521E-08   0.242335E-08
   0.314600E+05   0.753210E-09  -0.774102E-08   0.766140E-08
   0.314800E+05   0.133296E-08  -0.773344E-08   0.119594E-07
   0.315000E+05   0.163500E-08  -0.691414E-08   0.146790E-07
   0.315200E+05   0.161421E-08  -0.532993E-08   0.154141E-07
   0.315400E+05   0.127318E-08  -0.311851E-08   0.140603E-07
   0.315600E+05   0.654227E-09  -0.491921E-09   0.108340E-07
   0.315800E+05  -0.172754E-09   0.228979E-08   0.623559E-08
   0.316000E+05  -0.112296E-08   0.495067E-08   0.967397E-09
   0.316200E+05  -0.210727E-08   0.723183E-08  -0.418237E-08
   0.316400E+05  -0.303908E-08   0.892065E-08  -0.846651E-08
   0.316600E+05  -0.383753E-08   0.987205E-08  -0.112957E-07
   0.316800E+05  -0.442818E-08   0.100197E-07  -0.123256E-07
   0.317000E+05  -0.474327E-08   0.937607E-08  -0.115001E-07
   0.317200E+05  -0.472354E-08   0.802343E-08  -0.904652E-08
   0.317400E+05  -0.432305E-08   0.609726E-08  -0.542455E-08
   0.317600E+05  -0.351711E-08   0.376685E-08  -0.124112E-08
   0.317800E+05  -0.231217E-08   0.121604E-08   0.285273E-08
   0.318000E+05  -0.755392E-09  -0.137292E-08   0.626484E-08
   0.318200E+05   0.105918E-08  -0.383044E-08   0.854736E-08
   0.318400E+05   0.299056E-08  -0.600570E-08   0.945215E-08
   0.318600E+05   0.485893E-08  -0.776879E-08   0.894969E-08
   0.318800E+05   0.646215E-08  -0.901114E-08   0.721189E-08
   0.319000E+05   0.759943E-08  -0.964642E-08   0.456557E-08
   0.319200E+05   0.809897E-08  -0.961404E-08   0.142760E-08
   0.319400E+05   0.784516E-08  -0.888572E-08  -0.176531E-08
   0.319600E+05   0.680075E-08  -0.747469E-08  -0.461977E-08
   0.319800E+05   0.501959E-08  -0.544530E-08  -0.683255E-08
   0.320000E+05   0.264714E-08  -0.291997E-08  -0.821589E-08
   0.320200E+05  -0.921956E-10  -0.802876E-10  -0.870085E-08
   0.320400E+05  -0.291955E-08   0.284057E-08  -0.832271E-08
   0.320600E+05  -0.553466E-08   0.557522E-08  -0.719464E-08
   0.320800E+05  -0.765273E-08   0.784860E-08  -0.547752E-08
   0.321000E+05  -0.903958E-08   0.941063E-08  -0.335255E-08
   0.321200E+05  -0.954030E-08   0.100704E-07  -0.100140E-08
   0.321400E+05  -0.909733E-08   0.972650E-08   0.140443E-08
   0.321600E+05  -0.775586E-08   0.838698E-08   0.370619E-08
   0.321800E+05  -0.565656E-08   0.617602E-08   0.575579E-08
   0.322000E+05  -0.301731E-08   0.332371E-08   0.741344E-08
   0.322200E+05  -0.107031E-09   0.140368E-09   0.854900E-08
   0.322400E+05   0.278439E-08  -0.302145E-08   0.904961E-08
   0.322600E+05   0.537622E-08  -0.581159E-08   0.883371E-08
   0.322800E+05   0.742362E-08  -0.792658E-08   0.786913E-08
   0.323000E+05   0.873878E-08  -0.914662E-08   0.619101E-08
   0.323200E+05   0.920509E-08  -0.935974E-08   0.391431E-08
   0.323400E+05   0.878434E-08  -0.856984E-08   0.123592E-08
   0.323600E+05   0.751727E-08  -0.688837E-08  -0.157697E-08
   0.323800E+05   0.551877E-08  -0.451224E-08  -0.421283E-08
   0.324000E+05   0.296816E-08  -0.169296E-08  -0.635407E-08
   0.324200E+05   0.957695E-10   0.129717E-08  -0.772217E-08
   0.324400E+05  -0.283413E-08   0.419568E-08  -0.812267E-08
   0.324600E+05  -0.554342E-08   0.677301E-08  -0.748185E-08
   0.324800E+05  -0.776284E-08   0.884569E-08  -0.586795E-08
   0.325000E+05  -0.925632E-08   0.102800E-07  -0.349156E-08
   0.325200E+05  -0.984527E-08   0.109884E-07  -0.683586E-09
   0.325400E+05  -0.943053E-08   0.109236E-07   0.214751E-08
   0.325600E+05  -0.800904E-08   0.100728E-07   0.457355E-08
   0.325800E+05  -0.568239E-08   0.845702E-08   0.621096E-08
   0.326000E+05  -0.265457E-08   0.613582E-08   0.678172E-08
   0.326200E+05   0.782463E-09   0.321600E-08   0.616080E-08
   0.326400E+05   0.427533E-08  -0.138912E-09   0.440202E-08
   0.326600E+05   0.744593E-08  -0.370361E-08   0.173715E-08
   0.326800E+05   0.993450E-08  -0.719532E-08  -0.145261E-08
   0.327000E+05   0.114438E-07  -0.102912E-07  -0.468939E-08
   0.327200E+05   0.117786E-07  -0.126597E-07  -0.746840E-08
   0.327400E+05   0.108741E-07  -0.140037E-07  -0.933428E-08
   0.327600E+05   0.880890E-08  -0.141085E-07  -0.995262E-08
   0.327800E+05   0.580035E-08  -0.128871E-07  -0.916537E-08
   0.328000E+05   0.218051E-08  -0.104125E-07  -0.702126E-08
   0.328200E+05  -0.164319E-08  -0.692831E-08  -0.377569E-08
   0.328400E+05  -0.523849E-08  -0.283211E-08   0.140688E-09
   0.328600E+05  -0.820294E-08   0.136890E-08   0.418091E-08
   0.328800E+05  -0.102151E-07   0.512622E-08   0.776000E-08
   0.329000E+05  -0.110753E-07   0.793213E-08   0.103414E-07
   0.329200E+05  -0.107295E-07   0.940224E-08   0.115184E-07
   0.329400E+05  -0.927417E-08   0.934385E-08   0.110793E-07
   0.329600E+05  -0.693986E-08   0.779646E-08   0.904371E-08
   0.329800E+05  -0.405775E-08   0.503539E-08   0.566695E-08
   0.330000E+05  -0.101274E-08   0.153513E-08   0.140815E-08
   0.330200E+05   0.180942E-08  -0.210302E-08  -0.313226E-08
   0.330400E+05   0.407354E-08  -0.524831E-08  -0.729778E-08
   0.330600E+05   0.553803E-08  -0.734638E-08  -0.104713E-07
   0.330800E+05   0.608353E-08  -0.801504E-08  -0.121671E-07
   0.331000E+05   0.572376E-08  -0.711263E-08  -0.121046E-07
   0.331200E+05   0.459762E-08  -0.476559E-08  -0.102538E-07
   0.331400E+05   0.294429E-08  -0.134945E-08  -0.684389E-08
   0.331600E+05   0.106544E-08   0.257442E-08  -0.233385E-08
   0.331800E+05  -0.719807E-09   0.635576E-08   0.265142E-08
   0.332000E+05  -0.212066E-08   0.936883E-08   0.741012E-08
   0.332200E+05  -0.291481E-08   0.111220E-07   0.112646E-07
   0.332400E+05  -0.297776E-08   0.113434E-07   0.136597E-07
   0.332600E+05  -0.229763E-08   0.100272E-07   0.142432E-07
   0.332800E+05  -0.973965E-09   0.743108E-08   0.129163E-07
   0.333000E+05   0.798700E-09   0.402663E-08   0.984798E-08
   0.333200E+05   0.275994E-08   0.410630E-09   0.544860E-08
   0.333400E+05   0.462082E-08  -0.280536E-08   0.309989E-09
   0.333600E+05   0.610430E-08  -0.510680E-08  -0.488071E-08
   0.333800E+05   0.698335E-08  -0.616839E-08  -0.943915E-08
   0.334000E+05   0.711150E-08  -0.590969E-08  -0.127794E-07
   0.334200E+05   0.644214E-08  -0.450389E-08  -0.144930E-07
   0.334400E+05   0.503405E-08  -0.233862E-08  -0.143994E-07
   0.334600E+05   0.304260E-08   0.632935E-10  -0.125632E-07
   0.334800E+05   0.698030E-09   0.214766E-08  -0.927465E-08
   0.335000E+05  -0.172620E-08   0.343736E-08  -0.499954E-08
   0.335200E+05  -0.395068E-08   0.362464E-08  -0.307140E-09
   0.335400E+05  -0.572788E-08   0.262983E-08   0.421241E-08
   0.335600E+05  -0.687524E-08   0.615659E-09   0.802808E-08
   0.335800E+05  -0.729905E-08  -0.204517E-08   0.107339E-07
   0.336000E+05  -0.700560E-08  -0.484237E-08   0.120926E-07
   0.336200E+05  -0.609799E-08  -0.722627E-08   0.120519E-07
   0.336400E+05  -0.475886E-08  -0.871289E-08   0.107344E-07
   0.336600E+05  -0.322132E-08  -0.897587E-08   0.840509E-08
   0.336800E+05  -0.173230E-08  -0.790797E-08   0.542256E-08
   0.337000E+05  -0.513484E-09  -0.564107E-08   0.218474E-08
   0.337200E+05   0.274074E-09  -0.252149E-08  -0.924053E-09
   0.337400E+05   0.556285E-09   0.954115E-09  -0.357677E-08
   0.337600E+05   0.358758E-09   0.422952E-08  -0.553359E-08
   0.337800E+05  -0.196507E-09   0.678894E-08  -0.665654E-08
   0.338000E+05  -0.910597E-09   0.824769E-08  -0.690981E-08
   0.338200E+05  -0.154094E-08   0.841679E-08  -0.634880E-08
   0.338400E+05  -0.184363E-08   0.733049E-08  -0.510204E-08
   0.338600E+05  -0.161833E-08   0.523268E-08  -0.335005E-08
   0.338800E+05  -0.748755E-09   0.252602E-08  -0.130442E-08
   0.339000E+05   0.768376E-09  -0.305443E-09   0.810964E-09
   0.339200E+05   0.281121E-08  -0.278513E-08   0.277605E-08
   0.339400E+05   0.514061E-08  -0.452730E-08   0.438865E-08
   0.339600E+05   0.742807E-08  -0.530008E-08   0.547743E-08
   0.339800E+05   0.930053E-08  -0.505730E-08   0.591457E-08
   0.340000E+05   0.103962E-07  -0.393508E-08   0.562813E-08
   0.340200E+05   0.104234E-07  -0.221536E-08   0.461305E-08
   0.340400E+05   0.921271E-08  -0.265081E-09   0.293857E-08
   0.340600E+05   0.675521E-08   0.153639E-08   0.749614E-09
   0.340800E+05   0.321853E-08   0.286745E-08  -0.174048E-08
   0.341000E+05  -0.106216E-08   0.351903E-08  -0.426718E-08
   0.341200E+05  -0.561874E-08   0.342474E-08  -0.654174E-08
   0.341400E+05  -0.990649E-08   0.266225E-08  -0.828555E-08
   0.341600E+05  -0.133751E-07   0.142747E-08  -0.926760E-08
   0.341800E+05  -0.155443E-07  -0.116274E-10  -0.933936E-08
   0.342000E+05  -0.160741E-07  -0.137150E-08  -0.846098E-08
   0.342200E+05  -0.148178E-07  -0.240816E-08  -0.671331E-08
   0.342400E+05  -0.118513E-07  -0.296052E-08  -0.429251E-08
   0.342600E+05  -0.747167E-08  -0.297435E-08  -0.148647E-08
   0.342800E+05  -0.216591E-08  -0.250343E-08   0.136430E-08
   0.343000E+05   0.344758E-08  -0.168945E-08   0.391570E-08
   0.343200E+05   0.869712E-08  -0.725927E-09   0.587131E-08
   0.343400E+05   0.129449E-07   0.185492E-09   0.702726E-08
   0.343600E+05   0.156712E-07   0.877166E-09   0.730277E-08
   0.343800E+05   0.165443E-07   0.124763E-08   0.675085E-08
   0.344000E+05   0.154659E-07   0.127794E-08   0.554661E-08
   0.344200E+05   0.125853E-07   0.102982E-08   0.395509E-08
   0.344400E+05   0.828147E-08   0.626999E-09   0.228381E-08
   0.344600E+05   0.311336E-08   0.224395E-09   0.828433E-09
   0.344800E+05  -0.225381E-08  -0.279444E-10  -0.178890E-09
   0.345000E+05  -0.713645E-08  -0.186322E-10  -0.608998E-09
   0.345200E+05  -0.109232E-07   0.300299E-09  -0.455965E-09
   0.345400E+05  -0.131557E-07   0.902322E-09   0.165719E-09
   0.345600E+05  -0.135886E-07   0.169078E-08   0.104651E-08
   0.345800E+05  -0.122208E-07   0.251736E-08   0.192501E-08
   0.346000E+05  -0.929379E-08   0.321073E-08   0.254093E-08
   0.346200E+05  -0.525684E-08   0.360954E-08   0.268781E-08
   0.346400E+05  -0.704157E-09   0.359351E-08   0.225552E-08
   0.346600E+05   0.370773E-08   0.310692E-08   0.125430E-08
   0.346800E+05   0.735106E-08   0.217049E-08  -0.184435E-09
   0.347000E+05   0.971417E-08   0.879790E-09  -0.183099E-08
   0.347200E+05   0.104729E-07  -0.608840E-09  -0.339995E-08
   0.347400E+05   0.953610E-08  -0.210225E-08  -0.460466E-08
   0.347600E+05   0.705911E-08  -0.339978E-08  -0.521338E-08
   0.347800E+05   0.342216E-08  -0.432291E-08  -0.509649E-08
   0.348000E+05  -0.822891E-09  -0.474069E-08  -0.425560E-08
   0.348200E+05  -0.503098E-08  -0.458715E-08  -0.282848E-08
   0.348400E+05  -0.855659E-08  -0.386879E-08  -0.106825E-08
   0.348600E+05  -0.108479E-07  -0.266174E-08   0.699960E-09
   0.348800E+05  -0.115290E-07  -0.109987E-08   0.213770E-08
   0.349000E+05  -0.104575E-07   0.643679E-09   0.295660E-08
   0.349200E+05  -0.774947E-08   0.237850E-08   0.297510E-08
   0.349400E+05  -0.376672E-08   0.391924E-08   0.215779E-08
   0.349600E+05   0.932603E-09   0.510559E-08   0.629598E-09
   0.349800E+05   0.567342E-08   0.581792E-08  -0.133880E-08
   0.350000E+05   0.976210E-08   0.598737E-08  -0.337279E-08
   0.350200E+05   0.125895E-07   0.560011E-08  -0.505642E-08
   0.350400E+05   0.137232E-07   0.469616E-08  -0.600568E-08
   0.350600E+05   0.129745E-07   0.336341E-08  -0.593976E-08
   0.350800E+05   0.104297E-07   0.172781E-08  -0.473804E-08
   0.351000E+05   0.643984E-08  -0.592941E-10  -0.247201E-08
   0.351200E+05   0.156981E-08  -0.183554E-08   0.594223E-09
   0.351400E+05  -0.348586E-08  -0.344288E-08   0.403633E-08
   0.351600E+05  -0.800764E-08  -0.474265E-08   0.733100E-08
   0.351800E+05  -0.113599E-07  -0.562917E-08   0.993684E-08
   0.352000E+05  -0.130870E-07  -0.604072E-08   0.113823E-07
   0.352200E+05  -0.129802E-07  -0.596649E-08   0.113463E-07
   0.352400E+05  -0.111059E-07  -0.544835E-08   0.971791E-08
   0.352600E+05  -0.778945E-08  -0.457670E-08   0.662457E-08
   0.352800E+05  -0.355756E-08  -0.348019E-08   0.242344E-08
   0.353000E+05   0.950147E-09  -0.231005E-08  -0.234457E-08
   0.353200E+05   0.508625E-08  -0.122058E-08  -0.703133E-08
   0.353400E+05   0.829878E-08  -0.348054E-09  -0.109774E-07
   0.353600E+05   0.102150E-07   0.208910E-09  -0.136125E-07
   0.353800E+05   0.106920E-07   0.404535E-09  -0.145442E-07
   0.354000E+05   0.982482E-08   0.254004E-09  -0.136214E-07
   0.354200E+05   0.791364E-08  -0.167364E-09  -0.109602E-07
   0.354400E+05   0.539477E-08  -0.734354E-09  -0.692902E-08
   0.354600E+05   0.275091E-08  -0.129056E-08  -0.209409E-08
   0.354800E+05   0.417205E-09  -0.167309E-08   0.286712E-08
   0.355000E+05  -0.129843E-08  -0.173971E-08   0.726990E-08
   0.355200E+05  -0.226577E-08  -0.139407E-08   0.105277E-07
   0.355400E+05  -0.254391E-08  -0.604806E-09   0.122416E-07
   0.355600E+05  -0.235260E-08   0.584856E-09   0.122594E-07
   0.355800E+05  -0.200956E-08   0.205927E-08   0.106944E-07
   0.356000E+05  -0.184722E-08   0.364437E-08   0.790049E-08
   0.356200E+05  -0.212666E-08   0.513184E-08   0.440816E-08
   0.356400E+05  -0.296706E-08   0.630998E-08   0.832120E-09
   0.356600E+05  -0.430653E-08   0.699636E-08  -0.223401E-08
   0.356800E+05  -0.590353E-08   0.706714E-08  -0.431780E-08
   0.357000E+05  -0.738016E-08   0.647811E-08  -0.514573E-08
   0.357200E+05  -0.829979E-08   0.527375E-08  -0.468530E-08
   0.357400E+05  -0.826378E-08   0.358260E-08  -0.314427E-08
   0.357600E+05  -0.700786E-08   0.159943E-08  -0.927567E-09
   0.357800E+05  -0.447751E-08  -0.443212E-09   0.144051E-08
   0.358000E+05  -0.865330E-09  -0.230941E-08   0.341468E-08
   0.358200E+05   0.339967E-08  -0.379479E-08   0.453005E-08
   0.358400E+05   0.771175E-08  -0.475623E-08   0.448809E-08
   0.358600E+05   0.113880E-07  -0.513143E-08   0.321204E-08
   0.358800E+05   0.137903E-07  -0.494524E-08   0.861518E-09
   0.359000E+05   0.144469E-07  -0.430178E-08  -0.219589E-08
   0.359200E+05   0.131500E-07  -0.336386E-08  -0.545091E-08
   0.359400E+05   0.100093E-07  -0.232335E-08  -0.834423E-08
   0.359600E+05   0.544891E-08  -0.136762E-08  -0.103668E-07
   0.359800E+05   0.146534E-09  -0.647914E-09  -0.111503E-07
   0.360000E+05  -0.507701E-08  -0.255105E-09  -0.105309E-07
   0.360200E+05  -0.939766E-08  -0.206718E-09  -0.857579E-08
   0.360400E+05  -0.121331E-07  -0.447393E-09  -0.556683E-08
   0.360600E+05  -0.128654E-07  -0.862315E-09  -0.194625E-08
   0.360800E+05  -0.115184E-07  -0.130096E-08   0.176557E-08
   0.361000E+05  -0.837447E-08  -0.160667E-08   0.506383E-08
   0.361200E+05  -0.402565E-08  -0.164675E-08   0.754669E-08
   0.361400E+05   0.731163E-09  -0.133752E-08   0.897980E-08
   0.361600E+05   0.503783E-08  -0.660087E-09   0.932609E-08
   0.361800E+05   0.813023E-08   0.335732E-09   0.873611E-08
   0.362000E+05   0.947685E-08   0.153990E-08   0.750201E-08
   0.362200E+05   0.887470E-08   0.280107E-08   0.598543E-08
   0.362400E+05   0.648478E-08   0.395225E-08   0.453484E-08
   0.362600E+05   0.280021E-08   0.483856E-08   0.340971E-08
   0.362800E+05  -0.144697E-08   0.534191E-08   0.272741E-08
   0.363000E+05  -0.542300E-08   0.539854E-08   0.244392E-08
   0.363200E+05  -0.834799E-08   0.500649E-08   0.237224E-08
   0.363400E+05  -0.964092E-08   0.422238E-08   0.223449E-08
   0.363600E+05  -0.902704E-08   0.314853E-08   0.173636E-08
   0.363800E+05  -0.658817E-08   0.191350E-08   0.647915E-09
   0.364000E+05  -0.274678E-08   0.649977E-09  -0.112724E-08
   0.364200E+05   0.181251E-08  -0.525717E-09  -0.351007E-08
   0.364400E+05   0.626878E-08  -0.152882E-08  -0.624190E-08
   0.364600E+05   0.981436E-08  -0.231370E-08  -0.892052E-08
   0.364800E+05   0.118002E-07  -0.287296E-08  -0.110709E-07
   0.365000E+05   0.118501E-07  -0.322930E-08  -0.122370E-07
   0.365200E+05   0.992472E-08  -0.342242E-08  -0.120774E-07
   0.365400E+05   0.632256E-08  -0.349443E-08  -0.104440E-07
   0.365600E+05   0.162202E-08  -0.347712E-08  -0.742787E-08
   0.365800E+05  -0.342541E-08  -0.338404E-08  -0.336139E-08
   0.366000E+05  -0.802889E-08  -0.320882E-08   0.122652E-08
   0.366200E+05  -0.114940E-07  -0.293010E-08   0.569407E-08
   0.366400E+05  -0.133359E-07  -0.252148E-08   0.939527E-08
   0.366600E+05  -0.133509E-07  -0.196401E-08   0.117931E-07
   0.366800E+05  -0.116345E-07  -0.125819E-08   0.125559E-07
   0.367000E+05  -0.854690E-08  -0.432221E-09   0.116181E-07
   0.367200E+05  -0.463434E-08   0.455492E-09   0.919338E-08
   0.367400E+05  -0.523506E-09   0.132084E-08   0.573656E-08
   0.367600E+05   0.318961E-08   0.206486E-08   0.186180E-08
   0.367800E+05   0.603588E-08   0.258920E-08  -0.176899E-08
   0.368000E+05   0.773762E-08   0.281325E-08  -0.456573E-08
   0.368200E+05   0.823235E-08   0.268968E-08  -0.611559E-08
   0.368400E+05   0.765500E-08   0.221530E-08  -0.625426E-08
   0.368600E+05   0.628598E-08   0.143504E-08  -0.508967E-08
   0.368800E+05   0.447889E-08   0.438060E-09  -0.297393E-08
   0.369000E+05   0.258416E-08  -0.653468E-09  -0.429222E-09
   0.369200E+05   0.884733E-09  -0.170111E-08   0.195776E-08
   0.369400E+05  -0.444380E-09  -0.256958E-08   0.365238E-08
   0.369600E+05  -0.134685E-08  -0.314574E-08   0.427693E-08
   0.369800E+05  -0.186724E-08  -0.335393E-08   0.368376E-08
   0.370000E+05  -0.211217E-08  -0.316556E-08   0.198280E-08
   0.370200E+05  -0.220211E-08  -0.260158E-08  -0.481597E-09
   0.370400E+05  -0.222687E-08  -0.172790E-08  -0.319939E-08
   0.370600E+05  -0.221607E-08  -0.644996E-09  -0.559566E-08
   0.370800E+05  -0.213166E-08   0.526420E-09  -0.714377E-08
   0.371000E+05  -0.188377E-08   0.166110E-08  -0.746886E-08
   0.371200E+05  -0.136538E-08   0.264409E-08  -0.642207E-08
   0.371400E+05  -0.496127E-09   0.338267E-08  -0.411152E-08
   0.371600E+05   0.736283E-09   0.381433E-08  -0.884573E-09
   0.371800E+05   0.224887E-08   0.391029E-08   0.273458E-08
   0.372000E+05   0.385868E-08   0.367497E-08   0.613970E-08
   0.372200E+05   0.530407E-08   0.314232E-08   0.875141E-08
   0.372400E+05   0.628915E-08   0.236999E-08   0.101196E-07
   0.372600E+05   0.654316E-08   0.143246E-08   0.100008E-07
   0.372800E+05   0.588253E-08   0.414062E-09   0.839678E-08
   0.373000E+05   0.426192E-08  -0.597798E-09   0.554856E-08
   0.373200E+05   0.180231E-08  -0.151879E-08   0.188899E-08
   0.373400E+05  -0.121181E-08  -0.227329E-08  -0.203637E-08
   0.373600E+05  -0.436781E-08  -0.279950E-08  -0.566374E-08
   0.373800E+05  -0.718809E-08  -0.305384E-08  -0.850344E-08
   0.374000E+05  -0.921016E-08  -0.301449E-08  -0.102133E-07
   0.374200E+05  -0.100693E-07  -0.268362E-08  -0.106411E-07
   0.374400E+05  -0.956762E-08  -0.208768E-08  -0.983167E-08
   0.374600E+05  -0.771689E-08  -0.127555E-08  -0.799845E-08
   0.374800E+05  -0.474493E-08  -0.314232E-09  -0.547026E-08
   0.375000E+05  -0.106449E-08   0.717523E-09  -0.262402E-08
   0.375200E+05   0.279121E-08   0.173707E-08   0.181508E-09
   0.375400E+05   0.625514E-08   0.266606E-08   0.265861E-08
   0.375600E+05   0.881985E-08   0.343789E-08   0.462137E-08
   0.375800E+05   0.101212E-07   0.400303E-08   0.599108E-08
   0.376000E+05   0.999741E-08   0.433166E-08   0.677900E-08
   0.376200E+05   0.851300E-08   0.441319E-08   0.705361E-08
   0.376400E+05   0.594394E-08   0.425308E-08   0.690257E-08
   0.376600E+05   0.272685E-08   0.386791E-08   0.639993E-08
   0.376800E+05  -0.618166E-09   0.328007E-08   0.558657E-08
   0.377000E+05  -0.357689E-08   0.251347E-08   0.446851E-08
   0.377200E+05  -0.572677E-08   0.159149E-08   0.303224E-08
   0.377400E+05  -0.680409E-08   0.537737E-09   0.127205E-08
   0.377600E+05  -0.674124E-08  -0.620601E-09  -0.779095E-09
   0.377800E+05  -0.566867E-08  -0.184766E-08  -0.302462E-08
   0.378000E+05  -0.388224E-08  -0.309374E-08  -0.529386E-08
   0.378200E+05  -0.178298E-08  -0.429197E-08  -0.735089E-08
   0.378400E+05   0.199106E-09  -0.535838E-08  -0.892343E-08
   0.378600E+05   0.168326E-08  -0.619667E-08  -0.974723E-08
   0.378800E+05   0.240438E-08  -0.670774E-08  -0.961748E-08
   0.379000E+05   0.225640E-08  -0.680316E-08  -0.843647E-08
   0.379200E+05   0.130604E-08  -0.642049E-08  -0.624679E-08
   0.379400E+05  -0.224484E-09  -0.553796E-08  -0.324145E-08
   0.379600E+05  -0.200142E-08  -0.418530E-08   0.252946E-09
   0.379800E+05  -0.364172E-08  -0.244840E-08   0.381883E-08
   0.380000E+05  -0.478205E-08  -0.465773E-09   0.700939E-08
   0.380200E+05  -0.514279E-08   0.158337E-08   0.941869E-08
   0.380400E+05  -0.457625E-08   0.349854E-08   0.107475E-07
   0.380600E+05  -0.309191E-08   0.508232E-08   0.108522E-07
   0.380800E+05  -0.855267E-09   0.616624E-08   0.976802E-08
   0.381000E+05   0.183852E-08   0.663420E-08   0.770111E-08
   0.381200E+05   0.461103E-08   0.643970E-08   0.499167E-08
   0.381400E+05   0.705896E-08   0.561398E-08   0.205434E-08
   0.381600E+05   0.881522E-08   0.426363E-08  -0.692859E-09
   0.381800E+05   0.960328E-08   0.255774E-08  -0.289775E-08
   0.382000E+05   0.927717E-08   0.706312E-09  -0.432898E-08
   0.382200E+05   0.784192E-08  -0.106694E-08  -0.490666E-08
   0.382400E+05   0.545244E-08  -0.255365E-08  -0.470407E-08
   0.382600E+05   0.239184E-08  -0.358753E-08  -0.392089E-08
   0.382800E+05  -0.966942E-09  -0.406529E-08  -0.283437E-08
   0.383000E+05  -0.421050E-08  -0.395895E-08  -0.173867E-08
   0.383200E+05  -0.693858E-08  -0.331817E-08  -0.884635E-09
   0.383400E+05  -0.881496E-08  -0.226270E-08  -0.432028E-09
   0.383600E+05  -0.960946E-08  -0.965998E-09  -0.423076E-09
   0.383800E+05  -0.922632E-08   0.367500E-09  -0.781967E-09
   0.384000E+05  -0.771578E-08   0.152870E-08  -0.133942E-08
   0.384200E+05  -0.526790E-08   0.233055E-08  -0.187641E-08
   0.384400E+05  -0.218947E-08   0.263217E-08  -0.217754E-08
   0.384600E+05   0.113317E-08   0.235772E-08  -0.208243E-08
   0.384800E+05   0.428123E-08   0.150807E-08  -0.152461E-08
   0.385000E+05   0.685488E-08   0.163813E-09  -0.549582E-09
   0.385200E+05   0.852317E-08  -0.152076E-08   0.691411E-09
   0.385400E+05   0.906621E-08  -0.333272E-08   0.197086E-08
   0.385600E+05   0.840438E-08  -0.502337E-08   0.303146E-08
   0.385800E+05   0.661033E-08  -0.633706E-08   0.364029E-08
   0.386000E+05   0.390170E-08  -0.704332E-08   0.363946E-08
   0.386200E+05   0.614808E-09  -0.696862E-08   0.298313E-08
   0.386400E+05  -0.283811E-08  -0.602422E-08   0.175292E-08
   0.386600E+05  -0.602276E-08  -0.422574E-08   0.148474E-09
   0.386800E+05  -0.854086E-08  -0.170126E-08  -0.154556E-08
   0.387000E+05  -0.100843E-07   0.131482E-08  -0.301024E-08
   0.387200E+05  -0.104774E-07   0.450280E-08  -0.395120E-08
   0.387400E+05  -0.970065E-08   0.749258E-08  -0.415485E-08
   0.387600E+05  -0.789224E-08   0.990891E-08  -0.353120E-08
   0.387800E+05  -0.532556E-08   0.114216E-07  -0.213523E-08
   0.388000E+05  -0.236662E-08   0.117941E-07  -0.162608E-09
   0.388200E+05   0.582928E-09   0.109224E-07   0.207996E-08
   0.388400E+05   0.314819E-08   0.885815E-08   0.422462E-08
   0.388600E+05   0.503860E-08   0.581105E-08   0.590393E-08
   0.388800E+05   0.609118E-08   0.212812E-08   0.681349E-08
   0.389000E+05   0.629168E-08  -0.174837E-08   0.676471E-08
   0.389200E+05   0.576986E-08  -0.533932E-08   0.571863E-08
   0.389400E+05   0.476932E-08  -0.819534E-08   0.379512E-08
   0.389600E+05   0.359679E-08  -0.996170E-08   0.125574E-08
   0.389800E+05   0.256003E-08  -0.104311E-07  -0.153679E-08
   0.390000E+05   0.190542E-08  -0.957569E-08  -0.417568E-08
   0.390200E+05   0.176722E-08  -0.755215E-08  -0.627437E-08
   0.390400E+05   0.213843E-08  -0.467873E-08  -0.752741E-08
   0.390600E+05   0.286956E-08  -0.138684E-08  -0.775823E-08
   0.390800E+05   0.369682E-08   0.184528E-08  -0.694608E-08
   0.391000E+05   0.429522E-08   0.456608E-08  -0.522817E-08
   0.391200E+05   0.434753E-08   0.641959E-08  -0.287695E-08
   0.391400E+05   0.361625E-08   0.719821E-08  -0.256391E-09
   0.391600E+05   0.200443E-08   0.687051E-08   0.223544E-08
   0.391800E+05  -0.407092E-09   0.557966E-08   0.422830E-08
   0.392000E+05  -0.335522E-08   0.361288E-08   0.543633E-08
   0.392200E+05  -0.642572E-08   0.134765E-08   0.570051E-08
   0.392400E+05  -0.911673E-08  -0.815915E-09   0.501044E-08
   0.392600E+05  -0.109245E-07  -0.252432E-08   0.350251E-08
   0.392800E+05  -0.114368E-07  -0.352953E-08   0.143499E-08
   0.393000E+05  -0.104175E-07  -0.372731E-08  -0.855559E-09
   0.393200E+05  -0.786440E-08  -0.316862E-08  -0.300924E-08
   0.393400E+05  -0.403061E-08  -0.204292E-08  -0.470028E-08
   0.393600E+05   0.599730E-09  -0.637080E-09  -0.568762E-08
   0.393800E+05   0.537730E-08   0.721846E-09  -0.585051E-08
   0.394000E+05   0.958682E-08   0.172906E-08  -0.520358E-08
   0.394200E+05   0.125632E-07   0.215806E-08  -0.388910E-08
   0.394400E+05   0.138048E-07   0.190017E-08  -0.214804E-08
   0.394600E+05   0.130643E-07   0.980788E-09  -0.275149E-09
   0.394800E+05   0.103990E-07  -0.449681E-09   0.143418E-08
   0.395000E+05   0.617211E-08  -0.214765E-08   0.273587E-08
   0.395200E+05   0.100124E-08  -0.382388E-08   0.347886E-08
   0.395400E+05  -0.433666E-08  -0.519725E-08   0.362901E-08
   0.395600E+05  -0.902976E-08  -0.604410E-08   0.327094E-08
   0.395800E+05  -0.123635E-07  -0.623427E-08   0.258726E-08
   0.396000E+05  -0.138379E-07  -0.574749E-08   0.181900E-08
   0.396200E+05  -0.132498E-07  -0.466821E-08   0.121417E-08
   0.396400E+05  -0.107245E-07  -0.316129E-08   0.974378E-09
   0.396600E+05  -0.669242E-08  -0.143448E-08   0.120943E-08
   0.396800E+05  -0.181365E-08   0.303644E-09   0.190932E-08
   0.397000E+05   0.313550E-08   0.188152E-08   0.293955E-08
   0.397200E+05   0.739445E-08   0.319045E-08   0.406183E-08
   0.397400E+05   0.103450E-07   0.419392E-08   0.497741E-08
   0.397600E+05   0.116103E-07   0.491937E-08   0.538565E-08
   0.397800E+05   0.111099E-07   0.543550E-08   0.504732E-08
   0.398000E+05   0.905984E-08   0.582132E-08   0.384054E-08
   0.398200E+05   0.592192E-08   0.613472E-08   0.179806E-08
   0.398400E+05   0.230948E-08   0.638858E-08  -0.882606E-09
   0.398600E+05  -0.112977E-08   0.654037E-08  -0.385982E-08
   0.398800E+05  -0.383268E-08   0.649830E-08  -0.669742E-08
   0.399000E+05  -0.541894E-08   0.614296E-08  -0.893573E-08
   0.399200E+05  -0.575089E-08   0.536011E-08  -0.101722E-07
   0.399400E+05  -0.494468E-08   0.407709E-08  -0.101372E-07
   0.399600E+05  -0.333222E-08   0.229446E-08  -0.875075E-08
   0.399800E+05  -0.138258E-08   0.105027E-09  -0.614867E-08
   0.400000E+05   0.400574E-09  -0.230537E-08  -0.267228E-08
   0.400200E+05   0.158465E-08  -0.467707E-08   0.117905E-08
   0.400400E+05   0.189606E-08  -0.671350E-08   0.482496E-08
   0.400600E+05   0.127310E-08  -0.812975E-08   0.769857E-08
   0.400800E+05  -0.126074E-09  -0.870378E-08   0.934219E-08
   0.401000E+05  -0.196101E-08  -0.832052E-08   0.948710E-08
   0.401200E+05  -0.378397E-08  -0.699977E-08   0.810307E-08
   0.401400E+05  -0.513638E-08  -0.490184E-08   0.540795E-08
   0.401600E+05  -0.564708E-08  -0.230870E-08   0.183485E-08
   0.401800E+05  -0.511203E-08   0.416863E-09  -0.203817E-08
   0.402000E+05  -0.353966E-08   0.288742E-08  -0.558388E-08
   0.402200E+05  -0.115248E-08   0.475273E-08  -0.823070E-08
   0.402400E+05   0.165496E-08   0.575634E-08  -0.955812E-08
   0.402600E+05   0.439333E-08   0.577666E-08  -0.936581E-08
   0.402800E+05   0.657505E-08   0.484547E-08  -0.770448E-08
   0.403000E+05   0.781074E-08   0.314023E-08  -0.486319E-08
   0.403200E+05   0.788603E-08   0.952001E-09  -0.131563E-08
   0.403400E+05   0.680339E-08  -0.136529E-08   0.236422E-08
   0.403600E+05   0.478068E-08  -0.345489E-08   0.560181E-08
   0.403800E+05   0.220686E-08  -0.501569E-08   0.791889E-08
   0.404000E+05  -0.435915E-09  -0.584881E-08   0.901019E-08
   0.404200E+05  -0.266820E-08  -0.588430E-08   0.878670E-08
   0.404400E+05  -0.410770E-08  -0.518383E-08   0.737886E-08
   0.404600E+05  -0.454337E-08  -0.391980E-08   0.510043E-08
   0.404800E+05  -0.397448E-08  -0.233572E-08   0.238128E-08
   0.405000E+05  -0.260702E-08  -0.696091E-09  -0.317054E-09
   0.405200E+05  -0.808529E-09   0.764266E-09  -0.258655E-08
   0.405400E+05   0.969324E-09   0.188160E-08  -0.414225E-08
   0.405600E+05   0.228470E-08   0.258768E-08  -0.486378E-08
   0.405800E+05   0.279704E-08   0.291312E-08  -0.480206E-08
   0.406000E+05   0.233782E-08   0.296966E-08  -0.415164E-08
   0.406200E+05   0.946457E-09   0.291569E-08  -0.319608E-08
   0.406400E+05  -0.113537E-08   0.291270E-08  -0.223862E-08
   0.406600E+05  -0.350991E-08   0.308185E-08  -0.153319E-08
   0.406800E+05  -0.570040E-08   0.347008E-08  -0.123020E-08
   0.407000E+05  -0.724377E-08   0.403294E-08  -0.134788E-08
   0.407200E+05  -0.778081E-08   0.463817E-08  -0.177450E-08
   0.407400E+05  -0.712611E-08   0.508975E-08  -0.230007E-08
   0.407600E+05  -0.530473E-08   0.516802E-08  -0.266995E-08
   0.407800E+05  -0.254900E-08   0.467824E-08  -0.264831E-08
   0.408000E+05   0.743198E-09   0.349796E-08  -0.207743E-08
   0.408200E+05   0.407991E-08   0.161360E-08  -0.919964E-09
   0.408400E+05   0.696211E-08  -0.861490E-09   0.725101E-09
   0.408600E+05   0.896940E-08  -0.369190E-08   0.263634E-08
   0.408800E+05   0.982856E-08  -0.654833E-08   0.451078E-08
   0.409000E+05   0.945283E-08  -0.905469E-08   0.602345E-08
   0.409200E+05   0.794628E-08  -0.108467E-07   0.689307E-08
   0.409400E+05   0.557426E-08  -0.116316E-07   0.694028E-08
   0.409600E+05   0.270755E-08  -0.112391E-07   0.612635E-08
   0.409800E+05  -0.247233E-09  -0.965343E-08   0.456421E-08
   0.410000E+05  -0.291720E-08  -0.702214E-08   0.249947E-08
   0.410200E+05  -0.501919E-08  -0.363827E-08   0.265302E-09
   0.410400E+05  -0.639300E-08   0.100537E-09  -0.177982E-08
   0.410600E+05  -0.700753E-08   0.374955E-08  -0.331900E-08
   0.410800E+05  -0.694173E-08   0.688174E-08  -0.413501E-08
   0.411000E+05  -0.634722E-08   0.914896E-08  -0.414840E-08
   0.411200E+05  -0.540282E-08   0.103299E-07  -0.342817E-08
   0.411400E+05  -0.427206E-08   0.103572E-07  -0.217372E-08
   0.411600E+05  -0.307320E-08   0.931977E-08  -0.672062E-09
   0.411800E+05  -0.186742E-08   0.744097E-08   0.760453E-09
   0.412000E+05  -0.666256E-09   0.503753E-08   0.184000E-08
   0.412200E+05   0.545662E-09   0.246605E-08   0.236838E-08
   0.412400E+05   0.178013E-08   0.672352E-10   0.226713E-08
   0.412600E+05   0.301648E-08  -0.188311E-08   0.158660E-08
   0.412800E+05   0.418317E-08  -0.320854E-08   0.489342E-09
   0.413000E+05   0.515595E-08  -0.384712E-08  -0.787954E-09
   0.413200E+05   0.577467E-08  -0.384626E-08  -0.198504E-08
   0.413400E+05   0.587581E-08  -0.333986E-08  -0.287060E-08
   0.413600E+05   0.533382E-08  -0.251335E-08  -0.328582E-08
   0.413800E+05   0.410165E-08  -0.156423E-08  -0.317068E-08
   0.414000E+05   0.224016E-08  -0.665767E-09  -0.256868E-08
   0.414200E+05  -0.717856E-10   0.595348E-10  -0.161024E-08
   0.414400E+05  -0.255109E-08   0.552507E-09  -0.479837E-09
   0.414600E+05  -0.484768E-08   0.814928E-09   0.625276E-09
   0.414800E+05  -0.659954E-08   0.894227E-09   0.153531E-08
   0.415000E+05  -0.749585E-08   0.859962E-09   0.213855E-08
   0.415200E+05  -0.733619E-08   0.778243E-09   0.239643E-08
   0.415400E+05  -0.607400E-08   0.690356E-09   0.234099E-08
   0.415600E+05  -0.383496E-08   0.600653E-09   0.205674E-08
   0.415800E+05  -0.905727E-09   0.476440E-09   0.165243E-08
   0.416000E+05   0.230637E-08   0.259706E-09   0.123044E-08
   0.416200E+05   0.533596E-08  -0.112252E-09   0.861445E-09
   0.416400E+05   0.773405E-08  -0.682479E-09   0.570551E-09
   0.416600E+05   0.914096E-08  -0.145246E-08   0.337948E-09
   0.416800E+05   0.934490E-08  -0.236855E-08   0.113286E-09
   0.417000E+05   0.831583E-08  -0.332085E-08  -0.160534E-09
   0.417200E+05   0.620876E-08  -0.415625E-08  -0.520947E-09
   0.417400E+05   0.333647E-08  -0.470385E-08  -0.964317E-09
   0.417600E+05   0.116795E-09  -0.480843E-08  -0.143603E-08
   0.417800E+05  -0.299560E-08  -0.436523E-08  -0.183585E-08
   0.418000E+05  -0.558080E-08  -0.334880E-08  -0.203852E-08
   0.418200E+05  -0.731616E-08  -0.182901E-08  -0.192554E-08
   0.418400E+05  -0.801958E-08   0.300021E-10  -0.142097E-08
   0.418600E+05  -0.766734E-08   0.198952E-08  -0.522358E-09
   0.418800E+05  -0.638505E-08   0.377198E-08   0.681535E-09
   0.419000E+05  -0.441544E-08   0.510707E-08   0.201242E-08
   0.419200E+05  -0.207029E-08   0.577998E-08   0.322543E-08
   0.419400E+05   0.323530E-09   0.567271E-08   0.405082E-08
   0.419600E+05   0.247410E-08   0.479017E-08   0.424707E-08
   0.419800E+05   0.416219E-08   0.326542E-08   0.365512E-08
   0.420000E+05   0.526147E-08   0.134184E-08   0.224230E-08
   0.420200E+05   0.574000E-08  -0.665335E-09   0.125500E-09
   0.420400E+05   0.564542E-08  -0.242190E-08  -0.243293E-08
   0.420600E+05   0.507938E-08  -0.363287E-08  -0.505829E-08
   0.420800E+05   0.416797E-08  -0.409521E-08  -0.732137E-08
   0.421000E+05   0.303519E-08  -0.373555E-08  -0.881163E-08
   0.421200E+05   0.178473E-08  -0.262521E-08  -0.921271E-08
   0.421400E+05   0.492683E-09  -0.969523E-09  -0.836592E-08
   0.421600E+05  -0.788964E-09   0.927415E-09  -0.630919E-08
   0.421800E+05  -0.202106E-08   0.271639E-08  -0.328285E-08
   0.422000E+05  -0.316291E-08   0.406573E-08   0.300422E-09
   0.422200E+05  -0.416010E-08   0.472153E-08   0.391747E-08
   0.422400E+05  -0.493896E-08   0.455447E-08   0.701842E-08
   0.422600E+05  -0.541018E-08   0.358431E-08   0.911793E-08
   0.422800E+05  -0.548185E-08   0.197748E-08   0.987799E-08
   0.423000E+05  -0.507920E-08   0.178530E-10   0.916743E-08
   0.423200E+05  -0.416686E-08  -0.194408E-08   0.708735E-08
   0.423400E+05  -0.276798E-08  -0.355449E-08   0.395757E-08
   0.423600E+05  -0.975204E-09  -0.452039E-08   0.266287E-09
   0.423800E+05   0.105031E-08  -0.466293E-08  -0.340858E-08
   0.424000E+05   0.309311E-08  -0.394996E-08  -0.649280E-08
   0.424200E+05   0.490967E-08  -0.250205E-08  -0.850797E-08
   0.424400E+05   0.626264E-08  -0.570699E-09  -0.914688E-08
   0.424600E+05   0.695737E-08   0.150712E-08  -0.831965E-08
   0.424800E+05   0.687428E-08   0.336964E-08  -0.616358E-08
   0.425000E+05   0.599112E-08   0.469511E-08  -0.301601E-08
   0.425200E+05   0.439077E-08   0.525879E-08   0.644022E-09
   0.425400E+05   0.225286E-08   0.497173E-08   0.427468E-08
   0.425600E+05  -0.169811E-09   0.389457E-08   0.735680E-08
   0.425800E+05  -0.258627E-08   0.222402E-08   0.947169E-08
   0.426000E+05  -0.470820E-08   0.254979E-09   0.103589E-07
   0.426200E+05  -0.628999E-08  -0.167444E-08   0.994591E-08
   0.426400E+05  -0.716164E-08  -0.324455E-08   0.834631E-08
   0.426600E+05  -0.724961E-08  -0.421096E-08   0.582974E-08
   0.426800E+05  -0.658280E-08  -0.444620E-08   0.276998E-08
   0.427000E+05  -0.528326E-08  -0.395890E-08  -0.418284E-09
   0.427200E+05  -0.354398E-08  -0.288730E-08  -0.334265E-08
   0.427400E+05  -0.159781E-08  -0.146912E-08  -0.568618E-08
   0.427600E+05   0.317105E-09   0.623849E-11  -0.724289E-08
   0.427800E+05   0.199001E-08   0.125363E-08  -0.793186E-08
   0.428000E+05   0.326343E-08   0.204564E-08  -0.779030E-08
   0.428200E+05   0.404903E-08   0.225358E-08  -0.694962E-08
   0.428400E+05   0.433198E-08   0.186872E-08  -0.560084E-08
   0.428600E+05   0.416424E-08   0.100010E-08  -0.395690E-08
   0.428800E+05   0.364898E-08  -0.149812E-09  -0.221879E-08
   0.429000E+05   0.291926E-08  -0.132662E-08  -0.550887E-09
   0.429200E+05   0.211486E-08  -0.227428E-08   0.931856E-09
   0.429400E+05   0.136086E-08  -0.278434E-08   0.216480E-08
   0.429600E+05   0.750833E-09  -0.273499E-08   0.312493E-08
   0.429800E+05   0.336781E-09  -0.211264E-08   0.381656E-08
   0.430000E+05   0.126266E-09  -0.101259E-08   0.425597E-08
   0.430200E+05   0.865706E-10   0.380918E-09   0.445896E-08
   0.430400E+05   0.154449E-09   0.183074E-08   0.443420E-08
   0.430600E+05   0.249608E-09   0.309173E-08   0.418327E-08
   0.430800E+05   0.289709E-09   0.395575E-08   0.370652E-08
   0.431000E+05   0.204775E-09   0.428823E-08   0.301259E-08
   0.431200E+05  -0.508797E-10   0.404974E-08   0.212821E-08
   0.431400E+05  -0.490575E-09   0.329889E-08   0.110525E-08
   0.431600E+05  -0.109194E-08   0.217692E-08   0.223115E-10
   0.431800E+05  -0.179862E-08   0.877452E-09  -0.102032E-08
   0.432000E+05  -0.252680E-08  -0.392055E-09  -0.191215E-08
   0.432200E+05  -0.317574E-08  -0.144943E-08  -0.254864E-08
   0.432400E+05  -0.364120E-08  -0.216991E-08  -0.284922E-08
   0.432600E+05  -0.383007E-08  -0.250530E-08  -0.277359E-08
   0.432800E+05  -0.367455E-08  -0.248691E-08  -0.233302E-08
   0.433000E+05  -0.314397E-08  -0.221254E-08  -0.159413E-08
   0.433200E+05  -0.225243E-08  -0.182065E-08  -0.673583E-09
   0.433400E+05  -0.106119E-08  -0.145750E-08   0.275937E-09
   0.433600E+05   0.325330E-09  -0.124420E-08   0.108690E-08
   0.433800E+05   0.176956E-08  -0.125040E-08   0.160214E-08
   0.434000E+05   0.311614E-08  -0.147994E-08   0.170039E-08
   0.434200E+05   0.421088E-08  -0.187095E-08   0.131800E-08
   0.434400E+05   0.492085E-08  -0.231030E-08   0.463206E-09
   0.434600E+05   0.515287E-08  -0.265893E-08  -0.779637E-09
   0.434800E+05   0.486774E-08  -0.278292E-08  -0.225721E-08
   0.435000E+05   0.408769E-08  -0.258354E-08  -0.376525E-08
   0.435200E+05   0.289579E-08  -0.202030E-08  -0.507541E-08
   0.435400E+05   0.142680E-08  -0.112218E-08  -0.596738E-08
   0.435600E+05  -0.149427E-09   0.153678E-10  -0.626184E-08
   0.435800E+05  -0.165006E-08   0.124677E-08  -0.584935E-08
   0.436000E+05  -0.290370E-08   0.240309E-08  -0.471076E-08
   0.436200E+05  -0.377365E-08   0.332366E-08  -0.292552E-08
   0.436400E+05  -0.417650E-08   0.388630E-08  -0.666172E-09
   0.436600E+05  -0.409322E-08   0.403019E-08   0.182099E-08
   0.436800E+05  -0.357085E-08   0.376685E-08   0.424690E-08
   0.437000E+05  -0.271453E-08   0.317698E-08   0.631833E-08
   0.437200E+05  -0.167082E-08   0.239396E-08   0.777860E-08
   0.437400E+05  -0.604831E-09   0.157701E-08   0.844457E-08
   0.437600E+05   0.325424E-09   0.879686E-09   0.823398E-08
   0.437800E+05   0.993522E-09   0.419485E-09   0.717884E-08
   0.438000E+05   0.132425E-08   0.254933E-09   0.542210E-08
   0.438200E+05   0.130520E-08   0.374435E-09   0.319785E-08
   0.438400E+05   0.988523E-09   0.699226E-09   0.797466E-09
   0.438600E+05   0.482407E-09   0.109987E-08  -0.147315E-08
   0.438800E+05  -0.665911E-10   0.142311E-08  -0.333879E-08
   0.439000E+05  -0.497746E-09   0.152393E-08  -0.459529E-08
   0.439200E+05  -0.663392E-09   0.129651E-08  -0.513857E-08
   0.439400E+05  -0.455071E-09   0.697994E-09  -0.497732E-08
   0.439600E+05   0.175383E-09  -0.239466E-09  -0.422727E-08
   0.439800E+05   0.120316E-08  -0.141116E-08  -0.308780E-08
   0.440000E+05   0.252839E-08  -0.265627E-08  -0.180478E-08
   0.440200E+05   0.398536E-08  -0.378550E-08  -0.626118E-09
   0.440400E+05   0.536228E-08  -0.461479E-08   0.242418E-09
   0.440600E+05   0.642907E-08  -0.499886E-08   0.673147E-09
   0.440800E+05   0.696980E-08  -0.485826E-08   0.637891E-09
   0.441000E+05   0.681536E-08  -0.419507E-08   0.210875E-09
   0.441200E+05   0.587178E-08  -0.309399E-08  -0.447466E-09
   0.441400E+05   0.414024E-08  -0.170876E-08  -0.112294E-08
   0.441600E+05   0.172534E-08  -0.236368E-09  -0.159045E-08
   0.441800E+05  -0.116990E-08   0.111647E-08  -0.165939E-08
   0.442000E+05  -0.426275E-08   0.216820E-08  -0.121329E-08
   0.442200E+05  -0.722113E-08   0.279261E-08  -0.236045E-09
   0.442400E+05  -0.970261E-08   0.293872E-08   0.118005E-08
   0.442600E+05  -0.113972E-07   0.263710E-08   0.284644E-08
   0.442800E+05  -0.120686E-07   0.199150E-08   0.450860E-08
   0.443000E+05  -0.115884E-07   0.115767E-08   0.588920E-08
   0.443200E+05  -0.995826E-08   0.313435E-09   0.673648E-08
   0.443400E+05  -0.731628E-08  -0.374472E-09   0.686908E-08
   0.443600E+05  -0.392658E-08  -0.780518E-09   0.620925E-08
   0.443800E+05  -0.151519E-09  -0.842128E-09   0.479855E-08
   0.444000E+05   0.358978E-08  -0.569190E-09   0.279301E-08
   0.444200E+05   0.687219E-08  -0.398546E-10   0.438856E-09
   0.444400E+05   0.931814E-08   0.616309E-09  -0.196689E-08
   0.444600E+05   0.106469E-07   0.124442E-08  -0.412387E-08
   0.444800E+05   0.107127E-07   0.169463E-08  -0.577544E-08
   0.445000E+05   0.952639E-08   0.185099E-08  -0.674717E-08
   0.445200E+05   0.725671E-08   0.165357E-08  -0.697026E-08
   0.445400E+05   0.421027E-08   0.110980E-08  -0.648645E-08
   0.445600E+05   0.792825E-09   0.293259E-09  -0.543403E-08
   0.445800E+05  -0.254380E-08  -0.669693E-09  -0.401858E-08
   0.446000E+05  -0.536194E-08  -0.162273E-08  -0.247402E-08
   0.446200E+05  -0.729716E-08  -0.240744E-08  -0.102171E-08
   0.446400E+05  -0.810792E-08  -0.289109E-08   0.165109E-09
   0.446600E+05  -0.770857E-08  -0.298936E-08   0.985333E-09
   0.446800E+05  -0.618073E-08  -0.268000E-08   0.141886E-08
   0.447000E+05  -0.376128E-08  -0.200541E-08   0.151963E-08
   0.447200E+05  -0.808261E-09  -0.106391E-08   0.139527E-08
   0.447400E+05   0.225033E-08   0.819472E-11   0.117817E-08
   0.447600E+05   0.497768E-08   0.106018E-08   0.994171E-09
   0.447800E+05   0.699019E-08   0.195181E-08   0.935120E-09
   0.448000E+05   0.801151E-08   0.257506E-08   0.104064E-08
   0.448200E+05   0.791047E-08   0.286902E-08   0.129203E-08
   0.448400E+05   0.671757E-08   0.282586E-08   0.161906E-08
   0.448600E+05   0.461763E-08   0.248750E-08   0.191739E-08
   0.448800E+05   0.192010E-08   0.193405E-08   0.207285E-08
   0.449000E+05  -0.988515E-09   0.126712E-08   0.198725E-08
   0.449200E+05  -0.370242E-08   0.591001E-09   0.160057E-08
   0.449400E+05  -0.585592E-08  -0.430076E-11   0.905312E-09
   0.449600E+05  -0.717529E-08  -0.455586E-09  -0.494506E-10
   0.449800E+05  -0.751555E-08  -0.732559E-09  -0.116469E-08
   0.450000E+05  -0.687695E-08  -0.837189E-09  -0.230698E-08
   0.450200E+05  -0.539916E-08  -0.797261E-09  -0.332964E-08
   0.450400E+05  -0.333478E-08  -0.656147E-09  -0.409543E-08
   0.450600E+05  -0.100693E-08  -0.461349E-09  -0.449669E-08
   0.450800E+05   0.124218E-08  -0.254359E-09  -0.446962E-08
   0.451000E+05   0.310319E-08  -0.638173E-10  -0.400100E-08
   0.451200E+05   0.434417E-08   0.969902E-10  -0.312713E-08
   0.451400E+05   0.484112E-08   0.228324E-09  -0.192607E-08
   0.451600E+05   0.459024E-08   0.338901E-09  -0.505722E-09
   0.451800E+05   0.370082E-08   0.439235E-09   0.100982E-08
   0.452000E+05   0.237092E-08   0.535340E-09   0.249303E-08
   0.452200E+05   0.850295E-09   0.624539E-09   0.382331E-08
   0.452400E+05  -0.602589E-09   0.694440E-09   0.489429E-08
   0.452600E+05  -0.176249E-08   0.725324E-09   0.561830E-08
   0.452800E+05  -0.247141E-08   0.695273E-09   0.592941E-08
   0.453000E+05  -0.265961E-08   0.586687E-09   0.578599E-08
   0.453200E+05  -0.235093E-08   0.392453E-09   0.517418E-08
   0.453400E+05  -0.165219E-08   0.120114E-09   0.411225E-08
   0.453600E+05  -0.729496E-09  -0.207155E-09   0.265533E-08
   0.453800E+05   0.224191E-09  -0.553208E-09   0.898913E-09
   0.454000E+05   0.102414E-08  -0.874776E-09  -0.102093E-08
   0.454200E+05   0.152572E-08  -0.112930E-08  -0.293282E-08
   0.454400E+05   0.164773E-08  -0.128304E-08  -0.464208E-08
   0.454600E+05   0.138370E-08  -0.131756E-08  -0.594968E-08
   0.454800E+05   0.799709E-09  -0.123321E-08  -0.667674E-08
   0.455000E+05   0.197006E-10  -0.104856E-08  -0.669145E-08
   0.455200E+05  -0.798732E-09  -0.796006E-09  -0.593414E-08
   0.455400E+05  -0.149358E-08  -0.514389E-09  -0.443581E-08
   0.455600E+05  -0.192749E-08  -0.240238E-09  -0.232563E-08
   0.455800E+05  -0.201178E-08   0.283503E-12   0.175571E-09
   0.456000E+05  -0.172135E-08   0.196888E-09   0.277680E-08
   0.456200E+05  -0.109822E-08   0.356724E-09   0.515159E-08
   0.456400E+05  -0.243424E-09   0.501461E-09   0.698176E-08
   0.456600E+05   0.701111E-09   0.660380E-09   0.800392E-08
   0.456800E+05   0.157751E-08   0.860873E-09   0.805132E-08
   0.457000E+05   0.223923E-08   0.111844E-08   0.708393E-08
   0.457200E+05   0.257609E-08   0.142849E-08   0.520094E-08
   0.457400E+05   0.253281E-08   0.176204E-08   0.263256E-08
   0.457600E+05   0.211804E-08   0.206656E-08  -0.288811E-09
   0.457800E+05   0.140236E-08   0.227247E-08  -0.317440E-08
   0.458000E+05   0.505834E-09   0.230424E-08  -0.563522E-08
   0.458200E+05  -0.422931E-09   0.209442E-08  -0.734002E-08
   0.458400E+05  -0.123238E-08   0.159795E-08  -0.806563E-08
   0.458600E+05  -0.179406E-08   0.803984E-09  -0.773149E-08
   0.458800E+05  -0.202454E-08  -0.257096E-09  -0.641234E-08
   0.459000E+05  -0.189948E-08  -0.151323E-08  -0.432677E-08
   0.459200E+05  -0.145731E-08  -0.285715E-08  -0.180286E-08
   0.459400E+05  -0.791794E-09  -0.415902E-08   0.773495E-09
   0.459600E+05  -0.346508E-10  -0.528324E-08   0.301950E-08
   0.459800E+05   0.668834E-09  -0.610674E-08   0.461566E-08
   0.460000E+05   0.118701E-08  -0.653573E-08   0.535543E-08
   0.460200E+05   0.142702E-08  -0.651802E-08   0.517624E-08
   0.460400E+05   0.135321E-08  -0.604923E-08   0.416673E-08
   0.460600E+05   0.995304E-09  -0.517170E-08   0.254917E-08
   0.460800E+05   0.444287E-09  -0.396677E-08   0.640193E-09
   0.461000E+05  -0.163770E-09  -0.254198E-08  -0.120368E-08
   0.461200E+05  -0.673478E-09  -0.101547E-08  -0.264637E-08
   0.461400E+05  -0.941243E-09   0.499445E-09  -0.342845E-08
   0.461600E+05  -0.866166E-09   0.190707E-08  -0.340975E-08
   0.461800E+05  -0.414846E-09   0.313746E-08  -0.259153E-08
   0.462000E+05   0.365032E-09   0.414908E-08  -0.111470E-08
   0.462200E+05   0.134579E-08   0.492598E-08   0.765369E-09
   0.462400E+05   0.233650E-08   0.547104E-08   0.272282E-08
   0.462600E+05   0.311358E-08   0.579704E-08   0.441647E-08
   0.462800E+05   0.346070E-08   0.591801E-08   0.554668E-08
   0.463000E+05   0.321146E-08   0.584293E-08   0.590457E-08
   0.463200E+05   0.228718E-08   0.557328E-08   0.540520E-08
   0.463400E+05   0.722436E-09   0.510492E-08   0.409975E-08
   0.463600E+05  -0.132731E-08   0.443392E-08   0.216502E-08
   0.463800E+05  -0.359904E-08   0.356462E-08  -0.127429E-09
   0.464000E+05  -0.575580E-08   0.251801E-08  -0.245676E-08
   0.464200E+05  -0.743652E-08   0.133808E-08  -0.450489E-08
   0.464400E+05  -0.831442E-08   0.939863E-10  -0.600618E-08
   0.464600E+05  -0.815472E-08  -0.112302E-08  -0.678647E-08
   0.464800E+05  -0.686140E-08  -0.220818E-08  -0.678540E-08
   0.465000E+05  -0.450444E-08  -0.305644E-08  -0.605878E-08
   0.465200E+05  -0.132142E-08  -0.357810E-08  -0.476172E-08
   0.465400E+05   0.230829E-08  -0.371435E-08  -0.311637E-08
   0.465600E+05   0.591413E-08  -0.344968E-08  -0.137053E-08
   0.465800E+05   0.900238E-08  -0.281866E-08   0.244829E-09
   0.466000E+05   0.111313E-07  -0.190518E-08   0.155169E-08
   0.466200E+05   0.119812E-07  -0.833861E-09   0.244857E-08
   0.466400E+05   0.114072E-07   0.245718E-09   0.291804E-08
   0.466600E+05   0.946612E-08   0.117962E-08   0.301781E-08
   0.466800E+05   0.641156E-08   0.183201E-08   0.285822E-08
   0.467000E+05   0.265751E-08   0.210574E-08   0.257140E-08
   0.467200E+05  -0.128401E-08   0.195768E-08   0.227875E-08
   0.467400E+05  -0.488153E-08   0.140610E-08   0.206371E-08
   0.467600E+05  -0.766586E-08   0.528628E-09   0.195512E-08
   0.467800E+05  -0.930162E-08  -0.549059E-09   0.192446E-08
   0.468000E+05  -0.963637E-08  -0.167220E-08   0.189720E-08
   0.468200E+05  -0.871932E-08  -0.268057E-08   0.177539E-08
   0.468400E+05  -0.678660E-08  -0.343287E-08   0.146644E-08
   0.468600E+05  -0.421608E-08  -0.382810E-08   0.911524E-09
   0.468800E+05  -0.145967E-08  -0.382013E-08   0.107176E-09
   0.469000E+05   0.103468E-08  -0.342335E-08  -0.885158E-09
   0.469200E+05   0.289768E-08  -0.270836E-08  -0.194425E-08
   0.469400E+05   0.389713E-08  -0.178867E-08  -0.290859E-08
   0.469600E+05   0.397016E-08  -0.800742E-09  -0.360681E-08
   0.469800E+05   0.322432E-08   0.119103E-09  -0.389318E-08
   0.470000E+05   0.190823E-08   0.856758E-09  -0.368089E-08
   0.470200E+05   0.357852E-09   0.133768E-08  -0.296606E-08
   0.470400E+05  -0.107099E-08   0.153651E-08  -0.183676E-08
   0.470600E+05  -0.207114E-08   0.147751E-08  -0.464353E-09
   0.470800E+05  -0.244095E-08   0.122601E-08   0.922439E-09
   0.471000E+05  -0.211925E-08   0.872828E-09   0.207662E-08
   0.471200E+05  -0.119246E-08   0.514786E-09   0.277832E-08
   0.471400E+05   0.126743E-09   0.235228E-09   0.287803E-08
   0.471600E+05   0.154430E-08   0.883954E-10   0.232936E-08
   0.471800E+05   0.274436E-08   0.906378E-10   0.120426E-08
   0.472000E+05   0.345169E-08   0.220097E-09  -0.312891E-09
   0.472200E+05   0.348523E-08   0.424722E-09  -0.195247E-08
   0.472400E+05   0.279278E-08   0.636759E-09  -0.340389E-08
   0.472600E+05   0.146066E-08   0.790495E-09  -0.436974E-08
   0.472800E+05  -0.302704E-09   0.839291E-09  -0.462010E-08
   0.473000E+05  -0.220572E-08   0.768033E-09  -0.403724E-08
   0.473200E+05  -0.392713E-08   0.598046E-09  -0.264221E-08
   0.473400E+05  -0.517376E-08   0.383037E-09  -0.597887E-09
   0.473600E+05  -0.573173E-08   0.196610E-09   0.181289E-08
   0.473800E+05  -0.550195E-08   0.113757E-09   0.423079E-08
   0.474000E+05  -0.451405E-08   0.190212E-09   0.627819E-08
   0.474200E+05  -0.291712E-08   0.444303E-09   0.762195E-08
   0.474400E+05  -0.950192E-09   0.845707E-09   0.803013E-08
   0.474600E+05   0.110119E-08   0.131433E-08   0.741261E-08
   0.474800E+05   0.295352E-08   0.173065E-08   0.583829E-08
   0.475000E+05   0.437000E-08   0.195647E-08   0.352587E-08
   0.475200E+05   0.519347E-08   0.186273E-08   0.809597E-09
   0.475400E+05   0.536287E-08   0.135934E-08  -0.191437E-08
   0.475600E+05   0.491169E-08   0.420967E-09  -0.425159E-08
   0.475800E+05   0.395082E-08  -0.896869E-09  -0.587235E-08
   0.476000E+05   0.264082E-08  -0.245561E-08  -0.656332E-08
   0.476200E+05   0.116030E-08  -0.404730E-08  -0.625942E-08
   0.476400E+05  -0.322850E-09  -0.542294E-08  -0.505091E-08
   0.476600E+05  -0.167206E-08  -0.633144E-08  -0.316498E-08
   0.476800E+05  -0.279166E-08  -0.656310E-08  -0.925775E-09
   0.477000E+05  -0.362545E-08  -0.598958E-08   0.130007E-08
   0.477200E+05  -0.414705E-08  -0.459317E-08   0.316271E-08
   0.477400E+05  -0.434639E-08  -0.247926E-08   0.438320E-08
   0.477600E+05  -0.421760E-08   0.131493E-09   0.479389E-08
   0.477800E+05  -0.375245E-08   0.293070E-08   0.435892E-08
   0.478000E+05  -0.294194E-08   0.556606E-08   0.317274E-08
   0.478200E+05  -0.178585E-08   0.769441E-08   0.143792E-08
   0.478400E+05  -0.307670E-09   0.903523E-08  -0.572479E-09
   0.478600E+05   0.142970E-08   0.941555E-08  -0.256109E-08
   0.478800E+05   0.331284E-08   0.879821E-08  -0.425254E-08
   0.479000E+05   0.517610E-08   0.728843E-08  -0.543256E-08
   0.479200E+05   0.681247E-08   0.511712E-08  -0.597402E-08
   0.479400E+05   0.799709E-08   0.260364E-08  -0.584701E-08
   0.479600E+05   0.852074E-08   0.104155E-09  -0.511293E-08
   0.479800E+05   0.822771E-08  -0.204554E-08  -0.390539E-08
   0.480000E+05   0.705078E-08  -0.358291E-08  -0.240246E-08
   0.480200E+05   0.503577E-08  -0.435827E-08  -0.796085E-09
   0.480400E+05   0.234947E-08  -0.435431E-08   0.736139E-09
   0.480600E+05  -0.732452E-09  -0.368265E-08   0.205245E-08
   0.480800E+05  -0.385749E-08  -0.255829E-08   0.305929E-08
   0.481000E+05  -0.664405E-08  -0.125707E-08   0.371409E-08
   0.481200E+05  -0.873762E-08  -0.639872E-10   0.401985E-08
   0.481400E+05  -0.986593E-08   0.778149E-09   0.401425E-08
   0.481600E+05  -0.988335E-08   0.111059E-08   0.375625E-08
   0.481800E+05  -0.879641E-08   0.883728E-09   0.331341E-08
   0.482000E+05  -0.676526E-08   0.161448E-09   0.275195E-08
   0.482200E+05  -0.408031E-08  -0.895524E-09   0.213063E-08
   0.482400E+05  -0.111761E-08  -0.206348E-08   0.149845E-08
   0.482600E+05   0.171973E-08  -0.310007E-08   0.894973E-09
   0.482800E+05   0.406402E-08  -0.379070E-08   0.351993E-09
   0.483000E+05   0.563869E-08  -0.398822E-08  -0.105054E-09
   0.483200E+05   0.629783E-08  -0.363899E-08  -0.456852E-09
   0.483400E+05   0.604304E-08  -0.279072E-08  -0.691446E-09
   0.483600E+05   0.501511E-08  -0.158151E-08  -0.806503E-09
   0.483800E+05   0.346281E-08  -0.212434E-09  -0.811559E-09
   0.484000E+05   0.169475E-08   0.109042E-08  -0.729053E-09
   0.484200E+05   0.235281E-10   0.211726E-08  -0.593119E-09
   0.484400E+05  -0.128794E-08   0.271154E-08  -0.445707E-09
   0.484600E+05  -0.206821E-08   0.279586E-08  -0.330324E-09
   0.484800E+05  -0.226060E-08   0.238267E-08  -0.284476E-09
   0.485000E+05  -0.192434E-08   0.156848E-08  -0.332381E-09
   0.485200E+05  -0.121468E-08   0.513359E-09  -0.479710E-09
   0.485400E+05  -0.346452E-09  -0.589708E-09  -0.711762E-09
   0.485600E+05   0.451387E-09  -0.154957E-08  -0.995814E-09
   0.485800E+05   0.981426E-09  -0.220926E-08  -0.128740E-08
   0.486000E+05   0.111518E-08  -0.247027E-08  -0.153936E-08
   0.486200E+05   0.815683E-09  -0.230491E-08  -0.171160E-08
   0.486400E+05   0.141674E-09  -0.175555E-08  -0.177952E-08
   0.486600E+05  -0.766488E-09  -0.921706E-09  -0.173872E-08
   0.486800E+05  -0.171589E-08   0.613207E-10  -0.160494E-08
   0.487000E+05  -0.249905E-08   0.104788E-08  -0.140885E-08
   0.487200E+05  -0.293353E-08   0.190627E-08  -0.118664E-08
   0.487400E+05  -0.289583E-08   0.253757E-08  -0.968677E-09
   0.487600E+05  -0.234374E-08   0.288624E-08  -0.768808E-09
   0.487800E+05  -0.132367E-08   0.294146E-08  -0.577332E-09
   0.488000E+05   0.378068E-10   0.273033E-08  -0.359757E-09
   0.488200E+05   0.155575E-08   0.230533E-08  -0.625142E-10
   0.488400E+05   0.301781E-08   0.172975E-08   0.374839E-09
   0.488600E+05   0.421840E-08   0.106434E-08   0.100294E-08
   0.488800E+05   0.499036E-08   0.358177E-09   0.184476E-08
   0.489000E+05   0.522885E-08  -0.354873E-09   0.288040E-08
   0.489200E+05   0.490436E-08  -0.105400E-08   0.403858E-08
   0.489400E+05   0.406338E-08  -0.172507E-08   0.519737E-08
   0.489600E+05   0.281768E-08  -0.235245E-08   0.619563E-08
   0.489800E+05   0.132490E-08  -0.291173E-08   0.685425E-08
   0.490000E+05  -0.235885E-09  -0.336590E-08   0.700437E-08
   0.490200E+05  -0.168953E-08  -0.366647E-08   0.651804E-08
   0.490400E+05  -0.288717E-08  -0.375966E-08   0.533605E-08
   0.490600E+05  -0.372296E-08  -0.359679E-08   0.348754E-08
   0.490800E+05  -0.414339E-08  -0.314649E-08   0.109715E-08
   0.491000E+05  -0.414895E-08  -0.240586E-08  -0.162251E-08
   0.491200E+05  -0.378897E-08  -0.140801E-08  -0.439318E-08
   0.491400E+05  -0.315105E-08  -0.223557E-09  -0.690515E-08
   0.491600E+05  -0.234712E-08   0.104472E-08  -0.885879E-08
   0.491800E+05  -0.149813E-08   0.227374E-08  -0.100070E-07
   0.492000E+05  -0.718959E-09   0.333667E-08  -0.101918E-07
   0.492200E+05  -0.105188E-09   0.412145E-08  -0.937012E-08
   0.492400E+05   0.277456E-09   0.454781E-08  -0.762249E-08
   0.492600E+05   0.400036E-09   0.457983E-08  -0.514547E-08
   0.492800E+05   0.273309E-09   0.423154E-08  -0.222676E-08
   0.493000E+05  -0.537719E-10   0.356446E-08   0.792511E-09
   0.493200E+05  -0.500047E-09   0.267757E-08   0.356292E-08
   0.493400E+05  -0.962397E-09   0.169123E-08   0.577276E-08
   0.493600E+05  -0.132957E-08   0.728082E-09   0.718814E-08
   0.493800E+05  -0.149830E-08  -0.105751E-09   0.768147E-08
   0.494000E+05  -0.138998E-08  -0.735927E-09   0.724464E-08
   0.494200E+05  -0.965437E-09  -0.112899E-08   0.598525E-08
   0.494400E+05  -0.235530E-09  -0.129396E-08   0.410735E-08
   0.494600E+05   0.734854E-09  -0.127629E-08   0.187977E-08
   0.494800E+05   0.183091E-08  -0.114572E-08  -0.402752E-09
   0.495000E+05   0.290063E-08  -0.980346E-09  -0.245973E-08
   0.495200E+05   0.377517E-08  -0.850067E-09  -0.406078E-08
   0.495400E+05   0.429449E-08  -0.802493E-09  -0.505215E-08
   0.495600E+05   0.433457E-08  -0.853942E-09  -0.537096E-08
   0.495800E+05   0.383170E-08  -0.987100E-09  -0.504579E-08
   0.496000E+05   0.279946E-08  -0.115567E-08  -0.418455E-08
   0.496200E+05   0.133464E-08  -0.129507E-08  -0.295244E-08
   0.496400E+05  -0.390175E-09  -0.133698E-08  -0.154378E-08
   0.496600E+05  -0.214718E-08  -0.122512E-08  -0.152340E-09
   0.496800E+05  -0.368501E-08  -0.929017E-09   0.105521E-08
   0.497000E+05  -0.476688E-08  -0.453253E-09   0.195922E-08
   0.497200E+05  -0.520933E-08   0.159778E-09   0.249787E-08
   0.497400E+05  -0.491494E-08   0.834265E-09   0.266797E-08
   0.497600E+05  -0.389318E-08   0.147201E-08   0.251663E-08
   0.497800E+05  -0.226487E-08   0.196830E-08   0.212596E-08
   0.498000E+05  -0.248695E-09   0.223001E-08   0.159393E-08
   0.498200E+05   0.186905E-08   0.219277E-08   0.101515E-08
   0.498400E+05   0.377717E-08   0.183416E-08   0.464793E-09
   0.498600E+05   0.518809E-08   0.118058E-08  -0.114492E-10
   0.498800E+05   0.588426E-08   0.306168E-09  -0.400070E-09
   0.499000E+05   0.575453E-08  -0.676238E-09  -0.714925E-09
   0.499200E+05   0.481396E-08  -0.163093E-08  -0.986336E-09
   0.499400E+05   0.320329E-08  -0.241963E-08  -0.124666E-08
   0.499600E+05   0.116768E-08  -0.292307E-08  -0.151558E-08
   0.499800E+05  -0.982146E-09  -0.306027E-08  -0.178855E-08
   0.500000E+05  -0.292003E-08  -0.280246E-08  -0.203123E-08
   0.500200E+05  -0.435740E-08  -0.217904E-08  -0.218158E-08
   0.500400E+05  -0.509011E-08  -0.127451E-08  -0.215997E-08
   0.500600E+05  -0.503110E-08  -0.216597E-09  -0.188580E-08
   0.500800E+05  -0.422313E-08   0.842647E-09  -0.129765E-08
   0.501000E+05  -0.282944E-08   0.174992E-08  -0.373186E-09
   0.501200E+05  -0.110392E-08   0.237417E-08   0.855633E-09
   0.501400E+05   0.653847E-09   0.262673E-08   0.229573E-08
   0.501600E+05   0.215068E-08   0.247483E-08   0.379704E-08
   0.501800E+05   0.314994E-08   0.194623E-08   0.516818E-08
   0.502000E+05   0.351062E-08   0.112417E-08   0.620226E-08
   0.502200E+05   0.320883E-08   0.133693E-09   0.670912E-08
   0.502400E+05   0.233790E-08  -0.878504E-09   0.654879E-08
   0.502600E+05   0.108753E-08  -0.176712E-08   0.566044E-08
   0.502800E+05  -0.293828E-09  -0.241033E-08   0.408087E-08
   0.503000E+05  -0.154623E-08  -0.272715E-08   0.194869E-08
   0.503200E+05  -0.244609E-08  -0.268736E-08  -0.508181E-09
   0.503400E+05  -0.284586E-08  -0.231252E-08  -0.300050E-08
   0.503600E+05  -0.269814E-08  -0.166833E-08  -0.521774E-08
   0.503800E+05  -0.206010E-08  -0.850171E-09  -0.687405E-08
   0.504000E+05  -0.107781E-08   0.351733E-10  -0.775257E-08
   0.504200E+05   0.461894E-10   0.887881E-09  -0.774073E-08
   0.504400E+05   0.109514E-08   0.163011E-08  -0.684989E-08
   0.504600E+05   0.188188E-08   0.221487E-08  -0.521564E-08
   0.504800E+05   0.228525E-08   0.262748E-08  -0.307786E-08
   0.505000E+05   0.227196E-08   0.287983E-08  -0.743590E-09
   0.505200E+05   0.189961E-08   0.299931E-08   0.146151E-08
   0.505400E+05   0.130036E-08   0.301543E-08   0.324484E-08
   0.505600E+05   0.648782E-09   0.294750E-08   0.439289E-08
   0.505800E+05   0.120567E-09   0.279674E-08   0.480362E-08
   0.506000E+05  -0.149177E-09   0.254481E-08   0.449946E-08
   0.506200E+05  -0.991269E-10   0.215952E-08   0.361861E-08
   0.506400E+05   0.240882E-09   0.160654E-08   0.238633E-08
   0.506600E+05   0.752533E-09   0.864483E-09   0.107143E-08
   0.506800E+05   0.125195E-08  -0.604690E-10  -0.641634E-10
   0.507000E+05   0.152885E-08  -0.112416E-08  -0.813436E-09
   0.507200E+05   0.139446E-08  -0.224170E-08  -0.106112E-08
   0.507400E+05   0.728499E-09  -0.329415E-08  -0.802655E-09
   0.507600E+05  -0.484537E-09  -0.414433E-08  -0.141912E-09
   0.507800E+05  -0.213806E-08  -0.465963E-08   0.731818E-09
   0.508000E+05  -0.400969E-08  -0.473769E-08   0.158295E-08
   0.508200E+05  -0.579160E-08  -0.432970E-08   0.217740E-08
   0.508400E+05  -0.714037E-08  -0.345643E-08   0.232986E-08
   0.508600E+05  -0.773812E-08  -0.221265E-08   0.194154E-08
   0.508800E+05  -0.735381E-08  -0.758025E-09   0.102122E-08
   0.509000E+05  -0.589336E-08   0.704968E-09  -0.314403E-09
   0.509200E+05  -0.342856E-08   0.196309E-08  -0.186108E-08
   0.509400E+05  -0.198579E-09   0.282875E-08  -0.336416E-08
   0.509600E+05   0.341758E-08   0.317430E-08  -0.456546E-08
   0.509800E+05   0.695392E-08   0.295737E-08  -0.525089E-08
   0.510000E+05   0.992728E-08   0.223205E-08  -0.528987E-08
   0.510200E+05   0.119124E-07   0.114295E-08  -0.465920E-08
   0.510400E+05   0.126097E-07  -0.976255E-10  -0.344701E-08
   0.510600E+05   0.118939E-07  -0.124593E-08  -0.183629E-08
   0.510800E+05   0.983511E-08  -0.207015E-08  -0.713455E-10
   0.511000E+05   0.668889E-08  -0.239313E-08   0.158619E-08
   0.511200E+05   0.285682E-08  -0.212651E-08   0.290350E-08
   0.511400E+05  -0.117541E-08  -0.128949E-08   0.371607E-08
   0.511600E+05  -0.491176E-08  -0.841488E-11   0.395343E-08
   0.511800E+05  -0.791896E-08   0.150332E-08   0.364658E-08
   0.512000E+05  -0.988688E-08   0.298178E-08   0.291641E-08
   0.512200E+05  -0.106665E-07   0.415901E-08   0.194586E-08
   0.512400E+05  -0.102802E-07   0.481095E-08   0.941691E-09
   0.512600E+05  -0.890438E-08   0.479823E-08   0.937003E-10
   0.512800E+05  -0.682811E-08   0.409192E-08  -0.460804E-09
   0.513000E+05  -0.439783E-08   0.277952E-08  -0.660432E-09
   0.513200E+05  -0.195739E-08   0.104998E-08  -0.526961E-09
   0.513400E+05   0.205026E-09  -0.839557E-09  -0.155566E-09
   0.513600E+05   0.189434E-08  -0.260912E-08   0.309428E-09
   0.513800E+05   0.302519E-08  -0.400491E-08   0.707938E-09
   0.514000E+05   0.361663E-08  -0.484293E-08   0.899661E-09
   0.514200E+05   0.376799E-08  -0.503904E-08   0.794540E-09
   0.514400E+05   0.362296E-08  -0.462024E-08   0.372146E-09
   0.514600E+05   0.332997E-08  -0.371527E-08  -0.313674E-09
   0.514800E+05   0.300787E-08  -0.252662E-08  -0.114549E-08
   0.515000E+05   0.272356E-08  -0.128983E-08  -0.196590E-08
   0.515200E+05   0.248536E-08  -0.227844E-09  -0.260901E-08
   0.515400E+05   0.225248E-08   0.490570E-09  -0.293356E-08
   0.515600E+05   0.195683E-08   0.780588E-09  -0.285082E-08
   0.515800E+05   0.153134E-08   0.653725E-09  -0.234224E-08
   0.516000E+05   0.937184E-09   0.210948E-09  -0.146327E-08
   0.516200E+05   0.183293E-09  -0.381685E-09  -0.333092E-09
   0.516400E+05  -0.667080E-09  -0.929689E-09   0.887406E-09
   0.516600E+05  -0.150442E-08  -0.125159E-08   0.202504E-08
   0.516800E+05  -0.219418E-08  -0.121685E-08   0.292513E-08
   0.517000E+05  -0.260650E-08  -0.772875E-09   0.347788E-08
   0.517200E+05  -0.264770E-08   0.441211E-10   0.363545E-08
   0.517400E+05  -0.228615E-08   0.111617E-08   0.341683E-08
   0.517600E+05  -0.156637E-08   0.226689E-08   0.290009E-08
   0.517800E+05  -0.607360E-09   0.329622E-08   0.220406E-08
   0.518000E+05   0.415410E-09   0.401951E-08   0.146329E-08
   0.518200E+05   0.130122E-08   0.430327E-08   0.801539E-09
   0.518400E+05   0.186278E-08   0.409058E-08   0.308796E-09
   0.518600E+05   0.196454E-08   0.341144E-08   0.260927E-10
   0.518800E+05   0.155271E-08   0.237643E-08  -0.592878E-10
   0.519000E+05   0.670604E-09   0.115499E-08  -0.783159E-11
   0.519200E+05  -0.544518E-09  -0.567893E-10   0.873428E-10
   0.519400E+05  -0.188304E-08  -0.107271E-08   0.121488E-09
   0.519600E+05  -0.309948E-08  -0.175009E-08   0.855866E-12
   0.519800E+05  -0.395708E-08  -0.201418E-08  -0.337364E-09
   0.520000E+05  -0.427229E-08  -0.186898E-08  -0.911396E-09
   0.520200E+05  -0.395033E-08  -0.139286E-08  -0.168975E-08
   0.520400E+05  -0.300520E-08  -0.720483E-09  -0.259515E-08
   0.520600E+05  -0.155987E-08  -0.148627E-10  -0.351648E-08
   0.520800E+05   0.173423E-09   0.564655E-09  -0.432623E-08
   0.521000E+05   0.192941E-08   0.892205E-09  -0.490019E-08
   0.521200E+05   0.343575E-08   0.897498E-09  -0.513624E-08
   0.521400E+05   0.446037E-08   0.576376E-09  -0.496907E-08
   0.521600E+05   0.485142E-08  -0.115905E-10  -0.437911E-08
   0.521800E+05   0.456274E-08  -0.757287E-09  -0.339475E-08
   0.522000E+05   0.366028E-08  -0.152467E-08  -0.208826E-08
   0.522200E+05   0.230866E-08  -0.217705E-08  -0.566588E-09
   0.522400E+05   0.740827E-09  -0.260181E-08   0.104108E-08
   0.522600E+05  -0.783442E-09  -0.272902E-08   0.259709E-08
   0.522800E+05  -0.202233E-08  -0.254100E-08   0.396874E-08
   0.523000E+05  -0.279198E-08  -0.207150E-08   0.503996E-08
   0.523200E+05  -0.299465E-08  -0.139586E-08   0.572068E-08
   0.523400E+05  -0.263070E-08  -0.614462E-09   0.595345E-08
   0.523600E+05  -0.179278E-08   0.166341E-09   0.571738E-08
   0.523800E+05  -0.644399E-09   0.852259E-09   0.502965E-08
   0.524000E+05   0.612395E-09   0.137446E-08   0.394466E-08
   0.524200E+05   0.177391E-08   0.169641E-08   0.255067E-08
   0.524400E+05   0.266913E-08   0.181357E-08   0.964100E-09
   0.524600E+05   0.318559E-08   0.174716E-08  -0.678889E-09
   0.524800E+05   0.328258E-08   0.153406E-08  -0.223322E-08
   0.525000E+05   0.299052E-08   0.121576E-08  -0.355774E-08
   0.525200E+05   0.239747E-08   0.829151E-09  -0.452910E-08
   0.525400E+05   0.162679E-08   0.400964E-09  -0.505526E-08
   0.525600E+05   0.810662E-09  -0.530507E-10  -0.508688E-08
   0.525800E+05   0.651510E-10  -0.524705E-09  -0.462481E-08
   0.526000E+05  -0.528670E-09  -0.100713E-08  -0.372223E-08
   0.526200E+05  -0.934372E-09  -0.148785E-08  -0.248040E-08
   0.526400E+05  -0.115964E-08  -0.194339E-08  -0.103827E-08
   0.526600E+05  -0.124673E-08  -0.233732E-08   0.443328E-09
   0.526800E+05  -0.125672E-08  -0.262256E-08   0.180079E-08
   0.527000E+05  -0.125161E-08  -0.274781E-08   0.288770E-08
   0.527200E+05  -0.127816E-08  -0.266693E-08   0.359278E-08
   0.527400E+05  -0.135688E-08  -0.234916E-08   0.385311E-08
   0.527600E+05  -0.147826E-08  -0.178787E-08   0.366077E-08
   0.527800E+05  -0.160635E-08  -0.100585E-08   0.306198E-08
   0.528000E+05  -0.168861E-08  -0.555338E-10   0.214884E-08
   0.528200E+05  -0.166947E-08   0.986054E-09   0.104529E-08
   0.528400E+05  -0.150427E-08   0.202696E-08  -0.110535E-09
   0.528600E+05  -0.117085E-08   0.297288E-08  -0.118481E-08
   0.528800E+05  -0.676136E-09   0.374029E-08  -0.206445E-08
   0.529000E+05  -0.567395E-10   0.426779E-08  -0.266930E-08
   0.529200E+05   0.626375E-09   0.452349E-08  -0.295866E-08
   0.529400E+05   0.129776E-08   0.450743E-08  -0.293168E-08
   0.529600E+05   0.187970E-08   0.424851E-08  -0.262237E-08
   0.529800E+05   0.230437E-08   0.379714E-08  -0.209055E-08
   0.530000E+05   0.252344E-08   0.321495E-08  -0.141091E-08
   0.530200E+05   0.251384E-08   0.256406E-08  -0.661947E-09
   0.530400E+05   0.227882E-08   0.189762E-08   0.833886E-10
   0.530600E+05   0.184478E-08   0.125376E-08   0.764251E-09
   0.530800E+05   0.125504E-08   0.653427E-09   0.133538E-08
   0.531000E+05   0.562237E-09   0.102341E-09   0.176779E-08
   0.531200E+05  -0.178987E-09  -0.403940E-09   0.204739E-08
   0.531400E+05  -0.917543E-09  -0.873384E-09   0.217278E-08
   0.531600E+05  -0.160906E-08  -0.131105E-08   0.215285E-08
   0.531800E+05  -0.221658E-08  -0.171448E-08   0.200506E-08
   0.532000E+05  -0.270942E-08  -0.207195E-08   0.175423E-08
   0.532200E+05  -0.306137E-08  -0.236411E-08   0.143184E-08
   0.532400E+05  -0.324937E-08  -0.256824E-08   0.107499E-08
   0.532600E+05  -0.325358E-08  -0.266428E-08   0.724414E-09
   0.532800E+05  -0.305937E-08  -0.264089E-08   0.421184E-09
   0.533000E+05  -0.266099E-08  -0.250002E-08   0.201945E-09
   0.533200E+05  -0.206610E-08  -0.225886E-08   0.932594E-10
   0.533400E+05  -0.129995E-08  -0.194840E-08   0.106031E-09
   0.533600E+05  -0.407804E-09  -0.160885E-08   0.231291E-09
   0.533800E+05   0.545546E-09  -0.128285E-08   0.438654E-09
   0.534000E+05   0.147983E-08  -0.100780E-08   0.678412E-09
   0.534200E+05   0.230688E-08  -0.809012E-09   0.887593E-09
   0.534400E+05   0.294096E-08  -0.695146E-09   0.999511E-09
   0.534600E+05   0.331031E-08  -0.656980E-09   0.955495E-09
   0.534800E+05   0.336811E-08  -0.669803E-09   0.716829E-09
   0.535000E+05   0.310101E-08  -0.698971E-09   0.274622E-09
   0.535200E+05   0.253352E-08  -0.707495E-09  -0.344527E-09
   0.535400E+05   0.172726E-08  -0.664059E-09  -0.107864E-08
   0.535600E+05   0.774983E-09  -0.549781E-09  -0.183685E-08
   0.535800E+05  -0.210037E-09  -0.362293E-09  -0.251163E-08
   0.536000E+05  -0.110793E-08  -0.116239E-09  -0.299518E-08
   0.536200E+05  -0.180740E-08   0.159925E-09  -0.319718E-08
   0.536400E+05  -0.222021E-08   0.430189E-09  -0.306102E-08
   0.536600E+05  -0.229282E-08   0.659015E-09  -0.257540E-08
   0.536800E+05  -0.201376E-08   0.819445E-09  -0.177913E-08
   0.537000E+05  -0.141574E-08   0.899572E-09  -0.757967E-09
   0.537200E+05  -0.572310E-09   0.905955E-09   0.366345E-09
   0.537400E+05   0.410424E-09   0.863153E-09   0.145313E-08
   0.537600E+05   0.140597E-08   0.809327E-09   0.236327E-08
   0.537800E+05   0.228200E-08   0.788641E-09   0.297968E-08
   0.538000E+05   0.291560E-08   0.841834E-09   0.322444E-08
   0.538200E+05   0.320759E-08   0.996741E-09   0.306981E-08
   0.538400E+05   0.309437E-08   0.126060E-08   0.254127E-08
   0.538600E+05   0.255623E-08   0.161568E-08   0.171241E-08
   0.538800E+05   0.162110E-08   0.201925E-08   0.692689E-09
   0.539000E+05   0.363550E-09   0.240806E-08  -0.389560E-09
   0.539200E+05  -0.110118E-08   0.270685E-08  -0.140597E-08
   0.539400E+05  -0.262752E-08   0.283955E-08  -0.224552E-08
   0.539600E+05  -0.405370E-08   0.274149E-08  -0.282774E-08
   0.539800E+05  -0.521829E-08   0.237072E-08  -0.310996E-08
   0.540000E+05  -0.597780E-08   0.171648E-08  -0.308791E-08
   0.540200E+05  -0.622350E-08   0.803719E-09  -0.279042E-08
   0.540400E+05  -0.589560E-08  -0.307385E-09  -0.226986E-08
   0.540600E+05  -0.499303E-08  -0.152674E-08  -0.159066E-08
   0.540800E+05  -0.357726E-08  -0.274386E-08  -0.818496E-09
   0.541000E+05  -0.176909E-08  -0.384037E-08  -0.120453E-10
   0.541200E+05   0.261622E-09  -0.470368E-08   0.781286E-09
   0.541400E+05   0.231291E-08  -0.524025E-08   0.152548E-08
   0.541600E+05   0.417263E-08  -0.538652E-08   0.219263E-08
   0.541800E+05   0.564293E-08  -0.511638E-08   0.275789E-08
   0.542000E+05   0.656453E-08  -0.444413E-08   0.319448E-08
   0.542200E+05   0.683728E-08  -0.342294E-08   0.347081E-08
   0.542400E+05   0.643439E-08  -0.213883E-08   0.355079E-08
   0.542600E+05   0.540777E-08  -0.701300E-09   0.339803E-08
   0.542800E+05   0.388345E-08   0.768358E-09   0.298316E-08
   0.543000E+05   0.204711E-08   0.214948E-08   0.229301E-08
   0.543200E+05   0.121392E-09   0.333388E-08   0.133933E-08
   0.543400E+05  -0.166238E-08   0.423566E-08   0.165127E-09
   0.543600E+05  -0.309410E-08   0.479818E-08  -0.115355E-08
   0.543800E+05  -0.401247E-08   0.499744E-08  -0.251141E-08
   0.544000E+05  -0.432620E-08   0.484179E-08  -0.378343E-08
   0.544200E+05  -0.402577E-08   0.436838E-08  -0.483898E-08
   0.544400E+05  -0.318382E-08   0.363694E-08  -0.555866E-08
   0.544600E+05  -0.194412E-08   0.272186E-08  -0.585110E-08
   0.544800E+05  -0.500406E-09   0.170377E-08  -0.566689E-08
   0.545000E+05   0.931750E-09   0.661599E-09  -0.500731E-08
   0.545200E+05   0.214605E-08  -0.333988E-09  -0.392603E-08
   0.545400E+05   0.297499E-08  -0.122512E-08  -0.252356E-08
   0.545600E+05   0.331341E-08  -0.196901E-08  -0.934962E-09
   0.545800E+05   0.313262E-08  -0.253812E-08   0.687190E-09
   0.546000E+05   0.248299E-08  -0.291864E-08   0.219200E-08
   0.546200E+05   0.148477E-08  -0.310791E-08   0.344864E-08
   0.546400E+05   0.308431E-09  -0.311162E-08   0.436127E-08
   0.546600E+05  -0.852343E-09  -0.294138E-08   0.487826E-08
   0.546800E+05  -0.181085E-08  -0.261315E-08   0.499481E-08
   0.547000E+05  -0.241627E-08  -0.214680E-08   0.474895E-08
   0.547200E+05  -0.257670E-08  -0.156661E-08   0.421193E-08
   0.547400E+05  -0.227309E-08  -0.902326E-09   0.347515E-08
   0.547600E+05  -0.156171E-08  -0.190174E-09   0.263582E-08
   0.547800E+05  -0.565092E-09   0.526871E-09   0.178365E-08
   0.548000E+05   0.547259E-09   0.120005E-08   0.990717E-09
   0.548200E+05   0.158540E-08   0.177741E-08   0.305472E-09
   0.548400E+05   0.236860E-08   0.220793E-08  -0.248601E-09
   0.548600E+05   0.275362E-08   0.244689E-08  -0.670206E-09
   0.548800E+05   0.265738E-08   0.246167E-08  -0.974471E-09
   0.549000E+05   0.207055E-08   0.223714E-08  -0.118571E-08
   0.549200E+05   0.106002E-08   0.177960E-08  -0.133027E-08
   0.549400E+05  -0.239956E-09   0.111847E-08  -0.143078E-08
   0.549600E+05  -0.164685E-08   0.305243E-09  -0.150261E-08
   0.549800E+05  -0.295611E-08  -0.590592E-09  -0.155286E-08
   0.550000E+05  -0.397084E-08  -0.148805E-08  -0.158154E-08
   0.550200E+05  -0.453045E-08  -0.230301E-08  -0.158418E-08
   0.550400E+05  -0.453430E-08  -0.295723E-08  -0.155508E-08
   0.550600E+05  -0.395673E-08  -0.338681E-08  -0.149016E-08
   0.550800E+05  -0.285158E-08  -0.354901E-08  -0.138881E-08
   0.551000E+05  -0.134547E-08  -0.342649E-08  -0.125439E-08
   0.551200E+05   0.378954E-09  -0.302843E-08  -0.109341E-08
   0.551400E+05   0.210756E-08  -0.238860E-08  -0.913834E-09
   0.551600E+05   0.362336E-08  -0.156079E-08  -0.723141E-09
   0.551800E+05   0.473544E-08  -0.612341E-09  -0.526683E-09
   0.552000E+05   0.530405E-08   0.383184E-09  -0.326967E-09
   0.552200E+05   0.525860E-08   0.135320E-08  -0.124024E-09
   0.552400E+05   0.460638E-08   0.223226E-08   0.831636E-10
   0.552600E+05   0.343081E-08   0.296661E-08   0.294594E-09
   0.552800E+05   0.187985E-08   0.351691E-08   0.507103E-09
   0.553000E+05   0.146315E-09   0.385912E-08   0.712824E-09
   0.553200E+05  -0.155723E-08   0.398402E-08   0.898780E-09
   0.553400E+05  -0.302544E-08   0.389574E-08   0.104795E-08
   0.553600E+05  -0.408563E-08   0.360990E-08   0.114172E-08
   0.553800E+05  -0.461847E-08   0.315164E-08   0.116346E-08
   0.554000E+05  -0.457138E-08   0.255392E-08   0.110235E-08
   0.554200E+05  -0.396333E-08   0.185589E-08   0.956901E-09
   0.554400E+05  -0.288062E-08   0.110130E-08   0.737023E-09
   0.554600E+05  -0.146456E-08   0.336658E-09   0.464306E-09
   0.554800E+05   0.107050E-09  -0.391083E-09   0.170007E-09
   0.555000E+05   0.164232E-08  -0.103745E-08  -0.109045E-09
   0.555200E+05   0.295845E-08  -0.156385E-08  -0.336094E-09
   0.555400E+05   0.390299E-08  -0.194105E-08  -0.480739E-09
   0.555600E+05   0.437062E-08  -0.215243E-08  -0.524753E-09
   0.555800E+05   0.431367E-08  -0.219620E-08  -0.466306E-09
   0.556000E+05   0.374541E-08  -0.208618E-08  -0.321690E-09
   0.556200E+05   0.273600E-08  -0.185066E-08  -0.123983E-09
   0.556400E+05   0.140207E-08  -0.152939E-08   0.813579E-10
   0.556600E+05  -0.108628E-09  -0.116880E-08   0.243505E-09
   0.556800E+05  -0.163527E-08  -0.816108E-09   0.314857E-09
   0.557000E+05  -0.302246E-08  -0.513179E-09   0.259908E-09
   0.557200E+05  -0.413691E-08  -0.290991E-09   0.629141E-10
   0.557400E+05  -0.488033E-08  -0.165681E-09  -0.267027E-09
   0.557600E+05  -0.519730E-08  -0.136802E-09  -0.694529E-09
   0.557800E+05  -0.507756E-08  -0.188109E-09  -0.116064E-08
   0.558000E+05  -0.455276E-08  -0.290766E-09  -0.158964E-08
   0.558200E+05  -0.368879E-08  -0.408457E-09  -0.189917E-08
   0.558400E+05  -0.257503E-08  -0.503537E-09  -0.201240E-08
   0.558600E+05  -0.131229E-08  -0.543214E-09  -0.187049E-08
   0.558800E+05  -0.129548E-11  -0.504736E-09  -0.144351E-08
   0.559000E+05   0.126675E-08  -0.378759E-09  -0.738083E-09
   0.559200E+05   0.241648E-08  -0.170414E-09   0.199659E-09
   0.559400E+05   0.339107E-08   0.101989E-09   0.128653E-08
   0.559600E+05   0.415166E-08   0.410286E-09   0.241019E-08
   0.559800E+05   0.467430E-08   0.721096E-09   0.344169E-08
   0.560000E+05   0.494570E-08   0.100091E-08   0.425123E-08
   0.560200E+05   0.495916E-08   0.122071E-08   0.472511E-08
   0.560400E+05   0.471204E-08   0.135934E-08   0.478155E-08
   0.560600E+05   0.420552E-08   0.140526E-08   0.438324E-08
   0.560800E+05   0.344689E-08   0.135643E-08   0.354471E-08
   0.561000E+05   0.245399E-08   0.121884E-08   0.233321E-08
   0.561200E+05   0.126046E-08   0.100398E-08   0.862891E-09
   0.561400E+05  -0.794557E-10   0.726149E-09  -0.717401E-09
   0.561600E+05  -0.148857E-08   0.400232E-09  -0.224115E-08
   0.561800E+05  -0.286802E-08   0.404573E-10  -0.354402E-08
   0.562000E+05  -0.410324E-08  -0.339657E-09  -0.448396E-08
   0.562200E+05  -0.507448E-08  -0.726272E-09  -0.495890E-08
   0.562400E+05  -0.567097E-08  -0.110358E-08  -0.491975E-08
   0.562600E+05  -0.580690E-08  -0.145222E-08  -0.437680E-08
   0.562800E+05  -0.543665E-08  -0.174841E-08  -0.339880E-08
   0.563000E+05  -0.456639E-08  -0.196455E-08  -0.210454E-08
   0.563200E+05  -0.325980E-08  -0.207148E-08  -0.648192E-09
   0.563400E+05  -0.163587E-08  -0.204237E-08   0.799762E-09
   0.563600E+05   0.141726E-09  -0.185779E-08   0.207359E-08
   0.563800E+05   0.188282E-08  -0.151104E-08   0.303249E-08
   0.564000E+05   0.339448E-08  -0.101271E-08   0.357742E-08
   0.564200E+05   0.450689E-08  -0.393214E-09   0.366227E-08
   0.564400E+05   0.509745E-08   0.297356E-09   0.329817E-08
   0.564600E+05   0.510921E-08   0.992834E-09   0.255047E-08
   0.564800E+05   0.456033E-08   0.161774E-08   0.152887E-08
   0.565000E+05   0.354253E-08   0.209660E-08   0.372190E-09
   0.565200E+05   0.220843E-08   0.236460E-08  -0.769990E-09
   0.565400E+05   0.749265E-09   0.237793E-08  -0.175657E-08
   0.565600E+05  -0.633809E-09   0.212199E-08  -0.247236E-08
   0.565800E+05  -0.176012E-08   0.161608E-08  -0.284158E-08
   0.566000E+05  -0.249685E-08   0.913350E-09  -0.283587E-08
   0.566200E+05  -0.277871E-08   0.956179E-10  -0.247595E-08
   0.566400E+05  -0.261640E-08  -0.736411E-09  -0.182701E-08
   0.566600E+05  -0.209236E-08  -0.147638E-08  -0.988672E-09
   0.566800E+05  -0.134442E-08  -0.202703E-08  -0.809775E-10
   0.567000E+05  -0.539748E-09  -0.231430E-08   0.771569E-09
   0.567200E+05   0.156026E-09  -0.229839E-08   0.145593E-08
   0.567400E+05   0.609493E-09  -0.198014E-08   0.188438E-08
   0.567600E+05   0.744176E-09  -0.140131E-08   0.200480E-08
   0.567800E+05   0.554785E-09  -0.638829E-09   0.180614E-08
   0.568000E+05   0.108169E-09   0.206482E-09   0.131880E-08
   0.568200E+05  -0.469532E-09   0.102479E-08   0.610061E-09
   0.568400E+05  -0.101752E-08   0.171356E-08  -0.224816E-09
   0.568600E+05  -0.137254E-08   0.219253E-08  -0.107442E-08
   0.568800E+05  -0.140283E-08   0.241512E-08  -0.182465E-08
   0.569000E+05  -0.103762E-08   0.237416E-08  -0.237224E-08
   0.569200E+05  -0.286230E-09   0.210127E-08  -0.263676E-08
   0.569400E+05   0.757003E-09   0.165988E-08  -0.257001E-08
   0.569600E+05   0.192395E-08   0.113322E-08  -0.216172E-08
   0.569800E+05   0.299863E-08   0.609321E-09  -0.144122E-08
   0.570000E+05   0.375398E-08   0.165750E-09  -0.474734E-09
   0.570200E+05   0.399339E-08  -0.143273E-09   0.641135E-09
   0.570400E+05   0.358977E-08  -0.295170E-09   0.178927E-08
   0.570600E+05   0.251485E-08  -0.301225E-09   0.284415E-08
   0.570800E+05   0.853245E-09  -0.202434E-09   0.368505E-08
   0.571000E+05  -0.120239E-08  -0.598285E-10   0.420900E-08
   0.571200E+05  -0.337501E-08   0.588849E-10   0.434231E-08
   0.571400E+05  -0.534274E-08   0.938141E-10   0.404921E-08
   0.571600E+05  -0.678822E-08   0.573920E-11   0.333694E-08
   0.571800E+05  -0.745003E-08  -0.215133E-09   0.225635E-08
   0.572000E+05  -0.716746E-08  -0.546234E-09   0.898080E-09
   0.572200E+05  -0.591103E-08  -0.936156E-09  -0.615732E-09
   0.572400E+05  -0.379321E-08  -0.131405E-08  -0.214328E-08
   0.572600E+05  -0.105685E-08  -0.160316E-08  -0.353740E-08
   0.572800E+05   0.195739E-08  -0.173608E-08  -0.466093E-08
   0.573000E+05   0.485971E-08  -0.166865E-08  -0.540134E-08
   0.573200E+05   0.726866E-08  -0.139010E-08  -0.568309E-08
   0.573400E+05   0.886800E-08  -0.927127E-09  -0.547616E-08
   0.573600E+05   0.945410E-08  -0.341232E-09  -0.479970E-08
   0.573800E+05   0.896596E-08   0.280510E-09  -0.372025E-08
   0.574000E+05   0.749318E-08   0.839600E-09  -0.234462E-08
   0.574200E+05   0.526053E-08   0.124275E-08  -0.808201E-09
   0.574400E+05   0.259174E-08   0.141803E-08   0.740053E-09
   0.574600E+05  -0.141417E-09   0.132757E-08   0.215404E-08
   0.574800E+05  -0.257649E-08   0.974627E-09   0.330650E-08
   0.575000E+05  -0.441471E-08   0.403647E-09   0.410252E-08
   0.575200E+05  -0.546368E-08  -0.306649E-09   0.448891E-08
   0.575400E+05  -0.566179E-08  -0.105588E-08   0.445843E-08
   0.575600E+05  -0.508085E-08  -0.173807E-08   0.404826E-08
   0.575800E+05  -0.390726E-08  -0.225829E-08   0.333317E-08
   0.576000E+05  -0.240548E-08  -0.254701E-08   0.241438E-08
   0.576200E+05  -0.870567E-09  -0.256964E-08   0.140563E-08
   0.576400E+05   0.421937E-09  -0.232991E-08   0.418613E-09
   0.576600E+05   0.126029E-08  -0.186664E-08  -0.450536E-09
   0.576800E+05   0.152785E-08  -0.124496E-08  -0.113159E-08
   0.577000E+05   0.121666E-08  -0.543776E-09  -0.158638E-08
   0.577200E+05   0.422041E-09   0.157909E-09  -0.180993E-08
   0.577400E+05  -0.680112E-09   0.793260E-09  -0.182693E-08
   0.577600E+05  -0.186829E-08   0.131622E-08  -0.168411E-08
   0.577800E+05  -0.291606E-08   0.170511E-08  -0.144015E-08
   0.578000E+05  -0.363098E-08   0.196097E-08  -0.115481E-08
   0.578200E+05  -0.388524E-08   0.210144E-08  -0.879026E-09
   0.578400E+05  -0.363312E-08   0.215186E-08  -0.647591E-09
   0.578600E+05  -0.291321E-08   0.213595E-08  -0.475433E-09
   0.578800E+05  -0.183600E-08   0.206815E-08  -0.357973E-09
   0.579000E+05  -0.560231E-09   0.194955E-08  -0.275203E-09
   0.579200E+05   0.736941E-09   0.176826E-08  -0.198573E-09
   0.579400E+05   0.189016E-08   0.150424E-08  -0.992523E-10
   0.579600E+05   0.277098E-08   0.113730E-08   0.438622E-10
   0.579800E+05   0.330378E-08   0.656513E-09   0.237968E-09
   0.580000E+05   0.347067E-08   0.686868E-10   0.473236E-09
   0.580200E+05   0.330550E-08  -0.596338E-09   0.723395E-09
   0.580400E+05   0.287970E-08  -0.128509E-08   0.949999E-09
   0.580600E+05   0.228335E-08  -0.192524E-08   0.110966E-08
   0.580800E+05   0.160632E-08  -0.243529E-08   0.116292E-08
   0.581000E+05   0.922979E-09  -0.273756E-08   0.108319E-08
   0.581200E+05   0.283518E-09  -0.277220E-08   0.863952E-09
   0.581400E+05  -0.287281E-09  -0.250952E-08   0.522806E-09
   0.581600E+05  -0.784589E-09  -0.195814E-08   0.101411E-09
   0.581800E+05  -0.121371E-08  -0.116707E-08  -0.339018E-09
   0.582000E+05  -0.157912E-08  -0.221077E-09  -0.726120E-09
   0.582200E+05  -0.187561E-08   0.770286E-09  -0.987534E-09
   0.582400E+05  -0.208418E-08   0.168825E-08  -0.106305E-08
   0.582600E+05  -0.217386E-08   0.242253E-08  -0.915799E-09
   0.582800E+05  -0.210918E-08   0.288803E-08  -0.540537E-09
   0.583000E+05  -0.186128E-08   0.303784E-08   0.324490E-10
   0.583200E+05  -0.141987E-08   0.287010E-08   0.738759E-09
   0.583400E+05  -0.802607E-09   0.242772E-08   0.148666E-08
   0.583600E+05  -0.590612E-10   0.179089E-08   0.216849E-08
   0.583800E+05   0.732484E-09   0.106374E-08   0.267514E-08
   0.584000E+05   0.147544E-08   0.357552E-09   0.291163E-08
   0.584200E+05   0.207092E-08  -0.226724E-09   0.281154E-08
   0.584400E+05   0.243630E-08  -0.613640E-09   0.234806E-08
   0.584600E+05   0.252238E-08  -0.763665E-09   0.154014E-08
   0.584800E+05   0.232532E-08  -0.677314E-09   0.452546E-09
   0.585000E+05   0.189026E-08  -0.392583E-09  -0.810139E-09
   0.585200E+05   0.130544E-08   0.235486E-10  -0.211501E-08
   0.585400E+05   0.687122E-09   0.487777E-09  -0.331632E-08
   0.585600E+05   0.158113E-09   0.914913E-09  -0.427287E-08
   0.585800E+05  -0.176259E-09   0.123152E-08  -0.486521E-08
   0.586000E+05  -0.249799E-09   0.138652E-08  -0.501031E-08
   0.586200E+05  -0.502716E-10   0.135714E-08  -0.467195E-08
   0.586400E+05   0.375935E-09   0.114956E-08  -0.386562E-08
   0.586600E+05   0.930719E-09   0.794695E-09  -0.265729E-08
   0.586800E+05   0.148182E-08   0.340163E-09  -0.115649E-08
   0.587000E+05   0.188795E-08  -0.159650E-09   0.495476E-09
   0.587200E+05   0.202673E-08  -0.653471E-09   0.214067E-08
   0.587400E+05   0.182001E-08  -0.110115E-08   0.362117E-08
   0.587600E+05   0.125152E-08  -0.147848E-08   0.479541E-08
   0.587800E+05   0.372974E-09  -0.177826E-08   0.555240E-08
   0.588000E+05  -0.702639E-09  -0.200773E-08   0.582245E-08
   0.588200E+05  -0.181987E-08  -0.218332E-08   0.558337E-08
   0.588400E+05  -0.280817E-08  -0.232404E-08   0.486183E-08
   0.588600E+05  -0.351272E-08  -0.244496E-08   0.372975E-08
   0.588800E+05  -0.382293E-08  -0.255220E-08   0.229642E-08
   0.589000E+05  -0.369290E-08  -0.264048E-08   0.697153E-09
   0.589200E+05  -0.315002E-08  -0.269343E-08  -0.920324E-09
   0.589400E+05  -0.228981E-08  -0.268670E-08  -0.241037E-08
   0.589600E+05  -0.125792E-08  -0.259307E-08  -0.364350E-08
   0.589800E+05  -0.222872E-09  -0.238840E-08  -0.451861E-08
   0.590000E+05   0.655477E-09  -0.205730E-08  -0.497236E-08
   0.590200E+05   0.125541E-08  -0.159755E-08  -0.498454E-08
   0.590400E+05   0.151520E-08  -0.102220E-08  -0.457914E-08
   0.590600E+05   0.144299E-08  -0.359340E-09  -0.382076E-08
   0.590800E+05   0.111289E-08   0.350590E-09  -0.280676E-08
   0.591000E+05   0.648018E-09   0.105926E-08  -0.165589E-08
   0.591200E+05   0.193903E-09   0.171600E-08  -0.494574E-09
   0.591400E+05  -0.112565E-09   0.227350E-08   0.557578E-09
   0.591600E+05  -0.172389E-09   0.269284E-08   0.140137E-08
   0.591800E+05   0.538498E-10   0.294723E-08   0.196904E-08
   0.592000E+05   0.536278E-09   0.302415E-08   0.223118E-08
   0.592200E+05   0.118006E-08   0.292575E-08   0.219876E-08
   0.592400E+05   0.184311E-08   0.266790E-08   0.191967E-08
   0.592600E+05   0.236394E-08   0.227794E-08   0.147040E-08
   0.592800E+05   0.259437E-08   0.179190E-08   0.943797E-09
   0.593000E+05   0.243092E-08   0.125124E-08   0.434764E-09
   0.593200E+05   0.183872E-08   0.699593E-09   0.259304E-10
   0.593400E+05   0.863257E-09   0.179620E-09  -0.224513E-09
   0.593600E+05  -0.372462E-09  -0.269981E-09  -0.290910E-09
   0.593800E+05  -0.168537E-08  -0.617245E-09  -0.182865E-09
   0.594000E+05  -0.286139E-08  -0.839419E-09   0.578496E-10
   0.594200E+05  -0.369127E-08  -0.925033E-09   0.365734E-09
   0.594400E+05  -0.400688E-08  -0.875339E-09   0.663949E-09
   0.594600E+05  -0.371181E-08  -0.704817E-09   0.878556E-09
   0.594800E+05  -0.280077E-08  -0.440453E-09   0.952172E-09
   0.595000E+05  -0.136459E-08  -0.119588E-09   0.854630E-09
   0.595200E+05   0.420282E-09   0.213726E-09   0.588743E-09
   0.595400E+05   0.231605E-08   0.513647E-09   0.190095E-09
   0.595600E+05   0.405769E-08   0.738277E-09  -0.279175E-09
   0.595800E+05   0.539157E-08   0.855475E-09  -0.741518E-09
   0.596000E+05   0.611243E-08   0.847891E-09  -0.111809E-08
   0.596200E+05   0.609317E-08   0.716319E-09  -0.134323E-08
   0.596400E+05   0.530315E-08   0.480628E-09  -0.137673E-08
   0.596600E+05   0.381243E-08   0.177840E-09  -0.121142E-08
   0.596800E+05   0.178199E-08  -0.142640E-09  -0.874791E-09
   0.597000E+05  -0.558348E-09  -0.426157E-09  -0.424079E-09
   0.597200E+05  -0.294070E-08  -0.621357E-09   0.641678E-10
   0.597400E+05  -0.509380E-08  -0.688864E-09   0.508264E-09
   0.597600E+05  -0.677689E-08  -0.608665E-09   0.836575E-09
   0.597800E+05  -0.780822E-08  -0.384861E-09   0.100085E-08
   0.598000E+05  -0.808482E-08  -0.467979E-10   0.985114E-09
   0.598200E+05  -0.759155E-08   0.353892E-09   0.808321E-09
   0.598400E+05  -0.639904E-08   0.750126E-09   0.520209E-09
   0.598600E+05  -0.465156E-08   0.106922E-08   0.191033E-09
   0.598800E+05  -0.254704E-08   0.124432E-08  -0.102865E-09
   0.599000E+05  -0.312134E-09   0.122558E-08  -0.294871E-09
   0.599200E+05   0.182432E-08   0.989306E-09  -0.342185E-09
   0.599400E+05   0.365640E-08   0.543342E-09  -0.235314E-09
   0.599600E+05   0.502198E-08  -0.722553E-10  -0.963557E-12
   0.599800E+05   0.581752E-08  -0.789705E-09   0.302427E-09
   0.600000E+05   0.600555E-08  -0.152257E-08   0.595828E-09
   0.600200E+05   0.561449E-08  -0.217812E-08   0.795416E-09
   0.600400E+05   0.473142E-08  -0.267115E-08   0.830017E-09
   0.600600E+05   0.348881E-08  -0.293692E-08   0.656778E-09
   0.600800E+05   0.204713E-08  -0.294120E-08   0.271889E-09
   0.601000E+05   0.575181E-09  -0.268565E-08  -0.285959E-09
   0.601200E+05  -0.769374E-09  -0.220750E-08  -0.940315E-09
   0.601400E+05  -0.185726E-08  -0.157362E-08  -0.158930E-08
   0.601600E+05  -0.260060E-08  -0.869636E-09  -0.212339E-08
   0.601800E+05  -0.296030E-08  -0.186131E-09  -0.244548E-08
   0.602000E+05  -0.294708E-08   0.396001E-09  -0.248931E-08
   0.602200E+05  -0.261606E-08   0.818466E-09  -0.223285E-08
   0.602400E+05  -0.205597E-08   0.105454E-08  -0.170390E-08
   0.602600E+05  -0.137440E-08   0.111253E-08  -0.976523E-09
   0.602800E+05  -0.681346E-09   0.103305E-08  -0.158987E-09
   0.603000E+05  -0.734541E-10   0.880514E-09   0.624940E-09
   0.603200E+05   0.378786E-09   0.730394E-09   0.125779E-08
   0.603400E+05   0.638972E-09   0.654289E-09   0.164935E-08
   0.603600E+05   0.706844E-09   0.705606E-09   0.175282E-08
   0.603800E+05   0.614325E-09   0.908368E-09   0.157308E-08
   0.604000E+05   0.416463E-09   0.125125E-08   0.116547E-08
   0.604200E+05   0.179040E-09   0.168807E-08   0.625149E-09
   0.604400E+05  -0.348187E-10   0.214473E-08   0.691157E-10
   0.604600E+05  -0.176567E-09   0.253164E-08  -0.385961E-09
   0.604800E+05  -0.220498E-09   0.275943E-08  -0.645795E-09
   0.605000E+05  -0.166904E-09   0.275521E-08  -0.656331E-09
   0.605200E+05  -0.396551E-10   0.247666E-08  -0.413960E-09
   0.605400E+05   0.121144E-09   0.192114E-08   0.338446E-10
   0.605600E+05   0.269798E-09   0.112827E-08   0.597667E-09
   0.605800E+05   0.366664E-09   0.175316E-09   0.116335E-08
   0.606000E+05   0.388243E-09  -0.833970E-09   0.161404E-08
   0.606200E+05   0.333489E-09  -0.178520E-08   0.185296E-08
   0.606400E+05   0.224836E-09  -0.257120E-08   0.182252E-08
   0.606600E+05   0.103530E-09  -0.310880E-08   0.151615E-08
   0.606800E+05   0.200996E-10  -0.335158E-08   0.980615E-09
   0.607000E+05   0.218249E-10  -0.329644E-08   0.308202E-09
   0.607200E+05   0.139880E-09  -0.298268E-08  -0.379787E-09
   0.607400E+05   0.378992E-09  -0.248401E-08  -0.955229E-09
   0.607600E+05   0.712141E-09  -0.189463E-08  -0.130701E-08
   0.607800E+05   0.108190E-08  -0.131223E-08  -0.136205E-08
   0.608000E+05   0.140875E-08  -0.820648E-09  -0.109976E-08
   0.608200E+05   0.160527E-08  -0.475600E-09  -0.557041E-09
   0.608400E+05   0.159379E-08  -0.295791E-09   0.176850E-09
   0.608600E+05   0.132420E-08  -0.261161E-09   0.974928E-09
   0.608800E+05   0.788377E-09  -0.318422E-09   0.169384E-08
   0.609000E+05   0.279037E-10  -0.392842E-09   0.219824E-08
   0.609200E+05  -0.866904E-09  -0.404025E-09   0.238388E-08
   0.609400E+05  -0.176743E-08  -0.282736E-09   0.219545E-08
   0.609600E+05  -0.252547E-08   0.143765E-10   0.163603E-08
   0.609800E+05  -0.299738E-08   0.494915E-09   0.766908E-09
   0.610000E+05  -0.306982E-08   0.112756E-08  -0.302286E-09
   0.610200E+05  -0.268237E-08   0.184617E-08  -0.143097E-08
   0.610400E+05  -0.184289E-08   0.256041E-08  -0.246957E-08
   0.610600E+05  -0.632264E-09   0.317094E-08  -0.328206E-08
   0.610800E+05   0.802900E-09   0.358635E-08  -0.376552E-08
   0.611000E+05   0.226914E-08   0.373881E-08  -0.386343E-08
   0.611200E+05   0.355399E-08   0.359555E-08  -0.357112E-08
   0.611400E+05   0.445852E-08   0.316426E-08  -0.293280E-08
   0.611600E+05   0.482932E-08   0.249142E-08  -0.203140E-08
   0.611800E+05   0.458458E-08   0.165420E-08  -0.973550E-09
   0.612000E+05   0.372962E-08   0.747370E-09   0.127416E-09
   0.612200E+05   0.235909E-08  -0.132012E-09   0.116733E-08
   0.612400E+05   0.644998E-09  -0.899567E-09   0.206330E-08
   0.612600E+05  -0.118782E-08  -0.149531E-08   0.276049E-08
   0.612800E+05  -0.289488E-08  -0.189025E-08   0.323300E-08
   0.613000E+05  -0.424880E-08  -0.208699E-08   0.347961E-08
   0.613200E+05  -0.507353E-08  -0.211454E-08   0.351612E-08
   0.613400E+05  -0.527064E-08  -0.201885E-08   0.336635E-08
   0.613600E+05  -0.483324E-08  -0.185122E-08   0.305420E-08
   0.613800E+05  -0.384553E-08  -0.165704E-08   0.259858E-08
   0.614000E+05  -0.246793E-08  -0.146732E-08   0.201227E-08
   0.614200E+05  -0.910612E-09  -0.129456E-08   0.130461E-08
   0.614400E+05   0.600314E-09  -0.113359E-08   0.487291E-09
   0.614600E+05   0.185809E-08  -0.966982E-09  -0.418685E-09
   0.614800E+05   0.270645E-08  -0.773471E-09  -0.137685E-08
   0.615000E+05   0.306144E-08  -0.537313E-09  -0.233195E-08
   0.615200E+05   0.292074E-08  -0.256226E-09  -0.321096E-08
   0.615400E+05   0.235931E-08   0.541301E-10  -0.392894E-08
   0.615600E+05   0.151260E-08   0.360371E-09  -0.439942E-08
   0.615800E+05   0.550595E-09   0.616531E-09  -0.454757E-08
   0.616000E+05  -0.352363E-09   0.773220E-09  -0.432417E-08
   0.616200E+05  -0.104684E-08   0.788939E-09  -0.371761E-08
   0.616400E+05  -0.143151E-08   0.641117E-09  -0.276131E-08
   0.616600E+05  -0.146674E-08   0.334366E-09  -0.153495E-08
   0.616800E+05  -0.117651E-08  -0.960966E-10  -0.158327E-09
   0.617000E+05  -0.639213E-09  -0.587010E-09   0.122167E-08
   0.617200E+05   0.305544E-10  -0.105556E-08   0.244940E-08
   0.617400E+05   0.705335E-09  -0.141255E-08   0.338154E-08
   0.617600E+05   0.126868E-08  -0.157797E-08   0.390777E-08
   0.617800E+05   0.163516E-08  -0.149604E-08   0.396758E-08
   0.618000E+05   0.176297E-08  -0.114698E-08   0.356049E-08
   0.618200E+05   0.165725E-08  -0.552909E-09   0.274783E-08
   0.618400E+05   0.136407E-08   0.223304E-09   0.164530E-08
   0.618600E+05   0.956825E-09   0.108642E-08   0.407466E-09
   0.618800E+05   0.518278E-09   0.192306E-08  -0.793908E-09
   0.619000E+05   0.122101E-09   0.261940E-08  -0.179427E-08
   0.619200E+05  -0.182180E-09   0.307927E-08  -0.245986E-08
   0.619400E+05  -0.377849E-09   0.323936E-08  -0.270680E-08
   0.619600E+05  -0.481692E-09   0.307889E-08  -0.251273E-08
   0.619800E+05  -0.536823E-09   0.262208E-08  -0.191918E-08
   0.620000E+05  -0.599418E-09   0.193301E-08  -0.102445E-08
   0.620200E+05  -0.722410E-09   0.110392E-08   0.320938E-10
   0.620400E+05  -0.939802E-09   0.239195E-09   0.109156E-08
   0.620600E+05  -0.125512E-08  -0.561874E-09   0.199968E-08
   0.620800E+05  -0.163668E-08  -0.122058E-08   0.262975E-08
   0.621000E+05  -0.202090E-08  -0.168959E-08   0.290076E-08
   0.621200E+05  -0.232322E-08  -0.195738E-08   0.278810E-08
   0.621400E+05  -0.245458E-08  -0.204566E-08   0.232514E-08
   0.621600E+05  -0.234024E-08  -0.200078E-08   0.159590E-08
   0.621800E+05  -0.193705E-08  -0.188097E-08   0.719986E-09
   0.622000E+05  -0.124575E-08  -0.174221E-08  -0.167517E-09
   0.622200E+05  -0.315470E-09  -0.162570E-08  -0.937801E-09
   0.622400E+05   0.760704E-09  -0.154939E-08  -0.148832E-08
   0.622600E+05   0.185849E-08  -0.150527E-08  -0.175782E-08
   0.622800E+05   0.284140E-08  -0.146281E-08  -0.173413E-08
   0.623000E+05   0.358254E-08  -0.137769E-08  -0.145389E-08
   0.623200E+05   0.398519E-08  -0.120389E-08  -0.994348E-09
   0.623400E+05   0.399846E-08  -0.906471E-09  -0.459083E-09
   0.623600E+05   0.362515E-08  -0.472318E-09   0.399277E-10
   0.623800E+05   0.292035E-08   0.835416E-10   0.400812E-09
   0.624000E+05   0.198132E-08   0.717456E-09   0.547877E-09
   0.624200E+05   0.930446E-09   0.136276E-08   0.442827E-09
   0.624400E+05  -0.105353E-09   0.194047E-08   0.896006E-10
   0.624600E+05  -0.101489E-08   0.237303E-08  -0.467580E-09
   0.624800E+05  -0.171905E-08   0.259839E-08  -0.115220E-08
   0.625000E+05  -0.218022E-08   0.258170E-08  -0.186786E-08
   0.625200E+05  -0.240346E-08   0.232229E-08  -0.251281E-08
   0.625400E+05  -0.242963E-08   0.185449E-08  -0.299433E-08
   0.625600E+05  -0.232210E-08   0.124219E-08  -0.324063E-08
   0.625800E+05  -0.215030E-08   0.568104E-09  -0.320900E-08
   0.626000E+05  -0.197334E-08  -0.801995E-10  -0.288916E-08
   0.626200E+05  -0.182741E-08  -0.624780E-09  -0.230221E-08
   0.626400E+05  -0.171920E-08  -0.100968E-08  -0.149572E-08
   0.626600E+05  -0.162682E-08  -0.120881E-08  -0.536417E-09
   0.626800E+05  -0.150774E-08  -0.122799E-08   0.498175E-09
   0.627000E+05  -0.131184E-08  -0.110105E-08   0.152783E-08
   0.627200E+05  -0.996775E-09  -0.880791E-09   0.247648E-08
   0.627400E+05  -0.542090E-09  -0.626963E-09   0.327741E-08
   0.627600E+05   0.410127E-10  -0.393654E-09   0.387667E-08
   0.627800E+05   0.706661E-09  -0.218699E-09   0.423524E-08
   0.628000E+05   0.137897E-08  -0.117215E-09   0.433023E-08
   0.628200E+05   0.196380E-08  -0.804724E-10   0.415571E-08
   0.628400E+05   0.236547E-08  -0.801756E-10   0.372330E-08
   0.628600E+05   0.250538E-08  -0.771300E-10   0.306241E-08
   0.628800E+05   0.233884E-08  -0.323363E-10   0.221985E-08
   0.629000E+05   0.186677E-08   0.819238E-10   0.125806E-08
   0.629200E+05   0.113975E-08   0.273449E-09   0.251671E-09
   0.629400E+05   0.253429E-09   0.525851E-09  -0.718104E-09
   0.629600E+05  -0.664436E-09   0.799686E-09  -0.157093E-08
   0.629800E+05  -0.147303E-08   0.103888E-08  -0.223608E-08
   0.630000E+05  -0.204063E-08   0.118130E-08  -0.266125E-08
   0.630200E+05  -0.226607E-08   0.117131E-08  -0.282011E-08
   0.630400E+05  -0.209572E-08   0.971989E-09  -0.271691E-08
   0.630600E+05  -0.153336E-08   0.574321E-09  -0.238724E-08
   0.630800E+05  -0.640952E-09   0.165570E-11  -0.189405E-08
   0.631000E+05   0.469553E-09  -0.691712E-09  -0.131927E-08
   0.631200E+05   0.165212E-08  -0.142765E-08  -0.752016E-09
   0.631400E+05   0.274761E-08  -0.211578E-08  -0.275063E-09
   0.631600E+05   0.360649E-08  -0.266747E-08   0.481137E-10
   0.631800E+05   0.410969E-08  -0.300972E-08   0.183532E-09
   0.632000E+05   0.418454E-08  -0.309643E-08   0.132204E-09
   0.632200E+05   0.381363E-08  -0.291501E-08  -0.701912E-10
   0.632400E+05   0.303560E-08  -0.248736E-08  -0.359583E-09
   0.632600E+05   0.193824E-08  -0.186512E-08  -0.654779E-09
   0.632800E+05   0.645310E-09  -0.112027E-08  -0.871815E-09
   0.633000E+05  -0.700522E-09  -0.332885E-09  -0.938864E-09
   0.633200E+05  -0.195605E-08   0.421462E-09  -0.809051E-09
   0.633400E+05  -0.299452E-08   0.108251E-08  -0.468850E-09
   0.633600E+05  -0.371921E-08   0.161235E-08   0.594068E-10
   0.633800E+05  -0.407212E-08   0.199771E-08   0.721329E-09
   0.634000E+05  -0.403731E-08   0.224735E-08   0.143976E-08
   0.634200E+05  -0.363918E-08   0.238562E-08   0.212777E-08
   0.634400E+05  -0.293647E-08   0.244356E-08   0.270281E-08
   0.634600E+05  -0.201344E-08   0.244986E-08   0.309944E-08
   0.634800E+05  -0.969515E-09   0.242345E-08   0.327827E-08
   0.635000E+05   0.913351E-10   0.236938E-08   0.322969E-08
   0.635200E+05   0.107034E-08   0.227870E-08   0.297190E-08
   0.635400E+05   0.188223E-08   0.213229E-08   0.254420E-08
   0.635600E+05   0.246166E-08   0.190757E-08   0.199713E-08
   0.635800E+05   0.276760E-08   0.158659E-08   0.138184E-08
   0.636000E+05   0.278561E-08   0.116354E-08   0.741111E-09
   0.636200E+05   0.252823E-08   0.649857E-09   0.103964E-09
   0.636400E+05   0.203316E-08   0.758023E-10  -0.515218E-09
   0.636600E+05   0.135958E-08  -0.512155E-09  -0.111299E-08
   0.636800E+05   0.582582E-09  -0.105771E-08  -0.168985E-08
   0.637000E+05  -0.214137E-09  -0.150368E-08  -0.224195E-08
   0.637200E+05  -0.946660E-09  -0.180186E-08  -0.275387E-08
   0.637400E+05  -0.153977E-08  -0.192172E-08  -0.319471E-08
   0.637600E+05  -0.193535E-08  -0.185638E-08  -0.351901E-08
   0.637800E+05  -0.209932E-08  -0.162432E-08  -0.367279E-08
   0.638000E+05  -0.202593E-08  -0.126678E-08  -0.360399E-08
   0.638200E+05  -0.173870E-08  -0.841016E-09  -0.327518E-08
   0.638400E+05  -0.128756E-08  -0.410711E-09  -0.267586E-08
   0.638600E+05  -0.742334E-09  -0.354807E-10  -0.183139E-08
   0.638800E+05  -0.183154E-09   0.238728E-09  -0.806046E-09
   0.639000E+05   0.310791E-09   0.386469E-09   0.301194E-09
   0.639200E+05   0.672693E-09   0.405667E-09   0.136819E-08
   0.639400E+05   0.857975E-09   0.316081E-09   0.226696E-08
   0.639600E+05   0.850952E-09   0.153808E-09   0.288400E-08
   0.639800E+05   0.667167E-09  -0.369881E-10   0.313989E-08
   0.640000E+05   0.350874E-09  -0.213378E-09   0.300445E-08
   0.640200E+05  -0.320539E-10  -0.342133E-09   0.250429E-08
   0.640400E+05  -0.404807E-09  -0.405665E-09   0.172082E-08
   0.640600E+05  -0.692268E-09  -0.404327E-09   0.778720E-09
   0.640800E+05  -0.833611E-09  -0.354710E-09  -0.173689E-09
   0.641000E+05  -0.792827E-09  -0.284433E-09  -0.988698E-09
   0.641200E+05  -0.565444E-09  -0.224630E-09  -0.154400E-08
   0.641400E+05  -0.180261E-09  -0.201805E-09  -0.176346E-08
   0.641600E+05   0.304281E-09  -0.230874E-09  -0.163006E-08
   0.641800E+05   0.808642E-09  -0.310928E-09  -0.118848E-08
   0.642000E+05   0.124439E-08  -0.424695E-09  -0.536794E-09
   0.642200E+05   0.152820E-08  -0.541887E-09   0.191433E-09
   0.642400E+05   0.159560E-08  -0.625784E-09   0.851379E-09
   0.642600E+05   0.141220E-08  -0.641712E-09   0.131318E-08
   0.642800E+05   0.980753E-09  -0.565622E-09   0.148536E-08
   0.643000E+05   0.342812E-09  -0.390906E-09   0.133120E-08
   0.643200E+05  -0.425297E-09  -0.131899E-09   0.875088E-09
   0.643400E+05  -0.122181E-08   0.176868E-09   0.197732E-09
   0.643600E+05  -0.193286E-08   0.485738E-09  -0.578769E-09
   0.643800E+05  -0.244808E-08   0.738536E-09  -0.131323E-08
   0.644000E+05  -0.267627E-08   0.883167E-09  -0.187084E-08
   0.644200E+05  -0.255900E-08   0.882210E-09  -0.214721E-08
   0.644400E+05  -0.208036E-08   0.721412E-09  -0.208648E-08
   0.644600E+05  -0.127138E-08   0.414341E-09  -0.169046E-08
   0.644800E+05  -0.208475E-09   0.207841E-11  -0.101732E-08
   0.645000E+05   0.993940E-09  -0.452195E-09  -0.170213E-09
   0.645200E+05   0.219595E-08  -0.872979E-09   0.721685E-09
   0.645400E+05   0.324820E-08  -0.118497E-08   0.152612E-08
   0.645600E+05   0.400974E-08  -0.132613E-08   0.213034E-08
   0.645800E+05   0.436543E-08  -0.125902E-08   0.245924E-08
   0.646000E+05   0.424094E-08  -0.978238E-09   0.248590E-08
   0.646200E+05   0.361335E-08  -0.512636E-09   0.223291E-08
   0.646400E+05   0.251630E-08   0.782658E-10   0.176478E-08
   0.646600E+05   0.103861E-08   0.713148E-09   0.117303E-08
   0.646800E+05  -0.683366E-09   0.130158E-08   0.557523E-09
   0.647000E+05  -0.247906E-08   0.175842E-08   0.734644E-11
   0.647200E+05  -0.416134E-08   0.201747E-08  -0.414713E-09
   0.647400E+05  -0.554659E-08   0.204211E-08  -0.681511E-09
   0.647600E+05  -0.647502E-08   0.183107E-08  -0.803107E-09
   0.647800E+05  -0.682894E-08   0.141843E-08  -0.820636E-09
   0.648000E+05  -0.654683E-08   0.867893E-09  -0.794087E-09
   0.648200E+05  -0.563159E-08   0.262401E-09  -0.786700E-09
   0.648400E+05  -0.415185E-08  -0.309200E-09  -0.849290E-09
   0.648600E+05  -0.223594E-08  -0.766068E-09  -0.100772E-08
   0.648800E+05  -0.592287E-10  -0.104760E-08  -0.125602E-08
   0.649000E+05   0.217406E-08  -0.112202E-08  -0.155644E-08
   0.649200E+05   0.425240E-08  -0.990030E-09  -0.184647E-08
   0.649400E+05   0.597947E-08  -0.683121E-09  -0.205125E-08
   0.649600E+05   0.719518E-08  -0.257137E-09  -0.209899E-08
   0.649800E+05   0.779253E-08   0.217706E-09  -0.193637E-08
   0.650000E+05   0.772846E-08   0.668421E-09  -0.154092E-08
   0.650200E+05   0.702737E-08   0.103047E-08  -0.927978E-09
   0.650400E+05   0.577702E-08   0.125680E-08  -0.150852E-09
   0.650600E+05   0.411717E-08   0.132329E-08   0.705803E-09
   0.650800E+05   0.222269E-08   0.123003E-08   0.153841E-08
   0.651000E+05   0.283043E-09   0.998641E-09   0.224044E-08
   0.651200E+05  -0.151915E-08   0.666294E-09   0.271916E-08
   0.651400E+05  -0.302782E-08   0.278033E-09   0.291044E-08
   0.651600E+05  -0.412910E-08  -0.121225E-09   0.278895E-08
   0.651800E+05  -0.476112E-08  -0.493433E-09   0.237230E-08
   0.652000E+05  -0.491694E-08  -0.811846E-09   0.171842E-08
   0.652200E+05  -0.464053E-08  -0.106257E-08   0.916754E-09
   0.652400E+05  -0.401690E-08  -0.124333E-08   0.747367E-10
   0.652600E+05  -0.315770E-08  -0.136008E-08  -0.698120E-09
   0.652800E+05  -0.218478E-08  -0.142252E-08  -0.130613E-08
   0.653000E+05  -0.121393E-08  -0.143969E-08  -0.168077E-08
   0.653200E+05  -0.340989E-09  -0.141678E-08  -0.178963E-08
   0.653400E+05   0.367778E-09  -0.135382E-08  -0.163964E-08
   0.653600E+05   0.880131E-09  -0.124658E-08  -0.127439E-08
   0.653800E+05   0.119682E-08  -0.108932E-08  -0.766114E-09
   0.654000E+05   0.134571E-08  -0.878730E-09  -0.203795E-09
   0.654200E+05   0.137244E-08  -0.617849E-09   0.320846E-09
   0.654400E+05   0.132926E-08  -0.319066E-09   0.727175E-09
   0.654600E+05   0.126414E-08  -0.509936E-11   0.957330E-09
   0.654800E+05   0.121194E-08   0.292461E-09   0.984098E-09
   0.655000E+05   0.118886E-08   0.537073E-09   0.813910E-09
   0.655200E+05   0.119118E-08   0.693050E-09   0.484656E-09
   0.655400E+05   0.119792E-08   0.732238E-09   0.587515E-10
   0.655600E+05   0.117714E-08   0.640263E-09  -0.387411E-09
   0.655800E+05   0.109414E-08   0.421045E-09  -0.775987E-09
   0.656000E+05   0.920288E-09   0.985247E-10  -0.104026E-08
   0.656200E+05   0.640694E-09  -0.284999E-09  -0.113536E-08
   0.656400E+05   0.259216E-09  -0.673891E-09  -0.104547E-08
   0.656600E+05  -0.200003E-09  -0.100691E-08  -0.786352E-09
   0.656800E+05  -0.694855E-09  -0.122645E-08  -0.402851E-09
   0.657000E+05  -0.117105E-08  -0.128777E-08   0.384524E-10
   0.657200E+05  -0.157036E-08  -0.116658E-08   0.460199E-09
   0.657400E+05  -0.183992E-08  -0.863727E-09   0.787237E-09
   0.657600E+05  -0.194100E-08  -0.405913E-09   0.959552E-09
   0.657800E+05  -0.185560E-08   0.157640E-09   0.943021E-09
   0.658000E+05  -0.159000E-08   0.762192E-09   0.736185E-09
   0.658200E+05  -0.117426E-08   0.133702E-08   0.371759E-09
   0.658400E+05  -0.658147E-09   0.181597E-08  -0.875387E-10
   0.658600E+05  -0.103758E-09   0.214720E-08  -0.558373E-09
   0.658800E+05   0.423586E-09   0.230069E-08  -0.950029E-09
   0.659000E+05   0.864917E-09   0.227204E-08  -0.117944E-08
   0.659200E+05   0.117599E-08   0.208226E-08  -0.118559E-08
   0.659400E+05   0.133312E-08   0.177333E-08  -0.940854E-09
   0.659600E+05   0.133560E-08   0.140070E-08  -0.457309E-09
   0.659800E+05   0.120442E-08   0.102370E-08   0.213219E-09
   0.660000E+05   0.977477E-09   0.695810E-09   0.985570E-09
   0.660200E+05   0.702395E-09   0.456133E-09   0.175325E-08
   0.660400E+05   0.428001E-09   0.323752E-09   0.240419E-08
   0.660600E+05   0.196096E-09   0.295577E-09   0.283784E-08
   0.660800E+05   0.348246E-10   0.348063E-09   0.298072E-08
   0.661000E+05  -0.452670E-10   0.442293E-09   0.279810E-08
   0.661200E+05  -0.519132E-10   0.531462E-09   0.229972E-08
   0.661400E+05  -0.854514E-11   0.569386E-09   0.153882E-08
   0.661600E+05   0.509909E-10   0.518550E-09   0.604579E-09
   0.661800E+05   0.894051E-10   0.356376E-09  -0.390704E-09
   0.662000E+05   0.733525E-10   0.787417E-10  -0.132761E-08
   0.662200E+05  -0.200685E-10  -0.299683E-09  -0.209616E-08
   0.662400E+05  -0.198819E-09  -0.748138E-09  -0.261032E-08
   0.662600E+05  -0.454159E-09  -0.122488E-08  -0.281845E-08
   0.662800E+05  -0.761854E-09  -0.168363E-08  -0.270820E-08
   0.663000E+05  -0.108608E-08  -0.208027E-08  -0.230559E-08
   0.663200E+05  -0.138526E-08  -0.237853E-08  -0.166891E-08
   0.663400E+05  -0.161880E-08  -0.255398E-08  -0.878800E-09
   0.663600E+05  -0.175358E-08  -0.259573E-08  -0.264910E-10
   0.663800E+05  -0.176900E-08  -0.250589E-08   0.797745E-09
   0.664000E+05  -0.165994E-08  -0.229726E-08   0.151432E-08
   0.664200E+05  -0.143701E-08  -0.198984E-08   0.206102E-08
   0.664400E+05  -0.112435E-08  -0.160710E-08   0.239627E-08
   0.664600E+05  -0.755288E-09  -0.117275E-08   0.249936E-08
   0.664800E+05  -0.366790E-09  -0.708611E-09   0.236845E-08
   0.665000E+05   0.637030E-11  -0.233710E-09   0.201744E-08
   0.665200E+05   0.336624E-09   0.235274E-09   0.147298E-08
   0.665400E+05   0.607028E-09   0.682860E-09   0.772152E-09
   0.665600E+05   0.812520E-09   0.109336E-08  -0.388172E-10
   0.665800E+05   0.958881E-09   0.144994E-08  -0.905164E-09
   0.666000E+05   0.105969E-08   0.173458E-08  -0.176425E-08
   0.666200E+05   0.113187E-08   0.192926E-08  -0.254719E-08
   0.666400E+05   0.119074E-08   0.201828E-08  -0.318234E-08
   0.666600E+05   0.124555E-08   0.199128E-08  -0.360092E-08
   0.666800E+05   0.129629E-08   0.184638E-08  -0.374462E-08
   0.667000E+05   0.133258E-08   0.159256E-08  -0.357438E-08
   0.667200E+05   0.133490E-08   0.125075E-08  -0.307871E-08
   0.667400E+05   0.127804E-08   0.852905E-09  -0.227995E-08
   0.667600E+05   0.113631E-08   0.439137E-09  -0.123671E-08
   0.667800E+05   0.889701E-09   0.530108E-10  -0.412141E-10
   0.668000E+05   0.529907E-09  -0.264282E-09   0.118871E-08
   0.668200E+05   0.651280E-10  -0.479959E-09   0.232258E-08
   0.668400E+05  -0.477365E-09  -0.574843E-09   0.323355E-08
   0.668600E+05  -0.105158E-08  -0.546731E-09   0.381557E-08
   0.668800E+05  -0.159641E-08  -0.411241E-09   0.399876E-08
   0.669000E+05  -0.204222E-08  -0.199817E-09   0.376042E-08
   0.669200E+05  -0.231988E-08   0.448934E-10   0.312940E-08
   0.669400E+05  -0.237088E-08   0.275632E-09   0.218305E-08
   0.669600E+05  -0.215732E-08   0.448042E-09   0.103689E-08
   0.669800E+05  -0.167013E-08   0.527869E-09  -0.171486E-09
   0.670000E+05  -0.933981E-09   0.496613E-09  -0.130171E-08
   0.670200E+05  -0.807966E-11   0.354669E-09  -0.222995E-08
   0.670400E+05   0.101803E-08   0.121374E-09  -0.286521E-08
   0.670600E+05   0.203331E-08  -0.168071E-09  -0.315989E-08
   0.670800E+05   0.291800E-08  -0.468311E-09  -0.311312E-08
   0.671000E+05   0.355879E-08  -0.731229E-09  -0.276663E-08
   0.671200E+05   0.386438E-08  -0.913769E-09  -0.219420E-08
   0.671400E+05   0.377928E-08  -0.984892E-09  -0.148694E-08
   0.671600E+05   0.329364E-08  -0.930503E-09  -0.737273E-09
   0.671800E+05   0.244736E-08  -0.755544E-09  -0.246335E-10
   0.672000E+05   0.132758E-08  -0.482967E-09   0.594651E-09
   0.672200E+05   0.592634E-10  -0.149821E-09   0.109169E-08
   0.672400E+05  -0.120993E-08   0.198829E-09   0.146327E-08
   0.672600E+05  -0.232893E-08   0.517046E-09   0.172492E-08
   0.672800E+05  -0.316380E-08   0.765018E-09   0.190072E-08
   0.673000E+05  -0.361675E-08   0.914718E-09   0.201250E-08
   0.673200E+05  -0.364057E-08   0.953352E-09   0.207089E-08
   0.673400E+05  -0.324629E-08   0.884121E-09   0.207046E-08
   0.673600E+05  -0.250231E-08   0.724313E-09   0.198995E-08
   0.673800E+05  -0.152513E-08   0.501242E-09   0.179769E-08
   0.674000E+05  -0.462496E-09   0.246871E-09   0.146093E-08
   0.674200E+05   0.528479E-09  -0.780409E-11   0.956976E-09
   0.674400E+05   0.130514E-08  -0.237590E-09   0.283637E-09
   0.674600E+05   0.176126E-08  -0.426303E-09  -0.533642E-09
   0.674800E+05   0.184367E-08  -0.567870E-09  -0.143971E-08
   0.675000E+05   0.156077E-08  -0.665280E-09  -0.235364E-08
   0.675200E+05   0.981190E-09  -0.727760E-09  -0.317826E-08
   0.675400E+05   0.222770E-09  -0.766902E-09  -0.381382E-08
   0.675600E+05  -0.566785E-09  -0.792636E-09  -0.417333E-08
   0.675800E+05  -0.123450E-08  -0.809955E-09  -0.419685E-08
   0.676000E+05  -0.164812E-08  -0.817117E-09  -0.386199E-08
   0.676200E+05  -0.171909E-08  -0.805727E-09  -0.318868E-08
   0.676400E+05  -0.141881E-08  -0.762681E-09  -0.223730E-08
   0.676600E+05  -0.785037E-09  -0.673587E-09  -0.110039E-08
   0.676800E+05   0.827252E-10  -0.526932E-09   0.110570E-09
   0.677000E+05   0.103848E-08  -0.318103E-09   0.128084E-08
   0.677200E+05   0.191331E-08  -0.523695E-10   0.230806E-08
   0.677400E+05   0.254359E-08   0.253876E-09   0.311490E-08
   0.677600E+05   0.279910E-08   0.574003E-09   0.365703E-08
   0.677800E+05   0.260655E-08   0.874124E-09   0.392502E-08
   0.678000E+05   0.196421E-08   0.111774E-08   0.394059E-08
   0.678200E+05   0.945140E-09   0.127129E-08   0.374821E-08
   0.678400E+05  -0.311779E-09   0.130957E-08   0.340404E-08
   0.678600E+05  -0.162191E-08   0.122018E-08   0.296468E-08
   0.678800E+05  -0.278283E-08   0.100602E-08   0.247776E-08
   0.679000E+05  -0.360585E-08   0.685471E-09   0.197623E-08
   0.679200E+05  -0.394589E-08   0.290092E-09   0.147693E-08
   0.679400E+05  -0.372500E-08  -0.139711E-09   0.983430E-09
   0.679600E+05  -0.294552E-08  -0.560433E-09   0.491830E-09
   0.679800E+05  -0.169084E-08  -0.931588E-09  -0.209219E-11
   0.680000E+05  -0.113582E-09  -0.122121E-08  -0.496393E-09
   0.680200E+05   0.158685E-08  -0.140981E-08  -0.978839E-09
   0.680400E+05   0.319368E-08  -0.149219E-08  -0.142627E-08
   0.680600E+05   0.450439E-08  -0.147687E-08  -0.180770E-08
   0.680800E+05   0.535941E-08  -0.138334E-08  -0.209044E-08
   0.681000E+05   0.566359E-08  -0.123765E-08  -0.224792E-08
   0.681200E+05   0.539706E-08  -0.106735E-08  -0.226720E-08
   0.681400E+05   0.461427E-08  -0.896539E-09  -0.215431E-08
   0.681600E+05   0.343184E-08  -0.742001E-09  -0.193596E-08
   0.681800E+05   0.200767E-08  -0.611078E-09  -0.165670E-08
   0.682000E+05   0.515181E-09  -0.501533E-09  -0.137188E-08
   0.682200E+05  -0.882820E-09  -0.403321E-09  -0.113748E-08
   0.682400E+05  -0.205637E-08  -0.301785E-09  -0.998751E-09
   0.682600E+05  -0.292323E-08  -0.181587E-09  -0.979938E-09
   0.682800E+05  -0.345445E-08  -0.305015E-10  -0.107737E-08
   0.683000E+05  -0.367053E-08   0.157658E-09  -0.125759E-08
   0.683200E+05  -0.362956E-08   0.381563E-09  -0.146131E-08
   0.683400E+05  -0.341038E-08   0.632564E-09  -0.161290E-08
   0.683600E+05  -0.309412E-08   0.896421E-09  -0.163397E-08
   0.683800E+05  -0.274801E-08   0.115612E-08  -0.145871E-08
   0.684000E+05  -0.241427E-08   0.139511E-08  -0.104823E-08
   0.684200E+05  -0.210598E-08   0.160015E-08  -0.401087E-09
   0.684400E+05  -0.181009E-08   0.176317E-08   0.442170E-09
   0.684600E+05  -0.149657E-08   0.188173E-08   0.140167E-08
   0.684800E+05  -0.113110E-08   0.195790E-08   0.236810E-08
   0.685000E+05  -0.688494E-09   0.199597E-08   0.321839E-08
   0.685200E+05  -0.163539E-09   0.199949E-08   0.383481E-08
   0.685400E+05   0.422984E-09   0.196843E-08   0.412438E-08
   0.685600E+05   0.102466E-08   0.189735E-08   0.403510E-08
   0.685800E+05   0.157610E-08   0.177502E-08   0.356630E-08
   0.686000E+05   0.200461E-08   0.158604E-08   0.277101E-08
   0.686200E+05   0.224445E-08   0.131414E-08   0.174974E-08
   0.686400E+05   0.225084E-08   0.946744E-09   0.636365E-09
   0.686600E+05   0.201060E-08   0.479974E-09  -0.421630E-09
   0.686800E+05   0.154737E-08  -0.771276E-10  -0.128558E-08
   0.687000E+05   0.920049E-09  -0.700061E-09  -0.184699E-08
   0.687200E+05   0.214642E-09  -0.134889E-08  -0.204445E-08
   0.687400E+05  -0.469083E-09  -0.197120E-08  -0.187316E-08
   0.687600E+05  -0.103366E-08  -0.250777E-08  -0.138558E-08
   0.687800E+05  -0.139982E-08  -0.290038E-08  -0.682966E-09
   0.688000E+05  -0.151919E-08  -0.310038E-08   0.100815E-09
   0.688200E+05  -0.138170E-08  -0.307681E-08   0.820658E-09
   0.688400E+05  -0.101629E-08  -0.282235E-08   0.134328E-08
   0.688600E+05  -0.485005E-09  -0.235615E-08   0.156826E-08
   0.688800E+05   0.128202E-09  -0.172263E-08   0.144375E-08
   0.689000E+05   0.731771E-09  -0.986343E-09   0.974279E-09
   0.689200E+05   0.124126E-08  -0.223486E-09   0.219577E-09
   0.689400E+05   0.159181E-08   0.488614E-09  -0.715289E-09
   0.689600E+05   0.174622E-08   0.108241E-08  -0.169678E-08
   0.689800E+05   0.169766E-08   0.150955E-08  -0.258388E-08
   0.690000E+05   0.146684E-08   0.174728E-08  -0.324978E-08
   0.690200E+05   0.109489E-08   0.180058E-08  -0.360071E-08
   0.690400E+05   0.633755E-09   0.169978E-08  -0.358911E-08
   0.690600E+05   0.136368E-09   0.149394E-08  -0.321901E-08
   0.690800E+05  -0.351365E-09   0.124116E-08  -0.254315E-08
   0.691000E+05  -0.795227E-09   0.997659E-09  -0.165257E-08
   0.691200E+05  -0.117348E-08   0.807349E-09  -0.660707E-09
   0.691400E+05  -0.147417E-08   0.694026E-09   0.315243E-09
   0.691600E+05  -0.169023E-08   0.657459E-09   0.117234E-08
   0.691800E+05  -0.181425E-08   0.674150E-09   0.183647E-08
   0.692000E+05  -0.183468E-08   0.702665E-09   0.227107E-08
   0.692200E+05  -0.173500E-08   0.692543E-09   0.247890E-08
   0.692400E+05  -0.149655E-08   0.595175E-09   0.249695E-08
   0.692600E+05  -0.110460E-08   0.374640E-09   0.238563E-08
   0.692800E+05  -0.556420E-09   0.164573E-10   0.221457E-08
   0.693000E+05   0.130782E-09  -0.467394E-09   0.204778E-08
   0.693200E+05   0.914289E-09  -0.103823E-08   0.193076E-08
   0.693400E+05   0.172479E-08  -0.163529E-08   0.188199E-08
   0.693600E+05   0.247105E-08  -0.218463E-08   0.189021E-08
   0.693800E+05   0.305043E-08  -0.261060E-08   0.191765E-08
   0.694000E+05   0.336413E-08  -0.284814E-08   0.190869E-08
   0.694200E+05   0.333467E-08  -0.285365E-08   0.180199E-08
   0.694400E+05   0.292252E-08  -0.261256E-08   0.154391E-08
   0.694600E+05   0.213847E-08  -0.214239E-08   0.110065E-08
   0.694800E+05   0.104878E-08  -0.149076E-08   0.466994E-09
   0.695000E+05  -0.228745E-09  -0.728657E-09  -0.329993E-09
   0.695200E+05  -0.153787E-08   0.597572E-10  -0.123282E-08
   0.695400E+05  -0.270497E-08   0.789084E-09  -0.216069E-08
   0.695600E+05  -0.356487E-08   0.138445E-08  -0.302053E-08
   0.695800E+05  -0.398726E-08   0.179115E-08  -0.372009E-08
   0.696000E+05  -0.389933E-08   0.198072E-08  -0.418093E-08
   0.696200E+05  -0.330026E-08   0.195280E-08  -0.434925E-08
   0.696400E+05  -0.226482E-08   0.173260E-08  -0.420286E-08
   0.696600E+05  -0.934770E-09   0.136492E-08  -0.375360E-08
   0.696800E+05   0.500932E-09   0.905874E-09  -0.304498E-08
   0.697000E+05   0.183423E-08   0.414052E-09  -0.214582E-08
   0.697200E+05   0.287003E-08  -0.574999E-10  -0.114105E-08
   0.697400E+05   0.345685E-08  -0.467081E-09  -0.121364E-09
   0.697600E+05   0.351111E-08  -0.787291E-09   0.826871E-09
   0.697800E+05   0.303081E-08  -0.100504E-08   0.162998E-08
   0.698000E+05   0.209628E-08  -0.111909E-08   0.223289E-08
   0.698200E+05   0.857698E-09  -0.113614E-08   0.260223E-08
   0.698400E+05  -0.488502E-09  -0.106645E-08   0.272672E-08
   0.698600E+05  -0.173058E-08  -0.920319E-09   0.261551E-08
   0.698800E+05  -0.267471E-08  -0.706002E-09   0.229509E-08
   0.699000E+05  -0.317491E-08  -0.429543E-09   0.180549E-08
   0.699200E+05  -0.315515E-08  -0.963216E-10   0.119634E-08
   0.699400E+05  -0.261983E-08   0.286282E-09   0.523064E-09
   0.699600E+05  -0.165151E-08   0.706010E-09  -0.156716E-09
   0.699800E+05  -0.396427E-09   0.114359E-08  -0.786676E-09
   0.700000E+05   0.959563E-09   0.157218E-08  -0.131536E-08
   0.700200E+05   0.222026E-08   0.195873E-08  -0.169982E-08
   0.700400E+05   0.320894E-08   0.226745E-08  -0.190929E-08
   0.700600E+05   0.379376E-08   0.246459E-08  -0.192838E-08
   0.700800E+05   0.390510E-08   0.252391E-08  -0.175936E-08
   0.701000E+05   0.354242E-08   0.243155E-08  -0.142290E-08
   0.701200E+05   0.277014E-08   0.218937E-08  -0.956644E-09
   0.701400E+05   0.170401E-08   0.181588E-08  -0.411561E-09
   0.701600E+05   0.490742E-09   0.134453E-08   0.153945E-09
   0.701800E+05  -0.715432E-09   0.819315E-09   0.681403E-09
   0.702000E+05  -0.177520E-08   0.288703E-09   0.112015E-08
   0.702200E+05  -0.258220E-08  -0.201353E-09   0.143439E-08
   0.702400E+05  -0.307426E-08  -0.613864E-09   0.160816E-08
   0.702600E+05  -0.323658E-08  -0.925634E-09   0.164712E-08
   0.702800E+05  -0.309749E-08  -0.112959E-08   0.157662E-08
   0.703000E+05  -0.271808E-08  -0.123421E-08   0.143626E-08
   0.703200E+05  -0.217841E-08  -0.126029E-08   0.127161E-08
   0.703400E+05  -0.156284E-08  -0.123566E-08   0.112472E-08
   0.703600E+05  -0.947186E-09  -0.118903E-08   0.102507E-08
   0.703800E+05  -0.389605E-09  -0.114413E-08   0.983010E-09
   0.704000E+05   0.738381E-10  -0.111541E-08   0.986858E-09
   0.704200E+05   0.428855E-09  -0.110598E-08   0.100482E-08
   0.704400E+05   0.678781E-09  -0.110826E-08   0.991413E-09
   0.704600E+05   0.838061E-09  -0.110713E-08   0.897458E-09
   0.704800E+05   0.925141E-09  -0.108469E-08   0.681872E-09
   0.705000E+05   0.956378E-09  -0.102576E-08   0.322889E-09
   0.705200E+05   0.942167E-09  -0.922750E-09  -0.173608E-09
   0.705400E+05   0.885862E-09  -0.778828E-09  -0.770593E-09
   0.705600E+05   0.785364E-09  -0.608684E-09  -0.140238E-08
   0.705800E+05   0.636679E-09  -0.436589E-09  -0.198311E-08
   0.706000E+05   0.438361E-09  -0.292101E-09  -0.242008E-08
   0.706200E+05   0.195606E-09  -0.204206E-09  -0.262972E-08
   0.706400E+05  -0.770944E-10  -0.195094E-09  -0.255355E-08
   0.706600E+05  -0.355452E-09  -0.274805E-09  -0.217085E-08
   0.706800E+05  -0.607314E-09  -0.437897E-09  -0.150578E-08
   0.707000E+05  -0.796755E-09  -0.662874E-09  -0.627069E-09
   0.707200E+05  -0.889636E-09  -0.914604E-09   0.360004E-09
   0.707400E+05  -0.859654E-09  -0.114938E-08   0.132837E-08
   0.707600E+05  -0.693804E-09  -0.132175E-08   0.214833E-08
   0.707800E+05  -0.396263E-09  -0.139192E-08   0.270803E-08
   0.708000E+05   0.100345E-10  -0.133236E-08   0.293161E-08
   0.708200E+05   0.484479E-09  -0.113248E-08   0.279189E-08
   0.708400E+05   0.972513E-09  -0.800554E-09   0.231521E-08
   0.708600E+05   0.141158E-08  -0.362456E-09   0.157742E-08
   0.708800E+05   0.173857E-08   0.142301E-09   0.691638E-09
   0.709000E+05   0.189788E-08   0.666651E-09  -0.210325E-09
   0.709200E+05   0.184906E-08   0.116296E-08  -0.999586E-09
   0.709400E+05   0.157313E-08   0.158965E-08  -0.157118E-08
   0.709600E+05   0.107672E-08   0.191638E-08  -0.186073E-08
   0.709800E+05   0.393440E-09   0.212684E-08  -0.185398E-08
   0.710000E+05  -0.417863E-09   0.221904E-08  -0.158742E-08
   0.710200E+05  -0.127792E-08   0.220296E-08  -0.114014E-08
   0.710400E+05  -0.209469E-08   0.209655E-08  -0.618263E-09
   0.710600E+05  -0.277308E-08   0.192079E-08  -0.134953E-09
   0.710800E+05  -0.322589E-08   0.169507E-08   0.210457E-09
   0.711000E+05  -0.338468E-08   0.143375E-08   0.350451E-09
   0.711200E+05  -0.320936E-08   0.114466E-08   0.261200E-09
   0.711400E+05  -0.269504E-08   0.829721E-09  -0.337330E-10
   0.711600E+05  -0.187518E-08   0.487449E-09  -0.468437E-09
   0.711800E+05  -0.820219E-09   0.116664E-09  -0.947430E-09
   0.712000E+05   0.368553E-09  -0.279496E-09  -0.136376E-08
   0.712200E+05   0.156949E-08  -0.690300E-09  -0.161907E-08
   0.712400E+05   0.265440E-08  -0.109576E-08  -0.164200E-08
   0.712600E+05   0.350407E-08  -0.146710E-08  -0.140158E-08
   0.712800E+05   0.402347E-08  -0.176947E-08  -0.913173E-09
   0.713000E+05   0.415467E-08  -0.196656E-08  -0.236190E-09
   0.713200E+05   0.388522E-08  -0.202630E-08   0.536197E-09
   0.713400E+05   0.325092E-08  -0.192665E-08   0.129317E-08
   0.713600E+05   0.233197E-08  -0.166034E-08   0.192536E-08
   0.713800E+05   0.124304E-08  -0.123768E-08   0.234344E-08
   0.714000E+05   0.118278E-09  -0.686815E-09   0.249289E-08
   0.714200E+05  -0.906621E-09  -0.512368E-10   0.236244E-08
   0.714400E+05  -0.171276E-08   0.615064E-09   0.198482E-08
   0.714600E+05  -0.221404E-08   0.125407E-08   0.142983E-08
   0.714800E+05  -0.236848E-08   0.181081E-08   0.791208E-09
   0.715000E+05  -0.218301E-08   0.223986E-08   0.169845E-09
   0.715200E+05  -0.171103E-08   0.251029E-08  -0.343696E-09
   0.715400E+05  -0.104321E-08   0.260837E-08  -0.684079E-09
   0.715600E+05  -0.292791E-09   0.253764E-08  -0.821044E-09
   0.715800E+05   0.422064E-09   0.231660E-08  -0.762605E-09
   0.716000E+05   0.996135E-09   0.197453E-08  -0.551307E-09
   0.716200E+05   0.135243E-08   0.154637E-08  -0.254497E-09
   0.716400E+05   0.145246E-08   0.106752E-08   0.493457E-10
   0.716600E+05   0.130001E-08   0.569655E-09   0.285577E-09
   0.716800E+05   0.938014E-09   0.779784E-10   0.396821E-09
   0.717000E+05   0.439253E-09  -0.389574E-09   0.352487E-09
   0.717200E+05  -0.107297E-09  -0.821407E-09   0.152791E-09
   0.717400E+05  -0.612039E-09  -0.121004E-08  -0.173197E-09
   0.717600E+05  -0.999519E-09  -0.154931E-08  -0.574782E-09
   0.717800E+05  -0.121989E-08  -0.183185E-08  -0.990500E-09
   0.718000E+05  -0.125525E-08  -0.204748E-08  -0.136029E-08
   0.718200E+05  -0.112000E-08  -0.218317E-08  -0.163654E-08
   0.718400E+05  -0.855469E-09  -0.222451E-08  -0.179179E-08
   0.718600E+05  -0.520057E-09  -0.215869E-08  -0.182182E-08
   0.718800E+05  -0.176920E-09  -0.197821E-08  -0.174356E-08
   0.719000E+05   0.118386E-09  -0.168454E-08  -0.158856E-08
   0.719200E+05   0.328000E-09  -0.129100E-08  -0.139358E-08
   0.719400E+05   0.437764E-09  -0.823900E-09  -0.119045E-08
   0.719600E+05   0.458154E-09  -0.321467E-09  -0.997479E-09
   0.719800E+05   0.420148E-09   0.169426E-09  -0.814471E-09
   0.720000E+05   0.366976E-09   0.598589E-09  -0.622505E-09
   0.720200E+05   0.343508E-09   0.919076E-09  -0.388756E-09
   0.720400E+05   0.385404E-09   0.109403E-08  -0.755171E-10
   0.720600E+05   0.510201E-09   0.110267E-08   0.348371E-09
   0.720800E+05   0.712099E-09   0.944388E-09   0.896066E-09
   0.721000E+05   0.961461E-09   0.640135E-09   0.155379E-08
   0.721200E+05   0.120920E-08   0.230752E-09   0.227657E-08
   0.721400E+05   0.139522E-08  -0.227690E-09   0.299010E-08
   0.721600E+05   0.145943E-08  -0.670954E-09   0.359891E-08
   0.721800E+05   0.135328E-08  -0.103512E-08   0.399999E-08
   0.722000E+05   0.104970E-08  -0.126527E-08   0.409965E-08
   0.722200E+05   0.549768E-09  -0.132309E-08   0.383101E-08
   0.722400E+05  -0.115284E-09  -0.119220E-08   0.316878E-08
   0.722600E+05  -0.886934E-09  -0.880585E-09   0.213861E-08
   0.722800E+05  -0.168671E-08  -0.419525E-09   0.818882E-09
   0.723000E+05  -0.242675E-08   0.140616E-09  -0.665790E-09
   0.723200E+05  -0.302185E-08   0.737181E-09  -0.215897E-08
   0.723400E+05  -0.340100E-08   0.130357E-08  -0.349263E-08
   0.723600E+05  -0.351668E-08   0.177794E-08  -0.451033E-08
   0.723800E+05  -0.335059E-08   0.211095E-08  -0.508961E-08
   0.724000E+05  -0.291501E-08   0.227156E-08  -0.516021E-08
   0.724200E+05  -0.225001E-08   0.225009E-08  -0.471490E-08
   0.724400E+05  -0.141715E-08   0.205823E-08  -0.381120E-08
   0.724600E+05  -0.490952E-09   0.172619E-08  -0.256356E-08
   0.724800E+05   0.450360E-09   0.129753E-08  -0.112718E-08
   0.725000E+05   0.133343E-08   0.822547E-09   0.324176E-09
   0.725200E+05   0.209644E-08   0.351319E-09   0.162267E-08
   0.725400E+05   0.269319E-08  -0.726543E-10   0.262954E-08
   0.725600E+05   0.309453E-08  -0.417255E-09   0.325327E-08
   0.725800E+05   0.328736E-08  -0.664489E-09   0.345994E-08
   0.726000E+05   0.327217E-08  -0.810936E-09   0.327457E-08
   0.726200E+05   0.305987E-08  -0.866067E-09   0.277331E-08
   0.726400E+05   0.266886E-08  -0.848915E-09   0.206815E-08
   0.726600E+05   0.212311E-08  -0.783788E-09   0.128703E-08
   0.726800E+05   0.145123E-08  -0.695798E-09   0.552551E-09
   0.727000E+05   0.686789E-09  -0.606941E-09  -0.368921E-10
   0.727200E+05  -0.131070E-09  -0.533290E-09  -0.420766E-09
   0.727400E+05  -0.957047E-09  -0.483618E-09  -0.582670E-09
   0.727600E+05  -0.174014E-08  -0.459497E-09  -0.548654E-09
   0.727800E+05  -0.242560E-08  -0.456650E-09  -0.378289E-09
   0.728000E+05  -0.295864E-08  -0.467147E-09  -0.150473E-09
   0.728200E+05  -0.328973E-08  -0.481923E-09   0.532039E-10
   0.728400E+05  -0.338071E-08  -0.493092E-09   0.164435E-09
   0.728600E+05  -0.321100E-08  -0.495630E-09   0.140635E-09
   0.728800E+05  -0.278239E-08  -0.488158E-09  -0.282395E-10
   0.729000E+05  -0.212172E-08  -0.472759E-09  -0.319468E-09
   0.729200E+05  -0.128038E-08  -0.453962E-09  -0.683646E-09
   0.729400E+05  -0.330424E-09  -0.437178E-09  -0.105563E-08
   0.729600E+05   0.642504E-09  -0.426966E-09  -0.136805E-08
   0.729800E+05   0.154852E-08  -0.425517E-09  -0.156470E-08
   0.730000E+05   0.230397E-08  -0.431684E-09  -0.161123E-08
   0.730200E+05   0.284142E-08  -0.440750E-09  -0.150118E-08
   0.730400E+05   0.311766E-08  -0.444979E-09  -0.125637E-08
   0.730600E+05   0.311845E-08  -0.434841E-09  -0.921727E-09
   0.730800E+05   0.285928E-08  -0.400676E-09  -0.555744E-09
   0.731000E+05   0.238209E-08  -0.334472E-09  -0.218568E-09
   0.731200E+05   0.174826E-08  -0.231441E-09   0.398813E-10
   0.731400E+05   0.102945E-08  -0.911229E-10   0.189420E-09
   0.731600E+05   0.297289E-09   0.821701E-10   0.224911E-09
   0.731800E+05  -0.385929E-09   0.279614E-09   0.166406E-09
   0.732000E+05  -0.974443E-09   0.488773E-09   0.541780E-10
   0.732200E+05  -0.144281E-08   0.694962E-09  -0.602826E-10
   0.732400E+05  -0.178595E-08   0.882854E-09  -0.125486E-09
   0.732600E+05  -0.201561E-08   0.103807E-08  -0.101100E-09
   0.732800E+05  -0.215411E-08   0.114853E-08   0.331567E-10
   0.733000E+05  -0.222678E-08   0.120551E-08   0.272668E-09
   0.733200E+05  -0.225450E-08   0.120418E-08   0.588065E-09
   0.733400E+05  -0.224795E-08   0.114380E-08   0.930360E-09
   0.733600E+05  -0.220463E-08   0.102755E-08   0.124009E-08
   0.733800E+05  -0.210926E-08   0.862178E-09   0.145874E-08
   0.734000E+05  -0.193761E-08   0.657467E-09   0.154016E-08
   0.734200E+05  -0.166282E-08   0.425688E-09   0.146001E-08
   0.734400E+05  -0.126318E-08   0.180980E-09   0.122114E-08
   0.734600E+05  -0.729809E-09  -0.613259E-10   0.854143E-09
   0.734800E+05  -0.726201E-10  -0.285509E-09   0.412709E-09
   0.735000E+05   0.676649E-09  -0.476434E-09  -0.351707E-10
   0.735200E+05   0.146512E-08  -0.620724E-09  -0.418714E-09
   0.735400E+05   0.222335E-08  -0.708069E-09  -0.676410E-09
   0.735600E+05   0.287325E-08  -0.732570E-09  -0.766492E-09
   0.735800E+05   0.333828E-08  -0.693918E-09  -0.673974E-09
   0.736000E+05   0.355433E-08  -0.598187E-09  -0.413051E-09
   0.736200E+05   0.347972E-08  -0.457994E-09  -0.245242E-10
   0.736400E+05   0.310258E-08  -0.291877E-09   0.431197E-09
   0.736600E+05   0.244469E-08  -0.122776E-09   0.884195E-09
   0.736800E+05   0.156080E-08   0.242998E-10   0.126640E-08
   0.737000E+05   0.533674E-09   0.125214E-09   0.152220E-08
   0.737200E+05  -0.534710E-09   0.159922E-09   0.161654E-08
   0.737400E+05  -0.153455E-08   0.115518E-09   0.153921E-08
   0.737600E+05  -0.236080E-08  -0.113554E-10   0.130479E-08
   0.737800E+05  -0.292536E-08  -0.213161E-09   0.948559E-09
   0.738000E+05  -0.316724E-08  -0.471468E-09   0.519267E-09
   0.738200E+05  -0.305969E-08  -0.758439E-09   0.703169E-10
   0.738400E+05  -0.261329E-08  -0.103968E-08  -0.349001E-09
   0.738600E+05  -0.187491E-08  -0.127815E-08  -0.700664E-09
   0.738800E+05  -0.922628E-09  -0.143865E-08  -0.962300E-09
   0.739000E+05   0.142655E-09  -0.149229E-08  -0.112826E-08
   0.739200E+05   0.120798E-08  -0.142026E-08  -0.120746E-08
   0.739400E+05   0.216025E-08  -0.121653E-08  -0.121879E-08
   0.739600E+05   0.289800E-08  -0.888924E-09  -0.118512E-08
   0.739800E+05   0.334196E-08  -0.458478E-09  -0.112741E-08
   0.740000E+05   0.344322E-08   0.427444E-10  -0.105998E-08
   0.740200E+05   0.318833E-08   0.575199E-09  -0.988032E-09
   0.740400E+05   0.260077E-08   0.109620E-08  -0.907679E-09
   0.740600E+05   0.173870E-08   0.156446E-08  -0.808420E-09
   0.740800E+05   0.689127E-09   0.194434E-08  -0.677359E-09
   0.741000E+05  -0.440960E-09   0.220912E-08  -0.504143E-09
   0.741200E+05  -0.153562E-08   0.234315E-08  -0.285479E-09
   0.741400E+05  -0.248218E-08   0.234258E-08  -0.281623E-10
   0.741600E+05  -0.318323E-08   0.221472E-08   0.250092E-09
   0.741800E+05  -0.356734E-08   0.197631E-08   0.522311E-09
   0.742000E+05  -0.359701E-08   0.165110E-08   0.756142E-09
   0.742200E+05  -0.327309E-08   0.126685E-08   0.919271E-09
   0.742400E+05  -0.263489E-08   0.852600E-09   0.985326E-09
   0.742600E+05  -0.175590E-08   0.436037E-09   0.939153E-09
   0.742800E+05  -0.735449E-09   0.415679E-10   0.780400E-09
   0.743000E+05   0.312767E-09  -0.311047E-09   0.524707E-09
   0.743200E+05   0.127409E-08  -0.607423E-09   0.202173E-09
   0.743400E+05   0.204644E-08  -0.838745E-09  -0.146672E-09
   0.743600E+05   0.255245E-08  -0.100155E-08  -0.476750E-09
   0.743800E+05   0.274849E-08  -0.109723E-08  -0.745195E-09
   0.744000E+05   0.262946E-08  -0.113134E-08  -0.917847E-09
   0.744200E+05   0.222874E-08  -0.111278E-08  -0.974416E-09
   0.744400E+05   0.161308E-08  -0.105285E-08  -0.911475E-09
   0.744600E+05   0.873383E-09  -0.964182E-09  -0.742822E-09
   0.744800E+05   0.112373E-09  -0.859557E-09  -0.497214E-09
   0.745000E+05  -0.569003E-09  -0.750686E-09  -0.213890E-09
   0.745200E+05  -0.108471E-08  -0.646997E-09   0.633443E-10
   0.745400E+05  -0.137447E-08  -0.554612E-09   0.292504E-09
   0.745600E+05  -0.141093E-08  -0.475663E-09   0.439281E-09
   0.745800E+05  -0.120228E-08  -0.408131E-09   0.481519E-09
   0.746000E+05  -0.790011E-09  -0.346310E-09   0.411724E-09
   0.746200E+05  -0.242354E-09  -0.281924E-09   0.237362E-09
   0.746400E+05   0.355645E-09  -0.205817E-09  -0.209105E-10
   0.746600E+05   0.913958E-09  -0.109985E-09  -0.332663E-09
   0.746800E+05   0.134965E-08   0.103535E-10  -0.662085E-09
   0.747000E+05   0.159760E-08   0.155017E-09  -0.972642E-09
   0.747200E+05   0.161852E-08   0.317827E-09  -0.123128E-08
   0.747400E+05   0.140332E-08   0.486539E-09  -0.141167E-08
   0.747600E+05   0.973484E-09   0.643889E-09  -0.149616E-08
   0.747800E+05   0.377554E-09   0.769696E-09  -0.147640E-08
   0.748000E+05  -0.315624E-09   0.843751E-09  -0.135279E-08
   0.748200E+05  -0.102584E-08   0.849101E-09  -0.113313E-08
   0.748400E+05  -0.167150E-08   0.775155E-09  -0.830748E-09
   0.748600E+05  -0.217930E-08   0.620092E-09  -0.462757E-09
   0.748800E+05  -0.249254E-08   0.392093E-09  -0.484523E-10
   0.749000E+05  -0.257713E-08   0.109081E-09   0.391768E-09
   0.749200E+05  -0.242473E-08  -0.203057E-09   0.837044E-09
   0.749400E+05  -0.205284E-08  -0.513597E-09   0.126636E-08
   0.749600E+05  -0.150191E-08  -0.790984E-09   0.165875E-08
   0.749800E+05  -0.830113E-09  -0.100711E-08   0.199357E-08
   0.750000E+05  -0.106233E-09  -0.114116E-08   0.225122E-08
   0.750200E+05   0.598243E-09  -0.118244E-08   0.241410E-08
   0.750400E+05   0.121705E-08  -0.113159E-08   0.246816E-08
   0.750600E+05   0.169616E-08  -0.100013E-08   0.240453E-08
   0.750800E+05   0.199908E-08  -0.808241E-09   0.222125E-08
   0.751000E+05   0.211000E-08  -0.581321E-09   0.192455E-08
   0.751200E+05   0.203426E-08  -0.345762E-09   0.152951E-08
   0.751400E+05   0.179641E-08  -0.124796E-09   0.105989E-08
   0.751600E+05   0.143589E-08   0.649227E-10   0.546780E-09
   0.751800E+05   0.100114E-08   0.215395E-09   0.263843E-10
   0.752000E+05   0.542763E-09   0.327670E-09  -0.463053E-09
   0.752200E+05   0.106803E-09   0.410508E-09  -0.884794E-09
   0.752400E+05  -0.270961E-09   0.477604E-09  -0.120721E-08
   0.752600E+05  -0.568933E-09   0.543908E-09  -0.140699E-08
   0.752800E+05  -0.781215E-09   0.621768E-09  -0.147161E-08
   0.753000E+05  -0.916534E-09   0.717636E-09  -0.140065E-08
   0.753200E+05  -0.994755E-09   0.830001E-09  -0.120593E-08
   0.753400E+05  -0.104157E-08   0.948954E-09  -0.910365E-09
   0.753600E+05  -0.108225E-08   0.105752E-08  -0.545730E-09
   0.753800E+05  -0.113556E-08   0.113452E-08  -0.149665E-09
   0.754000E+05  -0.120891E-08   0.115849E-08   0.237810E-09
   0.754200E+05  -0.129564E-08   0.111190E-08   0.577831E-09
   0.754400E+05  -0.137511E-08   0.984933E-09   0.835966E-09
   0.754600E+05  -0.141562E-08   0.778059E-09   0.984953E-09
   0.754800E+05  -0.137986E-08   0.502952E-09   0.100674E-08
   0.755000E+05  -0.123196E-08   0.181476E-09   0.893773E-09
   0.755200E+05  -0.945129E-09  -0.157102E-09   0.649528E-09
   0.755400E+05  -0.508392E-09  -0.480226E-09   0.288381E-09
   0.755600E+05   0.687095E-10  -0.756820E-09  -0.165128E-09
   0.755800E+05   0.754437E-09  -0.961893E-09  -0.677567E-09
   0.756000E+05   0.149668E-08  -0.108019E-08  -0.120839E-08
   0.756200E+05   0.222818E-08  -0.110830E-08  -0.171225E-08
   0.756400E+05   0.287454E-08  -0.105475E-08  -0.214186E-08
   0.756600E+05   0.336378E-08  -0.938301E-09  -0.245137E-08
   0.756800E+05   0.363617E-08  -0.784465E-09  -0.260026E-08
   0.757000E+05   0.365265E-08  -0.621076E-09  -0.255745E-08
   0.757200E+05   0.340069E-08  -0.473558E-09  -0.230536E-08
   0.757400E+05   0.289657E-08  -0.360733E-09  -0.184347E-08
   0.757600E+05   0.218368E-08  -0.291866E-09  -0.119073E-08
   0.757800E+05   0.132727E-08  -0.265438E-09  -0.386464E-09
   0.758000E+05   0.406209E-09  -0.269841E-09   0.511000E-09
   0.758200E+05  -0.496774E-09  -0.285836E-09   0.142794E-08
   0.758400E+05  -0.130510E-08  -0.290371E-09   0.228128E-08
   0.758600E+05  -0.195700E-08  -0.261074E-09   0.298661E-08
   0.758800E+05  -0.241177E-08  -0.180690E-09   0.346738E-08
   0.759000E+05  -0.265277E-08  -0.407072E-10   0.366440E-08
   0.759200E+05  -0.268693E-08   0.156413E-09   0.354411E-08
   0.759400E+05  -0.254119E-08   0.396763E-09   0.310469E-08
   0.759600E+05  -0.225656E-08   0.656352E-09   0.237863E-08
   0.759800E+05  -0.188090E-08   0.904095E-09   0.143121E-08
   0.760000E+05  -0.146165E-08   0.110596E-08   0.354675E-09
   0.760200E+05  -0.103972E-08   0.122968E-08  -0.741528E-09
   0.760400E+05  -0.645160E-09   0.124928E-08  -0.174331E-08
   0.760600E+05  -0.295317E-09   0.114893E-08  -0.254580E-08
   0.760800E+05   0.461978E-11   0.925343E-09  -0.306666E-08
   0.761000E+05   0.259056E-09   0.588767E-09  -0.325689E-08
   0.761200E+05   0.478084E-09   0.162153E-09  -0.310753E-08
   0.761400E+05   0.673091E-09  -0.321125E-09  -0.265111E-08
   0.761600E+05   0.852751E-09  -0.820757E-09  -0.195743E-08
   0.761800E+05   0.102013E-08  -0.129370E-08  -0.112417E-08
   0.762000E+05   0.117139E-08  -0.169860E-08  -0.263506E-09
   0.762200E+05   0.129618E-08  -0.199984E-08   0.513331E-09
   0.762400E+05   0.137965E-08  -0.217096E-08   0.111139E-08
   0.762600E+05   0.140553E-08  -0.219690E-08   0.146487E-08
   0.762800E+05   0.135973E-08  -0.207510E-08   0.154566E-08
   0.763000E+05   0.123376E-08  -0.181532E-08   0.136621E-08
   0.763200E+05   0.102731E-08  -0.143829E-08   0.976429E-09
   0.763400E+05   0.749570E-09  -0.973505E-09   0.454941E-09
   0.763600E+05   0.419014E-09  -0.456221E-09  -0.103658E-09
   0.763800E+05   0.616909E-10   0.758118E-10  -0.603700E-09
   0.764000E+05  -0.291728E-09   0.585705E-09  -0.963039E-09
   0.764200E+05  -0.609694E-09   0.104053E-08  -0.112508E-08
   0.764400E+05  -0.863743E-09   0.141394E-08  -0.106639E-08
   0.764600E+05  -0.103209E-08   0.168802E-08  -0.798845E-09
   0.764800E+05  -0.110232E-08   0.185440E-08  -0.366023E-09
   0.765000E+05  -0.107282E-08   0.191432E-08   0.165221E-09
   0.765200E+05  -0.952788E-09   0.187797E-08   0.716581E-09
   0.765400E+05  -0.760740E-09   0.176284E-08   0.121138E-08
   0.765600E+05  -0.521946E-09   0.159152E-08   0.158670E-08
   0.765800E+05  -0.265035E-09   0.138908E-08   0.180253E-08
   0.766000E+05  -0.183663E-10   0.118020E-08   0.184655E-08
   0.766200E+05   0.193335E-09   0.986532E-09   0.173394E-08
   0.766400E+05   0.351595E-09   0.824382E-09   0.150245E-08
   0.766600E+05   0.445739E-09   0.703131E-09   0.120383E-08
   0.766800E+05   0.473188E-09   0.624443E-09   0.893348E-09
   0.767000E+05   0.438574E-09   0.582427E-09   0.619370E-09
   0.767200E+05   0.351899E-09   0.564697E-09   0.414826E-09
   0.767400E+05   0.226142E-09   0.554241E-09   0.292118E-09
   0.767600E+05   0.747871E-10   0.531844E-09   0.242213E-09
   0.767800E+05  -0.902567E-10   0.478814E-09   0.237930E-09
   0.768000E+05  -0.259941E-09   0.379663E-09   0.240638E-09
   0.768200E+05  -0.428360E-09   0.224437E-09   0.208984E-09
   0.768400E+05  -0.592011E-09   0.103996E-10   0.107919E-09
   0.768600E+05  -0.748247E-09  -0.257126E-09  -0.836777E-10
   0.768800E+05  -0.893314E-09  -0.564867E-09  -0.368199E-09
   0.769000E+05  -0.102052E-08  -0.892674E-09  -0.728155E-09
   0.769200E+05  -0.111905E-08  -0.121542E-08  -0.112880E-08
   0.769400E+05  -0.117392E-08  -0.150558E-08  -0.152396E-08
   0.769600E+05  -0.116727E-08  -0.173608E-08  -0.186390E-08
   0.769800E+05  -0.108102E-08  -0.188334E-08  -0.210370E-08
   0.770000E+05  -0.900641E-09  -0.192987E-08  -0.221074E-08
   0.770200E+05  -0.619249E-09  -0.186644E-08  -0.216972E-08
   0.770400E+05  -0.241477E-09  -0.169338E-08  -0.198474E-08
   0.770600E+05   0.213870E-09  -0.142092E-08  -0.167785E-08
   0.770800E+05   0.713082E-09  -0.106851E-08  -0.128485E-08
   0.771000E+05   0.120923E-08  -0.663242E-09  -0.848962E-09
   0.771200E+05   0.164639E-08  -0.237357E-09  -0.413802E-09
   0.771400E+05   0.196617E-08   0.174771E-09  -0.169155E-10
   0.771600E+05   0.211564E-08   0.539951E-09   0.315048E-09
   0.771800E+05   0.205572E-08   0.829441E-09   0.568745E-09
   0.772000E+05   0.176865E-08   0.102181E-08   0.743949E-09
   0.772200E+05   0.126322E-08   0.110511E-08   0.851054E-09
   0.772400E+05   0.576757E-09   0.107805E-08   0.906998E-09
   0.772600E+05  -0.226844E-09   0.950144E-09   0.930577E-09
   0.772800E+05  -0.106311E-08   0.740672E-09   0.938155E-09
   0.773000E+05  -0.183644E-08   0.476610E-09   0.940586E-09
   0.773200E+05  -0.245195E-08   0.189766E-09   0.941841E-09
   0.773400E+05  -0.282805E-08  -0.866097E-10   0.939410E-09
   0.773600E+05  -0.290810E-08  -0.321337E-09   0.926139E-09
   0.773800E+05  -0.266928E-08  -0.488542E-09   0.892900E-09
   0.774000E+05  -0.212731E-08  -0.570263E-09   0.831316E-09
   0.774200E+05  -0.133610E-08  -0.558112E-09   0.735859E-09
   0.774400E+05  -0.382177E-09  -0.453843E-09   0.604842E-09
   0.774600E+05   0.625502E-09  -0.268765E-09   0.440155E-09
   0.774800E+05   0.156916E-08  -0.221301E-10   0.245971E-09
   0.775000E+05   0.233730E-08   0.261288E-09   0.269136E-10
   0.775200E+05   0.283940E-08   0.554076E-09  -0.213622E-09
   0.775400E+05   0.301794E-08   0.829160E-09  -0.474365E-09
   0.775600E+05   0.285622E-08   0.106250E-08  -0.755808E-09
   0.775800E+05   0.238086E-08   0.123522E-08  -0.105848E-08
   0.776000E+05   0.165838E-08   0.133491E-08  -0.138011E-08
   0.776200E+05   0.786517E-09   0.135605E-08  -0.171235E-08
   0.776400E+05  -0.118632E-09   0.129969E-08  -0.203788E-08
   0.776600E+05  -0.937960E-09   0.117229E-08  -0.232890E-08
   0.776800E+05  -0.156502E-08   0.984351E-09  -0.254779E-08
   0.777000E+05  -0.191994E-08   0.748708E-09  -0.265021E-08
   0.777200E+05  -0.195970E-08   0.479070E-09  -0.259074E-08
   0.777400E+05  -0.168349E-08   0.188838E-09  -0.233029E-08
   0.777600E+05  -0.113241E-08  -0.109622E-09  -0.184417E-08
   0.777800E+05  -0.383635E-09  -0.405220E-09  -0.112947E-08
   0.778000E+05   0.460054E-09  -0.688003E-09  -0.210170E-09
   0.778200E+05   0.128394E-08  -0.948758E-09   0.861109E-09
   0.778400E+05   0.197641E-08  -0.117857E-08   0.200562E-08
   0.778600E+05   0.244333E-08  -0.136850E-08   0.312523E-08
   0.778800E+05   0.261992E-08  -0.150956E-08   0.411284E-08
   0.779000E+05   0.247851E-08  -0.159304E-08   0.486508E-08
   0.779200E+05   0.203146E-08  -0.161119E-08   0.529556E-08
   0.779400E+05   0.132877E-08  -0.155822E-08   0.534670E-08
   0.779600E+05   0.450934E-09  -0.143141E-08   0.499824E-08
   0.779800E+05  -0.501937E-09  -0.123210E-08   0.427115E-08
   0.780000E+05  -0.142318E-08  -0.966533E-09   0.322617E-08
   0.780200E+05  -0.221308E-08  -0.646171E-09   0.195709E-08
   0.780400E+05  -0.279103E-08  -0.287509E-09   0.579778E-09
   0.780600E+05  -0.310470E-08   0.887089E-10  -0.781545E-09
   0.780800E+05  -0.313523E-08   0.458819E-09  -0.200877E-08
   0.781000E+05  -0.289782E-08   0.798007E-09  -0.300310E-08
   0.781200E+05  -0.243774E-08   0.108234E-08  -0.369519E-08
   0.781400E+05  -0.182261E-08   0.129085E-08  -0.405099E-08
   0.781600E+05  -0.113216E-08   0.140748E-08  -0.407271E-08
   0.781800E+05  -0.446797E-09   0.142263E-08  -0.379519E-08
   0.782000E+05   0.163025E-09   0.133421E-08  -0.327845E-08
   0.782200E+05   0.645435E-09   0.114800E-08  -0.259796E-08
   0.782400E+05   0.972441E-09   0.877415E-09  -0.183405E-08
   0.782600E+05   0.114133E-08   0.542426E-09  -0.106218E-08
   0.782800E+05   0.117215E-08   0.168011E-09  -0.345230E-09
   0.783000E+05   0.110181E-08  -0.217957E-09   0.271320E-09
   0.783200E+05   0.976028E-09  -0.587098E-09   0.761097E-09
   0.783400E+05   0.840333E-09  -0.912998E-09   0.111572E-08
   0.783600E+05   0.731887E-09  -0.117353E-08   0.134148E-08
   0.783800E+05   0.673312E-09  -0.135281E-08   0.145483E-08
   0.784000E+05   0.669615E-09  -0.144252E-08   0.147752E-08
   0.784200E+05   0.708631E-09  -0.144248E-08   0.143231E-08
   0.784400E+05   0.764818E-09  -0.136045E-08   0.133975E-08
   0.784600E+05   0.805644E-09  -0.121098E-08   0.121633E-08
   0.784800E+05   0.799328E-09  -0.101360E-08   0.107391E-08
   0.785000E+05   0.722455E-09  -0.790413E-09   0.920201E-09
   0.785200E+05   0.565996E-09  -0.563503E-09   0.759759E-09
   0.785400E+05   0.338512E-09  -0.352327E-09   0.595266E-09
   0.785600E+05   0.658541E-10  -0.171554E-09   0.428606E-09
   0.785800E+05  -0.212713E-09  -0.295890E-10   0.261628E-09
   0.786000E+05  -0.451365E-09   0.720039E-10   0.965367E-10
   0.786200E+05  -0.606361E-09   0.138097E-09  -0.639947E-10
   0.786400E+05  -0.644894E-09   0.178672E-09  -0.216857E-09
   0.786600E+05  -0.552492E-09   0.206775E-09  -0.358545E-09
   0.786800E+05  -0.337459E-09   0.236073E-09  -0.485134E-09
   0.787000E+05  -0.313574E-10   0.278405E-09  -0.592217E-09
   0.787200E+05   0.314806E-09   0.341722E-09  -0.674910E-09
   0.787400E+05   0.638251E-09   0.428745E-09  -0.728058E-09
   0.787600E+05   0.874783E-09   0.536582E-09  -0.746775E-09
   0.787800E+05   0.970133E-09   0.657352E-09  -0.727350E-09
   0.788000E+05   0.890290E-09   0.779708E-09  -0.668429E-09
   0.788200E+05   0.628937E-09   0.890985E-09  -0.572264E-09
   0.788400E+05   0.210504E-09   0.979600E-09  -0.445685E-09
   0.788600E+05  -0.311924E-09   0.103724E-08  -0.300461E-09
   0.788800E+05  -0.863770E-09   0.106048E-08  -0.152731E-09
   0.789000E+05  -0.136019E-08   0.105141E-08  -0.213808E-10
   0.789200E+05  -0.171965E-08   0.101734E-08   0.745692E-10
   0.789400E+05  -0.187763E-08   0.969340E-09   0.119237E-09
   0.789600E+05  -0.179815E-08   0.920085E-09   0.103267E-09
   0.789800E+05  -0.148112E-08   0.881290E-09   0.266600E-10
   0.790000E+05  -0.964004E-09   0.861186E-09  -0.996288E-10
   0.790200E+05  -0.317551E-09   0.862547E-09  -0.253854E-09
   0.790400E+05   0.364134E-09   0.881635E-09  -0.405671E-09
   0.790600E+05   0.977544E-09   0.908295E-09  -0.520232E-09
   0.790800E+05   0.142566E-08   0.927237E-09  -0.563695E-09
   0.791000E+05   0.163320E-08   0.920328E-09  -0.509319E-09
   0.791200E+05   0.155883E-08   0.869528E-09  -0.343090E-09
   0.791400E+05   0.120228E-08   0.760000E-09  -0.678371E-10
   0.791600E+05   0.605226E-09   0.582877E-09   0.295068E-09
   0.791800E+05  -0.154248E-09   0.337212E-09   0.706947E-09
   0.792000E+05  -0.972717E-09   0.307873E-10   0.111605E-08
   0.792200E+05  -0.173632E-08  -0.320366E-09   0.146428E-08
   0.792400E+05  -0.233716E-08  -0.693663E-09   0.169556E-08
   0.792600E+05  -0.268861E-08  -0.106262E-08   0.176438E-08
   0.792800E+05  -0.273733E-08  -0.140002E-08   0.164343E-08
   0.793000E+05  -0.247015E-08  -0.168114E-08   0.132868E-08
   0.793200E+05  -0.191510E-08  -0.188654E-08   0.841353E-09
   0.793400E+05  -0.113645E-08  -0.200394E-08   0.226101E-09
   0.793600E+05  -0.224997E-09  -0.202914E-08  -0.454272E-09
   0.793800E+05   0.714828E-09  -0.196572E-08  -0.112686E-08
   0.794000E+05   0.157904E-08  -0.182377E-08  -0.171823E-08
   0.794200E+05   0.227708E-08  -0.161795E-08  -0.216411E-08
   0.794400E+05   0.274211E-08  -0.136519E-08  -0.241769E-08
   0.794600E+05   0.293724E-08  -0.108249E-08  -0.245538E-08
   0.794800E+05   0.285742E-08  -0.785197E-09  -0.227912E-08
   0.795000E+05   0.252700E-08  -0.485840E-09  -0.191512E-08
   0.795200E+05   0.199412E-08  -0.193842E-09  -0.140936E-08
   0.795400E+05   0.132293E-08   0.841374E-10  -0.820545E-09
   0.795600E+05   0.585114E-09   0.343337E-09  -0.211856E-09
   0.795800E+05  -0.148040E-09   0.579799E-09   0.357337E-09
   0.796000E+05  -0.812127E-09   0.789347E-09   0.838508E-09
   0.796200E+05  -0.135427E-08   0.966893E-09   0.119886E-08
   0.796400E+05  -0.173584E-08   0.110626E-08   0.142353E-08
   0.796600E+05  -0.193355E-08   0.120056E-08   0.151505E-08
   0.796800E+05  -0.193954E-08   0.124311E-08   0.149044E-08
   0.797000E+05  -0.176071E-08   0.122862E-08   0.137663E-08
   0.797200E+05  -0.141787E-08   0.115452E-08   0.120514E-08
   0.797400E+05  -0.944665E-09   0.102208E-08   0.100693E-08
   0.797600E+05  -0.386005E-09   0.837132E-09   0.808120E-09
   0.797800E+05   0.204121E-09   0.610144E-09   0.627300E-09
   0.798000E+05   0.766025E-09   0.355726E-09   0.474468E-09
   0.798200E+05   0.123901E-08   0.914618E-10   0.351645E-09
   0.798400E+05   0.156734E-08  -0.163712E-09   0.254758E-09
   0.798600E+05   0.170696E-08  -0.391377E-09   0.176310E-09
   0.798800E+05   0.163222E-08  -0.575506E-09   0.108230E-09
   0.799000E+05   0.134134E-08  -0.704093E-09   0.443655E-10
   0.799200E+05   0.859612E-09  -0.770318E-09  -0.177949E-10
   0.799400E+05   0.239147E-09  -0.773110E-09  -0.764341E-10
   0.799600E+05  -0.445315E-09  -0.717063E-09  -0.125790E-09
   0.799800E+05  -0.110448E-08  -0.611717E-09  -0.157482E-09
   0.800000E+05  -0.164570E-08  -0.470332E-09  -0.162508E-09
   0.800200E+05  -0.198596E-08  -0.308307E-09  -0.133534E-09
   0.800400E+05  -0.206451E-08  -0.141450E-09  -0.670831E-10
   0.800600E+05  -0.185339E-08   0.156919E-10   0.347621E-10
   0.800800E+05  -0.136366E-08   0.151250E-09   0.163445E-09
   0.801000E+05  -0.646159E-09   0.257053E-09   0.304020E-09
   0.801200E+05   0.213765E-09   0.329144E-09   0.436296E-09
   0.801400E+05   0.110705E-08   0.367741E-09   0.536987E-09
   0.801600E+05   0.191584E-08   0.376698E-09   0.582639E-09
   0.801800E+05   0.253023E-08   0.362521E-09   0.553008E-09
   0.802000E+05   0.286438E-08   0.333098E-09   0.434444E-09
   0.802200E+05   0.286923E-08   0.296324E-09   0.222805E-09
   0.802400E+05   0.253990E-08   0.258807E-09  -0.746034E-10
   0.802600E+05   0.191642E-08   0.224852E-09  -0.438446E-09
   0.802800E+05   0.107757E-08   0.195891E-09  -0.838418E-09
   0.803000E+05   0.129129E-09   0.170453E-09  -0.123598E-08
   0.803200E+05  -0.811958E-09   0.144697E-09  -0.158861E-08
   0.803400E+05  -0.163449E-08   0.113457E-09  -0.185503E-08
   0.803600E+05  -0.224847E-08   0.716346E-10  -0.200088E-08
   0.803800E+05  -0.259660E-08   0.157063E-10  -0.200392E-08
   0.804000E+05  -0.266000E-08  -0.549093E-10  -0.185792E-08
   0.804200E+05  -0.245756E-08  -0.136912E-09  -0.157455E-08
   0.804400E+05  -0.203936E-08  -0.222831E-09  -0.118285E-08
   0.804600E+05  -0.147560E-08  -0.301527E-09  -0.725954E-09
   0.804800E+05  -0.843284E-09  -0.359491E-09  -0.255574E-09
   0.805000E+05  -0.213222E-09  -0.382816E-09   0.175192E-09
   0.805200E+05   0.360368E-09  -0.359578E-09   0.519655E-09
   0.805400E+05   0.845827E-09  -0.282240E-09   0.744719E-09
   0.805600E+05   0.123482E-08  -0.149681E-09   0.836257E-09
   0.805800E+05   0.153812E-08   0.315614E-10   0.801680E-09
   0.806000E+05   0.177761E-08   0.247136E-09   0.669118E-09
   0.806200E+05   0.197648E-08   0.475955E-09   0.483151E-09
   0.806400E+05   0.214986E-08   0.692466E-09   0.297623E-09
   0.806600E+05   0.229799E-08   0.869847E-09   0.166585E-09
   0.806800E+05   0.240358E-08   0.983711E-09   0.134796E-09
   0.807000E+05   0.243390E-08   0.101575E-08   0.229368E-09
   0.807200E+05   0.234742E-08   0.956756E-09   0.454020E-09
   0.807400E+05   0.210361E-08   0.808445E-09   0.787030E-09
   0.807600E+05   0.167398E-08   0.583814E-09   0.118342E-08
   0.807800E+05   0.105195E-08   0.305802E-09   0.158119E-08
   0.808000E+05   0.259564E-09   0.444085E-11   0.191076E-08
   0.808200E+05  -0.650777E-09  -0.287137E-09   0.210611E-08
   0.808400E+05  -0.160010E-08  -0.537262E-09   0.211599E-08
   0.808600E+05  -0.249196E-08  -0.720154E-09   0.191314E-08
   0.808800E+05  -0.322542E-08  -0.819537E-09   0.150019E-08
   0.809000E+05  -0.370993E-08  -0.830863E-09   0.910894E-09
   0.809200E+05  -0.387952E-08  -0.761805E-09   0.206614E-09
   0.809400E+05  -0.370386E-08  -0.630915E-09  -0.531711E-09
   0.809600E+05  -0.319431E-08  -0.464693E-09  -0.121483E-08
   0.809800E+05  -0.240371E-08  -0.293517E-09  -0.175801E-08
   0.810000E+05  -0.142004E-08  -0.147105E-09  -0.209347E-08
   0.810200E+05  -0.354632E-09  -0.502075E-10  -0.218038E-08
   0.810400E+05   0.672916E-09  -0.192204E-10  -0.201107E-08
   0.810600E+05   0.155095E-08  -0.601975E-10  -0.161216E-08
   0.810800E+05   0.219047E-08  -0.168526E-09  -0.104086E-08
   0.811000E+05   0.253613E-08  -0.330229E-09  -0.376590E-09
   0.811200E+05   0.257195E-08  -0.524594E-09   0.290421E-09
   0.811400E+05   0.232108E-08  -0.727621E-09   0.871994E-09
   0.811600E+05   0.184000E-08  -0.915663E-09   0.129432E-08
   0.811800E+05   0.120820E-08  -0.106865E-08   0.150788E-08
   0.812000E+05   0.515370E-09  -0.117240E-08   0.149365E-08
   0.812200E+05  -0.151856E-09  -0.121969E-08   0.126466E-08
   0.812400E+05  -0.721460E-09  -0.121007E-08   0.862923E-09
   0.812600E+05  -0.114425E-08  -0.114856E-08   0.352373E-09
   0.812800E+05  -0.139773E-08  -0.104366E-08  -0.191065E-09
   0.813000E+05  -0.148530E-08  -0.905083E-09  -0.690619E-09
   0.813200E+05  -0.143160E-08  -0.741796E-09  -0.107939E-08
   0.813400E+05  -0.127487E-08  -0.560679E-09  -0.130907E-08
   0.813600E+05  -0.105813E-08  -0.366091E-09  -0.135562E-08
   0.813800E+05  -0.820803E-09  -0.160322E-09  -0.122107E-08
   0.814000E+05  -0.592081E-09   0.552411E-10  -0.931693E-09
   0.814200E+05  -0.387262E-09   0.278606E-09  -0.532870E-09
   0.814400E+05  -0.207313E-09   0.505739E-09  -0.816745E-10
   0.814600E+05  -0.415436E-10   0.729624E-09   0.361552E-09
   0.814800E+05   0.127376E-09   0.940121E-09   0.741414E-09
   0.815000E+05   0.317162E-09   0.112474E-08   0.101430E-08
   0.815200E+05   0.539732E-09   0.127028E-08   0.115302E-08
   0.815400E+05   0.796290E-09   0.136493E-08   0.114883E-08
   0.815600E+05   0.107464E-08   0.140061E-08   0.101076E-08
   0.815800E+05   0.134927E-08   0.137484E-08   0.762767E-09
   0.816000E+05   0.158418E-08   0.129188E-08   0.439191E-09
   0.816200E+05   0.173807E-08   0.116267E-08   0.795166E-10
   0.816400E+05   0.177101E-08   0.100368E-08  -0.276881E-09
   0.816600E+05   0.165155E-08   0.834595E-09  -0.595222E-09
   0.816800E+05   0.136296E-08   0.675370E-09  -0.848565E-09
   0.817000E+05   0.907860E-09   0.543090E-09  -0.101959E-08
   0.817200E+05   0.310102E-09   0.449214E-09  -0.110095E-08
   0.817400E+05  -0.386204E-09   0.397740E-09  -0.109439E-08
   0.817600E+05  -0.112063E-08   0.384665E-09  -0.100911E-08
   0.817800E+05  -0.182281E-08   0.398857E-09  -0.859733E-09
   0.818000E+05  -0.242053E-08   0.424225E-09  -0.664209E-09
   0.818200E+05  -0.284833E-08   0.442806E-09  -0.442096E-09
   0.818400E+05  -0.305563E-08   0.438223E-09  -0.213180E-09
   0.818600E+05  -0.301318E-08   0.398859E-09   0.348738E-11
   0.818800E+05  -0.271697E-08   0.320185E-09   0.190294E-09
   0.819000E+05  -0.218918E-08   0.205764E-09   0.331691E-09
   0.819200E+05  -0.147582E-08   0.667596E-10   0.414917E-09
   0.819400E+05  -0.641478E-09  -0.799923E-10   0.430920E-09
   0.819600E+05   0.238149E-09  -0.214990E-09   0.375467E-09
   0.819800E+05   0.108501E-08  -0.319607E-09   0.250306E-09
   0.820000E+05   0.182757E-08  -0.379498E-09   0.641090E-10
   0.820200E+05   0.240862E-08  -0.387250E-09  -0.167088E-09
   0.820400E+05   0.279101E-08  -0.343765E-09  -0.420277E-09
   0.820600E+05   0.296057E-08  -0.258126E-09  -0.666899E-09
   0.820800E+05   0.292591E-08  -0.145966E-09  -0.875348E-09
   0.821000E+05   0.271525E-08  -0.266620E-10  -0.101443E-08
   0.821200E+05   0.237081E-08   0.801292E-10  -0.105736E-08
   0.821400E+05   0.194171E-08   0.157918E-09  -0.985887E-09
   0.821600E+05   0.147648E-08   0.196158E-09  -0.793719E-09
   0.821800E+05   0.101648E-08   0.191830E-09  -0.488810E-09
   0.822000E+05   0.591017E-09   0.149516E-09  -0.938517E-10
   0.822200E+05   0.215113E-09   0.799820E-10   0.355263E-09
   0.822400E+05  -0.110032E-09  -0.246716E-11   0.813030E-09
   0.822600E+05  -0.393951E-09  -0.833144E-10   0.122963E-08
   0.822800E+05  -0.651955E-09  -0.151173E-09   0.155727E-08
   0.823000E+05  -0.899290E-09  -0.200458E-09   0.175679E-08
   0.823200E+05  -0.114557E-08  -0.232816E-09   0.180339E-08
   0.823400E+05  -0.139061E-08  -0.256985E-09   0.169072E-08
   0.823600E+05  -0.162251E-08  -0.287051E-09   0.143256E-08
   0.823800E+05  -0.181848E-08  -0.339378E-09   0.106160E-08
   0.824000E+05  -0.194829E-08  -0.428780E-09   0.625534E-09
   0.824200E+05  -0.197985E-08  -0.564649E-09   0.180759E-09
   0.824400E+05  -0.188586E-08  -0.747799E-09  -0.215367E-09
   0.824600E+05  -0.165031E-08  -0.968710E-09  -0.512653E-09
   0.824800E+05  -0.127367E-08  -0.120756E-08  -0.675377E-09
   0.825000E+05  -0.775472E-09  -0.143621E-08  -0.687625E-09
   0.825200E+05  -0.193906E-09  -0.162183E-08  -0.555849E-09
   0.825400E+05   0.417960E-09  -0.173171E-08  -0.308192E-09
   0.825600E+05   0.998680E-09  -0.173842E-08   0.938892E-11
   0.825800E+05   0.148678E-08  -0.162445E-08   0.339644E-09
   0.826000E+05   0.182963E-08  -0.138563E-08   0.622289E-09
   0.826200E+05   0.199127E-08  -0.103255E-08   0.802779E-09
   0.826400E+05   0.195804E-08  -0.589892E-09   0.840319E-09
   0.826600E+05   0.174081E-08  -0.936158E-10   0.713943E-09
   0.826800E+05   0.137360E-08   0.413535E-09   0.425781E-09
   0.827000E+05   0.908500E-09   0.887517E-09   0.106781E-11
   0.827200E+05   0.407964E-09   0.128859E-08  -0.515090E-09
   0.827400E+05  -0.645358E-10   0.158620E-08  -0.106367E-08
   0.827600E+05  -0.453839E-09   0.176234E-08  -0.157951E-08
   0.827800E+05  -0.720976E-09   0.181306E-08  -0.199986E-08
   0.828000E+05  -0.848328E-09   0.174777E-08  -0.227236E-08
   0.828200E+05  -0.841308E-09   0.158682E-08  -0.236152E-08
   0.828400E+05  -0.726346E-09   0.135757E-08  -0.225276E-08
   0.828600E+05  -0.545632E-09   0.108994E-08  -0.195363E-08
   0.828800E+05  -0.349540E-09   0.811969E-09  -0.149220E-08
   0.829000E+05  -0.188052E-09   0.546318E-09  -0.912827E-09
   0.829200E+05  -0.102583E-09   0.308065E-09  -0.270295E-09
   0.829400E+05  -0.119521E-09   0.104144E-09   0.377125E-09
   0.829600E+05  -0.246426E-09  -0.656723E-10   0.974480E-09
   0.829800E+05  -0.471348E-09  -0.206582E-09   0.147605E-08
   0.830000E+05  -0.765217E-09  -0.325891E-09   0.184962E-08
   0.830200E+05  -0.108671E-08  -0.430106E-09   0.207881E-08
   0.830400E+05  -0.138868E-08  -0.522600E-09   0.216311E-08
   0.830600E+05  -0.162501E-08  -0.602287E-09   0.211615E-08
   0.830800E+05  -0.175682E-08  -0.663552E-09   0.196229E-08
   0.831000E+05  -0.175714E-08  -0.697390E-09   0.173233E-08
   0.831200E+05  -0.161355E-08  -0.693490E-09   0.145895E-08
   0.831400E+05  -0.132864E-08  -0.642798E-09   0.117251E-08
   0.831600E+05  -0.918583E-09  -0.540013E-09   0.897625E-09
   0.831800E+05  -0.410313E-09  -0.385496E-09   0.651120E-09
   0.832000E+05   0.161907E-09  -0.186194E-09   0.441254E-09
   0.832200E+05   0.759947E-09   0.446130E-10   0.268350E-09
   0.832400E+05   0.134476E-08   0.288717E-09   0.126512E-09
   0.832600E+05   0.187858E-08   0.525266E-09   0.610727E-11
   0.832800E+05   0.232636E-08   0.733518E-09  -0.103474E-09
   0.833000E+05   0.265678E-08   0.895562E-09  -0.211209E-09
   0.833200E+05   0.284310E-08   0.998521E-09  -0.322422E-09
   0.833400E+05   0.286436E-08   0.103588E-08  -0.437652E-09
   0.833600E+05   0.270704E-08   0.100776E-08  -0.552568E-09
   0.833800E+05   0.236728E-08   0.920122E-09  -0.658919E-09
   0.834000E+05   0.185334E-08   0.783183E-09  -0.746341E-09
   0.834200E+05   0.118775E-08   0.609374E-09  -0.804682E-09
   0.834400E+05   0.408496E-09   0.411260E-09  -0.826441E-09
   0.834600E+05  -0.431424E-09   0.199855E-09  -0.808843E-09
   0.834800E+05  -0.126661E-08  -0.163836E-10  -0.755157E-09
   0.835000E+05  -0.202420E-08  -0.231751E-09  -0.674943E-09
   0.835200E+05  -0.263092E-08  -0.442724E-09  -0.583100E-09
   0.835400E+05  -0.302149E-08  -0.646848E-09  -0.497802E-09
   0.835600E+05  -0.314741E-08  -0.841435E-09  -0.437574E-09
   0.835800E+05  -0.298466E-08  -0.102241E-08  -0.417985E-09
   0.836000E+05  -0.253919E-08  -0.118370E-08  -0.448486E-09
   0.836200E+05  -0.184884E-08  -0.131724E-08  -0.529985E-09
   0.836400E+05  -0.981284E-09  -0.141386E-08  -0.653624E-09
   0.836600E+05  -0.276086E-10  -0.146467E-08  -0.801096E-09
   0.836800E+05   0.907594E-09  -0.146280E-08  -0.946557E-09
   0.837000E+05   0.171865E-08  -0.140503E-08  -0.105995E-08
   0.837200E+05   0.231204E-08  -0.129308E-08  -0.111132E-08
   0.837400E+05   0.261849E-08  -0.113393E-08  -0.107542E-08
   0.837600E+05   0.260237E-08  -0.939348E-09  -0.935958E-09
   0.837800E+05   0.226670E-08  -0.724404E-09  -0.688805E-09
   0.838000E+05   0.165315E-08  -0.505303E-09  -0.343495E-09
   0.838200E+05   0.836879E-09  -0.296869E-09   0.771340E-10
   0.838400E+05  -0.831242E-10  -0.110172E-09   0.539251E-09
   0.838600E+05  -0.996829E-09   0.492551E-10   0.100194E-08
   0.838800E+05  -0.179724E-08   0.182225E-09   0.142215E-08
   0.839000E+05  -0.239383E-08   0.295529E-09   0.175995E-08
   0.839200E+05  -0.272339E-08   0.400416E-09   0.198331E-08
   0.839400E+05  -0.275696E-08   0.510138E-09   0.207169E-08
   0.839600E+05  -0.250189E-08   0.636995E-09   0.201805E-08
   0.839800E+05  -0.199908E-08   0.789399E-09   0.182899E-08
   0.840000E+05  -0.131583E-08   0.969496E-09   0.152315E-08
   0.840200E+05  -0.535775E-09   0.117180E-08   0.112829E-08
   0.840400E+05   0.252707E-09   0.138312E-08   0.677642E-09
   0.840600E+05   0.967812E-09   0.158386E-08   0.206053E-09
   0.840800E+05   0.154380E-08   0.175046E-08  -0.253333E-09
   0.841000E+05   0.193753E-08   0.185865E-08  -0.671521E-09
   0.841200E+05   0.213130E-08   0.188701E-08  -0.102502E-08
   0.841400E+05   0.213218E-08   0.182015E-08  -0.129613E-08
   0.841600E+05   0.196799E-08   0.165121E-08  -0.147251E-08
   0.841800E+05   0.168118E-08   0.138309E-08  -0.154641E-08
   0.842000E+05   0.132153E-08   0.102844E-08  -0.151389E-08
   0.842200E+05   0.938874E-09   0.608340E-09  -0.137466E-08
   0.842400E+05   0.576962E-09   0.149959E-09  -0.113244E-08
   0.842600E+05   0.268991E-09  -0.316392E-09  -0.795919E-09
   0.842800E+05   0.352772E-10  -0.760359E-09  -0.380051E-09
   0.843000E+05  -0.117023E-09  -0.115435E-08   0.928732E-10
   0.843200E+05  -0.192449E-09  -0.147573E-08   0.592776E-09
   0.843400E+05  -0.204552E-09  -0.170815E-08   0.108251E-08
   0.843600E+05  -0.172588E-09  -0.184201E-08   0.151997E-08
   0.843800E+05  -0.118123E-09  -0.187424E-08   0.186168E-08
   0.844000E+05  -0.619806E-10  -0.180750E-08   0.206745E-08
   0.844200E+05  -0.217950E-10  -0.164920E-08   0.210561E-08
   0.844400E+05  -0.102707E-10  -0.141045E-08   0.195795E-08
   0.844600E+05  -0.341438E-10  -0.110533E-08   0.162360E-08
   0.844800E+05  -0.937705E-10  -0.750251E-09   0.112099E-08
   0.845000E+05  -0.183268E-09  -0.363648E-09   0.487375E-09
   0.845200E+05  -0.291158E-09   0.343752E-10  -0.224085E-09
   0.845400E+05  -0.401514E-09   0.422485E-09  -0.949723E-09
   0.845600E+05  -0.495614E-09   0.778866E-09  -0.162235E-08
   0.845800E+05  -0.554094E-09   0.108236E-08  -0.217901E-08
   0.846000E+05  -0.559509E-09   0.131399E-08  -0.256843E-08
   0.846200E+05  -0.499102E-09   0.145870E-08  -0.275696E-08
   0.846400E+05  -0.367458E-09   0.150711E-08  -0.273233E-08
   0.846600E+05  -0.168612E-09   0.145690E-08  -0.250452E-08
   0.846800E+05   0.828454E-10   0.131367E-08  -0.210374E-08
   0.847000E+05   0.362066E-09   0.109080E-08  -0.157592E-08
   0.847200E+05   0.635904E-09   0.808463E-09  -0.976296E-09
   0.847400E+05   0.866516E-09   0.491621E-09  -0.362284E-09
   0.847600E+05   0.101632E-08   0.167378E-09   0.213461E-09
   0.847800E+05   0.105370E-08  -0.138043E-09   0.708702E-09
   0.848000E+05   0.958597E-09  -0.402222E-09   0.109531E-08
   0.848200E+05   0.727091E-09  -0.608933E-09   0.136061E-08
   0.848400E+05   0.374025E-09  -0.749634E-09   0.150633E-08
   0.848600E+05  -0.669851E-10  -0.823836E-09   0.154574E-08
   0.848800E+05  -0.546474E-09  -0.838310E-09   0.149936E-08
   0.849000E+05  -0.100480E-08  -0.805301E-09   0.139040E-08
   0.849200E+05  -0.137992E-08  -0.740059E-09   0.124050E-08
   0.849400E+05  -0.161625E-08  -0.658141E-09   0.106660E-08
   0.849600E+05  -0.167317E-08  -0.572930E-09   0.879275E-09
   0.849800E+05  -0.153190E-08  -0.493793E-09   0.682765E-09
   0.850000E+05  -0.119949E-08  -0.425154E-09   0.476432E-09
   0.850200E+05  -0.709105E-09  -0.366584E-09   0.257229E-09
   0.850400E+05  -0.116469E-09  -0.313826E-09   0.226014E-10
   0.850600E+05   0.507296E-09  -0.260502E-09  -0.226835E-09
   0.850800E+05   0.108530E-08  -0.200122E-09  -0.485392E-09
   0.851000E+05   0.154564E-08  -0.127981E-09  -0.741579E-09
   0.851200E+05   0.183160E-08  -0.425727E-10  -0.978697E-09
   0.851400E+05   0.190969E-08   0.537532E-10  -0.117668E-08
   0.851600E+05   0.177431E-08   0.155007E-09  -0.131484E-08
   0.851800E+05   0.144819E-08   0.252571E-09  -0.137513E-08
   0.852000E+05   0.978615E-09   0.336803E-09  -0.134518E-08
   0.852200E+05   0.430069E-09   0.398884E-09  -0.122088E-08
   0.852400E+05  -0.125572E-09   0.432547E-09  -0.100770E-08
   0.852600E+05  -0.619681E-09   0.435333E-09  -0.720851E-09
   0.852800E+05  -0.996670E-09   0.409137E-09  -0.383922E-09
   0.853000E+05  -0.122140E-08   0.359932E-09  -0.263609E-10
   0.853200E+05  -0.128316E-08   0.296737E-09   0.320000E-09
   0.853400E+05  -0.119558E-08   0.230022E-09   0.624830E-09
   0.853600E+05  -0.992878E-09   0.169878E-09   0.863076E-09
   0.853800E+05  -0.722961E-09   0.124291E-09   0.101809E-08
   0.854000E+05  -0.438806E-09   0.978492E-10   0.108365E-08
   0.854200E+05  -0.189570E-09   0.911287E-10   0.106458E-08
   0.854400E+05  -0.128886E-10   0.100861E-09   0.975779E-09
   0.854600E+05   0.704225E-10   0.120830E-09   0.839923E-09
   0.854800E+05   0.585131E-10   0.143321E-09   0.683927E-09
   0.855000E+05  -0.326747E-10   0.160823E-09   0.534836E-09
   0.855200E+05  -0.173510E-09   0.167647E-09   0.415645E-09
   0.855400E+05  -0.326838E-09   0.161144E-09   0.341717E-09
   0.855600E+05  -0.455050E-09   0.142263E-09   0.318369E-09
   0.855800E+05  -0.526795E-09   0.115354E-09   0.340051E-09
   0.856000E+05  -0.522233E-09   0.872165E-10   0.391329E-09
   0.856200E+05  -0.436029E-09   0.655736E-10   0.449603E-09
   0.856400E+05  -0.277722E-09   0.572550E-10   0.489189E-09
   0.856600E+05  -0.695705E-10   0.664228E-10   0.486195E-09
   0.856800E+05   0.157604E-09   0.931882E-10   0.423372E-09
   0.857000E+05   0.369770E-09   0.132903E-09   0.294152E-09
   0.857200E+05   0.535270E-09   0.176298E-09   0.105076E-09
   0.857400E+05   0.629735E-09   0.210501E-09  -0.123906E-09
   0.857600E+05   0.639574E-09   0.220820E-09  -0.361502E-09
   0.857800E+05   0.563612E-09   0.193040E-09  -0.569354E-09
   0.858000E+05   0.412755E-09   0.115883E-09  -0.707972E-09
   0.858200E+05   0.207894E-09  -0.167313E-10  -0.743450E-09
   0.858400E+05  -0.234890E-10  -0.204012E-09  -0.653897E-09
   0.858600E+05  -0.251409E-09  -0.437481E-09  -0.434471E-09
   0.858800E+05  -0.447509E-09  -0.701185E-09  -0.100067E-09
   0.859000E+05  -0.588669E-09  -0.972962E-09   0.314976E-09
   0.859200E+05  -0.659658E-09  -0.122662E-08   0.760290E-09
   0.859400E+05  -0.654589E-09  -0.143478E-08   0.117571E-08
   0.859600E+05  -0.577147E-09  -0.157201E-08   0.149943E-08
   0.859800E+05  -0.439673E-09  -0.161788E-08   0.167701E-08
   0.860000E+05  -0.261364E-09  -0.155946E-08   0.166964E-08
   0.860200E+05  -0.658484E-10  -0.139311E-08   0.146059E-08
   0.860400E+05   0.121553E-09  -0.112515E-08   0.105854E-08
   0.860600E+05   0.276607E-09  -0.771415E-09   0.497321E-09
   0.860800E+05   0.378766E-09  -0.355785E-09  -0.168050E-09
   0.861000E+05   0.413389E-09   0.921561E-10  -0.868473E-09
   0.861200E+05   0.373425E-09   0.540057E-09  -0.152993E-08
   0.861400E+05   0.260432E-09   0.955936E-09  -0.208334E-08
   0.861600E+05   0.848311E-10   0.131117E-08  -0.247356E-08
   0.861800E+05  -0.134705E-09   0.158300E-08  -0.266619E-08
   0.862000E+05  -0.372722E-09   0.175629E-08  -0.265123E-08
   0.862200E+05  -0.599304E-09   0.182444E-08  -0.244301E-08
   0.862400E+05  -0.783068E-09   0.178930E-08  -0.207666E-08
   0.862600E+05  -0.894618E-09   0.166031E-08  -0.160175E-08
   0.862800E+05  -0.910101E-09   0.145300E-08  -0.107433E-08
   0.863000E+05  -0.814448E-09   0.118696E-08  -0.548609E-09
   0.863200E+05  -0.603879E-09   0.883807E-09  -0.697993E-10
   0.863400E+05  -0.287285E-09   0.565087E-09   0.330961E-09
   0.863600E+05   0.113808E-09   0.250612E-09   0.638806E-09
   0.863800E+05   0.566784E-09  -0.428550E-10   0.854387E-09
   0.864000E+05   0.103092E-08  -0.302377E-09   0.990565E-09
   0.864200E+05   0.146151E-08  -0.519142E-09   0.106736E-08
   0.864400E+05   0.181462E-08  -0.688347E-09   0.110629E-08
   0.864600E+05   0.205199E-08  -0.808771E-09   0.112515E-08
   0.864800E+05   0.214536E-08  -0.882155E-09   0.113429E-08
   0.865000E+05   0.207971E-08  -0.912507E-09   0.113502E-08
   0.865200E+05   0.185505E-08  -0.905410E-09   0.112018E-08
   0.865400E+05   0.148648E-08  -0.867394E-09   0.107681E-08
   0.865600E+05   0.100259E-08  -0.805388E-09   0.990116E-09
   0.865800E+05   0.442370E-09  -0.726267E-09   0.847936E-09
   0.866000E+05  -0.148749E-09  -0.636469E-09   0.644711E-09
   0.866200E+05  -0.723495E-09  -0.541696E-09   0.384184E-09
   0.866400E+05  -0.123719E-08  -0.446683E-09   0.802661E-10
   0.866600E+05  -0.165165E-08  -0.355059E-09  -0.244077E-09
   0.866800E+05  -0.193821E-08  -0.269320E-09  -0.559711E-09
   0.867000E+05  -0.207953E-08  -0.190924E-09  -0.835459E-09
   0.867200E+05  -0.207031E-08  -0.120521E-09  -0.104270E-08
   0.867400E+05  -0.191688E-08  -0.582766E-10  -0.115967E-08
   0.867600E+05  -0.163599E-08  -0.425972E-11  -0.117470E-08
   0.867800E+05  -0.125286E-08   0.412036E-10  -0.108794E-08
   0.868000E+05  -0.798958E-09   0.772863E-10  -0.911349E-09
   0.868200E+05  -0.309549E-09   0.102614E-09  -0.667002E-09
   0.868400E+05   0.178806E-09   0.115469E-09  -0.384121E-09
   0.868600E+05   0.630692E-09   0.114250E-09  -0.952995E-10
   0.868800E+05   0.101421E-08   0.981253E-10   0.167455E-09
   0.869000E+05   0.130319E-08   0.677706E-10   0.376348E-09
   0.869200E+05   0.147918E-08   0.260248E-10   0.510659E-09
   0.869400E+05   0.153313E-08  -0.217166E-10   0.558604E-09
   0.869600E+05   0.146646E-08  -0.675285E-10   0.518129E-09
   0.869800E+05   0.129148E-08  -0.101505E-09   0.396714E-09
   0.870000E+05   0.103082E-08  -0.112845E-09   0.210356E-09
   0.870200E+05   0.715792E-09  -0.913717E-10  -0.180649E-10
   0.870400E+05   0.383631E-09  -0.292895E-10  -0.260860E-09
   0.870600E+05   0.738267E-10   0.771027E-10  -0.487906E-09
   0.870800E+05  -0.176262E-09   0.226068E-09  -0.669220E-09
   0.871000E+05  -0.335969E-09   0.409750E-09  -0.777668E-09
   0.871200E+05  -0.385515E-09   0.614362E-09  -0.791686E-09
   0.871400E+05  -0.319222E-09   0.821351E-09  -0.697861E-09
   0.871600E+05  -0.147195E-09   0.100943E-08  -0.493139E-09
   0.871800E+05   0.104925E-09   0.115727E-08  -0.186322E-09
   0.872000E+05   0.398296E-09   0.124641E-08   0.201461E-09
   0.872200E+05   0.685193E-09   0.126403E-08   0.637612E-09
   0.872400E+05   0.914868E-09   0.120502E-08   0.108044E-08
   0.872600E+05   0.104028E-08   0.107303E-08   0.148300E-08
   0.872800E+05   0.102485E-08   0.880252E-09   0.179817E-08
   0.873000E+05   0.848263E-09   0.645940E-09   0.198439E-08
   0.873200E+05   0.510471E-09   0.393785E-09   0.201135E-08
   0.873400E+05   0.332483E-10   0.148640E-09   0.186477E-08
   0.873600E+05  -0.541141E-09  -0.669821E-10   0.154956E-08
   0.873800E+05  -0.115410E-08  -0.236017E-09   0.109048E-08
   0.874000E+05  -0.173733E-08  -0.349083E-09   0.530266E-09
   0.874200E+05  -0.222109E-08  -0.405456E-09  -0.749719E-10
   0.874400E+05  -0.254312E-08  -0.412645E-09  -0.662435E-09
   0.874600E+05  -0.265709E-08  -0.384642E-09  -0.117059E-08
   0.874800E+05  -0.253919E-08  -0.339183E-09  -0.154728E-08
   0.875000E+05  -0.219222E-08  -0.294490E-09  -0.175673E-08
   0.875200E+05  -0.164627E-08  -0.266080E-09  -0.178437E-08
   0.875400E+05  -0.955843E-09  -0.264208E-09  -0.163873E-08
   0.875600E+05  -0.193764E-09  -0.292362E-09  -0.134995E-08
   0.875800E+05   0.557507E-09  -0.347065E-09  -0.965177E-09
   0.876000E+05   0.121603E-08  -0.418978E-09  -0.541498E-09
   0.876200E+05   0.171065E-08  -0.495051E-09  -0.137481E-09
   0.876400E+05   0.199008E-08  -0.561306E-09   0.195330E-09
   0.876600E+05   0.202943E-08  -0.605695E-09   0.419643E-09
   0.876800E+05   0.183335E-08  -0.620498E-09   0.517254E-09
   0.877000E+05   0.143535E-08  -0.603799E-09   0.490761E-09
   0.877200E+05   0.893150E-09  -0.559783E-09   0.361939E-09
   0.877400E+05   0.280959E-09  -0.497806E-09   0.167133E-09
   0.877600E+05  -0.320544E-09  -0.430443E-09  -0.495071E-10
   0.877800E+05  -0.834972E-09  -0.370891E-09  -0.243790E-09
   0.878000E+05  -0.120031E-08  -0.330253E-09  -0.378923E-09
   0.878200E+05  -0.137686E-08  -0.315203E-09  -0.431414E-09
   0.878400E+05  -0.135203E-08  -0.326502E-09  -0.394495E-09
   0.878600E+05  -0.114115E-08  -0.358630E-09  -0.278571E-09
   0.878800E+05  -0.784407E-09  -0.400614E-09  -0.108723E-09
   0.879000E+05  -0.340304E-09  -0.437881E-09   0.802414E-10
   0.879200E+05   0.123373E-09  -0.454807E-09   0.250254E-09
   0.879400E+05   0.539650E-09  -0.437481E-09   0.366856E-09
   0.879600E+05   0.852059E-09  -0.376203E-09   0.405289E-09
   0.879800E+05   0.102247E-08  -0.267266E-09   0.354813E-09
   0.880000E+05   0.103594E-08  -0.113737E-09   0.220581E-09
   0.880200E+05   0.901903E-09   0.748701E-10   0.228377E-10
   0.880400E+05   0.651666E-09   0.283935E-09  -0.206359E-09
   0.880600E+05   0.332598E-09   0.495811E-09  -0.428265E-09
   0.880800E+05   0.137039E-12   0.692260E-09  -0.603554E-09
   0.881000E+05  -0.291153E-09   0.856831E-09  -0.698384E-09
   0.881200E+05  -0.496001E-09   0.976781E-09  -0.689481E-09
   0.881400E+05  -0.585012E-09   0.104429E-08  -0.567496E-09
   0.881600E+05  -0.548427E-09   0.105685E-08  -0.338211E-09
   0.881800E+05  -0.396572E-09   0.101683E-08  -0.215313E-10
   0.882000E+05  -0.157053E-09   0.930498E-09   0.351444E-09
   0.882200E+05   0.130707E-09   0.806629E-09   0.742712E-09
   0.882400E+05   0.422548E-09   0.655141E-09   0.111229E-08
   0.882600E+05   0.677034E-09   0.485908E-09   0.142302E-08
   0.882800E+05   0.861986E-09   0.307967E-09   0.164461E-08
   0.883000E+05   0.959041E-09   0.129176E-09   0.175641E-08
   0.883200E+05   0.965522E-09  -0.437558E-10   0.174874E-08
   0.883400E+05   0.893431E-09  -0.204994E-09   0.162286E-08
   0.883600E+05   0.765891E-09  -0.349255E-09   0.138968E-08
   0.883800E+05   0.611787E-09  -0.471621E-09   0.106775E-08
   0.884000E+05   0.459691E-09  -0.567592E-09   0.680911E-09
   0.884200E+05   0.332222E-09  -0.633425E-09   0.255939E-09
   0.884400E+05   0.241894E-09  -0.666689E-09  -0.179458E-09
   0.884600E+05   0.189201E-09  -0.666879E-09  -0.598216E-09
   0.884800E+05   0.163254E-09  -0.635914E-09  -0.975061E-09
   0.885000E+05   0.144789E-09  -0.578322E-09  -0.128737E-08
   0.885200E+05   0.110933E-09  -0.500998E-09  -0.151594E-08
   0.885400E+05   0.407720E-10  -0.412481E-09  -0.164580E-08
   0.885600E+05  -0.793853E-10  -0.321849E-09  -0.166721E-08
   0.885800E+05  -0.252084E-09  -0.237396E-09  -0.157677E-08
   0.886000E+05  -0.466958E-09  -0.165351E-09  -0.137854E-08
   0.886200E+05  -0.701519E-09  -0.108897E-09  -0.108479E-08
   0.886400E+05  -0.924444E-09  -0.677267E-10  -0.716265E-09
   0.886600E+05  -0.110083E-08  -0.382636E-10  -0.301473E-09
   0.886800E+05  -0.119850E-08  -0.145538E-10   0.125041E-09
   0.887000E+05  -0.119431E-08   0.103076E-10   0.525519E-09
   0.887200E+05  -0.107917E-08   0.424730E-10   0.862685E-09
   0.887400E+05  -0.861027E-09   0.856938E-10   0.110394E-08
   0.887600E+05  -0.564996E-09   0.140072E-09   0.122546E-08
   0.887800E+05  -0.230599E-09   0.201494E-09   0.121566E-08
   0.888000E+05   0.935988E-10   0.261923E-09   0.107729E-08
   0.888200E+05   0.357185E-09   0.310539E-09   0.827796E-09
   0.888400E+05   0.515842E-09   0.335586E-09   0.497723E-09
   0.888600E+05   0.538788E-09   0.326598E-09   0.127194E-09
   0.888800E+05   0.414539E-09   0.276624E-09  -0.239127E-09
   0.889000E+05   0.154040E-09   0.184004E-09  -0.557912E-09
   0.889200E+05  -0.209418E-09   0.533574E-10  -0.793054E-09
   0.889400E+05  -0.623586E-09  -0.104458E-09  -0.920658E-09
   0.889600E+05  -0.102357E-08  -0.273474E-09  -0.932344E-09
   0.889800E+05  -0.134028E-08  -0.434676E-09  -0.836279E-09
   0.890000E+05  -0.150981E-08  -0.568689E-09  -0.655738E-09
   0.890200E+05  -0.148260E-08  -0.658657E-09  -0.425335E-09
   0.890400E+05  -0.123107E-08  -0.692821E-09  -0.185496E-09
   0.890600E+05  -0.754599E-09  -0.666351E-09   0.239896E-10
   0.890800E+05  -0.812902E-10  -0.582120E-09   0.170293E-09
   0.891000E+05   0.733861E-09  -0.450279E-09   0.232731E-09
   0.891200E+05   0.161423E-08  -0.286673E-09   0.205939E-09
   0.891400E+05   0.246963E-08  -0.110387E-09   0.100493E-09
   0.891600E+05   0.320624E-08   0.591818E-10  -0.591480E-10
   0.891800E+05   0.373726E-08   0.205239E-09  -0.239044E-09
   0.892000E+05   0.399298E-08   0.315996E-09  -0.401808E-09
   0.892200E+05   0.392917E-08   0.386187E-09  -0.513240E-09
   0.892400E+05   0.353268E-08   0.417447E-09  -0.548444E-09
   0.892600E+05   0.282376E-08   0.417529E-09  -0.496354E-09
   0.892800E+05   0.185466E-08   0.398511E-09  -0.361886E-09
   0.893000E+05   0.704731E-09   0.374343E-09  -0.165303E-09
   0.893200E+05  -0.527401E-09   0.358154E-09   0.611206E-10
   0.893400E+05  -0.173383E-08   0.359808E-09   0.278604E-09
   0.893600E+05  -0.280835E-08   0.384127E-09   0.448593E-09
   0.893800E+05  -0.365720E-08   0.430061E-09   0.539593E-09
   0.894000E+05  -0.420853E-08   0.490948E-09   0.532907E-09
   0.894200E+05  -0.441934E-08   0.555772E-09   0.426288E-09
   0.894400E+05  -0.427942E-08   0.611207E-09   0.234842E-09
   0.894600E+05  -0.381163E-08   0.644051E-09  -0.109917E-10
   0.894800E+05  -0.306883E-08   0.643636E-09  -0.270097E-09
   0.895000E+05  -0.212759E-08   0.603795E-09  -0.497198E-09
   0.895200E+05  -0.107972E-08   0.524056E-09  -0.650164E-09
   0.895400E+05  -0.223924E-10   0.409872E-09  -0.696903E-09
   0.895600E+05   0.951782E-09   0.271869E-09  -0.620688E-09
   0.895800E+05   0.176377E-08   0.124243E-09  -0.423055E-09
   0.896000E+05   0.235515E-08  -0.173987E-10  -0.123801E-09
   0.896200E+05   0.269248E-08  -0.138391E-09   0.241878E-09
   0.896400E+05   0.276874E-08  -0.227182E-09   0.628633E-09
   0.896600E+05   0.260168E-08  -0.276963E-09   0.987688E-09
   0.896800E+05   0.222978E-08  -0.286525E-09   0.127395E-08
   0.897000E+05   0.170619E-08  -0.260231E-09   0.145235E-08
   0.897200E+05   0.109176E-08  -0.207144E-09   0.150248E-08
   0.897400E+05   0.448039E-09  -0.139478E-09   0.142079E-08
   0.897600E+05  -0.169022E-09  -0.706584E-10   0.122013E-08
   0.897800E+05  -0.713801E-09  -0.133048E-10   0.926968E-09
   0.898000E+05  -0.115391E-08   0.225461E-10   0.576668E-09
   0.898200E+05  -0.147113E-08   0.307142E-10   0.207869E-09
   0.898400E+05  -0.166054E-08   0.948493E-11  -0.143122E-09
   0.898600E+05  -0.172828E-08  -0.384925E-10  -0.447005E-09
   0.898800E+05  -0.168848E-08  -0.106949E-09  -0.684558E-09
   0.899000E+05  -0.155997E-08  -0.187212E-09  -0.847734E-09
   0.899200E+05  -0.136327E-08  -0.269667E-09  -0.938826E-09
   0.899400E+05  -0.111823E-08  -0.345204E-09  -0.968049E-09
   0.899600E+05  -0.842572E-09  -0.406443E-09  -0.950171E-09
   0.899800E+05  -0.551308E-09  -0.448536E-09  -0.900941E-09
   0.900000E+05  -0.256853E-09  -0.469497E-09  -0.834011E-09
   0.900200E+05   0.303671E-10  -0.470032E-09  -0.758917E-09
   0.900400E+05   0.301177E-09  -0.452980E-09  -0.680406E-09
   0.900600E+05   0.547036E-09  -0.422484E-09  -0.599083E-09
   0.900800E+05   0.759730E-09  -0.383096E-09  -0.513093E-09
   0.901000E+05   0.931470E-09  -0.338962E-09  -0.420316E-09
   0.901200E+05   0.105534E-08  -0.293233E-09  -0.320503E-09
   0.901400E+05   0.112598E-08  -0.247784E-09  -0.216757E-09
   0.901600E+05   0.114029E-08  -0.203250E-09  -0.115996E-09
   0.901800E+05   0.109804E-08  -0.159341E-09  -0.281966E-10
   0.902000E+05   0.100216E-08  -0.115328E-09   0.354304E-10
   0.902200E+05   0.858689E-09  -0.705903E-10   0.649983E-10
   0.902400E+05   0.676402E-09  -0.250940E-10   0.546713E-10
   0.902600E+05   0.466179E-09   0.203001E-10   0.495804E-11
   0.902800E+05   0.240246E-09   0.637577E-10  -0.759871E-10
   0.903000E+05   0.114256E-10   0.102637E-09  -0.172436E-09
   0.903200E+05  -0.207514E-09   0.133862E-09  -0.262665E-09
   0.903400E+05  -0.404370E-09   0.154435E-09  -0.321875E-09
   0.903600E+05  -0.567897E-09   0.161984E-09  -0.326037E-09
   0.903800E+05  -0.688169E-09   0.155256E-09  -0.256037E-09
   0.904000E+05  -0.756986E-09   0.134463E-09  -0.101417E-09
   0.904200E+05  -0.768426E-09   0.101429E-09   0.136959E-09
   0.904400E+05  -0.719547E-09   0.595164E-10   0.445817E-09
   0.904600E+05  -0.611188E-09   0.133478E-10   0.800227E-09
   0.904800E+05  -0.448719E-09  -0.316281E-10   0.116616E-08
   0.905000E+05  -0.242529E-09  -0.696676E-10   0.150454E-08
   0.905200E+05  -0.803280E-11  -0.952840E-10   0.177612E-08
   0.905400E+05   0.235017E-09  -0.103758E-09   0.194668E-08
   0.905600E+05   0.463993E-09  -0.915591E-10   0.199157E-08
   0.905800E+05   0.655599E-09  -0.566395E-10   0.189906E-08
   0.906000E+05   0.788606E-09   0.139516E-11   0.167210E-08
   0.906200E+05   0.846760E-09   0.812494E-10   0.132809E-08
   0.906400E+05   0.821409E-09   0.180012E-09   0.896915E-09
   0.906600E+05   0.713358E-09   0.293327E-09   0.417422E-09
   0.906800E+05   0.533541E-09   0.415650E-09  -0.670835E-10
   0.907000E+05   0.302252E-09   0.540569E-09  -0.513757E-09
   0.907200E+05   0.469080E-10   0.661192E-09  -0.884902E-09
   0.907400E+05  -0.201425E-09   0.770569E-09  -0.115189E-08
   0.907600E+05  -0.412277E-09   0.862148E-09  -0.129789E-08
   0.907800E+05  -0.560140E-09   0.930218E-09  -0.131921E-08
   0.908000E+05  -0.628245E-09   0.970302E-09  -0.122512E-08
   0.908200E+05  -0.611101E-09   0.979451E-09  -0.103639E-08
   0.908400E+05  -0.515299E-09   0.956395E-09  -0.782622E-09
   0.908600E+05  -0.358425E-09   0.901511E-09  -0.498926E-09
   0.908800E+05  -0.166175E-09   0.816604E-09  -0.222043E-09
   0.909000E+05   0.318392E-10   0.704522E-09   0.135153E-10
   0.909200E+05   0.206911E-09   0.568656E-09   0.179070E-09
   0.909400E+05   0.335845E-09   0.412426E-09   0.254797E-09
   0.909600E+05   0.404549E-09   0.238844E-09   0.231899E-09
   0.909800E+05   0.409972E-09   0.502725E-10   0.113732E-09
   0.910000E+05   0.360047E-09  -0.151554E-09  -0.842572E-10
   0.910200E+05   0.271676E-09  -0.365195E-09  -0.335867E-09
   0.910400E+05   0.167134E-09  -0.588894E-09  -0.606706E-09
   0.910600E+05   0.695918E-10  -0.819772E-09  -0.857840E-09
   0.910800E+05  -0.138003E-11  -0.105299E-08  -0.105024E-08
   0.911000E+05  -0.334741E-10  -0.128107E-08  -0.114962E-08
   0.911200E+05  -0.237599E-10  -0.149352E-08  -0.113109E-08
   0.911400E+05   0.211475E-10  -0.167703E-08  -0.983102E-09
   0.911600E+05   0.868857E-10  -0.181621E-08  -0.710006E-09
   0.911800E+05   0.154737E-09  -0.189504E-08  -0.332835E-09
   0.912000E+05   0.205918E-09  -0.189868E-08   0.112085E-09
   0.912200E+05   0.225884E-09  -0.181567E-08   0.576673E-09
   0.912400E+05   0.207747E-09  -0.164007E-08   0.100653E-08
   0.912600E+05   0.154071E-09  -0.137322E-08   0.134766E-08
   0.912800E+05   0.766338E-10  -0.102481E-08   0.155374E-08
   0.913000E+05  -0.585868E-11  -0.613041E-09   0.159273E-08
   0.913200E+05  -0.716948E-10  -0.163591E-09   0.145208E-08
   0.913400E+05  -0.100954E-09   0.292389E-09   0.114149E-08
   0.913600E+05  -0.802130E-10   0.721233E-09   0.692681E-09
   0.913800E+05  -0.618381E-11   0.109026E-08   0.156095E-09
   0.914000E+05   0.112531E-09   0.137136E-08  -0.405217E-09
   0.914200E+05   0.256021E-09   0.154428E-08  -0.923745E-09
   0.914400E+05   0.396002E-09   0.159897E-08  -0.133659E-08
   0.914600E+05   0.500665E-09   0.153681E-08  -0.159411E-08
   0.914800E+05   0.540587E-09   0.137041E-08  -0.166688E-08
   0.915000E+05   0.494632E-09   0.112200E-08  -0.154981E-08
   0.915200E+05   0.354708E-09   0.820651E-09  -0.126279E-08
   0.915400E+05   0.128443E-09   0.498657E-09  -0.847657E-09
   0.915600E+05  -0.160827E-09   0.187563E-09  -0.361988E-09
   0.915800E+05  -0.476875E-09  -0.855477E-10   0.129485E-09
   0.916000E+05  -0.775806E-09  -0.301051E-09   0.564371E-09
   0.916200E+05  -0.101286E-08  -0.448644E-09   0.891635E-09
   0.916400E+05  -0.114965E-08  -0.527841E-09   0.107867E-08
   0.916600E+05  -0.116056E-08  -0.547084E-09   0.111537E-08
   0.916800E+05  -0.103728E-08  -0.521647E-09   0.101450E-08
   0.917000E+05  -0.790566E-09  -0.470684E-09   0.808566E-09
   0.917200E+05  -0.449009E-09  -0.413895E-09   0.543470E-09
   0.917400E+05  -0.549719E-10  -0.368330E-09   0.270389E-09
   0.917600E+05   0.341635E-09  -0.345781E-09   0.370406E-10
   0.917800E+05   0.690667E-09  -0.351153E-09  -0.120071E-09
   0.918000E+05   0.948956E-09  -0.381998E-09  -0.181173E-09
   0.918200E+05   0.108624E-08  -0.429241E-09  -0.145628E-09
   0.918400E+05   0.108892E-08  -0.478918E-09  -0.309260E-10
   0.918600E+05   0.961134E-09  -0.514638E-09   0.131463E-09
   0.918800E+05   0.723081E-09  -0.520339E-09   0.302507E-09
   0.919000E+05   0.407093E-09  -0.482923E-09   0.443080E-09
   0.919200E+05   0.521908E-10  -0.394367E-09   0.521097E-09
   0.919400E+05  -0.301832E-09  -0.253028E-09   0.517011E-09
   0.919600E+05  -0.619811E-09  -0.639797E-10   0.426738E-09
   0.919800E+05  -0.875224E-09   0.161621E-09   0.261533E-09
   0.920000E+05  -0.105231E-08   0.407984E-09   0.449857E-10
   0.920200E+05  -0.114615E-08   0.656704E-09  -0.192210E-09
   0.920400E+05  -0.116093E-08   0.889018E-09  -0.418597E-09
   0.920600E+05  -0.110698E-08   0.108796E-08  -0.608129E-09
   0.920800E+05  -0.997408E-09   0.124013E-08  -0.744922E-09
   0.921000E+05  -0.844940E-09   0.133683E-08  -0.825662E-09
   0.921200E+05  -0.659773E-09   0.137450E-08  -0.859184E-09
   0.921400E+05  -0.448746E-09   0.135444E-08  -0.863355E-09
   0.921600E+05  -0.215909E-09   0.128197E-08  -0.859898E-09
   0.921800E+05   0.357543E-10   0.116515E-08  -0.868273E-09
   0.922000E+05   0.301985E-09   0.101341E-08  -0.899909E-09
   0.922200E+05   0.574913E-09   0.836257E-09  -0.954051E-09
   0.922400E+05   0.841409E-09   0.642257E-09  -0.101621E-08
   0.922600E+05   0.108262E-08   0.438489E-09  -0.105970E-08
   0.922800E+05   0.127496E-08   0.230432E-09  -0.105014E-08
   0.923000E+05   0.139260E-08   0.222890E-10  -0.952186E-09
   0.923200E+05   0.141098E-08  -0.182388E-09  -0.737333E-09
   0.923400E+05   0.131100E-08  -0.379950E-09  -0.391306E-09
   0.923600E+05   0.108292E-08  -0.565967E-09   0.804590E-10
   0.923800E+05   0.729532E-09  -0.734787E-09   0.650383E-09
   0.924000E+05   0.267778E-09  -0.879464E-09   0.127008E-08
   0.924200E+05  -0.271452E-09  -0.992106E-09   0.187549E-08
   0.924400E+05  -0.845466E-09  -0.106462E-08   0.239509E-08
   0.924600E+05  -0.140367E-08  -0.108977E-08   0.276013E-08
   0.924800E+05  -0.189276E-08  -0.106231E-08   0.291501E-08
   0.925000E+05  -0.226252E-08  -0.980132E-09   0.282633E-08
   0.925200E+05  -0.247158E-08  -0.845052E-09   0.248890E-08
   0.925400E+05  -0.249222E-08  -0.663245E-09   0.192779E-08
   0.925600E+05  -0.231386E-08  -0.445101E-09   0.119587E-08
   0.925800E+05  -0.194464E-08  -0.204537E-09   0.367190E-09
   0.926000E+05  -0.141092E-08   0.421742E-10  -0.472722E-09
   0.926200E+05  -0.754885E-09   0.277921E-09  -0.123826E-08
   0.926400E+05  -0.304368E-10   0.486416E-09  -0.185498E-08
   0.926600E+05   0.702113E-09   0.653772E-09  -0.226897E-08
   0.926800E+05   0.138199E-08   0.769793E-09  -0.245299E-08
   0.927000E+05   0.195390E-08   0.828799E-09  -0.240841E-08
   0.927200E+05   0.237335E-08   0.829895E-09  -0.216301E-08
   0.927400E+05   0.261085E-08   0.776678E-09  -0.176496E-08
   0.927600E+05   0.265454E-08   0.676458E-09  -0.127423E-08
   0.927800E+05   0.251098E-08   0.539131E-09  -0.753034E-09
   0.928000E+05   0.220414E-08   0.375911E-09  -0.256696E-09
   0.928200E+05   0.177249E-08   0.198109E-09   0.173348E-09
   0.928400E+05   0.126474E-08   0.161337E-10   0.513567E-09
   0.928600E+05   0.734379E-09  -0.161162E-09   0.758849E-09
   0.928800E+05   0.233921E-09  -0.326749E-09   0.919702E-09
   0.929000E+05  -0.190805E-09  -0.475337E-09   0.101695E-08
   0.929200E+05  -0.505494E-09  -0.603038E-09   0.107505E-08
   0.929400E+05  -0.690825E-09  -0.706914E-09   0.111551E-08
   0.929600E+05  -0.744116E-09  -0.784566E-09   0.115156E-08
   0.929800E+05  -0.678944E-09  -0.833895E-09   0.118521E-08
   0.930000E+05  -0.522766E-09  -0.853111E-09   0.120712E-08
   0.930200E+05  -0.312823E-09  -0.840991E-09   0.119920E-08
   0.930400E+05  -0.908657E-10  -0.797340E-09   0.113944E-08
   0.930600E+05   0.102623E-09  -0.723522E-09   0.100781E-08
   0.930800E+05   0.233919E-09  -0.622915E-09   0.792117E-09
   0.931000E+05   0.280515E-09  -0.501139E-09   0.492552E-09
   0.931200E+05   0.233934E-09  -0.365946E-09   0.123958E-09
   0.931400E+05   0.100525E-09  -0.226714E-09  -0.284698E-09
   0.931600E+05  -0.998606E-10  -0.935842E-10  -0.693655E-09
   0.931800E+05  -0.337069E-09   0.236487E-10  -0.105797E-08
   0.932000E+05  -0.575244E-09   0.116737E-09  -0.133445E-08
   0.932200E+05  -0.778114E-09   0.180056E-09  -0.148872E-08
   0.932400E+05  -0.914180E-09   0.211367E-09  -0.150106E-08
   0.932600E+05  -0.961064E-09   0.212128E-09  -0.137018E-08
   0.932800E+05  -0.908399E-09   0.187269E-09  -0.111397E-08
   0.933000E+05  -0.758921E-09   0.144471E-09  -0.767229E-09
   0.933200E+05  -0.527683E-09   0.930464E-10  -0.376700E-09
   0.933400E+05  -0.239626E-09   0.426183E-10   0.586036E-11
   0.933600E+05   0.740418E-10   0.181564E-11   0.331351E-09
   0.933800E+05   0.380042E-09  -0.227993E-10   0.560511E-09
   0.934000E+05   0.647148E-09  -0.273989E-10   0.669452E-09
   0.934200E+05   0.849665E-09  -0.110625E-10   0.652672E-09
   0.934400E+05   0.969834E-09   0.245431E-10   0.523109E-09
   0.934600E+05   0.998984E-09   0.758785E-10   0.309329E-09
   0.934800E+05   0.937437E-09   0.138470E-09   0.503794E-10
   0.935000E+05   0.793410E-09   0.207869E-09  -0.210750E-09
   0.935200E+05   0.581233E-09   0.280425E-09  -0.433945E-09
   0.935400E+05   0.319314E-09   0.353724E-09  -0.587926E-09
   0.935600E+05   0.281527E-10   0.426625E-09  -0.654420E-09
   0.935800E+05  -0.271314E-09   0.498888E-09  -0.629940E-09
   0.936000E+05  -0.558967E-09   0.570541E-09  -0.525034E-09
   0.936200E+05  -0.816372E-09   0.641117E-09  -0.361277E-09
   0.936400E+05  -0.102742E-08   0.708995E-09  -0.166671E-09
   0.936600E+05  -0.117886E-08   0.771010E-09   0.296400E-10
   0.936800E+05  -0.126097E-08   0.822451E-09   0.202370E-09
   0.937000E+05  -0.126828E-08   0.857512E-09   0.333943E-09
   0.937200E+05  -0.120036E-08   0.870099E-09   0.416592E-09
   0.937400E+05  -0.106256E-08   0.854874E-09   0.452448E-09
   0.937600E+05  -0.866222E-09   0.808313E-09   0.451769E-09
   0.937800E+05  -0.628385E-09   0.729553E-09   0.429767E-09
   0.938000E+05  -0.370541E-09   0.620840E-09   0.402766E-09
   0.938200E+05  -0.116559E-09   0.487449E-09   0.384480E-09
   0.938400E+05   0.110151E-09   0.337055E-09   0.383154E-09
   0.938600E+05   0.289864E-09   0.178659E-09   0.400098E-09
   0.938800E+05   0.409642E-09   0.212293E-10   0.429843E-09
   0.939000E+05   0.465747E-09  -0.127666E-09   0.461809E-09
   0.939200E+05   0.464797E-09  -0.262989E-09   0.483070E-09
   0.939400E+05   0.423294E-09  -0.382883E-09   0.481592E-09
   0.939600E+05   0.365382E-09  -0.488718E-09   0.449231E-09
   0.939800E+05   0.319028E-09  -0.584486E-09   0.383833E-09
   0.940000E+05   0.311133E-09  -0.675642E-09   0.289992E-09
   0.940200E+05   0.362331E-09  -0.767607E-09   0.178270E-09
   0.940400E+05   0.482404E-09  -0.864202E-09   0.630522E-10
   0.940600E+05   0.667172E-09  -0.966313E-09  -0.405558E-10
   0.940800E+05   0.897578E-09  -0.107107E-08  -0.120122E-09
   0.941000E+05   0.114132E-08  -0.117169E-08  -0.168866E-09
   0.941200E+05   0.135698E-08  -0.125814E-08  -0.187568E-09
   0.941400E+05   0.150013E-08  -0.131839E-08  -0.184939E-09
   0.941600E+05   0.153055E-08  -0.134023E-08  -0.176312E-09
   0.941800E+05   0.141930E-08  -0.131325E-08  -0.180799E-09
   0.942000E+05   0.115461E-08  -0.123076E-08  -0.217423E-09
   0.942200E+05   0.745346E-09  -0.109114E-08  -0.300898E-09
   0.942400E+05   0.221443E-09  -0.898674E-09  -0.437895E-09
   0.942600E+05  -0.368988E-09  -0.663422E-09  -0.624513E-09
   0.942800E+05  -0.965522E-09  -0.400337E-09  -0.845525E-09
   0.943000E+05  -0.150346E-08  -0.127674E-09  -0.107564E-08
   0.943200E+05  -0.192282E-08   0.135077E-09  -0.128269E-08
   0.943400E+05  -0.217684E-08   0.369414E-09  -0.143224E-08
   0.943600E+05  -0.223872E-08   0.559892E-09  -0.149294E-08
   0.943800E+05  -0.210541E-08   0.695762E-09  -0.144175E-08
   0.944000E+05  -0.179793E-08   0.771969E-09  -0.126806E-08
   0.944200E+05  -0.135810E-08   0.789411E-09  -0.976154E-09
   0.944400E+05  -0.842266E-09   0.754485E-09  -0.585460E-09
   0.944600E+05  -0.313041E-09   0.678014E-09  -0.128530E-09
   0.944800E+05   0.169629E-09   0.573776E-09   0.352884E-09
   0.945000E+05   0.556612E-09   0.456835E-09   0.813123E-09
   0.945200E+05   0.815724E-09   0.341933E-09   0.120842E-08
   0.945400E+05   0.934952E-09   0.242106E-09   0.150231E-08
   0.945600E+05   0.922398E-09   0.167671E-09   0.166994E-08
   0.945800E+05   0.803145E-09   0.125636E-09   0.170052E-08
   0.946000E+05   0.613730E-09   0.119509E-09   0.159781E-08
   0.946200E+05   0.395308E-09   0.149445E-09   0.137868E-08
   0.946400E+05   0.186740E-09   0.212614E-09   0.106999E-08
   0.946600E+05   0.187618E-10   0.303703E-09   0.704558E-09
   0.946800E+05  -0.898368E-10   0.415437E-09   0.316836E-09
   0.947000E+05  -0.133557E-09   0.539075E-09  -0.609872E-10
   0.947200E+05  -0.119041E-09   0.664867E-09  -0.401941E-09
   0.947400E+05  -0.618765E-10   0.782481E-09  -0.685959E-09
   0.947600E+05   0.178397E-10   0.881448E-09  -0.900272E-09
   0.947800E+05   0.100220E-09   0.951682E-09  -0.103872E-08
   0.948000E+05   0.169633E-09   0.984088E-09  -0.110037E-08
   0.948200E+05   0.217344E-09   0.971282E-09  -0.108794E-08
   0.948400E+05   0.242330E-09   0.908368E-09  -0.100651E-08
   0.948600E+05   0.250280E-09   0.793705E-09  -0.862703E-09
   0.948800E+05   0.251140E-09   0.629539E-09  -0.664640E-09
   0.949000E+05   0.255858E-09   0.422394E-09  -0.422460E-09
   0.949200E+05   0.273103E-09   0.183074E-09  -0.149117E-09
   0.949400E+05   0.306720E-09  -0.737784E-10   0.138936E-09
   0.949600E+05   0.354447E-09  -0.330626E-09   0.421594E-09
   0.949800E+05   0.408159E-09  -0.568441E-09   0.675833E-09
   0.950000E+05   0.455539E-09  -0.768457E-09   0.877465E-09
   0.950200E+05   0.482765E-09  -0.914111E-09   0.100382E-08
   0.950400E+05   0.477605E-09  -0.992941E-09   0.103703E-08
   0.950600E+05   0.432213E-09  -0.998207E-09   0.967352E-09
   0.950800E+05   0.345028E-09  -0.929998E-09   0.795901E-09
   0.951000E+05   0.221366E-09  -0.795646E-09   0.536210E-09
   0.951200E+05   0.725898E-10  -0.609326E-09   0.214060E-09
   0.951400E+05  -0.859173E-10  -0.390828E-09  -0.134567E-09
   0.951600E+05  -0.237540E-09  -0.163610E-09  -0.467350E-09
   0.951800E+05  -0.367345E-09   0.477000E-10  -0.740857E-09
   0.952000E+05  -0.464491E-09   0.220052E-09  -0.916450E-09
   0.952200E+05  -0.523648E-09   0.334651E-09  -0.965966E-09
   0.952400E+05  -0.545140E-09   0.379221E-09  -0.876284E-09
   0.952600E+05  -0.533856E-09   0.349556E-09  -0.651990E-09
   0.952800E+05  -0.497245E-09   0.250127E-09  -0.315627E-09
   0.953000E+05  -0.442922E-09   0.936426E-10   0.946247E-10
   0.953200E+05  -0.376511E-09  -0.100417E-09   0.529577E-09
   0.953400E+05  -0.300287E-09  -0.308127E-09   0.935367E-09
   0.953600E+05  -0.212985E-09  -0.504027E-09   0.126058E-08
   0.953800E+05  -0.110875E-09  -0.664237E-09   0.146314E-08
   0.954000E+05   0.101353E-10  -0.769389E-09   0.151592E-08
   0.954200E+05   0.151869E-09  -0.806970E-09   0.141034E-08
   0.954400E+05   0.311394E-09  -0.772789E-09   0.115731E-08
   0.954600E+05   0.479381E-09  -0.671349E-09   0.785577E-09
   0.954800E+05   0.639865E-09  -0.515097E-09   0.337659E-09
   0.955000E+05   0.771689E-09  -0.322662E-09  -0.135953E-09
   0.955200E+05   0.851542E-09  -0.116316E-09  -0.583412E-09
   0.955400E+05   0.858144E-09   0.809731E-10  -0.958002E-09
   0.955600E+05   0.776806E-09   0.248487E-09  -0.122357E-08
   0.955800E+05   0.603452E-09   0.370317E-09  -0.135825E-08
   0.956000E+05   0.347204E-09   0.437182E-09  -0.135594E-08
   0.956200E+05   0.308157E-10   0.447293E-09  -0.122577E-08
   0.956400E+05  -0.311337E-09   0.406175E-09  -0.989472E-09
   0.956600E+05  -0.637603E-09   0.325527E-09  -0.677602E-09
   0.956800E+05  -0.905129E-09   0.221299E-09  -0.324979E-09
   0.957000E+05  -0.107667E-08   0.111322E-09   0.337117E-10
   0.957200E+05  -0.112700E-08   0.128117E-10   0.367624E-09
   0.957400E+05  -0.104766E-08  -0.598755E-10   0.652324E-09
   0.957600E+05  -0.849203E-09  -0.969583E-10   0.871045E-09
   0.957800E+05  -0.560344E-09  -0.942082E-10   0.101469E-08
   0.958000E+05  -0.223994E-09  -0.531137E-10   0.108088E-08
   0.958200E+05   0.109181E-09   0.197306E-10   0.107241E-08
   0.958400E+05   0.388716E-09   0.113861E-09   0.995624E-09
   0.958600E+05   0.572474E-09   0.216582E-09   0.859014E-09
   0.958800E+05   0.633568E-09   0.314757E-09   0.672287E-09
   0.959000E+05   0.564872E-09   0.396479E-09   0.446031E-09
   0.959200E+05   0.380332E-09   0.452437E-09   0.191825E-09
   0.959400E+05   0.112826E-09   0.476819E-09  -0.774246E-10
   0.959600E+05  -0.191086E-09   0.467697E-09  -0.347200E-09
   0.959800E+05  -0.478655E-09   0.426910E-09  -0.601433E-09
   0.960000E+05  -0.699406E-09   0.359536E-09  -0.823090E-09
   0.960200E+05  -0.813182E-09   0.273051E-09  -0.995334E-09
   0.960400E+05  -0.796451E-09   0.176343E-09  -0.110316E-08
   0.960600E+05  -0.645866E-09   0.786935E-10  -0.113527E-08
   0.960800E+05  -0.378583E-09  -0.111500E-10  -0.108578E-08
   0.961000E+05  -0.293759E-10  -0.857441E-10  -0.955546E-09
   0.961200E+05   0.354882E-09  -0.139507E-09  -0.752646E-09
   0.961400E+05   0.722364E-09  -0.169057E-09  -0.491964E-09
   0.961600E+05   0.102387E-08  -0.173334E-09  -0.193820E-09
   0.961800E+05   0.121963E-08  -0.153533E-09   0.118166E-09
   0.962000E+05   0.128425E-08  -0.112857E-09   0.419659E-09
   0.962200E+05   0.120933E-08  -0.561458E-10   0.688236E-09
   0.962400E+05   0.100339E-08   0.106111E-10   0.905636E-09
   0.962600E+05   0.689409E-09   0.808324E-10   0.105928E-08
   0.962800E+05   0.300734E-09   0.147927E-09   0.114288E-08
   0.963000E+05  -0.123995E-09   0.205855E-09   0.115604E-08
   0.963200E+05  -0.545857E-09   0.249613E-09   0.110315E-08
   0.963400E+05  -0.929892E-09   0.275588E-09   0.991718E-09
   0.963600E+05  -0.124805E-08   0.281736E-09   0.830599E-09
   0.963800E+05  -0.148065E-08   0.267579E-09   0.628580E-09
   0.964000E+05  -0.161643E-08   0.234003E-09   0.393502E-09
   0.964200E+05  -0.165156E-08   0.182918E-09   0.132165E-09
   0.964400E+05  -0.158822E-08   0.116843E-09  -0.149058E-09
   0.964600E+05  -0.143302E-08   0.384905E-10  -0.443103E-09
   0.964800E+05  -0.119593E-08  -0.495495E-10  -0.740950E-09
   0.965000E+05  -0.889621E-09  -0.144957E-09  -0.103063E-08
   0.965200E+05  -0.529473E-09  -0.245632E-09  -0.129686E-08
   0.965400E+05  -0.133771E-09  -0.349448E-09  -0.152164E-08
   0.965600E+05   0.276116E-09  -0.453875E-09  -0.168580E-08
   0.965800E+05   0.675995E-09  -0.555574E-09  -0.177138E-08
   0.966000E+05   0.103984E-08  -0.650081E-09  -0.176447E-08
   0.966200E+05   0.134157E-08  -0.731714E-09  -0.165802E-08
   0.966400E+05   0.155758E-08  -0.793797E-09  -0.145403E-08
   0.966600E+05   0.166958E-08  -0.829228E-09  -0.116456E-08
   0.966800E+05   0.166736E-08  -0.831368E-09  -0.811340E-09
   0.967000E+05   0.155085E-08  -0.795139E-09  -0.423744E-09
   0.967200E+05   0.133102E-08  -0.718147E-09  -0.353814E-10
   0.967400E+05   0.102937E-08  -0.601640E-09   0.320205E-09
   0.967600E+05   0.675831E-09  -0.451074E-09   0.614121E-09
   0.967800E+05   0.305349E-09  -0.276130E-09   0.826192E-09
   0.968000E+05  -0.463713E-10  -0.900905E-10   0.947820E-09
   0.968200E+05  -0.347354E-09   0.914030E-10   0.983089E-09
   0.968400E+05  -0.573356E-09   0.252096E-09   0.947856E-09
   0.968600E+05  -0.710740E-09   0.377131E-09   0.866929E-09
   0.968800E+05  -0.757774E-09   0.455036E-09   0.769746E-09
   0.969000E+05  -0.724151E-09   0.479386E-09   0.685263E-09
   0.969200E+05  -0.628841E-09   0.449846E-09   0.636907E-09
   0.969400E+05  -0.496659E-09   0.372420E-09   0.638462E-09
   0.969600E+05  -0.354134E-09   0.258809E-09   0.691602E-09
   0.969800E+05  -0.225364E-09   0.124978E-09   0.785531E-09
   0.970000E+05  -0.128521E-09  -0.109090E-10   0.898792E-09
   0.970200E+05  -0.735197E-10  -0.130852E-09   0.100297E-08
   0.970400E+05  -0.611667E-10  -0.219344E-09   0.106764E-08
   0.970600E+05  -0.838139E-10  -0.265300E-09   0.106578E-08
   0.970800E+05  -0.127316E-09  -0.263324E-09   0.978564E-09
   0.971000E+05  -0.173883E-09  -0.214107E-09   0.798963E-09
   0.971200E+05  -0.205301E-09  -0.123960E-09   0.533267E-09
   0.971400E+05  -0.206006E-09  -0.355325E-11   0.200487E-09
   0.971600E+05  -0.165535E-09   0.133871E-09  -0.170349E-09
   0.971800E+05  -0.800671E-10   0.274527E-09  -0.544486E-09
   0.972000E+05   0.470837E-10   0.406000E-09  -0.886599E-09
   0.972200E+05   0.205968E-09   0.518758E-09  -0.116591E-08
   0.972400E+05   0.381306E-09   0.607035E-09  -0.136041E-08
   0.972600E+05   0.554325E-09   0.668985E-09  -0.145959E-08
   0.972800E+05   0.704839E-09   0.706154E-09  -0.146510E-08
   0.973000E+05   0.813324E-09   0.722413E-09  -0.138953E-08
   0.973200E+05   0.862791E-09   0.722591E-09  -0.125344E-08
   0.973400E+05   0.840390E-09   0.711093E-09  -0.108131E-08
   0.973600E+05   0.738686E-09   0.690765E-09  -0.897158E-09
   0.973800E+05   0.556626E-09   0.662222E-09  -0.720514E-09
   0.974000E+05   0.300197E-09   0.623725E-09  -0.563595E-09
   0.974200E+05  -0.172553E-10   0.571639E-09  -0.429960E-09
   0.974400E+05  -0.375147E-09   0.501343E-09  -0.314880E-09
   0.974600E+05  -0.746315E-09   0.408418E-09  -0.207254E-09
   0.974800E+05  -0.109837E-08   0.289886E-09  -0.926444E-10
   0.975000E+05  -0.139584E-08   0.145265E-09   0.431558E-10
   0.975200E+05  -0.160302E-08  -0.227433E-10   0.210675E-09
   0.975400E+05  -0.168758E-08  -0.208053E-09   0.414046E-09
   0.975600E+05  -0.162443E-08  -0.401507E-09   0.649456E-09
   0.975800E+05  -0.139948E-08  -0.591659E-09   0.904988E-09
   0.976000E+05  -0.101285E-08  -0.765894E-09   0.116183E-08
   0.976200E+05  -0.480838E-09  -0.911722E-09   0.139661E-08
   0.976400E+05   0.163727E-09  -0.101807E-08   0.158442E-08
   0.976600E+05   0.873121E-09  -0.107642E-08   0.170214E-08
   0.976800E+05   0.158834E-08  -0.108161E-08   0.173141E-08
   0.977000E+05   0.224451E-08  -0.103234E-08   0.166098E-08
   0.977200E+05   0.277747E-08  -0.931287E-09   0.148823E-08
   0.977400E+05   0.313092E-08  -0.784786E-09   0.121949E-08
   0.977600E+05   0.326303E-08  -0.602335E-09   0.869570E-09
   0.977800E+05   0.315184E-08  -0.395795E-09   0.460308E-09
   0.978000E+05   0.279842E-08  -0.178466E-09   0.186158E-10
   0.978200E+05   0.222754E-08   0.359213E-10  -0.425859E-09
   0.978400E+05   0.148551E-08   0.234229E-09  -0.843172E-09
   0.978600E+05   0.635390E-09   0.404904E-09  -0.120544E-08
   0.978800E+05  -0.249652E-09   0.538877E-09  -0.148895E-08
   0.979000E+05  -0.109427E-08   0.630298E-09  -0.167594E-08
   0.979200E+05  -0.182892E-08   0.677048E-09  -0.175596E-08
   0.979400E+05  -0.239702E-08   0.680954E-09  -0.172662E-08
   0.979600E+05  -0.276030E-08   0.647649E-09  -0.159390E-08
   0.979800E+05  -0.290189E-08   0.586027E-09  -0.137165E-08
   0.980000E+05  -0.282670E-08   0.507321E-09  -0.108050E-08
   0.980200E+05  -0.255938E-08   0.423841E-09  -0.746012E-09
   0.980400E+05  -0.214011E-08   0.347505E-09  -0.396322E-09
   0.980600E+05  -0.161912E-08   0.288313E-09  -0.593304E-10
   0.980800E+05  -0.105058E-08   0.252984E-09   0.240171E-09
   0.981000E+05  -0.486751E-09   0.243947E-09   0.483138E-09
   0.981200E+05   0.268069E-10   0.258873E-09   0.658288E-09
   0.981400E+05   0.454665E-09   0.290847E-09   0.763162E-09
   0.981600E+05   0.773241E-09   0.329231E-09   0.804014E-09
   0.981800E+05   0.970918E-09   0.361114E-09   0.794463E-09
   0.982000E+05   0.104686E-08   0.373181E-09   0.753047E-09
   0.982200E+05   0.100895E-08   0.353753E-09   0.700006E-09
   0.982400E+05   0.871417E-09   0.294680E-09   0.653776E-09
   0.982600E+05   0.652482E-09   0.192803E-09   0.627764E-09
   0.982800E+05   0.372556E-09   0.507440E-10   0.627948E-09
   0.983000E+05   0.529877E-10  -0.123134E-09   0.651754E-09
   0.983200E+05  -0.284561E-09  -0.315606E-09   0.688454E-09
   0.983400E+05  -0.618318E-09  -0.510201E-09   0.721064E-09
   0.983600E+05  -0.926456E-09  -0.689325E-09   0.729479E-09
   0.983800E+05  -0.118731E-08  -0.836576E-09   0.694331E-09
   0.984000E+05  -0.138003E-08  -0.938903E-09   0.600918E-09
   0.984200E+05  -0.148575E-08  -0.988287E-09   0.442516E-09
   0.984400E+05  -0.148934E-08  -0.982678E-09   0.222461E-09
   0.984600E+05  -0.138148E-08  -0.926071E-09  -0.454015E-10
   0.984800E+05  -0.116078E-08  -0.827713E-09  -0.338042E-09
   0.985000E+05  -0.835433E-09  -0.700569E-09  -0.626171E-09
   0.985200E+05  -0.424159E-09  -0.559327E-09  -0.878320E-09
   0.985400E+05   0.441503E-10  -0.418234E-09  -0.106541E-08
   0.985600E+05   0.532080E-09  -0.289124E-09  -0.116507E-08
   0.985800E+05   0.996751E-09  -0.179932E-09  -0.116502E-08
   0.986000E+05   0.139401E-08  -0.939031E-10  -0.106488E-08
   0.986200E+05   0.168332E-08  -0.296021E-10  -0.876259E-09
   0.986400E+05   0.183276E-08   0.183246E-10  -0.620986E-09
   0.986600E+05   0.182344E-08   0.577847E-10  -0.327915E-09
   0.986800E+05   0.165263E-08   0.975246E-10  -0.287686E-10
   0.987000E+05   0.133521E-08   0.145360E-09   0.246249E-09
   0.987200E+05   0.902825E-09   0.206646E-09   0.472387E-09
   0.987400E+05   0.401079E-09   0.283224E-09   0.633227E-09
   0.987600E+05  -0.115380E-09   0.373008E-09   0.722126E-09
   0.987800E+05  -0.589078E-09   0.470249E-09   0.742080E-09
   0.988000E+05  -0.966601E-09   0.566416E-09   0.704160E-09
   0.988200E+05  -0.120525E-08   0.651523E-09   0.624881E-09
   0.988400E+05  -0.127855E-08   0.715684E-09   0.523021E-09
   0.988600E+05  -0.117988E-08   0.750629E-09   0.416465E-09
   0.988800E+05  -0.923575E-09   0.750959E-09   0.319574E-09
   0.989000E+05  -0.543387E-09   0.714935E-09   0.241469E-09
   0.989200E+05  -0.883577E-10   0.644707E-09   0.185392E-09
   0.989400E+05   0.383402E-09   0.545967E-09   0.149130E-09
   0.989600E+05   0.812210E-09   0.427099E-09   0.126284E-09
   0.989800E+05   0.114461E-08   0.297971E-09   0.108060E-09
   0.990000E+05   0.134038E-08   0.168577E-09   0.851982E-10
   0.990200E+05   0.137785E-08   0.477318E-10   0.496883E-10
   0.990400E+05   0.125662E-08  -0.579852E-10  -0.398852E-11
   0.990600E+05   0.997444E-09  -0.144882E-09  -0.782200E-10
   0.990800E+05   0.639144E-09  -0.212326E-09  -0.172223E-09
   0.991000E+05   0.232986E-09  -0.262430E-09  -0.282486E-09
   0.991200E+05  -0.164635E-09  -0.299305E-09  -0.403495E-09
   0.991400E+05  -0.500241E-09  -0.328027E-09  -0.528553E-09
   0.991600E+05  -0.730826E-09  -0.353481E-09  -0.650494E-09
   0.991800E+05  -0.829870E-09  -0.379262E-09  -0.762202E-09
   0.992000E+05  -0.790893E-09  -0.406823E-09  -0.856906E-09
   0.992200E+05  -0.628053E-09  -0.435001E-09  -0.928299E-09
   0.992400E+05  -0.373700E-09  -0.460010E-09  -0.970604E-09
   0.992600E+05  -0.732493E-10  -0.475914E-09  -0.978686E-09
   0.992800E+05   0.221832E-09  -0.475523E-09  -0.948317E-09
   0.993000E+05   0.461872E-09  -0.451597E-09  -0.876626E-09
   0.993200E+05   0.606479E-09  -0.398176E-09  -0.762695E-09
   0.993400E+05   0.630536E-09  -0.311849E-09  -0.608214E-09
   0.993600E+05   0.527807E-09  -0.192757E-09  -0.418014E-09
   0.993800E+05   0.311632E-09  -0.451647E-10  -0.200357E-09
   0.994000E+05   0.126302E-10   0.122518E-09   0.331845E-10
   0.994200E+05  -0.326172E-09   0.298300E-09   0.268303E-09
   0.994400E+05  -0.656022E-09   0.467717E-09   0.489000E-09
   0.994600E+05  -0.929851E-09   0.615364E-09   0.678982E-09
   0.994800E+05  -0.110926E-08   0.726658E-09   0.823254E-09
   0.995000E+05  -0.116999E-08   0.789599E-09   0.909698E-09
   0.995200E+05  -0.110513E-08   0.796285E-09   0.930414E-09
   0.995400E+05  -0.925478E-09   0.743963E-09   0.882656E-09
   0.995600E+05  -0.657256E-09   0.635467E-09   0.769233E-09
   0.995800E+05  -0.337499E-09   0.478953E-09   0.598337E-09
   0.996000E+05  -0.795464E-11   0.286971E-09   0.382850E-09
   0.996200E+05   0.291466E-09   0.749893E-10   0.139221E-09
   0.996400E+05   0.528655E-09  -0.140417E-09  -0.113933E-09
   0.996600E+05   0.683742E-09  -0.343465E-09  -0.357336E-09
   0.996800E+05   0.751351E-09  -0.520873E-09  -0.572544E-09
   0.997000E+05   0.740395E-09  -0.663138E-09  -0.743290E-09
   0.997200E+05   0.671558E-09  -0.765221E-09  -0.856614E-09
   0.997400E+05   0.572962E-09  -0.826541E-09  -0.903747E-09
   0.997600E+05   0.474811E-09  -0.850331E-09  -0.880723E-09
   0.997800E+05   0.403922E-09  -0.842480E-09  -0.788710E-09
   0.998000E+05   0.379077E-09  -0.810080E-09  -0.634051E-09
   0.998200E+05   0.407891E-09  -0.759937E-09  -0.427977E-09
   0.998400E+05   0.485687E-09  -0.697322E-09  -0.185977E-09
   0.998600E+05   0.596457E-09  -0.625156E-09   0.732156E-10
   0.998800E+05   0.715694E-09  -0.543785E-09   0.329004E-09
   0.999000E+05   0.814559E-09  -0.451368E-09   0.560624E-09
   0.999200E+05   0.864665E-09  -0.344782E-09   0.749042E-09
   0.999400E+05   0.842711E-09  -0.220885E-09   0.878877E-09
   0.999600E+05   0.734247E-09  -0.778718E-10   0.940120E-09
   0.999800E+05   0.536033E-09   0.835369E-10   0.929410E-09
   0.100000E+06   0.256717E-09   0.259317E-09   0.850647E-09
   0.100020E+06  -0.841828E-10   0.441950E-09   0.714793E-09
   0.100040E+06  -0.458741E-09   0.620884E-09   0.538798E-09
   0.100060E+06  -0.834098E-09   0.783615E-09   0.343735E-09
   0.100080E+06  -0.117639E-08   0.917212E-09   0.152350E-09
   0.100100E+06  -0.145455E-08   0.101007E-08  -0.136766E-10
   0.100120E+06  -0.164359E-08   0.105357E-08  -0.136367E-09
   0.100140E+06  -0.172685E-08   0.104344E-08  -0.203622E-09
   0.100160E+06  -0.169720E-08   0.980486E-09  -0.210595E-09
   0.100180E+06  -0.155720E-08   0.870634E-09  -0.160072E-09
   0.100200E+06  -0.131815E-08   0.724254E-09  -0.617853E-10
   0.100220E+06  -0.998613E-09   0.554835E-09   0.692280E-10
   0.100240E+06  -0.622336E-09   0.377236E-09   0.214963E-09
   0.100260E+06  -0.216143E-09   0.205775E-09   0.357122E-09
   0.100280E+06   0.192211E-09   0.524509E-10   0.479717E-09
   0.100300E+06   0.575941E-09  -0.744352E-10   0.571190E-09
   0.100320E+06   0.910891E-09  -0.171062E-09   0.625755E-09
   0.100340E+06   0.117687E-08  -0.238170E-09   0.643774E-09
   0.100360E+06   0.135873E-08  -0.280457E-09   0.631139E-09
   0.100380E+06   0.144713E-08  -0.305414E-09   0.597798E-09
   0.100400E+06   0.143899E-08  -0.321796E-09   0.555680E-09
   0.100420E+06   0.133772E-08  -0.337990E-09   0.516363E-09
   0.100440E+06   0.115290E-08  -0.360537E-09   0.488844E-09
   0.100460E+06   0.899750E-09  -0.393025E-09   0.477760E-09
   0.100480E+06   0.597957E-09  -0.435510E-09   0.482293E-09
   0.100500E+06   0.270256E-09  -0.484534E-09   0.495917E-09
   0.100520E+06  -0.593942E-10  -0.533695E-09   0.507005E-09
   0.100540E+06  -0.367777E-09  -0.574674E-09   0.500200E-09
   0.100560E+06  -0.634351E-09  -0.598526E-09   0.458379E-09
   0.100580E+06  -0.842937E-09  -0.597051E-09   0.364961E-09
   0.100600E+06  -0.982951E-09  -0.564041E-09   0.206308E-09
   0.100620E+06  -0.105003E-08  -0.496244E-09  -0.260460E-10
   0.100640E+06  -0.104599E-08  -0.393932E-09  -0.333570E-09
   0.100660E+06  -0.978130E-09  -0.261032E-09  -0.709493E-09
   0.100680E+06  -0.858006E-09  -0.104841E-09  -0.113831E-08
   0.100700E+06  -0.699874E-09   0.646203E-10  -0.159610E-08
   0.100720E+06  -0.519028E-09   0.235511E-09  -0.205172E-08
   0.100740E+06  -0.330265E-09   0.395218E-09  -0.246888E-08
   0.100760E+06  -0.146677E-09   0.531447E-09  -0.280887E-08
   0.100780E+06   0.211189E-10   0.633257E-09  -0.303406E-08
   0.100800E+06   0.165291E-09   0.691977E-09  -0.311152E-08
   0.100820E+06   0.280692E-09   0.701946E-09  -0.301685E-08
   0.100840E+06   0.364489E-09   0.661050E-09  -0.273750E-08
   0.100860E+06   0.415685E-09   0.571019E-09  -0.227532E-08
   0.100880E+06   0.434698E-09   0.437476E-09  -0.164796E-08
   0.100900E+06   0.423113E-09   0.269711E-09  -0.888736E-09
   0.100920E+06   0.383660E-09   0.801667E-10  -0.447733E-10
   0.100940E+06   0.320385E-09  -0.116357E-09   0.826420E-09
   0.100960E+06   0.238919E-09  -0.303763E-09   0.166187E-08
   0.100980E+06   0.146678E-09  -0.465923E-09   0.239902E-08
   0.101000E+06   0.528360E-10  -0.588063E-09   0.298193E-08
   0.101020E+06  -0.320563E-10  -0.658153E-09   0.336713E-08
   0.101040E+06  -0.968827E-10  -0.668134E-09   0.352836E-08
   0.101060E+06  -0.131169E-09  -0.614861E-09   0.345952E-08
   0.101080E+06  -0.126559E-09  -0.500594E-09   0.317548E-08
   0.101100E+06  -0.783409E-10  -0.332973E-09   0.271040E-08
   0.101120E+06   0.132350E-10  -0.124409E-09   0.211399E-08
   0.101140E+06   0.142134E-09   0.109037E-09   0.144585E-08
   0.101160E+06   0.296422E-09   0.349202E-09   0.768834E-09
   0.101180E+06   0.459009E-09   0.577600E-09   0.142117E-09
   0.101200E+06   0.609233E-09   0.777228E-09  -0.385004E-09
   0.101220E+06   0.725172E-09   0.934158E-09  -0.777909E-09
   0.101240E+06   0.786401E-09   0.103872E-08  -0.101943E-08
   0.101260E+06   0.776837E-09   0.108613E-08  -0.111031E-08
   0.101280E+06   0.687272E-09   0.107652E-08  -0.106747E-08
   0.101300E+06   0.517191E-09   0.101433E-08  -0.920399E-09
   0.101320E+06   0.275588E-09   0.907310E-09  -0.706246E-09
   0.101340E+06  -0.194121E-10   0.765194E-09  -0.464481E-09
   0.101360E+06  -0.342129E-09   0.598312E-09  -0.231791E-09
   0.101380E+06  -0.661949E-09   0.416397E-09  -0.379404E-10
   0.101400E+06  -0.946669E-09   0.227713E-09   0.969418E-10
   0.101420E+06  -0.116616E-08   0.386331E-10   0.163427E-09
   0.101440E+06  -0.129589E-08  -0.146309E-09   0.162253E-09
   0.101460E+06  -0.131977E-08  -0.323984E-09   0.102481E-09
   0.101480E+06  -0.123211E-08  -0.491973E-09  -0.120324E-11
   0.101500E+06  -0.103829E-08  -0.647820E-09  -0.131492E-09
   0.101520E+06  -0.754169E-09  -0.788415E-09  -0.271270E-09
   0.101540E+06  -0.404242E-09  -0.909672E-09  -0.405815E-09
   0.101560E+06  -0.189433E-10  -0.100660E-08  -0.524135E-09
   0.101580E+06   0.368697E-09  -0.107377E-08  -0.619401E-09
   0.101600E+06   0.726510E-09  -0.110610E-08  -0.688563E-09
   0.101620E+06   0.102637E-08  -0.109981E-08  -0.731422E-09
   0.101640E+06   0.124675E-08  -0.105339E-08  -0.749440E-09
   0.101660E+06   0.137430E-08  -0.968264E-09  -0.744619E-09
   0.101680E+06   0.140453E-08  -0.849149E-09  -0.718684E-09
   0.101700E+06   0.134134E-08  -0.703877E-09  -0.672700E-09
   0.101720E+06   0.119581E-08  -0.542738E-09  -0.607159E-09
   0.101740E+06   0.984383E-09  -0.377403E-09  -0.522425E-09
   0.101760E+06   0.726706E-09  -0.219602E-09  -0.419386E-09
   0.101780E+06   0.443531E-09  -0.797627E-10  -0.300086E-09
   0.101800E+06   0.154885E-09   0.341739E-10  -0.168176E-09
   0.101820E+06  -0.121321E-09   0.117562E-09  -0.290366E-10
   0.101840E+06  -0.370143E-09   0.169365E-09   0.110463E-09
   0.101860E+06  -0.579956E-09   0.191940E-09   0.242542E-09
   0.101880E+06  -0.742414E-09   0.190349E-09   0.359294E-09
   0.101900E+06  -0.852174E-09   0.171339E-09   0.453558E-09
   0.101920E+06  -0.906565E-09   0.142183E-09   0.519679E-09
   0.101940E+06  -0.905342E-09   0.109595E-09   0.554063E-09
   0.101960E+06  -0.850614E-09   0.789049E-10   0.555431E-09
   0.101980E+06  -0.746950E-09   0.536037E-10   0.524767E-09
   0.102000E+06  -0.601598E-09   0.353245E-10   0.465017E-09
   0.102020E+06  -0.424660E-09   0.241946E-10   0.380625E-09
   0.102040E+06  -0.229079E-09   0.194491E-10   0.277023E-09
   0.102060E+06  -0.302560E-10   0.201328E-10   0.160171E-09
   0.102080E+06   0.154790E-09   0.257138E-10   0.362179E-10
   0.102100E+06   0.308760E-09   0.364534E-10  -0.887094E-10
   0.102120E+06   0.415809E-09   0.534437E-10  -0.208607E-09
   0.102140E+06   0.463499E-09   0.782994E-10  -0.317658E-09
   0.102160E+06   0.444680E-09   0.112576E-09  -0.410322E-09
   0.102180E+06   0.359002E-09   0.157054E-09  -0.481531E-09
   0.102200E+06   0.213733E-09   0.211070E-09  -0.527002E-09
   0.102220E+06   0.236599E-10   0.272071E-09  -0.543659E-09
   0.102240E+06  -0.190048E-09   0.335537E-09  -0.530097E-09
   0.102260E+06  -0.401969E-09   0.395329E-09  -0.486994E-09
   0.102280E+06  -0.585351E-09   0.444462E-09  -0.417342E-09
   0.102300E+06  -0.715463E-09   0.476171E-09  -0.326420E-09
   0.102320E+06  -0.772930E-09   0.485095E-09  -0.221445E-09
   0.102340E+06  -0.746556E-09   0.468362E-09  -0.110900E-09
   0.102360E+06  -0.635180E-09   0.426345E-09  -0.361485E-11
   0.102380E+06  -0.448245E-09   0.362930E-09   0.922739E-10
   0.102400E+06  -0.204921E-09   0.285200E-09   0.170322E-09
   0.102420E+06   0.681677E-10   0.202550E-09   0.226568E-09
   0.102440E+06   0.340313E-09   0.125366E-09   0.259969E-09
   0.102460E+06   0.580758E-09   0.634531E-10   0.272404E-09
   0.102480E+06   0.762810E-09   0.245000E-10   0.268241E-09
   0.102500E+06   0.867426E-09   0.128151E-10   0.253529E-09
   0.102520E+06   0.885746E-09   0.285769E-10   0.234965E-09
   0.102540E+06   0.820159E-09   0.677289E-10   0.218821E-09
   0.102560E+06   0.683754E-09   0.122552E-09   0.210010E-09
   0.102580E+06   0.498211E-09   0.182825E-09   0.211454E-09
   0.102600E+06   0.290452E-09   0.237398E-09   0.223848E-09
   0.102620E+06   0.885633E-10   0.275908E-09   0.245847E-09
   0.102640E+06  -0.823984E-10   0.290369E-09   0.274587E-09
   0.102660E+06  -0.204058E-09   0.276377E-09   0.306427E-09
   0.102680E+06  -0.267287E-09   0.233741E-09   0.337739E-09
   0.102700E+06  -0.273281E-09   0.166452E-09   0.365552E-09
   0.102720E+06  -0.233001E-09   0.820028E-10   0.387942E-09
   0.102740E+06  -0.165078E-09  -0.979533E-11   0.404075E-09
   0.102760E+06  -0.925100E-10  -0.983213E-10   0.413924E-09
   0.102780E+06  -0.387024E-10  -0.173706E-09   0.417753E-09
   0.102800E+06  -0.234556E-10  -0.228216E-09   0.415509E-09
   0.102820E+06  -0.595468E-10  -0.257247E-09   0.406317E-09
   0.102840E+06  -0.150434E-09  -0.259803E-09   0.388226E-09
   0.102860E+06  -0.289442E-09  -0.238422E-09   0.358324E-09
   0.102880E+06  -0.460546E-09  -0.198599E-09   0.313249E-09
   0.102900E+06  -0.640645E-09  -0.147834E-09   0.250025E-09
   0.102920E+06  -0.802959E-09  -0.944863E-10   0.167071E-09
   0.102940E+06  -0.921039E-09  -0.466157E-10   0.651537E-10
   0.102960E+06  -0.972795E-09  -0.109898E-10  -0.519296E-10
   0.102980E+06  -0.943928E-09   0.762721E-11  -0.177165E-09
   0.103000E+06  -0.830280E-09   0.683805E-11  -0.300737E-09
   0.103020E+06  -0.638751E-09  -0.133711E-10  -0.411071E-09
   0.103040E+06  -0.386683E-09  -0.509044E-10  -0.496373E-09
   0.103060E+06  -0.997853E-10  -0.102030E-09  -0.546450E-09
   0.103080E+06   0.191075E-09  -0.161952E-09  -0.554497E-09
   0.103100E+06   0.453778E-09  -0.225381E-09  -0.518507E-09
   0.103120E+06   0.659002E-09  -0.287047E-09  -0.442016E-09
   0.103140E+06   0.783897E-09  -0.342098E-09  -0.333973E-09
   0.103160E+06   0.814894E-09  -0.386404E-09  -0.207684E-09
   0.103180E+06   0.749327E-09  -0.416768E-09  -0.789331E-10
   0.103200E+06   0.595685E-09  -0.431081E-09   0.364525E-10
   0.103220E+06   0.372517E-09  -0.428440E-09   0.125198E-09
   0.103240E+06   0.106162E-09  -0.409240E-09   0.178897E-09
   0.103260E+06  -0.172365E-09  -0.375217E-09   0.195623E-09
   0.103280E+06  -0.430933E-09  -0.329424E-09   0.180492E-09
   0.103300E+06  -0.639864E-09  -0.276083E-09   0.145021E-09
   0.103320E+06  -0.775097E-09  -0.220288E-09   0.105309E-09
   0.103340E+06  -0.820607E-09  -0.167547E-09   0.792853E-10
   0.103360E+06  -0.769847E-09  -0.123173E-09   0.834360E-10
   0.103380E+06  -0.626114E-09  -0.915917E-10   0.129554E-09
   0.103400E+06  -0.401855E-09  -0.756445E-10   0.222062E-09
   0.103420E+06  -0.117048E-09  -0.760154E-10   0.356398E-09
   0.103440E+06   0.203096E-09  -0.908811E-10   0.518819E-09
   0.103460E+06   0.530848E-09  -0.115885E-09   0.687714E-09
   0.103480E+06   0.838758E-09  -0.144481E-09   0.836323E-09
   0.103500E+06   0.110226E-08  -0.168645E-09   0.936483E-09
   0.103520E+06   0.130183E-08  -0.179879E-09   0.962863E-09
   0.103540E+06   0.142448E-08  -0.170374E-09   0.897034E-09
   0.103560E+06   0.146452E-08  -0.134182E-09   0.730754E-09
   0.103580E+06   0.142358E-08  -0.682021E-10   0.467913E-09
   0.103600E+06   0.130989E-08   0.271750E-10   0.124826E-09
   0.103620E+06   0.113701E-08   0.147878E-09  -0.271225E-09
   0.103640E+06   0.922109E-09   0.286469E-09  -0.685006E-09
   0.103660E+06   0.684152E-09   0.432932E-09  -0.107749E-08
   0.103680E+06   0.441978E-09   0.575828E-09  -0.141055E-08
   0.103700E+06   0.212644E-09   0.703641E-09  -0.165158E-08
   0.103720E+06   0.100794E-10   0.806141E-09  -0.177727E-08
   0.103740E+06  -0.155822E-09   0.875541E-09  -0.177624E-08
   0.103760E+06  -0.279631E-09   0.907299E-09  -0.165001E-08
   0.103780E+06  -0.360347E-09   0.900456E-09  -0.141237E-08
   0.103800E+06  -0.400961E-09   0.857488E-09  -0.108733E-08
   0.103820E+06  -0.407683E-09   0.783708E-09  -0.705926E-09
   0.103840E+06  -0.388971E-09   0.686358E-09  -0.302557E-09
   0.103860E+06  -0.354433E-09   0.573524E-09   0.888106E-10
   0.103880E+06  -0.313739E-09   0.453084E-09   0.437904E-09
   0.103900E+06  -0.275606E-09   0.331820E-09   0.720611E-09
   0.103920E+06  -0.246933E-09   0.214839E-09   0.920414E-09
   0.103940E+06  -0.232155E-09   0.105351E-09   0.102881E-08
   0.103960E+06  -0.232825E-09   0.478582E-11   0.104485E-08
   0.103980E+06  -0.247488E-09  -0.867885E-10   0.974063E-09
   0.104000E+06  -0.271847E-09  -0.170094E-09   0.827126E-09
   0.104020E+06  -0.299229E-09  -0.246025E-09   0.618451E-09
   0.104040E+06  -0.321347E-09  -0.315115E-09   0.365010E-09
   0.104060E+06  -0.329319E-09  -0.377196E-09   0.854110E-10
   0.104080E+06  -0.314870E-09  -0.431291E-09  -0.200781E-09
   0.104100E+06  -0.271615E-09  -0.475735E-09  -0.473612E-09
   0.104120E+06  -0.196278E-09  -0.508496E-09  -0.713368E-09
   0.104140E+06  -0.896844E-10  -0.527593E-09  -0.901408E-09
   0.104160E+06   0.426481E-10  -0.531524E-09  -0.102132E-08
   0.104180E+06   0.190467E-09  -0.519611E-09  -0.106035E-08
   0.104200E+06   0.339391E-09  -0.492184E-09  -0.101099E-08
   0.104220E+06   0.472185E-09  -0.450592E-09  -0.872464E-09
   0.104240E+06   0.570627E-09  -0.397020E-09  -0.651776E-09
   0.104260E+06   0.617788E-09  -0.334197E-09  -0.364094E-09
   0.104280E+06   0.600439E-09  -0.265025E-09  -0.321263E-10
   0.104300E+06   0.511273E-09  -0.192243E-09   0.315540E-09
   0.104320E+06   0.350571E-09  -0.118183E-09   0.647088E-09
   0.104340E+06   0.127006E-09  -0.446598E-10   0.930855E-09
   0.104360E+06  -0.142620E-09   0.269748E-10   0.113902E-08
   0.104380E+06  -0.434787E-09   0.956473E-10   0.125108E-08
   0.104400E+06  -0.721712E-09   0.160294E-09   0.125664E-08
   0.104420E+06  -0.974563E-09   0.219580E-09   0.115692E-08
   0.104440E+06  -0.116703E-08   0.271682E-09   0.964885E-09
   0.104460E+06  -0.127872E-08   0.314194E-09   0.703744E-09
   0.104480E+06  -0.129791E-08   0.344203E-09   0.404062E-09
   0.104500E+06  -0.122311E-08   0.358534E-09   0.998859E-10
   0.104520E+06  -0.106327E-08   0.354133E-09  -0.175605E-09
   0.104540E+06  -0.836512E-09   0.328541E-09  -0.394263E-09
   0.104560E+06  -0.567430E-09   0.280377E-09  -0.536359E-09
   0.104580E+06  -0.283566E-09   0.209740E-09  -0.592706E-09
   0.104600E+06  -0.114231E-10   0.118477E-09  -0.565240E-09
   0.104620E+06   0.227240E-09   0.102542E-10  -0.466031E-09
   0.104640E+06   0.418252E-09  -0.109593E-09  -0.314933E-09
   0.104660E+06   0.556512E-09  -0.234405E-09  -0.136305E-09
   0.104680E+06   0.645858E-09  -0.356708E-09   0.446595E-10
   0.104700E+06   0.697325E-09  -0.468831E-09   0.205391E-09
   0.104720E+06   0.726103E-09  -0.563544E-09   0.328690E-09
   0.104740E+06   0.747731E-09  -0.634668E-09   0.404378E-09
   0.104760E+06   0.774236E-09  -0.677569E-09   0.429701E-09
   0.104780E+06   0.810950E-09  -0.689520E-09   0.408542E-09
   0.104800E+06   0.854642E-09  -0.669889E-09   0.349710E-09
   0.104820E+06   0.893398E-09  -0.620160E-09   0.264700E-09
   0.104840E+06   0.908367E-09  -0.543790E-09   0.165391E-09
   0.104860E+06   0.877153E-09  -0.445937E-09   0.621010E-10
   0.104880E+06   0.778322E-09  -0.333079E-09  -0.376663E-10
   0.104900E+06   0.596264E-09  -0.212549E-09  -0.129637E-09
   0.104920E+06   0.325518E-09  -0.920298E-10  -0.212368E-09
   0.104940E+06  -0.262573E-10   0.209861E-10  -0.286220E-09
   0.104960E+06  -0.437313E-09   0.119726E-09  -0.352028E-09
   0.104980E+06  -0.873167E-09   0.198640E-09  -0.409816E-09
   0.105000E+06  -0.129023E-08   0.253837E-09  -0.457897E-09
   0.105020E+06  -0.164126E-08   0.283423E-09  -0.492594E-09
   0.105040E+06  -0.188183E-08   0.287700E-09  -0.508657E-09
   0.105060E+06  -0.197689E-08   0.269189E-09  -0.500316E-09
   0.105080E+06  -0.190631E-08   0.232465E-09  -0.462735E-09
   0.105100E+06  -0.166858E-08   0.183781E-09  -0.393551E-09
   0.105120E+06  -0.128192E-08   0.130509E-09  -0.294137E-09
   0.105140E+06  -0.782599E-09   0.804390E-10  -0.170279E-09
   0.105160E+06  -0.220758E-09   0.409932E-10  -0.320466E-10
   0.105180E+06   0.345904E-09   0.184544E-10   0.107178E-09
   0.105200E+06   0.859455E-09   0.172891E-10   0.232417E-09
   0.105220E+06   0.126910E-08   0.396608E-10   0.329281E-09
   0.105240E+06   0.153749E-08   0.852026E-10   0.386255E-09
   0.105260E+06   0.164505E-08   0.151084E-09   0.396661E-09
   0.105280E+06   0.159181E-08   0.232376E-09   0.359950E-09
   0.105300E+06   0.139645E-08   0.322662E-09   0.282033E-09
   0.105320E+06   0.109285E-08   0.414823E-09   0.174578E-09
   0.105340E+06   0.724889E-09   0.501873E-09   0.533311E-10
   0.105360E+06   0.340016E-09   0.577739E-09  -0.642518E-10
   0.105380E+06  -0.170215E-10   0.637855E-09  -0.161702E-09
   0.105400E+06  -0.309670E-09   0.679500E-09  -0.226088E-09
   0.105420E+06  -0.513416E-09   0.701819E-09  -0.250001E-09
   0.105440E+06  -0.617592E-09   0.705549E-09  -0.232607E-09
   0.105460E+06  -0.625071E-09   0.692499E-09  -0.179604E-09
   0.105480E+06  -0.550110E-09   0.664885E-09  -0.102065E-09
   0.105500E+06  -0.414871E-09   0.624658E-09  -0.143720E-10
   0.105520E+06  -0.245296E-09   0.572952E-09   0.684117E-10
   0.105540E+06  -0.670655E-10   0.509777E-09   0.133260E-09
   0.105560E+06   0.977609E-10   0.434024E-09   0.171528E-09
   0.105580E+06   0.232994E-09   0.343809E-09   0.180493E-09
   0.105600E+06   0.329271E-09   0.237109E-09   0.163812E-09
   0.105620E+06   0.383797E-09   0.112594E-09   0.130798E-09
   0.105640E+06   0.399136E-09  -0.295079E-10   0.946160E-10
   0.105660E+06   0.381459E-09  -0.186668E-09   0.697101E-10
   0.105680E+06   0.338666E-09  -0.353614E-09   0.688952E-10
   0.105700E+06   0.278783E-09  -0.522299E-09   0.100629E-09
   0.105720E+06   0.208843E-09  -0.682373E-09   0.166961E-09
   0.105740E+06   0.134384E-09  -0.822112E-09   0.262552E-09
   0.105760E+06   0.594515E-10  -0.929745E-09   0.374988E-09
   0.105780E+06  -0.130352E-10  -0.994974E-09   0.486385E-09
   0.105800E+06  -0.808210E-10  -0.101050E-08   0.576081E-09
   0.105820E+06  -0.141962E-09  -0.973320E-09   0.624005E-09
   0.105840E+06  -0.194730E-09  -0.885487E-09   0.614170E-09
   0.105860E+06  -0.237810E-09  -0.754346E-09   0.537728E-09
   0.105880E+06  -0.270701E-09  -0.591973E-09   0.395049E-09
   0.105900E+06  -0.294142E-09  -0.413979E-09   0.196428E-09
   0.105920E+06  -0.310349E-09  -0.237748E-09  -0.387428E-10
   0.105940E+06  -0.322871E-09  -0.803462E-10  -0.284281E-09
   0.105960E+06  -0.335972E-09   0.436068E-10  -0.510683E-09
   0.105980E+06  -0.353547E-09   0.123809E-09  -0.689240E-09
   0.106000E+06  -0.377773E-09   0.155608E-09  -0.796196E-09
   0.106020E+06  -0.407755E-09   0.140587E-09  -0.816259E-09
   0.106040E+06  -0.438546E-09   0.863044E-10  -0.744938E-09
   0.106060E+06  -0.460857E-09   0.519900E-11  -0.589291E-09
   0.106080E+06  -0.461712E-09  -0.871753E-10  -0.366967E-09
   0.106100E+06  -0.426114E-09  -0.174351E-09  -0.103658E-09
   0.106120E+06  -0.339577E-09  -0.241252E-09   0.170637E-09
   0.106140E+06  -0.191188E-09  -0.276275E-09   0.425945E-09
   0.106160E+06   0.233163E-10  -0.272821E-09   0.636557E-09
   0.106180E+06   0.299046E-09  -0.230070E-09   0.784505E-09
   0.106200E+06   0.620592E-09  -0.152879E-09   0.861691E-09
   0.106220E+06   0.962215E-09  -0.508276E-10   0.870364E-09
   0.106240E+06   0.128978E-08   0.634177E-10   0.821861E-09
   0.106260E+06   0.156432E-08   0.176170E-09   0.733872E-09
   0.106280E+06   0.174686E-08   0.274877E-09   0.626707E-09
   0.106300E+06   0.180380E-08   0.350017E-09   0.519228E-09
   0.106320E+06   0.171213E-08   0.396454E-09   0.425198E-09
   0.106340E+06   0.146355E-08   0.414021E-09   0.350686E-09
   0.106360E+06   0.106690E-08   0.407261E-09   0.293022E-09
   0.106380E+06   0.548394E-09   0.384381E-09   0.241509E-09
   0.106400E+06  -0.505546E-10   0.355605E-09   0.179798E-09
   0.106420E+06  -0.677534E-09   0.331208E-09   0.895087E-10
   0.106440E+06  -0.127496E-08   0.319566E-09  -0.455310E-10
   0.106460E+06  -0.178667E-08   0.325563E-09  -0.235206E-09
   0.106480E+06  -0.216430E-08   0.349617E-09  -0.479951E-09
   0.106500E+06  -0.237279E-08   0.387498E-09  -0.769134E-09
   0.106520E+06  -0.239396E-08   0.430976E-09  -0.108135E-08
   0.106540E+06  -0.222811E-08   0.469194E-09  -0.138670E-08
   0.106560E+06  -0.189317E-08   0.490539E-09  -0.165067E-08
   0.106580E+06  -0.142202E-08   0.484708E-09  -0.183916E-08
   0.106600E+06  -0.858098E-09   0.444635E-09  -0.192372E-08
   0.106620E+06  -0.250351E-09   0.367939E-09  -0.188620E-08
   0.106640E+06   0.351966E-09   0.257666E-09  -0.172198E-08
   0.106660E+06   0.903864E-09   0.122197E-09  -0.144131E-08
   0.106680E+06   0.136810E-08  -0.256965E-10  -0.106832E-08
   0.106700E+06   0.171731E-08  -0.170489E-09  -0.637958E-09
   0.106720E+06   0.193478E-08  -0.296000E-09  -0.191303E-09
   0.106740E+06   0.201406E-08  -0.387626E-09   0.230122E-09
   0.106760E+06   0.195785E-08  -0.434394E-09   0.590002E-09
   0.106780E+06   0.177647E-08  -0.430505E-09   0.862035E-09
   0.106800E+06   0.148625E-08  -0.376165E-09   0.103311E-08
   0.106820E+06   0.110827E-08  -0.277598E-09   0.110436E-08
   0.106840E+06   0.667275E-09  -0.146232E-09   0.108998E-08
   0.106860E+06   0.190833E-09   0.277909E-11   0.101403E-08
   0.106880E+06  -0.291452E-09   0.152489E-09   0.905762E-09
   0.106900E+06  -0.748971E-09   0.286260E-09   0.794373E-09
   0.106920E+06  -0.115154E-08   0.389723E-09   0.703896E-09
   0.106940E+06  -0.147133E-08   0.452359E-09   0.649233E-09
   0.106960E+06  -0.168514E-08   0.468485E-09   0.633876E-09
   0.106980E+06  -0.177694E-08   0.437571E-09   0.649680E-09
   0.107000E+06  -0.174012E-08   0.363881E-09   0.678698E-09
   0.107020E+06  -0.157910E-08   0.255549E-09   0.696707E-09
   0.107040E+06  -0.130984E-08   0.123250E-09   0.677831E-09
   0.107060E+06  -0.959053E-09  -0.212937E-10   0.599453E-09
   0.107080E+06  -0.561872E-09  -0.166782E-09   0.446616E-09
   0.107100E+06  -0.158247E-09  -0.303558E-09   0.215181E-09
   0.107120E+06   0.211563E-09  -0.424469E-09  -0.867343E-10
   0.107140E+06   0.511837E-09  -0.525264E-09  -0.439262E-09
   0.107160E+06   0.715864E-09  -0.604559E-09  -0.813116E-09
   0.107180E+06   0.809351E-09  -0.663409E-09  -0.117336E-08
   0.107200E+06   0.792247E-09  -0.704609E-09  -0.148400E-08
   0.107220E+06   0.678621E-09  -0.731859E-09  -0.171271E-08
   0.107240E+06   0.494600E-09  -0.748926E-09  -0.183499E-08
   0.107260E+06   0.274625E-09  -0.758927E-09  -0.183713E-08
   0.107280E+06   0.565654E-10  -0.763817E-09  -0.171767E-08
   0.107300E+06  -0.123573E-09  -0.764134E-09  -0.148720E-08
   0.107320E+06  -0.236581E-09  -0.758993E-09  -0.116663E-08
   0.107340E+06  -0.263901E-09  -0.746318E-09  -0.784197E-09
   0.107360E+06  -0.199853E-09  -0.723227E-09  -0.371842E-09
   0.107380E+06  -0.519855E-10  -0.686533E-09   0.386399E-10
   0.107400E+06   0.160449E-09  -0.633262E-09   0.419073E-09
   0.107420E+06   0.409569E-09  -0.561128E-09   0.747587E-09
   0.107440E+06   0.662968E-09  -0.468932E-09   0.101025E-08
   0.107460E+06   0.888193E-09  -0.356818E-09   0.120151E-08
   0.107480E+06   0.105692E-08  -0.226407E-09   0.132360E-08
   0.107500E+06   0.114830E-08  -0.807705E-10   0.138499E-08
   0.107520E+06   0.115095E-08   0.757139E-10   0.139826E-08
   0.107540E+06   0.106365E-08   0.237628E-09   0.137780E-08
   0.107560E+06   0.894603E-09   0.398864E-09   0.133746E-08
   0.107580E+06   0.659570E-09   0.553024E-09   0.128873E-08
   0.107600E+06   0.379400E-09   0.693853E-09   0.123930E-08
   0.107620E+06   0.772431E-10   0.815659E-09   0.119244E-08
   0.107640E+06  -0.224026E-09   0.913678E-09   0.114696E-08
   0.107660E+06  -0.503903E-09   0.984382E-09   0.109785E-08
   0.107680E+06  -0.745664E-09   0.102567E-08   0.103733E-08
   0.107700E+06  -0.937056E-09   0.103697E-08   0.956365E-09
   0.107720E+06  -0.107037E-08   0.101916E-08   0.846249E-09
   0.107740E+06  -0.114208E-08   0.974438E-09   0.700180E-09
   0.107760E+06  -0.115221E-08   0.906087E-09   0.514670E-09
   0.107780E+06  -0.110376E-08   0.818129E-09   0.290592E-09
   0.107800E+06  -0.100213E-08   0.715004E-09   0.337526E-10
   0.107820E+06  -0.854790E-09   0.601252E-09  -0.245091E-09
   0.107840E+06  -0.671010E-09   0.481241E-09  -0.530817E-09
   0.107860E+06  -0.461710E-09   0.358988E-09  -0.805106E-09
   0.107880E+06  -0.239185E-09   0.238060E-09  -0.104812E-08
   0.107900E+06  -0.166817E-10   0.121573E-09  -0.124051E-08
   0.107920E+06   0.192261E-09   0.122426E-10  -0.136565E-08
   0.107940E+06   0.374704E-09  -0.875210E-10  -0.141165E-08
   0.107960E+06   0.519358E-09  -0.175532E-09  -0.137319E-08
   0.107980E+06   0.617649E-09  -0.249788E-09  -0.125258E-08
   0.108000E+06   0.664660E-09  -0.308504E-09  -0.106013E-08
   0.108020E+06   0.659771E-09  -0.350217E-09  -0.813573E-09
   0.108040E+06   0.606866E-09  -0.373973E-09  -0.536541E-09
   0.108060E+06   0.514068E-09  -0.379548E-09  -0.256273E-09
   0.108080E+06   0.392985E-09  -0.367671E-09  -0.712864E-12
   0.108100E+06   0.257558E-09  -0.340199E-09   0.204637E-09
   0.108120E+06   0.122660E-09  -0.300180E-09   0.339738E-09
   0.108140E+06   0.260377E-11  -0.251782E-09   0.392511E-09
   0.108160E+06  -0.902423E-10  -0.200059E-09   0.360481E-09
   0.108180E+06  -0.146601E-09  -0.150560E-09   0.251301E-09
   0.108200E+06  -0.161065E-09  -0.108813E-09   0.820511E-10
   0.108220E+06  -0.132460E-09  -0.797506E-10  -0.122639E-09
   0.108240E+06  -0.637971E-10  -0.671282E-10  -0.333456E-09
   0.108260E+06   0.381474E-10  -0.730382E-10  -0.519908E-09
   0.108280E+06   0.163546E-09  -0.975750E-10  -0.654039E-09
   0.108300E+06   0.300441E-09  -0.138716E-09  -0.713892E-09
   0.108320E+06   0.435775E-09  -0.192444E-09  -0.686264E-09
   0.108340E+06   0.556475E-09  -0.253109E-09  -0.568406E-09
   0.108360E+06   0.650498E-09  -0.313996E-09  -0.368437E-09
   0.108380E+06   0.707802E-09  -0.368026E-09  -0.104420E-09
   0.108400E+06   0.721184E-09  -0.408517E-09   0.197784E-09
   0.108420E+06   0.686938E-09  -0.429903E-09   0.507600E-09
   0.108440E+06   0.605265E-09  -0.428331E-09   0.793369E-09
   0.108460E+06   0.480398E-09  -0.402054E-09   0.102605E-08
   0.108480E+06   0.320387E-09  -0.351590E-09   0.118254E-08
   0.108500E+06   0.136517E-09  -0.279623E-09   0.124815E-08
   0.108520E+06  -0.576209E-10  -0.190673E-09   0.121802E-08
   0.108540E+06  -0.247349E-09  -0.905884E-10   0.109727E-08
   0.108560E+06  -0.418315E-09   0.140773E-10   0.899944E-09
   0.108580E+06  -0.557945E-09   0.116715E-09   0.646882E-09
   0.108600E+06  -0.656752E-09   0.211259E-09   0.362938E-09
   0.108620E+06  -0.709347E-09   0.292680E-09   0.738569E-10
   0.108640E+06  -0.714987E-09   0.357304E-09  -0.196715E-09
   0.108660E+06  -0.677565E-09   0.402963E-09  -0.429705E-09
   0.108680E+06  -0.605038E-09   0.428974E-09  -0.612274E-09
   0.108700E+06  -0.508338E-09   0.435969E-09  -0.738491E-09
   0.108720E+06  -0.399924E-09   0.425630E-09  -0.808995E-09
   0.108740E+06  -0.292172E-09   0.400376E-09  -0.829796E-09
   0.108760E+06  -0.195847E-09   0.363043E-09  -0.810440E-09
   0.108780E+06  -0.118868E-09   0.316607E-09  -0.761894E-09
   0.108800E+06  -0.655566E-10   0.263964E-09  -0.694487E-09
   0.108820E+06  -0.364775E-10   0.207773E-09  -0.616256E-09
   0.108840E+06  -0.288614E-10   0.150367E-09  -0.531922E-09
   0.108860E+06  -0.375385E-10   0.937067E-10  -0.442634E-09
   0.108880E+06  -0.562001E-10   0.393584E-10  -0.346479E-09
   0.108900E+06  -0.787636E-10  -0.115064E-10  -0.239617E-09
   0.108920E+06  -0.100598E-09  -0.581132E-10  -0.117817E-09
   0.108940E+06  -0.119394E-09  -0.100075E-09   0.219041E-10
   0.108960E+06  -0.135521E-09  -0.137364E-09   0.179841E-09
   0.108980E+06  -0.151808E-09  -0.170253E-09   0.352619E-09
   0.109000E+06  -0.172788E-09  -0.199206E-09   0.532849E-09
   0.109020E+06  -0.203528E-09  -0.224714E-09   0.709485E-09
   0.109040E+06  -0.248255E-09  -0.247090E-09   0.868840E-09
   0.109060E+06  -0.309026E-09  -0.266236E-09   0.996100E-09
   0.109080E+06  -0.384670E-09  -0.281428E-09   0.107711E-08
   0.109100E+06  -0.470239E-09  -0.291163E-09   0.110016E-08
   0.109120E+06  -0.557061E-09  -0.293123E-09   0.105752E-08
   0.109140E+06  -0.633472E-09  -0.284291E-09   0.946528E-09
   0.109160E+06  -0.686129E-09  -0.261247E-09   0.770098E-09
   0.109180E+06  -0.701778E-09  -0.220632E-09   0.536574E-09
   0.109200E+06  -0.669212E-09  -0.159740E-09   0.259066E-09
   0.109220E+06  -0.581174E-09  -0.771741E-10  -0.456607E-10
   0.109240E+06  -0.435909E-09   0.265400E-10  -0.358574E-09
   0.109260E+06  -0.238126E-09   0.148486E-09  -0.659833E-09
   0.109280E+06   0.805140E-12   0.283137E-09  -0.930196E-09
   0.109300E+06   0.263504E-09   0.422455E-09  -0.115224E-08
   0.109320E+06   0.528065E-09   0.556361E-09  -0.131136E-08
   0.109340E+06   0.770229E-09   0.673550E-09  -0.139653E-08
   0.109360E+06   0.966033E-09   0.762588E-09  -0.140088E-08
   0.109380E+06   0.109462E-08   0.813165E-09  -0.132207E-08
   0.109400E+06   0.114088E-08   0.817365E-09  -0.116256E-08
   0.109420E+06   0.109759E-08   0.770756E-09  -0.929777E-09
   0.109440E+06   0.966729E-09   0.673172E-09  -0.636044E-09
   0.109460E+06   0.759774E-09   0.529033E-09  -0.298314E-09
   0.109480E+06   0.496897E-09   0.347146E-09   0.624418E-10
   0.109500E+06   0.205032E-09   0.139985E-09   0.422246E-09
   0.109520E+06  -0.849411E-10  -0.774795E-10   0.755572E-09
   0.109540E+06  -0.341657E-09  -0.289273E-09   0.103720E-08
   0.109560E+06  -0.536928E-09  -0.480039E-09   0.124437E-08
   0.109580E+06  -0.649186E-09  -0.636591E-09   0.135899E-08
   0.109600E+06  -0.666244E-09  -0.749213E-09   0.136973E-08
   0.109620E+06  -0.586994E-09  -0.812524E-09   0.127361E-08
   0.109640E+06  -0.421782E-09  -0.825830E-09   0.107687E-08
   0.109660E+06  -0.191346E-09  -0.792922E-09   0.794917E-09
   0.109680E+06   0.755793E-10  -0.721376E-09   0.451247E-09
   0.109700E+06   0.345741E-09  -0.621451E-09   0.753938E-10
   0.109720E+06   0.585487E-09  -0.504763E-09  -0.299913E-09
   0.109740E+06   0.765002E-09  -0.382912E-09  -0.642068E-09
   0.109760E+06   0.862088E-09  -0.266223E-09  -0.921978E-09
   0.109780E+06   0.864977E-09  -0.162778E-09  -0.111710E-08
   0.109800E+06   0.773778E-09  -0.778081E-10  -0.121377E-08
   0.109820E+06   0.600348E-09  -0.135075E-10  -0.120843E-08
   0.109840E+06   0.366603E-09   0.307648E-10  -0.110772E-08
   0.109860E+06   0.101498E-09   0.579583E-10  -0.927398E-09
   0.109880E+06  -0.162884E-09   0.725903E-10  -0.690204E-09
   0.109900E+06  -0.395596E-09   0.799101E-10  -0.423058E-09
   0.109920E+06  -0.570807E-09   0.850873E-10  -0.153933E-09
   0.109940E+06  -0.670964E-09   0.925208E-10   0.911695E-10
   0.109960E+06  -0.688690E-09   0.105335E-09   0.290787E-09
   0.109980E+06  -0.627189E-09   0.125090E-09   0.429817E-09
   0.110000E+06  -0.499157E-09   0.151711E-09   0.500458E-09
   0.110020E+06  -0.324424E-09   0.183597E-09   0.502255E-09
   0.110040E+06  -0.126748E-09   0.217875E-09   0.441367E-09
   0.110060E+06   0.697190E-10   0.250753E-09   0.329271E-09
   0.110080E+06   0.243718E-09   0.277926E-09   0.181149E-09
   0.110100E+06   0.379439E-09   0.295001E-09   0.142010E-10
   0.110120E+06   0.467991E-09   0.297931E-09  -0.153905E-09
   0.110140E+06   0.507647E-09   0.283427E-09  -0.306342E-09
   0.110160E+06   0.502924E-09   0.249341E-09  -0.428141E-09
   0.110180E+06   0.462761E-09   0.195003E-09  -0.506948E-09
   0.110200E+06   0.398220E-09   0.121475E-09  -0.533601E-09
   0.110220E+06   0.320164E-09   0.316997E-10  -0.502601E-09
   0.110240E+06   0.237363E-09  -0.695042E-10  -0.412535E-09
   0.110260E+06   0.155365E-09  -0.175639E-09  -0.266444E-09
   0.110280E+06   0.762970E-10  -0.278926E-09  -0.720667E-10
   0.110300E+06  -0.429501E-12  -0.370918E-09   0.158144E-09
   0.110320E+06  -0.767281E-10  -0.443273E-09   0.407395E-09
   0.110340E+06  -0.154114E-09  -0.488641E-09   0.655425E-09
   0.110360E+06  -0.232073E-09  -0.501550E-09   0.879945E-09
   0.110380E+06  -0.306921E-09  -0.479190E-09   0.105862E-08
   0.110400E+06  -0.371472E-09  -0.421958E-09   0.117145E-08
   0.110420E+06  -0.415644E-09  -0.333681E-09   0.120324E-08
   0.110440E+06  -0.427955E-09  -0.221440E-09   0.114594E-08
   0.110460E+06  -0.397675E-09  -0.949810E-10   0.100031E-08
   0.110480E+06  -0.317237E-09   0.342415E-10   0.776748E-09
   0.110500E+06  -0.184445E-09   0.154287E-09   0.494870E-09
   0.110520E+06  -0.403195E-11   0.254076E-09   0.181893E-09
   0.110540E+06   0.211790E-09   0.324681E-09  -0.130160E-09
   0.110560E+06   0.443984E-09   0.360388E-09  -0.408111E-09
   0.110580E+06   0.668512E-09   0.359380E-09  -0.621678E-09
   0.110600E+06   0.859128E-09   0.323935E-09  -0.747382E-09
   0.110620E+06   0.990711E-09   0.260102E-09  -0.771737E-09
   0.110640E+06   0.104267E-08   0.176902E-09  -0.693213E-09
   0.110660E+06   0.100183E-08   0.851442E-10  -0.522655E-09
   0.110680E+06   0.864494E-09  -0.396333E-11  -0.282026E-09
   0.110700E+06   0.637116E-09  -0.802308E-10  -0.161050E-11
   0.110720E+06   0.335771E-09  -0.135726E-09   0.283956E-09
   0.110740E+06  -0.156976E-10  -0.165674E-09   0.540273E-09
   0.110760E+06  -0.388458E-09  -0.168899E-09   0.737715E-09
   0.110780E+06  -0.751998E-09  -0.147759E-09   0.855282E-09
   0.110800E+06  -0.107746E-08  -0.107599E-09   0.883175E-09
   0.110820E+06  -0.134058E-08  -0.558220E-10   0.823739E-09
   0.110840E+06  -0.152376E-08  -0.718654E-12   0.690657E-09
   0.110860E+06  -0.161722E-08   0.497683E-10   0.506520E-09
   0.110880E+06  -0.161909E-08   0.891622E-10   0.299173E-09
   0.110900E+06  -0.153450E-08   0.113304E-09   0.974136E-10
   0.110920E+06  -0.137415E-08   0.120831E-09  -0.733136E-10
   0.110940E+06  -0.115247E-08   0.113227E-09  -0.194561E-09
   0.110960E+06  -0.885780E-09   0.944711E-10  -0.257335E-09
   0.110980E+06  -0.590760E-09   0.703451E-10  -0.263020E-09
   0.111000E+06  -0.283324E-09   0.475217E-10  -0.222675E-09
   0.111020E+06   0.220214E-10   0.325694E-10  -0.154857E-09
   0.111040E+06   0.312412E-09   0.310141E-10  -0.823511E-10
   0.111060E+06   0.576602E-09   0.465803E-10  -0.283383E-10
   0.111080E+06   0.804859E-09   0.807006E-10  -0.126034E-10
   0.111100E+06   0.988956E-09   0.132338E-09  -0.483683E-10
   0.111120E+06   0.112234E-08   0.198120E-09  -0.140208E-09
   0.111140E+06   0.120050E-08   0.272752E-09  -0.283335E-09
   0.111160E+06   0.122149E-08   0.349629E-09  -0.464318E-09
   0.111180E+06   0.118639E-08   0.421561E-09  -0.663079E-09
   0.111200E+06   0.109958E-08   0.481528E-09  -0.855837E-09
   0.111220E+06   0.968682E-09   0.523364E-09  -0.101852E-08
   0.111240E+06   0.804057E-09   0.542317E-09  -0.113015E-08
   0.111260E+06   0.617809E-09   0.535436E-09  -0.117567E-08
   0.111280E+06   0.422499E-09   0.501753E-09  -0.114788E-08
   0.111300E+06   0.229699E-09   0.442284E-09  -0.104823E-08
   0.111320E+06   0.486702E-10   0.359850E-09  -0.886330E-09
   0.111340E+06  -0.114586E-09   0.258760E-09  -0.678481E-09
   0.111360E+06  -0.257692E-09   0.144397E-09  -0.445291E-09
   0.111380E+06  -0.381583E-09   0.227566E-10  -0.208884E-09
   0.111400E+06  -0.489537E-09  -0.100026E-09   0.993107E-11
   0.111420E+06  -0.585731E-09  -0.218113E-09   0.194132E-09
   0.111440E+06  -0.673594E-09  -0.326328E-09   0.332279E-09
   0.111460E+06  -0.754302E-09  -0.420436E-09   0.419423E-09
   0.111480E+06  -0.825738E-09  -0.497293E-09   0.457063E-09
   0.111500E+06  -0.882192E-09  -0.554900E-09   0.452228E-09
   0.111520E+06  -0.914918E-09  -0.592331E-09   0.415867E-09
   0.111540E+06  -0.913513E-09  -0.609581E-09   0.360830E-09
   0.111560E+06  -0.867904E-09  -0.607348E-09   0.299760E-09
   0.111580E+06  -0.770609E-09  -0.586796E-09   0.243199E-09
   0.111600E+06  -0.618842E-09  -0.549335E-09   0.198196E-09
   0.111620E+06  -0.416051E-09  -0.496446E-09   0.167574E-09
   0.111640E+06  -0.172529E-09  -0.429598E-09   0.149952E-09
   0.111660E+06   0.950566E-10  -0.350241E-09   0.140471E-09
   0.111680E+06   0.365254E-09  -0.259901E-09   0.132100E-09
   0.111700E+06   0.614304E-09  -0.160325E-09   0.117281E-09
   0.111720E+06   0.819151E-09  -0.536564E-10   0.896615E-10
   0.111740E+06   0.960511E-09   0.574027E-10   0.456275E-10
   0.111760E+06   0.102549E-08   0.169509E-09  -0.146166E-10
   0.111780E+06   0.100933E-08   0.278687E-09  -0.865936E-10
   0.111800E+06   0.916007E-09   0.380470E-09  -0.161823E-09
   0.111820E+06   0.757528E-09   0.470157E-09  -0.228792E-09
   0.111840E+06   0.552168E-09   0.543168E-09  -0.274514E-09
   0.111860E+06   0.321830E-09   0.595445E-09  -0.286449E-09
   0.111880E+06   0.890505E-10   0.623850E-09  -0.254529E-09
   0.111900E+06  -0.125884E-09   0.626482E-09  -0.172978E-09
   0.111920E+06  -0.307242E-09   0.602876E-09  -0.416529E-10
   0.111940E+06  -0.445247E-09   0.554041E-09   0.133309E-09
   0.111960E+06  -0.536407E-09   0.482333E-09   0.339674E-09
   0.111980E+06  -0.582811E-09   0.391189E-09   0.560121E-09
   0.112000E+06  -0.590613E-09   0.284760E-09   0.773991E-09
   0.112020E+06  -0.568069E-09   0.167519E-09   0.959554E-09
   0.112040E+06  -0.523530E-09   0.439034E-10   0.109651E-08
   0.112060E+06  -0.463805E-09  -0.819494E-10   0.116837E-08
   0.112080E+06  -0.393175E-09  -0.206331E-09   0.116452E-08
   0.112100E+06  -0.313213E-09  -0.325958E-09   0.108144E-08
   0.112120E+06  -0.223380E-09  -0.437851E-09   0.923277E-09
   0.112140E+06  -0.122200E-09  -0.539158E-09   0.701385E-09
   0.112160E+06  -0.869703E-11  -0.626987E-09   0.433060E-09
   0.112180E+06   0.116252E-09  -0.698318E-09   0.139631E-09
   0.112200E+06   0.249005E-09  -0.750048E-09  -0.155857E-09
   0.112220E+06   0.382902E-09  -0.779197E-09  -0.431071E-09
   0.112240E+06   0.508780E-09  -0.783262E-09  -0.666604E-09
   0.112260E+06   0.616168E-09  -0.760669E-09  -0.847728E-09
   0.112280E+06   0.694949E-09  -0.711231E-09  -0.965516E-09
   0.112300E+06   0.737144E-09  -0.636523E-09  -0.101723E-08
   0.112320E+06   0.738458E-09  -0.540074E-09  -0.100600E-08
   0.112340E+06   0.699258E-09  -0.427289E-09  -0.939952E-09
   0.112360E+06   0.624734E-09  -0.305094E-09  -0.830862E-09
   0.112380E+06   0.524204E-09  -0.181290E-09  -0.692662E-09
   0.112400E+06   0.409630E-09  -0.637236E-10  -0.539928E-09
   0.112420E+06   0.293626E-09   0.406341E-10  -0.386549E-09
   0.112440E+06   0.187305E-09   0.126539E-09  -0.244694E-09
   0.112460E+06   0.983869E-10   0.191115E-09  -0.124126E-09
   0.112480E+06   0.299300E-10   0.234169E-09  -0.318358E-10
   0.112500E+06  -0.200536E-10   0.258098E-09   0.280406E-10
   0.112520E+06  -0.579966E-10   0.267390E-09   0.541323E-10
   0.112540E+06  -0.932755E-10   0.267798E-09   0.476434E-10
   0.112560E+06  -0.136070E-09   0.265282E-09   0.121328E-10
   0.112580E+06  -0.194971E-09   0.264937E-09  -0.467056E-10
   0.112600E+06  -0.274777E-09   0.270054E-09  -0.121274E-09
   0.112620E+06  -0.374924E-09   0.281509E-09  -0.202359E-09
   0.112640E+06  -0.488857E-09   0.297581E-09  -0.279533E-09
   0.112660E+06  -0.604524E-09   0.314264E-09  -0.341735E-09
   0.112680E+06  -0.705962E-09   0.326019E-09  -0.378053E-09
   0.112700E+06  -0.775749E-09   0.326855E-09  -0.378714E-09
   0.112720E+06  -0.797948E-09   0.311570E-09  -0.336190E-09
   0.112740E+06  -0.761048E-09   0.276925E-09  -0.246332E-09
   0.112760E+06  -0.660414E-09   0.222551E-09  -0.109356E-09
   0.112780E+06  -0.499798E-09   0.151423E-09   0.694745E-10
   0.112800E+06  -0.291624E-09   0.697887E-10   0.279653E-09
   0.112820E+06  -0.559235E-10  -0.134494E-10   0.505807E-09
   0.112840E+06   0.181951E-09  -0.878307E-10   0.728731E-09
   0.112860E+06   0.394561E-09  -0.142752E-09   0.927008E-09
   0.112880E+06   0.556099E-09  -0.168993E-09   0.107912E-08
   0.112900E+06   0.646044E-09  -0.160122E-09   0.116582E-08
   0.112920E+06   0.652238E-09  -0.113572E-09   0.117249E-08
   0.112940E+06   0.572899E-09  -0.312141E-10   0.109126E-08
   0.112960E+06   0.417276E-09   0.806364E-10   0.922451E-09
   0.112980E+06   0.204817E-09   0.211809E-09   0.675282E-09
   0.113000E+06  -0.370548E-10   0.349357E-09   0.367593E-09
   0.113020E+06  -0.276270E-09   0.478981E-09   0.245519E-10
   0.113040E+06  -0.480113E-09   0.586609E-09  -0.323547E-09
   0.113060E+06  -0.619355E-09   0.659920E-09  -0.644198E-09
   0.113080E+06  -0.671987E-09   0.689628E-09  -0.906018E-09
   0.113100E+06  -0.626063E-09   0.670395E-09  -0.108213E-08
   0.113120E+06  -0.481295E-09   0.601279E-09  -0.115321E-08
   0.113140E+06  -0.249215E-09   0.485722E-09  -0.110981E-08
   0.113160E+06   0.481012E-10   0.331103E-09  -0.953685E-09
   0.113180E+06   0.380564E-09   0.147965E-09  -0.697929E-09
   0.113200E+06   0.713505E-09  -0.509857E-10  -0.365855E-09
   0.113220E+06   0.101160E-08  -0.251975E-09   0.112837E-10
   0.113240E+06   0.124274E-08  -0.441257E-09   0.397485E-09
   0.113260E+06   0.138151E-08  -0.606113E-09   0.755766E-09
   0.113280E+06   0.141167E-08  -0.735712E-09   0.105206E-08
   0.113300E+06   0.132767E-08  -0.821783E-09   0.125882E-08
   0.113320E+06   0.113479E-08  -0.859102E-09   0.135786E-08
   0.113340E+06   0.848220E-09  -0.845777E-09   0.134212E-08
   0.113360E+06   0.491031E-09  -0.783341E-09   0.121618E-08
   0.113380E+06   0.915173E-10  -0.676641E-09   0.995404E-09
   0.113400E+06  -0.319840E-09  -0.533519E-09   0.703851E-09
   0.113420E+06  -0.713369E-09  -0.364294E-09   0.371298E-09
   0.113440E+06  -0.106284E-08  -0.181049E-09   0.296674E-10
   0.113460E+06  -0.134748E-08   0.324996E-11  -0.290615E-09
   0.113480E+06  -0.155316E-08   0.175734E-09  -0.563888E-09
   0.113500E+06  -0.167281E-08   0.324651E-09  -0.771733E-09
   0.113520E+06  -0.170598E-08   0.440317E-09  -0.904393E-09
   0.113540E+06  -0.165789E-08   0.515897E-09  -0.960973E-09
   0.113560E+06  -0.153800E-08   0.547925E-09  -0.948499E-09
   0.113580E+06  -0.135848E-08   0.536492E-09  -0.880014E-09
   0.113600E+06  -0.113272E-08   0.485067E-09  -0.772080E-09
   0.113620E+06  -0.874132E-09   0.399983E-09  -0.642078E-09
   0.113640E+06  -0.595301E-09   0.289640E-09  -0.505746E-09
   0.113660E+06  -0.307576E-09   0.163538E-09  -0.375312E-09
   0.113680E+06  -0.210057E-10   0.312768E-10  -0.258477E-09
   0.113700E+06   0.255429E-09  -0.983505E-10  -0.158324E-09
   0.113720E+06   0.513462E-09  -0.218053E-09  -0.741014E-10
   0.113740E+06   0.745194E-09  -0.322443E-09  -0.262715E-11
   0.113760E+06   0.942893E-09  -0.408132E-09   0.599907E-10
   0.113780E+06   0.109903E-08  -0.473528E-09   0.116710E-09
   0.113800E+06   0.120659E-08  -0.518436E-09   0.168325E-09
   0.113820E+06   0.125962E-08  -0.543545E-09   0.212919E-09
   0.113840E+06   0.125395E-08  -0.549940E-09   0.246096E-09
   0.113860E+06   0.118796E-08  -0.538721E-09   0.261970E-09
   0.113880E+06   0.106323E-08  -0.510809E-09   0.254692E-09
   0.113900E+06   0.884994E-09  -0.466965E-09   0.220188E-09
   0.113920E+06   0.662229E-09  -0.407971E-09   0.157760E-09
   0.113940E+06   0.407381E-09  -0.334928E-09   0.711431E-10
   0.113960E+06   0.135670E-09  -0.249558E-09  -0.312256E-10
   0.113980E+06  -0.135932E-09  -0.154411E-09  -0.136871E-09
   0.114000E+06  -0.389965E-09  -0.529079E-10  -0.230838E-09
   0.114020E+06  -0.609853E-09   0.508321E-10  -0.297913E-09
   0.114040E+06  -0.781220E-09   0.152364E-09  -0.325153E-09
   0.114060E+06  -0.893031E-09   0.247431E-09  -0.304279E-09
   0.114080E+06  -0.938427E-09   0.332528E-09  -0.233485E-09
   0.114100E+06  -0.915186E-09   0.405381E-09  -0.118291E-09
   0.114120E+06  -0.825778E-09   0.465261E-09   0.287514E-10
   0.114140E+06  -0.677047E-09   0.513023E-09   0.189545E-09
   0.114160E+06  -0.479560E-09   0.550858E-09   0.342918E-09
   0.114180E+06  -0.246721E-09   0.581786E-09   0.467707E-09
   0.114200E+06   0.625302E-11   0.608967E-09   0.545970E-09
   0.114220E+06   0.263398E-09   0.634965E-09   0.565785E-09
   0.114240E+06   0.509028E-09   0.661108E-09   0.523158E-09
   0.114260E+06   0.728656E-09   0.687072E-09   0.422712E-09
   0.114280E+06   0.909764E-09   0.710787E-09   0.277001E-09
   0.114300E+06   0.104241E-08   0.728699E-09   0.104560E-09
   0.114320E+06   0.111968E-08   0.736350E-09  -0.730167E-10
   0.114340E+06   0.113794E-08   0.729185E-09  -0.234479E-09
   0.114360E+06   0.109698E-08   0.703424E-09  -0.362243E-09
   0.114380E+06   0.999949E-09   0.656845E-09  -0.445085E-09
   0.114400E+06   0.853183E-09   0.589316E-09  -0.479738E-09
   0.114420E+06   0.665841E-09   0.502968E-09  -0.471142E-09
   0.114440E+06   0.449386E-09   0.401953E-09  -0.431297E-09
   0.114460E+06   0.216908E-09   0.291835E-09  -0.376912E-09
   0.114480E+06  -0.176877E-10   0.178701E-09  -0.326277E-09
   0.114500E+06  -0.240586E-09   0.681787E-10  -0.295860E-09
   0.114520E+06  -0.439001E-09  -0.354880E-10  -0.297236E-09
   0.114540E+06  -0.602071E-09  -0.130090E-09  -0.334867E-09
   0.114560E+06  -0.721619E-09  -0.215725E-09  -0.405096E-09
   0.114580E+06  -0.792703E-09  -0.294609E-09  -0.496545E-09
   0.114600E+06  -0.813889E-09  -0.370465E-09  -0.591845E-09
   0.114620E+06  -0.787200E-09  -0.447571E-09  -0.670405E-09
   0.114640E+06  -0.717758E-09  -0.529656E-09  -0.711768E-09
   0.114660E+06  -0.613150E-09  -0.618838E-09  -0.698995E-09
   0.114680E+06  -0.482601E-09  -0.714804E-09  -0.621537E-09
   0.114700E+06  -0.336061E-09  -0.814396E-09  -0.477121E-09
   0.114720E+06  -0.183325E-09  -0.911699E-09  -0.272368E-09
   0.114740E+06  -0.332995E-10  -0.998639E-09  -0.220534E-10
   0.114760E+06   0.106502E-09  -0.106600E-08   0.252839E-09
   0.114780E+06   0.230178E-09  -0.110470E-08   0.527965E-09
   0.114800E+06   0.333395E-09  -0.110714E-08   0.778885E-09
   0.114820E+06   0.413104E-09  -0.106841E-08   0.984257E-09
   0.114840E+06   0.467146E-09  -0.987090E-09   0.112846E-08
   0.114860E+06   0.493841E-09  -0.865650E-09   0.120329E-08
   0.114880E+06   0.491691E-09  -0.710249E-09   0.120852E-08
   0.114900E+06   0.459291E-09  -0.530069E-09   0.115127E-08
   0.114920E+06   0.395521E-09  -0.336258E-09   0.104443E-08
   0.114940E+06   0.299990E-09  -0.140653E-09   0.904365E-09
   0.114960E+06   0.173686E-09   0.455176E-10   0.748295E-09
   0.114980E+06   0.197096E-10   0.212757E-09   0.591854E-09
   0.115000E+06  -0.156087E-09   0.354105E-09   0.447101E-09
   0.115020E+06  -0.344714E-09   0.465527E-09   0.321290E-09
   0.115040E+06  -0.534068E-09   0.545888E-09   0.216514E-09
   0.115060E+06  -0.709480E-09   0.596539E-09   0.130204E-09
   0.115080E+06  -0.854801E-09   0.620645E-09   0.563213E-10
   0.115100E+06  -0.953975E-09   0.622381E-09  -0.129989E-10
   0.115120E+06  -0.992930E-09   0.606151E-09  -0.856636E-10
   0.115140E+06  -0.961565E-09   0.575940E-09  -0.167978E-09
   0.115160E+06  -0.855553E-09   0.534903E-09  -0.263399E-09
   0.115180E+06  -0.677663E-09   0.485198E-09  -0.371829E-09
   0.115200E+06  -0.438358E-09   0.428071E-09  -0.489529E-09
   0.115220E+06  -0.155487E-09   0.364118E-09  -0.609582E-09
   0.115240E+06   0.146978E-09   0.293641E-09  -0.722816E-09
   0.115260E+06   0.441111E-09   0.217016E-09  -0.818978E-09
   0.115280E+06   0.697882E-09   0.134991E-09  -0.888002E-09
   0.115300E+06   0.890388E-09   0.488558E-10  -0.921167E-09
   0.115320E+06   0.997078E-09  -0.395238E-10  -0.912030E-09
   0.115340E+06   0.100454E-08  -0.127795E-09  -0.857044E-09
   0.115360E+06   0.909483E-09  -0.213296E-09  -0.755844E-09
   0.115380E+06   0.719603E-09  -0.293270E-09  -0.611226E-09
   0.115400E+06   0.453163E-09  -0.365058E-09  -0.428885E-09
   0.115420E+06   0.137292E-09  -0.426235E-09  -0.216982E-09
   0.115440E+06  -0.194862E-09  -0.474680E-09   0.143820E-10
   0.115460E+06  -0.507792E-09  -0.508567E-09   0.253743E-09
   0.115480E+06  -0.767688E-09  -0.526327E-09   0.488858E-09
   0.115500E+06  -0.946394E-09  -0.526594E-09   0.707303E-09
   0.115520E+06  -0.102478E-08  -0.508196E-09   0.897079E-09
   0.115540E+06  -0.995089E-09  -0.470205E-09   0.104725E-08
   0.115560E+06  -0.861961E-09  -0.412067E-09   0.114858E-08
   0.115580E+06  -0.641980E-09  -0.333799E-09   0.119422E-08
   0.115600E+06  -0.361787E-09  -0.236220E-09   0.118025E-08
   0.115620E+06  -0.549673E-10  -0.121179E-09   0.110623E-08
   0.115640E+06   0.241901E-09   0.828529E-11   0.975461E-09
   0.115660E+06   0.493576E-09   0.147888E-09   0.794990E-09
   0.115680E+06   0.670324E-09   0.292183E-09   0.575341E-09
   0.115700E+06   0.751423E-09   0.434807E-09   0.329852E-09
   0.115720E+06   0.727587E-09   0.568855E-09   0.737091E-10
   0.115740E+06   0.602012E-09   0.687365E-09  -0.177251E-09
   0.115760E+06   0.389934E-09   0.783853E-09  -0.407865E-09
   0.115780E+06   0.116776E-09   0.852832E-09  -0.604930E-09
   0.115800E+06  -0.184894E-09   0.890264E-09  -0.758313E-09
   0.115820E+06  -0.479197E-09   0.893887E-09  -0.861722E-09
   0.115840E+06  -0.731093E-09   0.863391E-09  -0.913059E-09
   0.115860E+06  -0.910368E-09   0.800426E-09  -0.914288E-09
   0.115880E+06  -0.994974E-09   0.708452E-09  -0.870866E-09
   0.115900E+06  -0.973343E-09   0.592460E-09  -0.790807E-09
   0.115920E+06  -0.845462E-09   0.458597E-09  -0.683538E-09
   0.115940E+06  -0.622594E-09   0.313739E-09  -0.558701E-09
   0.115960E+06  -0.325763E-09   0.165054E-09  -0.425106E-09
   0.115980E+06   0.167954E-10   0.195746E-10  -0.289970E-09
   0.116000E+06   0.372856E-09  -0.116173E-09  -0.158550E-09
   0.116020E+06   0.709708E-09  -0.236487E-09  -0.341996E-10
   0.116040E+06   0.997527E-09  -0.336747E-09   0.811854E-10
   0.116060E+06   0.121224E-08  -0.413595E-09   0.186456E-09
   0.116080E+06   0.133763E-08  -0.465053E-09   0.280396E-09
   0.116100E+06   0.136643E-08  -0.490583E-09   0.360986E-09
   0.116120E+06   0.130052E-08  -0.491066E-09   0.424933E-09
   0.116140E+06   0.115009E-08  -0.468727E-09   0.467592E-09
   0.116160E+06   0.932113E-09  -0.426987E-09   0.483341E-09
   0.116180E+06   0.668313E-09  -0.370246E-09   0.466400E-09
   0.116200E+06   0.382831E-09  -0.303612E-09   0.411963E-09
   0.116220E+06   0.999290E-10  -0.232572E-09   0.317480E-09
   0.116240E+06  -0.158094E-09  -0.162641E-09   0.183851E-09
   0.116260E+06  -0.372606E-09  -0.989892E-10   0.162993E-10
   0.116280E+06  -0.529865E-09  -0.460989E-10  -0.175289E-09
   0.116300E+06  -0.621736E-09  -0.745272E-11  -0.376680E-09
   0.116320E+06  -0.645911E-09   0.147043E-10  -0.570309E-09
   0.116340E+06  -0.605695E-09   0.195166E-10  -0.736925E-09
   0.116360E+06  -0.509424E-09   0.756886E-11  -0.857688E-09
   0.116380E+06  -0.369592E-09  -0.191714E-10  -0.916435E-09
   0.116400E+06  -0.201755E-09  -0.575153E-10  -0.901841E-09
   0.116420E+06  -0.232769E-10  -0.103310E-09  -0.809126E-09
   0.116440E+06   0.148021E-09  -0.151772E-09  -0.641069E-09
   0.116460E+06   0.295256E-09  -0.197879E-09  -0.408135E-09
   0.116480E+06   0.403841E-09  -0.236779E-09  -0.127674E-09
   0.116500E+06   0.462731E-09  -0.264200E-09   0.177753E-09
   0.116520E+06   0.465446E-09  -0.276822E-09   0.482708E-09
   0.116540E+06   0.410779E-09  -0.272561E-09   0.761584E-09
   0.116560E+06   0.303077E-09  -0.250769E-09   0.991339E-09
   0.116580E+06   0.152041E-09  -0.212297E-09   0.115390E-08
   0.116600E+06  -0.280121E-10  -0.159418E-09   0.123794E-08
   0.116620E+06  -0.219374E-09  -0.956129E-10   0.123976E-08
   0.116640E+06  -0.402587E-09  -0.252383E-10   0.116331E-08
   0.116660E+06  -0.558351E-09   0.469108E-10   0.101922E-08
   0.116680E+06  -0.669492E-09   0.116081E-09   0.823143E-09
   0.116700E+06  -0.722789E-09   0.178036E-09   0.593588E-09
   0.116720E+06  -0.710425E-09   0.229477E-09   0.349626E-09
   0.116740E+06  -0.630901E-09   0.268344E-09   0.108743E-09
   0.116760E+06  -0.489282E-09   0.293961E-09  -0.114847E-09
   0.116780E+06  -0.296738E-09   0.307015E-09  -0.311228E-09
   0.116800E+06  -0.694412E-10   0.309352E-09  -0.475071E-09
   0.116820E+06   0.173067E-09   0.303627E-09  -0.605199E-09
   0.116840E+06   0.409830E-09   0.292866E-09  -0.703572E-09
   0.116860E+06   0.620534E-09   0.279980E-09  -0.773926E-09
   0.116880E+06   0.787423E-09   0.267333E-09  -0.820319E-09
   0.116900E+06   0.896882E-09   0.256401E-09  -0.845867E-09
   0.116920E+06   0.940531E-09   0.247599E-09  -0.851887E-09
   0.116940E+06   0.915743E-09   0.240272E-09  -0.837603E-09
   0.116960E+06   0.825589E-09   0.232885E-09  -0.800447E-09
   0.116980E+06   0.678275E-09   0.223345E-09  -0.736893E-09
   0.117000E+06   0.486159E-09   0.209425E-09  -0.643674E-09
   0.117020E+06   0.264514E-09   0.189203E-09  -0.519135E-09
   0.117040E+06   0.301626E-10   0.161455E-09  -0.364472E-09
   0.117060E+06  -0.199884E-09   0.125928E-09  -0.184597E-09
   0.117080E+06  -0.409675E-09   0.834562E-10   0.115577E-10
   0.117100E+06  -0.585388E-09   0.358897E-10   0.211412E-09
   0.117120E+06  -0.716189E-09  -0.141296E-10   0.399787E-09
   0.117140E+06  -0.794847E-09  -0.635249E-10   0.560516E-09
   0.117160E+06  -0.818108E-09  -0.109201E-09   0.678421E-09
   0.117180E+06  -0.786825E-09  -0.148456E-09   0.741365E-09
   0.117200E+06  -0.705834E-09  -0.179313E-09   0.742081E-09
   0.117220E+06  -0.583576E-09  -0.200731E-09   0.679491E-09
   0.117240E+06  -0.431448E-09  -0.212657E-09   0.559279E-09
   0.117260E+06  -0.262918E-09  -0.215919E-09   0.393604E-09
   0.117280E+06  -0.924235E-10  -0.211989E-09   0.199933E-09
   0.117300E+06   0.658713E-10  -0.202673E-09  -0.878323E-12
   0.117320E+06   0.199349E-09  -0.189766E-09  -0.187031E-09
   0.117340E+06   0.298120E-09  -0.174767E-09  -0.338422E-09
   0.117360E+06   0.355972E-09  -0.158675E-09  -0.439145E-09
   0.117380E+06   0.370939E-09  -0.141918E-09  -0.479475E-09
   0.117400E+06   0.345421E-09  -0.124423E-09  -0.457090E-09
   0.117420E+06   0.285783E-09  -0.105793E-09  -0.377319E-09
   0.117440E+06   0.201482E-09  -0.855650E-10  -0.252386E-09
   0.117460E+06   0.103813E-09  -0.634923E-10  -0.997524E-10
   0.117480E+06   0.443976E-11  -0.397832E-10   0.602364E-10
   0.117500E+06  -0.860800E-10  -0.152569E-10   0.207050E-09
   0.117520E+06  -0.159569E-09   0.862749E-11   0.322659E-09
   0.117540E+06  -0.211111E-09   0.298768E-10   0.393818E-09
   0.117560E+06  -0.239406E-09   0.461940E-10   0.413643E-09
   0.117580E+06  -0.246568E-09   0.552969E-10   0.382257E-09
   0.117600E+06  -0.237400E-09   0.552742E-10   0.306447E-09
   0.117620E+06  -0.218283E-09   0.449192E-10   0.198389E-09
   0.117640E+06  -0.195896E-09   0.239855E-10   0.736642E-10
   0.117660E+06  -0.175971E-09  -0.668115E-11  -0.511203E-10
   0.117680E+06  -0.162323E-09  -0.451592E-10  -0.160748E-09
   0.117700E+06  -0.156312E-09  -0.886191E-10  -0.243470E-09
   0.117720E+06  -0.156814E-09  -0.133622E-09  -0.292449E-09
   0.117740E+06  -0.160710E-09  -0.176506E-09  -0.306356E-09
   0.117760E+06  -0.163752E-09  -0.213815E-09  -0.289069E-09
   0.117780E+06  -0.161648E-09  -0.242696E-09  -0.248552E-09
   0.117800E+06  -0.151124E-09  -0.261231E-09  -0.195126E-09
   0.117820E+06  -0.130750E-09  -0.268644E-09  -0.139422E-09
   0.117840E+06  -0.101354E-09  -0.265369E-09  -0.903900E-10
   0.117860E+06  -0.659331E-10  -0.252962E-09  -0.536751E-10
   0.117880E+06  -0.290618E-10  -0.233885E-09  -0.306414E-10
   0.117900E+06   0.407373E-11  -0.211180E-09  -0.182009E-10
   0.117920E+06   0.288439E-10  -0.188079E-09  -0.947059E-11
   0.117940E+06   0.422979E-10  -0.167607E-09   0.484864E-11
   0.117960E+06   0.440087E-10  -0.152200E-09   0.346035E-10
   0.117980E+06   0.364493E-10  -0.143415E-09   0.881355E-10
   0.118000E+06   0.247965E-10  -0.141722E-09   0.170386E-09
   0.118020E+06   0.161659E-10  -0.146433E-09   0.281472E-09
   0.118040E+06   0.183900E-10  -0.155749E-09   0.415988E-09
   0.118060E+06   0.385447E-10  -0.166924E-09   0.563156E-09
   0.118080E+06   0.814856E-10  -0.176530E-09   0.707846E-09
   0.118100E+06   0.148660E-09  -0.180802E-09   0.832340E-09
   0.118120E+06   0.237421E-09  -0.176018E-09   0.918608E-09
   0.118140E+06   0.340992E-09  -0.158889E-09   0.950782E-09
   0.118160E+06   0.449105E-09  -0.126928E-09   0.917502E-09
   0.118180E+06   0.549227E-09  -0.787528E-10   0.813788E-09
   0.118200E+06   0.628193E-09  -0.143124E-10   0.642186E-09
   0.118220E+06   0.673972E-09   0.650080E-10   0.413020E-09
   0.118240E+06   0.677300E-09   0.156399E-09   0.143669E-09
   0.118260E+06   0.632906E-09   0.255771E-09  -0.143029E-09
   0.118280E+06   0.540166E-09   0.358024E-09  -0.421107E-09
   0.118300E+06   0.403096E-09   0.457424E-09  -0.664237E-09
   0.118320E+06   0.229726E-09   0.548058E-09  -0.848637E-09
   0.118340E+06   0.309890E-10   0.624325E-09  -0.955766E-09
   0.118360E+06  -0.180651E-09   0.681430E-09  -0.974510E-09
   0.118380E+06  -0.392585E-09   0.715811E-09  -0.902579E-09
   0.118400E+06  -0.593232E-09   0.725471E-09  -0.746970E-09
   0.118420E+06  -0.772824E-09   0.710171E-09  -0.523420E-09
   0.118440E+06  -0.923715E-09   0.671450E-09  -0.254897E-09
   0.118460E+06  -0.104025E-08   0.612473E-09   0.307086E-10
   0.118480E+06  -0.111832E-08   0.537723E-09   0.303456E-09
   0.118500E+06  -0.115474E-08   0.452552E-09   0.534468E-09
   0.118520E+06  -0.114675E-08   0.362649E-09   0.698962E-09
   0.118540E+06  -0.109175E-08   0.273488E-09   0.778850E-09
   0.118560E+06  -0.987436E-09   0.189810E-09   0.764632E-09
   0.118580E+06  -0.832350E-09   0.115198E-09   0.656366E-09
   0.118600E+06  -0.626812E-09   0.517988E-10   0.463611E-09
   0.118620E+06  -0.373985E-09   0.222552E-12   0.204356E-09
   0.118640E+06  -0.808883E-10  -0.403856E-10  -0.969395E-10
   0.118660E+06   0.240926E-09  -0.721024E-10  -0.411970E-09
   0.118680E+06   0.575272E-09  -0.978565E-10  -0.711553E-09
   0.118700E+06   0.901952E-09  -0.120978E-09  -0.968606E-09
   0.118720E+06   0.119816E-08  -0.144733E-09  -0.116080E-08
   0.118740E+06   0.144053E-08  -0.171888E-09  -0.127260E-08
   0.118760E+06   0.160768E-08  -0.204376E-09  -0.129644E-08
   0.118780E+06   0.168284E-08  -0.243076E-09  -0.123304E-08
   0.118800E+06   0.165618E-08  -0.287736E-09  -0.109079E-08
   0.118820E+06   0.152663E-08  -0.337039E-09  -0.884305E-09
   0.118840E+06   0.130266E-08  -0.388775E-09  -0.632591E-09
   0.118860E+06   0.100192E-08  -0.440100E-09  -0.356776E-09
   0.118880E+06   0.649840E-09  -0.487845E-09  -0.779603E-10
   0.118900E+06   0.277108E-09  -0.528811E-09   0.184689E-09
   0.118920E+06  -0.835559E-10  -0.560047E-09   0.415377E-09
   0.118940E+06  -0.400943E-09  -0.579070E-09   0.602536E-09
   0.118960E+06  -0.648800E-09  -0.584010E-09   0.739104E-09
   0.118980E+06  -0.808702E-09  -0.573702E-09   0.822294E-09
   0.119000E+06  -0.871989E-09  -0.547715E-09   0.852986E-09
   0.119020E+06  -0.840522E-09  -0.506336E-09   0.834928E-09
   0.119040E+06  -0.726165E-09  -0.450539E-09   0.773899E-09
   0.119060E+06  -0.549080E-09  -0.381924E-09   0.676986E-09
   0.119080E+06  -0.335081E-09  -0.302651E-09   0.552036E-09
   0.119100E+06  -0.112391E-09  -0.215372E-09   0.407319E-09
   0.119120E+06   0.917592E-10  -0.123129E-09   0.251358E-09
   0.119140E+06   0.254258E-09  -0.292436E-10   0.928240E-10
   0.119160E+06   0.358592E-09   0.628321E-10  -0.595682E-10
   0.119180E+06   0.396394E-09   0.149693E-09  -0.197281E-09
   0.119200E+06   0.367899E-09   0.228182E-09  -0.312327E-09
   0.119220E+06   0.281340E-09   0.295598E-09  -0.397794E-09
   0.119240E+06   0.151385E-09   0.349897E-09  -0.448476E-09
   0.119260E+06  -0.310043E-11   0.389843E-09  -0.461503E-09
   0.119280E+06  -0.161660E-09   0.415102E-09  -0.436843E-09
   0.119300E+06  -0.304867E-09   0.426250E-09  -0.377558E-09
   0.119320E+06  -0.416626E-09   0.424694E-09  -0.289714E-09
   0.119340E+06  -0.485893E-09   0.412491E-09  -0.181909E-09
   0.119360E+06  -0.507646E-09   0.392115E-09  -0.644333E-10
   0.119380E+06  -0.483029E-09   0.366172E-09   0.518379E-10
   0.119400E+06  -0.418722E-09   0.337112E-09   0.156680E-09
   0.119420E+06  -0.325674E-09   0.306986E-09   0.241702E-09
   0.119440E+06  -0.217394E-09   0.277266E-09   0.301297E-09
   0.119460E+06  -0.108071E-09   0.248765E-09   0.333217E-09
   0.119480E+06  -0.107452E-10   0.221662E-09   0.338668E-09
   0.119500E+06   0.642225E-10   0.195628E-09   0.321922E-09
   0.119520E+06   0.110226E-09   0.170027E-09   0.289486E-09
   0.119540E+06   0.124925E-09   0.144170E-09   0.248974E-09
   0.119560E+06   0.110164E-09   0.117565E-09   0.207844E-09
   0.119580E+06   0.713647E-10   0.901347E-10   0.172209E-09
   0.119600E+06   0.164912E-10   0.623650E-10   0.145889E-09
   0.119620E+06  -0.452445E-10   0.353506E-10   0.129872E-09
   0.119640E+06  -0.104748E-09   0.107391E-10   0.122230E-09
   0.119660E+06  -0.154295E-09  -0.942849E-11   0.118532E-09
   0.119680E+06  -0.188514E-09  -0.229590E-10   0.112661E-09
   0.119700E+06  -0.204971E-09  -0.278010E-10   0.979114E-10
   0.119720E+06  -0.204296E-09  -0.223534E-10   0.682180E-10
   0.119740E+06  -0.189857E-09  -0.575028E-11   0.193068E-10
   0.119760E+06  -0.167031E-09   0.219140E-10  -0.503779E-10
   0.119780E+06  -0.142199E-09   0.594484E-10  -0.139114E-09
   0.119800E+06  -0.121610E-09   0.104537E-09  -0.241791E-09
   0.119820E+06  -0.110286E-09   0.153828E-09  -0.350263E-09
   0.119840E+06  -0.111129E-09   0.203136E-09  -0.454137E-09
   0.119860E+06  -0.124368E-09   0.247743E-09  -0.541894E-09
   0.119880E+06  -0.147427E-09   0.282777E-09  -0.602211E-09
   0.119900E+06  -0.175245E-09   0.303637E-09  -0.625345E-09
   0.119920E+06  -0.201003E-09   0.306423E-09  -0.604393E-09
   0.119940E+06  -0.217156E-09   0.288338E-09  -0.536302E-09
   0.119960E+06  -0.216623E-09   0.248017E-09  -0.422493E-09
   0.119980E+06  -0.193956E-09   0.185746E-09  -0.269021E-09
   0.120000E+06  -0.146302E-09   0.103543E-09  -0.862333E-10
   0.120020E+06  -0.740205E-10   0.508730E-11   0.112061E-09
   0.120040E+06   0.191684E-10  -0.104523E-09   0.309831E-09
   0.120060E+06   0.126521E-09  -0.219155E-09   0.490376E-09
   0.120080E+06   0.239071E-09  -0.332155E-09   0.638010E-09
   0.120100E+06   0.346776E-09  -0.436921E-09   0.739715E-09
   0.120120E+06   0.439848E-09  -0.527508E-09   0.786575E-09
   0.120140E+06   0.510067E-09  -0.599163E-09   0.774801E-09
   0.120160E+06   0.551882E-09  -0.648757E-09   0.706230E-09
   0.120180E+06   0.563116E-09  -0.675038E-09   0.588200E-09
   0.120200E+06   0.545181E-09  -0.678681E-09   0.432812E-09
   0.120220E+06   0.502739E-09  -0.662111E-09   0.255618E-09
   0.120240E+06   0.442875E-09  -0.629140E-09   0.739105E-10
   0.120260E+06   0.373906E-09  -0.584435E-09  -0.952111E-10
   0.120280E+06   0.304001E-09  -0.532904E-09  -0.236741E-09
   0.120300E+06   0.239855E-09  -0.479085E-09  -0.339406E-09
   0.120320E+06   0.185615E-09  -0.426599E-09  -0.396817E-09
   0.120340E+06   0.142259E-09  -0.377777E-09  -0.408000E-09
   0.120360E+06   0.107524E-09  -0.333472E-09  -0.377224E-09
   0.120380E+06   0.764264E-10  -0.293117E-09  -0.313171E-09
   0.120400E+06   0.422900E-10  -0.254990E-09  -0.227570E-09
   0.120420E+06  -0.186435E-11  -0.216648E-09  -0.133494E-09
   0.120440E+06  -0.617967E-10  -0.175464E-09  -0.435672E-10
   0.120460E+06  -0.140641E-09  -0.129182E-09   0.316498E-10
   0.120480E+06  -0.237853E-09  -0.763885E-10   0.848953E-10
   0.120500E+06  -0.348716E-09  -0.168510E-10   0.112886E-09
   0.120520E+06  -0.464504E-09   0.483464E-10   0.116382E-09
   0.120540E+06  -0.573322E-09   0.116874E-09   0.996674E-10
   0.120560E+06  -0.661530E-09   0.185420E-09   0.695597E-10
   0.120580E+06  -0.715552E-09   0.250109E-09   0.341386E-10
   0.120600E+06  -0.723826E-09   0.306983E-09   0.141036E-11
   0.120620E+06  -0.678594E-09   0.352495E-09  -0.218801E-10
   0.120640E+06  -0.577284E-09   0.383929E-09  -0.311168E-10
   0.120660E+06  -0.423237E-09   0.399685E-09  -0.242559E-10
   0.120680E+06  -0.225689E-09   0.399408E-09  -0.182143E-11
   0.120700E+06   0.103947E-11   0.383961E-09   0.334906E-10
   0.120720E+06   0.239025E-09   0.355255E-09   0.774814E-10
   0.120740E+06   0.468718E-09   0.315990E-09   0.125238E-09
   0.120760E+06   0.671132E-09   0.269362E-09   0.171880E-09
   0.120780E+06   0.829965E-09   0.218779E-09   0.213143E-09
   0.120800E+06   0.933357E-09   0.167635E-09   0.245703E-09
   0.120820E+06   0.975061E-09   0.119152E-09   0.267244E-09
   0.120840E+06   0.954902E-09   0.762955E-10   0.276294E-09
   0.120860E+06   0.878458E-09   0.417307E-10   0.271936E-09
   0.120880E+06   0.756072E-09   0.177936E-10   0.253490E-09
   0.120900E+06   0.601341E-09   0.643394E-11   0.220291E-09
   0.120920E+06   0.429318E-09   0.910385E-11   0.171637E-09
   0.120940E+06   0.254704E-09   0.265850E-10   0.106928E-09
   0.120960E+06   0.902594E-10   0.587664E-10   0.259900E-10
   0.120980E+06  -0.543521E-10   0.104411E-09  -0.704958E-10
   0.121000E+06  -0.173163E-09   0.160966E-09  -0.180569E-09
   0.121020E+06  -0.263919E-09   0.224482E-09  -0.300672E-09
   0.121040E+06  -0.327562E-09   0.289689E-09  -0.425553E-09
   0.121060E+06  -0.367330E-09   0.350271E-09  -0.548428E-09
   0.121080E+06  -0.387644E-09   0.399343E-09  -0.661427E-09
   0.121100E+06  -0.393000E-09   0.430094E-09  -0.756261E-09
   0.121120E+06  -0.387051E-09   0.436534E-09  -0.825019E-09
   0.121140E+06  -0.372013E-09   0.414249E-09  -0.860976E-09
   0.121160E+06  -0.348493E-09   0.361052E-09  -0.859268E-09
   0.121180E+06  -0.315717E-09   0.277438E-09  -0.817357E-09
   0.121200E+06  -0.272109E-09   0.166741E-09  -0.735198E-09
   0.121220E+06  -0.216079E-09   0.349838E-10  -0.615129E-09
   0.121240E+06  -0.146872E-09  -0.109619E-09  -0.461513E-09
   0.121260E+06  -0.653093E-10  -0.257409E-09  -0.280241E-09
   0.121280E+06   0.257140E-10  -0.398221E-09  -0.781956E-10
   0.121300E+06   0.121079E-09  -0.522366E-09   0.137199E-09
   0.121320E+06   0.213672E-09  -0.621543E-09   0.358280E-09
   0.121340E+06   0.294969E-09  -0.689547E-09   0.577250E-09
   0.121360E+06   0.355903E-09  -0.722701E-09   0.786130E-09
   0.121380E+06   0.387893E-09  -0.719967E-09   0.976617E-09
   0.121400E+06   0.383885E-09  -0.682736E-09   0.113997E-08
   0.121420E+06   0.339288E-09  -0.614377E-09   0.126706E-08
   0.121440E+06   0.252663E-09  -0.519624E-09   0.134865E-08
   0.121460E+06   0.126111E-09  -0.403924E-09   0.137598E-08
   0.121480E+06  -0.346969E-10  -0.272857E-09   0.134168E-08
   0.121500E+06  -0.220829E-09  -0.131720E-09   0.124085E-08
   0.121520E+06  -0.420699E-09   0.146830E-10   0.107222E-08
   0.121540E+06  -0.620889E-09   0.162029E-09   0.839149E-09
   0.121560E+06  -0.807121E-09   0.306299E-09   0.550272E-09
   0.121580E+06  -0.965273E-09   0.443502E-09   0.219638E-09
   0.121600E+06  -0.108237E-08   0.569412E-09  -0.133841E-09
   0.121620E+06  -0.114751E-08   0.679402E-09  -0.487610E-09
   0.121640E+06  -0.115264E-08   0.768476E-09  -0.817308E-09
   0.121660E+06  -0.109316E-08   0.831502E-09  -0.109904E-08
   0.121680E+06  -0.968453E-09   0.863676E-09  -0.131180E-08
   0.121700E+06  -0.782063E-09   0.861122E-09  -0.143982E-08
   0.121720E+06  -0.541787E-09   0.821563E-09  -0.147442E-08
   0.121740E+06  -0.259462E-09   0.744917E-09  -0.141517E-08
   0.121760E+06   0.494942E-10   0.633710E-09  -0.127015E-08
   0.121780E+06   0.366827E-09   0.493208E-09  -0.105529E-08
   0.121800E+06   0.672467E-09   0.331203E-09  -0.792714E-09
   0.121820E+06   0.945811E-09   0.157453E-09  -0.508477E-09
   0.121840E+06   0.116719E-08  -0.171703E-10  -0.229726E-09
   0.121860E+06   0.131946E-08  -0.181725E-09   0.181721E-10
   0.121880E+06   0.138951E-08  -0.326295E-09   0.214296E-09
   0.121900E+06   0.136962E-08  -0.442983E-09   0.344280E-09
   0.121920E+06   0.125849E-08  -0.526675E-09   0.401618E-09
   0.121940E+06   0.106173E-08  -0.575453E-09   0.388048E-09
   0.121960E+06   0.791763E-09  -0.590616E-09   0.312972E-09
   0.121980E+06   0.467126E-09  -0.576308E-09   0.192045E-09
   0.122000E+06   0.111079E-09  -0.538826E-09   0.451194E-10
   0.122020E+06  -0.250263E-09  -0.485695E-09  -0.106177E-09
   0.122040E+06  -0.590173E-09  -0.424680E-09  -0.240915E-09
   0.122060E+06  -0.883684E-09  -0.362847E-09  -0.341111E-09
   0.122080E+06  -0.110984E-08  -0.305816E-09  -0.393494E-09
   0.122100E+06  -0.125355E-08  -0.257289E-09  -0.390628E-09
   0.122120E+06  -0.130691E-08  -0.218893E-09  -0.331315E-09
   0.122140E+06  -0.126977E-08  -0.190322E-09  -0.220299E-09
   0.122160E+06  -0.114945E-08  -0.169727E-09  -0.673612E-10
   0.122180E+06  -0.959800E-09  -0.154265E-09   0.114010E-09
   0.122200E+06  -0.719577E-09  -0.140687E-09   0.308205E-09
   0.122220E+06  -0.450395E-09  -0.125891E-09   0.499119E-09
   0.122240E+06  -0.174510E-09  -0.107336E-09   0.671645E-09
   0.122260E+06   0.872965E-10  -0.832985E-10   0.812909E-09
   0.122280E+06   0.317532E-09  -0.529368E-10   0.913159E-09
   0.122300E+06   0.503279E-09  -0.162211E-10   0.966272E-09
   0.122320E+06   0.636875E-09   0.262407E-10   0.969918E-09
   0.122340E+06   0.715956E-09   0.734046E-10   0.925413E-09
   0.122360E+06   0.742931E-09   0.123965E-09   0.837333E-09
   0.122380E+06   0.724032E-09   0.176460E-09   0.712965E-09
   0.122400E+06   0.668097E-09   0.229289E-09   0.561648E-09
   0.122420E+06   0.585295E-09   0.280662E-09   0.394043E-09
   0.122440E+06   0.485959E-09   0.328514E-09   0.221381E-09
   0.122460E+06   0.379649E-09   0.370432E-09   0.546810E-10
   0.122480E+06   0.274530E-09   0.403660E-09  -0.960140E-10
   0.122500E+06   0.177065E-09   0.425206E-09  -0.222376E-09
   0.122520E+06   0.919856E-10   0.432080E-09  -0.318449E-09
   0.122540E+06   0.224474E-10   0.421629E-09  -0.381171E-09
   0.122560E+06  -0.297105E-10   0.391950E-09  -0.410685E-09
   0.122580E+06  -0.637088E-10   0.342280E-09  -0.410380E-09
   0.122600E+06  -0.796316E-10   0.273319E-09  -0.386588E-09
   0.122620E+06  -0.783192E-10   0.187374E-09  -0.347940E-09
   0.122640E+06  -0.613396E-10   0.883141E-10  -0.304386E-09
   0.122660E+06  -0.309976E-10  -0.187152E-10  -0.265968E-09
   0.122680E+06   0.967928E-11  -0.127778E-09  -0.241468E-09
   0.122700E+06   0.570309E-10  -0.232774E-09  -0.237116E-09
   0.122720E+06   0.106970E-09  -0.328117E-09  -0.255527E-09
   0.122740E+06   0.155302E-09  -0.409357E-09  -0.295062E-09
   0.122760E+06   0.198133E-09  -0.473636E-09  -0.349741E-09
   0.122780E+06   0.232288E-09  -0.519907E-09  -0.409781E-09
   0.122800E+06   0.255667E-09  -0.548871E-09  -0.462732E-09
   0.122820E+06   0.267452E-09  -0.562637E-09  -0.495110E-09
   0.122840E+06   0.268092E-09  -0.564167E-09  -0.494314E-09
   0.122860E+06   0.259075E-09  -0.556587E-09  -0.450581E-09
   0.122880E+06   0.242487E-09  -0.542516E-09  -0.358685E-09
   0.122900E+06   0.220451E-09  -0.523493E-09  -0.219127E-09
   0.122920E+06   0.194568E-09  -0.499656E-09  -0.385942E-10
   0.122940E+06   0.165479E-09  -0.469697E-09   0.170394E-09
   0.122960E+06   0.132674E-09  -0.431137E-09   0.390666E-09
   0.122980E+06   0.946160E-10  -0.380864E-09   0.602255E-09
   0.123000E+06   0.492031E-10  -0.315855E-09   0.784708E-09
   0.123020E+06  -0.550001E-11  -0.233956E-09   0.919527E-09
   0.123040E+06  -0.703906E-10  -0.134572E-09   0.992416E-09
   0.123060E+06  -0.144493E-09  -0.191538E-10   0.995020E-09
   0.123080E+06  -0.224363E-09   0.108613E-09   0.925922E-09
   0.123100E+06  -0.303901E-09   0.242976E-09   0.790762E-09
   0.123120E+06  -0.374702E-09   0.376603E-09   0.601481E-09
   0.123140E+06  -0.426952E-09   0.501342E-09   0.374814E-09
   0.123160E+06  -0.450801E-09   0.609124E-09   0.130255E-09
   0.123180E+06  -0.438028E-09   0.692879E-09  -0.112209E-09
   0.123200E+06  -0.383721E-09   0.747325E-09  -0.334270E-09
   0.123220E+06  -0.287692E-09   0.769525E-09  -0.521106E-09
   0.123240E+06  -0.155316E-09   0.759118E-09  -0.662603E-09
   0.123260E+06   0.239827E-11   0.718229E-09  -0.753860E-09
   0.123280E+06   0.169633E-09   0.651071E-09  -0.795004E-09
   0.123300E+06   0.327423E-09   0.563331E-09  -0.790383E-09
   0.123320E+06   0.455984E-09   0.461445E-09  -0.747352E-09
   0.123340E+06   0.537381E-09   0.351878E-09  -0.674848E-09
   0.123360E+06   0.558157E-09   0.240522E-09  -0.582012E-09
   0.123380E+06   0.511504E-09   0.132277E-09  -0.477051E-09
   0.123400E+06   0.398609E-09   0.308609E-10  -0.366477E-09
   0.123420E+06   0.228940E-09  -0.611665E-10  -0.254788E-09
   0.123440E+06   0.193662E-10  -0.142221E-09  -0.144568E-09
   0.123460E+06  -0.207788E-09  -0.211414E-09  -0.369341E-10
   0.123480E+06  -0.427506E-09  -0.268267E-09   0.678281E-10
   0.123500E+06  -0.615252E-09  -0.312493E-09   0.169564E-09
   0.123520E+06  -0.750108E-09  -0.343878E-09   0.267641E-09
   0.123540E+06  -0.817393E-09  -0.362302E-09   0.360538E-09
   0.123560E+06  -0.810396E-09  -0.367854E-09   0.445678E-09
   0.123580E+06  -0.730980E-09  -0.361007E-09   0.519538E-09
   0.123600E+06  -0.588982E-09  -0.342786E-09   0.577977E-09
   0.123620E+06  -0.400541E-09  -0.314865E-09   0.616720E-09
   0.123640E+06  -0.185647E-09  -0.279546E-09   0.631914E-09
   0.123660E+06   0.346930E-10  -0.239603E-09   0.620656E-09
   0.123680E+06   0.241213E-09  -0.198002E-09   0.581438E-09
   0.123700E+06   0.418654E-09  -0.157549E-09   0.514437E-09
   0.123720E+06   0.557221E-09  -0.120528E-09   0.421640E-09
   0.123740E+06   0.653052E-09  -0.884109E-10   0.306798E-09
   0.123760E+06   0.707714E-09  -0.616953E-10   0.175219E-09
   0.123780E+06   0.726880E-09  -0.399271E-10   0.334441E-10
   0.123800E+06   0.718507E-09  -0.218994E-10  -0.111182E-09
   0.123820E+06   0.690859E-09  -0.600398E-11  -0.250990E-09
   0.123840E+06   0.650775E-09   0.933270E-11  -0.378502E-09
   0.123860E+06   0.602469E-09   0.252168E-10  -0.486934E-09
   0.123880E+06   0.547060E-09   0.419493E-10  -0.570667E-09
   0.123900E+06   0.482884E-09   0.588596E-10  -0.625644E-09
   0.123920E+06   0.406457E-09   0.743564E-10  -0.649658E-09
   0.123940E+06   0.313879E-09   0.861995E-10  -0.642506E-09
   0.123960E+06   0.202360E-09   0.919512E-10  -0.605976E-09
   0.123980E+06   0.715356E-10   0.895263E-10  -0.543660E-09
   0.124000E+06  -0.756923E-10   0.777367E-10  -0.460608E-09
   0.124020E+06  -0.232982E-09   0.567211E-10  -0.362854E-09
   0.124040E+06  -0.391090E-09   0.281661E-10  -0.256859E-09
   0.124060E+06  -0.539036E-09  -0.473871E-11  -0.148953E-09
   0.124080E+06  -0.665682E-09  -0.376237E-10  -0.448519E-10
   0.124100E+06  -0.761440E-09  -0.654990E-10   0.507034E-10
   0.124120E+06  -0.819792E-09  -0.834663E-10   0.134116E-09
   0.124140E+06  -0.838356E-09  -0.874666E-10   0.202916E-09
   0.124160E+06  -0.819278E-09  -0.749392E-10   0.255572E-09
   0.124180E+06  -0.768898E-09  -0.452779E-10   0.291192E-09
   0.124200E+06  -0.696731E-09  -0.583528E-14   0.309199E-09
   0.124220E+06  -0.613936E-09   0.573634E-10   0.309063E-09
   0.124240E+06  -0.531554E-09   0.121757E-09   0.290184E-09
   0.124260E+06  -0.458780E-09   0.187197E-09   0.251969E-09
   0.124280E+06  -0.401594E-09   0.247566E-09   0.194106E-09
   0.124300E+06  -0.361944E-09   0.297373E-09   0.117011E-09
   0.124320E+06  -0.337613E-09   0.332386E-09   0.223431E-10
   0.124340E+06  -0.322777E-09   0.350048E-09  -0.865233E-10
   0.124360E+06  -0.309131E-09   0.349634E-09  -0.204196E-09
   0.124380E+06  -0.287392E-09   0.332124E-09  -0.323252E-09
   0.124400E+06  -0.248925E-09   0.299864E-09  -0.434576E-09
   0.124420E+06  -0.187214E-09   0.256066E-09  -0.528079E-09
   0.124440E+06  -0.989827E-10   0.204278E-09  -0.593719E-09
   0.124460E+06   0.152039E-10   0.147892E-09  -0.622716E-09
   0.124480E+06   0.150914E-09   0.897919E-10  -0.608785E-09
   0.124500E+06   0.300350E-09   0.321797E-10  -0.549187E-09
   0.124520E+06   0.453271E-09  -0.234087E-10  -0.445417E-09
   0.124540E+06   0.598162E-09  -0.759341E-10  -0.303383E-09
   0.124560E+06   0.723468E-09  -0.124587E-09  -0.133020E-09
   0.124580E+06   0.818712E-09  -0.168502E-09   0.526631E-10
   0.124600E+06   0.875399E-09  -0.206532E-09   0.238982E-09
   0.124620E+06   0.887616E-09  -0.237141E-09   0.411237E-09
   0.124640E+06   0.852339E-09  -0.258440E-09   0.556412E-09
   0.124660E+06   0.769508E-09  -0.268380E-09   0.664662E-09
   0.124680E+06   0.641917E-09  -0.265051E-09   0.730365E-09
   0.124700E+06   0.475039E-09  -0.247036E-09   0.752597E-09
   0.124720E+06   0.276806E-09  -0.213745E-09   0.734960E-09
   0.124740E+06   0.573950E-10  -0.165673E-09   0.684788E-09
   0.124760E+06  -0.171023E-09  -0.104506E-09   0.611879E-09
   0.124780E+06  -0.394620E-09  -0.330748E-10   0.526941E-09
   0.124800E+06  -0.598416E-09   0.448551E-10   0.440013E-09
   0.124820E+06  -0.767018E-09   0.124915E-09   0.359089E-09
   0.124840E+06  -0.885632E-09   0.202537E-09   0.289178E-09
   0.124860E+06  -0.941317E-09   0.273366E-09   0.231911E-09
   0.124880E+06  -0.924404E-09   0.333611E-09   0.185756E-09
   0.124900E+06  -0.829904E-09   0.380301E-09   0.146769E-09
   0.124920E+06  -0.658727E-09   0.411405E-09   0.109750E-09
   0.124940E+06  -0.418461E-09   0.425835E-09   0.695750E-10
   0.124960E+06  -0.123541E-09   0.423343E-09   0.224823E-10
   0.124980E+06   0.205353E-09   0.404356E-09  -0.329310E-10
   0.125000E+06   0.542702E-09   0.369804E-09  -0.951707E-10
   0.125020E+06   0.860285E-09   0.320967E-09  -0.159873E-09
   0.125040E+06   0.112986E-08   0.259392E-09  -0.220403E-09
   0.125060E+06   0.132613E-08   0.186871E-09  -0.268932E-09
   0.125080E+06   0.142952E-08   0.105479E-09  -0.297820E-09
   0.125100E+06   0.142864E-08   0.176347E-10  -0.301075E-09
   0.125120E+06   0.132176E-08  -0.738454E-10  -0.275640E-09
   0.125140E+06   0.111740E-08  -0.165749E-09  -0.222279E-09
   0.125160E+06   0.833596E-09  -0.254552E-09  -0.145886E-09
   0.125180E+06   0.496207E-09  -0.336605E-09  -0.551410E-10
   0.125200E+06   0.136132E-09  -0.408401E-09   0.384708E-10
   0.125220E+06  -0.214016E-09  -0.466907E-09   0.122162E-09
   0.125240E+06  -0.523471E-09  -0.509904E-09   0.183654E-09
   0.125260E+06  -0.766646E-09  -0.536279E-09   0.213034E-09
   0.125280E+06  -0.925837E-09  -0.546212E-09   0.204373E-09
   0.125300E+06  -0.992945E-09  -0.541214E-09   0.156841E-09
   0.125320E+06  -0.970046E-09  -0.523997E-09   0.751325E-10
   0.125340E+06  -0.868733E-09  -0.498165E-09  -0.309076E-10
   0.125360E+06  -0.708368E-09  -0.467784E-09  -0.147426E-09
   0.125380E+06  -0.513466E-09  -0.436852E-09  -0.258351E-09
   0.125400E+06  -0.310586E-09  -0.408772E-09  -0.347580E-09
   0.125420E+06  -0.125108E-09  -0.385883E-09  -0.401271E-09
   0.125440E+06   0.216811E-10  -0.369132E-09  -0.409898E-09
   0.125460E+06   0.114880E-09  -0.357932E-09  -0.369765E-09
   0.125480E+06   0.147372E-09  -0.350230E-09  -0.283742E-09
   0.125500E+06   0.120229E-09  -0.342794E-09  -0.161086E-09
   0.125520E+06   0.421137E-10  -0.331671E-09  -0.163673E-10
   0.125540E+06  -0.721679E-10  -0.312761E-09   0.132396E-09
   0.125560E+06  -0.203762E-09  -0.282429E-09   0.266106E-09
   0.125580E+06  -0.332204E-09  -0.238085E-09   0.367150E-09
   0.125600E+06  -0.437901E-09  -0.178628E-09   0.421784E-09
   0.125620E+06  -0.504365E-09  -0.104719E-09   0.421990E-09
   0.125640E+06  -0.519978E-09  -0.188342E-10   0.366552E-09
   0.125660E+06  -0.479108E-09   0.749200E-10   0.261181E-09
   0.125680E+06  -0.382513E-09   0.171185E-09   0.117698E-09
   0.125700E+06  -0.237048E-09   0.263899E-09  -0.476072E-10
   0.125720E+06  -0.547509E-10   0.346931E-09  -0.216182E-09
   0.125740E+06   0.148556E-09   0.414740E-09  -0.369650E-09
   0.125760E+06   0.354954E-09   0.462959E-09  -0.492124E-09
   0.125780E+06   0.546241E-09   0.488857E-09  -0.572063E-09
   0.125800E+06   0.705672E-09   0.491610E-09  -0.603410E-09
   0.125820E+06   0.819472E-09   0.472367E-09  -0.585906E-09
   0.125840E+06   0.878002E-09   0.434095E-09  -0.524564E-09
   0.125860E+06   0.876495E-09   0.381242E-09  -0.428449E-09
   0.125880E+06   0.815313E-09   0.319245E-09  -0.309016E-09
   0.125900E+06   0.699745E-09   0.253967E-09  -0.178286E-09
   0.125920E+06   0.539370E-09   0.191111E-09  -0.471925E-10
   0.125940E+06   0.347078E-09   0.135686E-09   0.756606E-10
   0.125960E+06   0.137830E-09   0.915847E-10   0.184658E-09
   0.125980E+06  -0.727080E-10   0.613066E-10   0.277187E-09
   0.126000E+06  -0.269533E-09   0.458523E-10   0.353083E-09
   0.126020E+06  -0.439560E-09   0.447819E-10   0.413678E-09
   0.126040E+06  -0.572648E-09   0.564193E-10   0.460672E-09
   0.126060E+06  -0.662298E-09   0.781612E-10   0.495105E-09
   0.126080E+06  -0.705995E-09   0.106844E-09   0.516631E-09
   0.126100E+06  -0.705141E-09   0.139118E-09   0.523267E-09
   0.126120E+06  -0.664638E-09   0.171782E-09   0.511644E-09
   0.126140E+06  -0.592155E-09   0.202048E-09   0.477730E-09
   0.126160E+06  -0.497189E-09   0.227701E-09   0.417855E-09
   0.126180E+06  -0.390018E-09   0.247175E-09   0.329839E-09
   0.126200E+06  -0.280680E-09   0.259525E-09   0.213984E-09
   0.126220E+06  -0.178076E-09   0.264337E-09   0.737306E-10
   0.126240E+06  -0.892815E-10   0.261603E-09  -0.841789E-10
   0.126260E+06  -0.191415E-10   0.251580E-09  -0.250062E-09
   0.126280E+06   0.298618E-10   0.234669E-09  -0.412152E-09
   0.126300E+06   0.574708E-10   0.211329E-09  -0.557814E-09
   0.126320E+06   0.653057E-10   0.182034E-09  -0.674912E-09
   0.126340E+06   0.563849E-10   0.147273E-09  -0.753134E-09
   0.126360E+06   0.345961E-10   0.107579E-09  -0.785068E-09
   0.126380E+06   0.419955E-11   0.635801E-10  -0.766878E-09
   0.126400E+06  -0.305761E-10   0.160506E-10  -0.698537E-09
   0.126420E+06  -0.658086E-10  -0.340532E-10  -0.583615E-09
   0.126440E+06  -0.980209E-10  -0.855779E-10  -0.428726E-09
   0.126460E+06  -0.124206E-09  -0.137185E-09  -0.242766E-09
   0.126480E+06  -0.141776E-09  -0.187389E-09  -0.360969E-10
   0.126500E+06  -0.148500E-09  -0.234615E-09   0.180186E-09
   0.126520E+06  -0.142456E-09  -0.277268E-09   0.394830E-09
   0.126540E+06  -0.122064E-09  -0.313811E-09   0.596805E-09
   0.126560E+06  -0.861998E-10  -0.342836E-09   0.775539E-09
   0.126580E+06  -0.343808E-10  -0.363139E-09   0.921089E-09
   0.126600E+06   0.329985E-10  -0.373790E-09   0.102436E-08
   0.126620E+06   0.114436E-09  -0.374199E-09   0.107743E-08
   0.126640E+06   0.207151E-09  -0.364181E-09   0.107409E-08
   0.126660E+06   0.307029E-09  -0.344019E-09   0.101054E-08
   0.126680E+06   0.408717E-09  -0.314504E-09   0.886107E-09
   0.126700E+06   0.505889E-09  -0.276960E-09   0.703979E-09
   0.126720E+06   0.591673E-09  -0.233227E-09   0.471645E-09
   0.126740E+06   0.659201E-09  -0.185587E-09   0.200952E-09
   0.126760E+06   0.702221E-09  -0.136641E-09  -0.923779E-10
   0.126780E+06   0.715699E-09  -0.891192E-10  -0.389776E-09
   0.126800E+06   0.696354E-09  -0.456428E-10  -0.671377E-09
   0.126820E+06   0.643035E-09  -0.846257E-11  -0.917901E-09
   0.126840E+06   0.556915E-09   0.207981E-10  -0.111265E-08
   0.126860E+06   0.441484E-09   0.413537E-10  -0.124330E-08
   0.126880E+06   0.302325E-09   0.533850E-10  -0.130325E-08
   0.126900E+06   0.146735E-09   0.580526E-10  -0.129230E-08
   0.126920E+06  -0.167917E-10   0.573815E-10  -0.121646E-08
   0.126940E+06  -0.179138E-09   0.540179E-10  -0.108700E-08
   0.126960E+06  -0.331154E-09   0.508850E-10  -0.918858E-09
   0.126980E+06  -0.464212E-09   0.507791E-10  -0.728537E-09
   0.127000E+06  -0.570686E-09   0.559662E-10  -0.532006E-09
   0.127020E+06  -0.644353E-09   0.678393E-10  -0.342774E-09
   0.127040E+06  -0.680695E-09   0.866961E-10  -0.170530E-09
   0.127060E+06  -0.677127E-09   0.111675E-09  -0.205021E-10
   0.127080E+06  -0.633143E-09   0.140866E-09   0.106368E-09
   0.127100E+06  -0.550401E-09   0.171592E-09   0.212540E-09
   0.127120E+06  -0.432737E-09   0.200804E-09   0.302461E-09
   0.127140E+06  -0.286099E-09   0.225546E-09   0.380945E-09
   0.127160E+06  -0.118384E-09   0.243401E-09   0.451657E-09
   0.127180E+06   0.608530E-10   0.252851E-09   0.516015E-09
   0.127200E+06   0.240833E-09   0.253483E-09   0.572728E-09
   0.127220E+06   0.410137E-09   0.246014E-09   0.618051E-09
   0.127240E+06   0.557427E-09   0.232122E-09   0.646702E-09
   0.127260E+06   0.672278E-09   0.214118E-09   0.653245E-09
   0.127280E+06   0.746042E-09   0.194524E-09   0.633641E-09
   0.127300E+06   0.772672E-09   0.175614E-09   0.586635E-09
   0.127320E+06   0.749411E-09   0.159023E-09   0.514665E-09
   0.127340E+06   0.677246E-09   0.145487E-09   0.424058E-09
   0.127360E+06   0.561056E-09   0.134756E-09   0.324437E-09
   0.127380E+06   0.409398E-09   0.125699E-09   0.227381E-09
   0.127400E+06   0.233923E-09   0.116591E-09   0.144564E-09
   0.127420E+06   0.484627E-10   0.105503E-09   0.857051E-10
   0.127440E+06  -0.132151E-09   0.907383E-10   0.566910E-10
   0.127460E+06  -0.293395E-09   0.712247E-10   0.582659E-10
   0.127480E+06  -0.422385E-09   0.467774E-10   0.855526E-10
   0.127500E+06  -0.509056E-09   0.181861E-10   0.128558E-09
   0.127520E+06  -0.547087E-09  -0.128984E-10   0.173631E-09
   0.127540E+06  -0.534458E-09  -0.442582E-10   0.205669E-09
   0.127560E+06  -0.473588E-09  -0.735296E-10   0.210725E-09
   0.127580E+06  -0.371051E-09  -0.986712E-10   0.178585E-09
   0.127600E+06  -0.236898E-09  -0.118386E-09   0.104863E-09
   0.127620E+06  -0.836859E-10  -0.132411E-09  -0.775503E-11
   0.127640E+06   0.746903E-10  -0.141616E-09  -0.149387E-09
   0.127660E+06   0.224225E-09  -0.147872E-09  -0.303998E-09
   0.127680E+06   0.351975E-09  -0.153722E-09  -0.451497E-09
   0.127700E+06   0.447068E-09  -0.161884E-09  -0.570580E-09
   0.127720E+06   0.501476E-09  -0.174697E-09  -0.641891E-09
   0.127740E+06   0.510496E-09  -0.193593E-09  -0.651002E-09
   0.127760E+06   0.472947E-09  -0.218702E-09  -0.590748E-09
   0.127780E+06   0.391079E-09  -0.248670E-09  -0.462546E-09
   0.127800E+06   0.270252E-09  -0.280729E-09  -0.276484E-09
   0.127820E+06   0.118421E-09  -0.311023E-09  -0.501570E-10
   0.127840E+06  -0.545126E-10  -0.335142E-09   0.193561E-09
   0.127860E+06  -0.237432E-09  -0.348784E-09   0.429489E-09
   0.127880E+06  -0.418773E-09  -0.348434E-09   0.633389E-09
   0.127900E+06  -0.587287E-09  -0.331958E-09   0.785031E-09
   0.127920E+06  -0.732766E-09  -0.299005E-09   0.870623E-09
   0.127940E+06  -0.846690E-09  -0.251155E-09   0.884282E-09
   0.127960E+06  -0.922773E-09  -0.191785E-09   0.828377E-09
   0.127980E+06  -0.957351E-09  -0.125683E-09   0.712748E-09
   0.128000E+06  -0.949603E-09  -0.584473E-10   0.552979E-09
   0.128020E+06  -0.901562E-09   0.420753E-11   0.368032E-09
   0.128040E+06  -0.817900E-09   0.571587E-10   0.177617E-09
   0.128060E+06  -0.705496E-09   0.964801E-10  -0.292494E-12
   0.128080E+06  -0.572805E-09   0.119867E-09  -0.151473E-09
   0.128100E+06  -0.429089E-09   0.126833E-09  -0.266741E-09
   0.128120E+06  -0.283561E-09   0.118658E-09  -0.342418E-09
   0.128140E+06  -0.144560E-09   0.981239E-10  -0.379993E-09
   0.128160E+06  -0.188158E-10   0.690867E-10  -0.385135E-09
   0.128180E+06   0.890727E-10   0.359579E-10  -0.366284E-09
   0.128200E+06   0.176916E-09   0.317841E-11  -0.333091E-09
   0.128220E+06   0.244904E-09  -0.252482E-10  -0.294960E-09
   0.128240E+06   0.295296E-09  -0.461109E-10  -0.259886E-09
   0.128260E+06   0.331846E-09  -0.572087E-10  -0.233723E-09
   0.128280E+06   0.359073E-09  -0.574315E-10  -0.219898E-09
   0.128300E+06   0.381441E-09  -0.467225E-10  -0.219510E-09
   0.128320E+06   0.402602E-09  -0.259586E-10  -0.231719E-09
   0.128340E+06   0.424761E-09   0.321545E-11  -0.254255E-09
   0.128360E+06   0.448298E-09   0.385642E-10  -0.283937E-09
   0.128380E+06   0.471655E-09   0.774311E-10  -0.317088E-09
   0.128400E+06   0.491534E-09   0.116890E-09  -0.349793E-09
   0.128420E+06   0.503359E-09   0.153889E-09  -0.378033E-09
   0.128440E+06   0.501950E-09   0.185392E-09  -0.397730E-09
   0.128460E+06   0.482311E-09   0.208543E-09  -0.404794E-09
   0.128480E+06   0.440438E-09   0.220852E-09  -0.395261E-09
   0.128500E+06   0.374042E-09   0.220414E-09  -0.365576E-09
   0.128520E+06   0.283102E-09   0.206120E-09  -0.313028E-09
   0.128540E+06   0.170170E-09   0.177869E-09  -0.236296E-09
   0.128560E+06   0.404166E-10   0.136699E-09  -0.136020E-09
   0.128580E+06  -0.986240E-10   0.848410E-10  -0.152606E-10
   0.128600E+06  -0.237559E-09   0.256386E-10   0.120274E-09
   0.128620E+06  -0.365870E-09  -0.366701E-10   0.262345E-09
   0.128640E+06  -0.472791E-09  -0.972973E-10   0.400707E-09
   0.128660E+06  -0.548285E-09  -0.151351E-09   0.524013E-09
   0.128680E+06  -0.584009E-09  -0.194328E-09   0.621029E-09
   0.128700E+06  -0.574200E-09  -0.222588E-09   0.681997E-09
   0.128720E+06  -0.516413E-09  -0.233745E-09   0.699948E-09
   0.128740E+06  -0.412007E-09  -0.226919E-09   0.671762E-09
   0.128760E+06  -0.266351E-09  -0.202799E-09   0.598789E-09
   0.128780E+06  -0.886844E-10  -0.163515E-09   0.486901E-09
   0.128800E+06   0.108382E-09  -0.112331E-09   0.345942E-09
   0.128820E+06   0.309715E-09  -0.532037E-10   0.188620E-09
   0.128840E+06   0.498813E-09   0.973246E-11   0.289863E-10
   0.128860E+06   0.659189E-09   0.726655E-10  -0.119288E-09
   0.128880E+06   0.775861E-09   0.132529E-09  -0.244592E-09
   0.128900E+06   0.836816E-09   0.187280E-09  -0.338771E-09
   0.128920E+06   0.834283E-09   0.235992E-09  -0.398024E-09
   0.128940E+06   0.765680E-09   0.278767E-09  -0.423194E-09
   0.128960E+06   0.634082E-09   0.316466E-09  -0.419402E-09
   0.128980E+06   0.448149E-09   0.350336E-09  -0.395091E-09
   0.129000E+06   0.221474E-09   0.381568E-09  -0.360646E-09
   0.129020E+06  -0.285985E-10   0.410884E-09  -0.326775E-09
   0.129040E+06  -0.282584E-09   0.438210E-09  -0.302917E-09
   0.129060E+06  -0.520715E-09   0.462487E-09  -0.295888E-09
   0.129080E+06  -0.724846E-09   0.481656E-09  -0.308949E-09
   0.129100E+06  -0.880179E-09   0.492808E-09  -0.341418E-09
   0.129120E+06  -0.976602E-09   0.492495E-09  -0.388834E-09
   0.129140E+06  -0.100949E-08   0.477134E-09  -0.443638E-09
   0.129160E+06  -0.979866E-09   0.443465E-09  -0.496225E-09
   0.129180E+06  -0.893921E-09   0.388996E-09  -0.536229E-09
   0.129200E+06  -0.761979E-09   0.312381E-09  -0.553824E-09
   0.129220E+06  -0.597055E-09   0.213676E-09  -0.540901E-09
   0.129240E+06  -0.413209E-09   0.944790E-10  -0.491976E-09
   0.129260E+06  -0.223935E-09  -0.420901E-10  -0.404755E-09
   0.129280E+06  -0.407987E-10  -0.191524E-09  -0.280327E-09
   0.129300E+06   0.127511E-09  -0.348176E-09  -0.123025E-09
   0.129320E+06   0.275607E-09  -0.505571E-09   0.599866E-10
   0.129340E+06   0.401290E-09  -0.656768E-09   0.259312E-09
   0.129360E+06   0.504965E-09  -0.794724E-09   0.464025E-09
   0.129380E+06   0.588715E-09  -0.912650E-09   0.662400E-09
   0.129400E+06   0.655238E-09  -0.100435E-08   0.842619E-09
   0.129420E+06   0.706823E-09  -0.106452E-08   0.993437E-09
   0.129440E+06   0.744574E-09  -0.108902E-08   0.110480E-08
   0.129460E+06   0.767998E-09  -0.107511E-08   0.116841E-08
   0.129480E+06   0.775034E-09  -0.102167E-08   0.117826E-08
   0.129500E+06   0.762508E-09  -0.929317E-09   0.113110E-08
   0.129520E+06   0.726930E-09  -0.800497E-09   0.102683E-08
   0.129540E+06   0.665468E-09  -0.639503E-09   0.868772E-09
   0.129560E+06   0.576936E-09  -0.452359E-09   0.663761E-09
   0.129580E+06   0.462598E-09  -0.246613E-09   0.421963E-09
   0.129600E+06   0.326631E-09  -0.309940E-10   0.156448E-09
   0.129620E+06   0.176144E-09   0.185032E-09  -0.117545E-09
   0.129640E+06   0.207263E-10   0.391803E-09  -0.383625E-09
   0.129660E+06  -0.128446E-09   0.580047E-09  -0.625449E-09
   0.129680E+06  -0.259805E-09   0.741481E-09  -0.828026E-09
   0.129700E+06  -0.362747E-09   0.869351E-09  -0.978963E-09
   0.129720E+06  -0.428941E-09   0.958870E-09  -0.106953E-08
   0.129740E+06  -0.453399E-09   0.100751E-08  -0.109541E-08
   0.129760E+06  -0.435171E-09   0.101511E-08  -0.105697E-08
   0.129780E+06  -0.377537E-09   0.983799E-09  -0.959176E-09
   0.129800E+06  -0.287690E-09   0.917715E-09  -0.810914E-09
   0.129820E+06  -0.175939E-09   0.822609E-09  -0.624046E-09
   0.129840E+06  -0.545428E-10   0.705320E-09  -0.412160E-09
   0.129860E+06   0.636681E-10   0.573208E-09  -0.189249E-09
   0.129880E+06   0.166700E-09   0.433606E-09   0.315283E-10
   0.129900E+06   0.244656E-09   0.293333E-09   0.238847E-09
   0.129920E+06   0.290702E-09   0.158326E-09   0.423871E-09
   0.129940E+06   0.301616E-09   0.334038E-10   0.580495E-09
   0.129960E+06   0.277898E-09  -0.778342E-10   0.705209E-09
   0.129980E+06   0.223436E-09  -0.172970E-09   0.796636E-09
   0.130000E+06   0.144812E-09  -0.250637E-09   0.854880E-09
   0.130020E+06   0.503581E-10  -0.310322E-09   0.880837E-09
   0.130040E+06  -0.508881E-10  -0.352154E-09   0.875603E-09
   0.130060E+06  -0.150201E-09  -0.376699E-09   0.840116E-09
   0.130080E+06  -0.240019E-09  -0.384812E-09   0.775089E-09
   0.130100E+06  -0.314546E-09  -0.377545E-09   0.681249E-09
   0.130120E+06  -0.370050E-09  -0.356119E-09   0.559826E-09
   0.130140E+06  -0.404869E-09  -0.321948E-09   0.413169E-09
   0.130160E+06  -0.419153E-09  -0.276705E-09   0.245340E-09
   0.130180E+06  -0.414437E-09  -0.222379E-09   0.625407E-10
   0.130200E+06  -0.393126E-09  -0.161323E-09  -0.126783E-09
   0.130220E+06  -0.358004E-09  -0.962480E-10  -0.312236E-09
   0.130240E+06  -0.311846E-09  -0.301619E-10  -0.482198E-09
   0.130260E+06  -0.257188E-09   0.337542E-10  -0.624900E-09
   0.130280E+06  -0.196291E-09   0.923286E-10  -0.729752E-09
   0.130300E+06  -0.131266E-09   0.142618E-09  -0.788712E-09
   0.130320E+06  -0.643237E-10   0.182139E-09  -0.797489E-09
   0.130340E+06   0.193516E-11   0.209085E-09  -0.756389E-09
   0.130360E+06   0.642741E-10   0.222498E-09  -0.670619E-09
   0.130380E+06   0.118704E-09   0.222366E-09  -0.549969E-09
   0.130400E+06   0.160560E-09   0.209638E-09  -0.407859E-09
   0.130420E+06   0.184809E-09   0.186145E-09  -0.259865E-09
   0.130440E+06   0.186569E-09   0.154427E-09  -0.121874E-09
   0.130460E+06   0.161810E-09   0.117483E-09  -0.813768E-11
   0.130480E+06   0.108120E-09   0.784786E-10   0.705178E-10
   0.130500E+06   0.254451E-10   0.404170E-10   0.108074E-09
   0.130520E+06  -0.833340E-10   0.583650E-11   0.104079E-09
   0.130540E+06  -0.212113E-09  -0.234532E-10   0.636699E-10
   0.130560E+06  -0.351645E-09  -0.465549E-10  -0.315101E-11
   0.130580E+06  -0.490043E-09  -0.635686E-10  -0.829032E-10
   0.130600E+06  -0.613694E-09  -0.755620E-10  -0.160477E-09
   0.130620E+06  -0.708520E-09  -0.844281E-10  -0.221195E-09
   0.130640E+06  -0.761457E-09  -0.926403E-10  -0.252790E-09
   0.130660E+06  -0.761986E-09  -0.102930E-09  -0.247036E-09
   0.130680E+06  -0.703533E-09  -0.117921E-09  -0.200803E-09
   0.130700E+06  -0.584545E-09  -0.139760E-09  -0.116402E-09
   0.130720E+06  -0.409092E-09  -0.169789E-09  -0.119137E-11
   0.130740E+06  -0.186874E-09  -0.208303E-09   0.133476E-09
   0.130760E+06   0.673875E-10  -0.254418E-09   0.273812E-09
   0.130780E+06   0.335152E-09  -0.306080E-09   0.405407E-09
   0.130800E+06   0.595730E-09  -0.360215E-09   0.515063E-09
   0.130820E+06   0.828246E-09  -0.413010E-09   0.592371E-09
   0.130840E+06   0.101369E-08  -0.460293E-09   0.630864E-09
   0.130860E+06   0.113678E-08  -0.497977E-09   0.628596E-09
   0.130880E+06   0.118752E-08  -0.522505E-09   0.588116E-09
   0.130900E+06   0.116212E-08  -0.531254E-09   0.515893E-09
   0.130920E+06   0.106330E-08  -0.522839E-09   0.421304E-09
   0.130940E+06   0.899981E-09  -0.497279E-09   0.315355E-09
   0.130960E+06   0.686199E-09  -0.456003E-09   0.209335E-09
   0.130980E+06   0.439659E-09  -0.401693E-09   0.113553E-09
   0.131000E+06   0.179896E-09  -0.337985E-09   0.363323E-10
   0.131020E+06  -0.736395E-10  -0.269048E-09  -0.166759E-10
   0.131040E+06  -0.303387E-09  -0.199119E-09  -0.428195E-10
   0.131060E+06  -0.495163E-09  -0.132028E-09  -0.424297E-10
   0.131080E+06  -0.639204E-09  -0.707774E-10  -0.185298E-10
   0.131100E+06  -0.730657E-09  -0.172440E-10   0.236525E-10
   0.131120E+06  -0.769532E-09   0.279862E-10   0.772834E-10
   0.131140E+06  -0.760141E-09   0.656094E-10   0.134560E-09
   0.131160E+06  -0.710157E-09   0.974355E-10   0.187335E-09
   0.131180E+06  -0.629409E-09   0.126077E-09   0.227699E-09
   0.131200E+06  -0.528596E-09   0.154537E-09   0.248521E-09
   0.131220E+06  -0.418054E-09   0.185750E-09   0.243945E-09
   0.131240E+06  -0.306731E-09   0.222125E-09   0.209833E-09
   0.131260E+06  -0.201442E-09   0.265159E-09   0.144176E-09
   0.131280E+06  -0.106478E-09   0.315153E-09   0.474074E-10
   0.131300E+06  -0.235639E-10   0.371083E-09  -0.773871E-10
   0.131320E+06   0.478586E-10   0.430623E-09  -0.224442E-09
   0.131340E+06   0.110091E-09   0.490338E-09  -0.385500E-09
   0.131360E+06   0.166468E-09   0.546011E-09  -0.550258E-09
   0.131380E+06   0.220579E-09   0.593079E-09  -0.707069E-09
   0.131400E+06   0.275515E-09   0.627129E-09  -0.843880E-09
   0.131420E+06   0.333234E-09   0.644403E-09  -0.949312E-09
   0.131440E+06   0.394115E-09   0.642241E-09  -0.101379E-08
   0.131460E+06   0.456753E-09   0.619437E-09  -0.103058E-08
   0.131480E+06   0.518014E-09   0.576450E-09  -0.996613E-09
   0.131500E+06   0.573337E-09   0.515438E-09  -0.912946E-09
   0.131520E+06   0.617263E-09   0.440124E-09  -0.784816E-09
   0.131540E+06   0.644103E-09   0.355486E-09  -0.621238E-09
   0.131560E+06   0.648698E-09   0.267299E-09  -0.434178E-09
   0.131580E+06   0.627148E-09   0.181591E-09  -0.237395E-09
   0.131600E+06   0.577433E-09   0.104037E-09  -0.450941E-10
   0.131620E+06   0.499834E-09   0.393958E-10   0.129464E-09
   0.131640E+06   0.397102E-09  -0.898986E-11   0.275212E-09
   0.131660E+06   0.274324E-09  -0.395315E-10   0.384247E-09
   0.131680E+06   0.138510E-09  -0.525579E-10   0.452415E-09
   0.131700E+06  -0.206955E-11  -0.502644E-10   0.479454E-09
   0.131720E+06  -0.138707E-09  -0.364543E-10   0.468706E-09
   0.131740E+06  -0.263144E-09  -0.160977E-10   0.426460E-09
   0.131760E+06  -0.368404E-09   0.524408E-11   0.361031E-09
   0.131780E+06  -0.449460E-09   0.220606E-10   0.281715E-09
   0.131800E+06  -0.503644E-09   0.295248E-10   0.197747E-09
   0.131820E+06  -0.530759E-09   0.240391E-10   0.117396E-09
   0.131840E+06  -0.532874E-09   0.362975E-11   0.472813E-10
   0.131860E+06  -0.513847E-09  -0.318600E-10  -0.802325E-11
   0.131880E+06  -0.478659E-09  -0.807975E-10  -0.461042E-10
   0.131900E+06  -0.432661E-09  -0.140001E-09  -0.665545E-10
   0.131920E+06  -0.380859E-09  -0.205160E-09  -0.706199E-10
   0.131940E+06  -0.327340E-09  -0.271367E-09  -0.607189E-10
   0.131960E+06  -0.274914E-09  -0.333703E-09  -0.399174E-10
   0.131980E+06  -0.225021E-09  -0.387781E-09  -0.114346E-10
   0.132000E+06  -0.177885E-09  -0.430190E-09   0.217645E-10
   0.132020E+06  -0.132857E-09  -0.458781E-09   0.572498E-10
   0.132040E+06  -0.888804E-10  -0.472764E-09   0.932681E-10
   0.132060E+06  -0.449573E-10  -0.472626E-09   0.128751E-09
   0.132080E+06  -0.540372E-12  -0.459886E-09   0.163209E-09
   0.132100E+06   0.442339E-10  -0.436739E-09   0.196545E-09
   0.132120E+06   0.884975E-10  -0.405657E-09   0.228829E-09
   0.132140E+06   0.130782E-09  -0.369006E-09   0.260055E-09
   0.132160E+06   0.169283E-09  -0.328734E-09   0.289941E-09
   0.132180E+06   0.202179E-09  -0.286184E-09   0.317767E-09
   0.132200E+06   0.227928E-09  -0.242042E-09   0.342308E-09
   0.132220E+06   0.245468E-09  -0.196414E-09   0.361843E-09
   0.132240E+06   0.254270E-09  -0.149017E-09   0.374261E-09
   0.132260E+06   0.254248E-09  -0.994304E-10   0.377260E-09
   0.132280E+06   0.245551E-09  -0.473724E-10   0.368612E-09
   0.132300E+06   0.228310E-09   0.706731E-11   0.346476E-09
   0.132320E+06   0.202427E-09   0.632605E-10   0.309720E-09
   0.132340E+06   0.167485E-09   0.119975E-09   0.258221E-09
   0.132360E+06   0.122839E-09   0.175417E-09   0.193087E-09
   0.132380E+06   0.678956E-10   0.227368E-09   0.116767E-09
   0.132400E+06   0.256063E-11   0.273396E-09   0.330265E-10
   0.132420E+06  -0.722478E-10   0.311104E-09  -0.532426E-10
   0.132440E+06  -0.154130E-09   0.338385E-09  -0.136361E-09
   0.132460E+06  -0.238911E-09   0.353638E-09  -0.210333E-09
   0.132480E+06  -0.320651E-09   0.355937E-09  -0.269411E-09
   0.132500E+06  -0.392007E-09   0.345126E-09  -0.308676E-09
   0.132520E+06  -0.444976E-09   0.321837E-09  -0.324589E-09
   0.132540E+06  -0.471939E-09   0.287453E-09  -0.315428E-09
   0.132560E+06  -0.466866E-09   0.244003E-09  -0.281561E-09
   0.132580E+06  -0.426493E-09   0.194032E-09  -0.225501E-09
   0.132600E+06  -0.351261E-09   0.140440E-09  -0.151749E-09
   0.132620E+06  -0.245819E-09   0.863141E-10  -0.664070E-10
   0.132640E+06  -0.118956E-09   0.347487E-10   0.233758E-10
   0.132660E+06   0.170926E-10  -0.113245E-10   0.110080E-09
   0.132680E+06   0.147914E-09  -0.493119E-10   0.186537E-09
   0.132700E+06   0.258620E-09  -0.771248E-10   0.246608E-09
   0.132720E+06   0.335743E-09  -0.933335E-10   0.285759E-09
   0.132740E+06   0.369063E-09  -0.972983E-10   0.301462E-09
   0.132760E+06   0.353070E-09  -0.892626E-10   0.293386E-09
   0.132780E+06   0.287843E-09  -0.703898E-10   0.263366E-09
   0.132800E+06   0.179203E-09  -0.427315E-10   0.215161E-09
   0.132820E+06   0.380795E-10  -0.911263E-11   0.154031E-09
   0.132840E+06  -0.120794E-09   0.270648E-10   0.861929E-10
   0.132860E+06  -0.280689E-09   0.620931E-10   0.181996E-10
   0.132880E+06  -0.424924E-09   0.922828E-10  -0.436760E-10
   0.132900E+06  -0.538827E-09   0.114309E-09  -0.940099E-10
   0.132920E+06  -0.611370E-09   0.125543E-09  -0.128694E-09
   0.132940E+06  -0.636226E-09   0.124326E-09  -0.145266E-09
   0.132960E+06  -0.612153E-09   0.110153E-09  -0.143089E-09
   0.132980E+06  -0.542687E-09   0.837450E-10  -0.123363E-09
   0.133000E+06  -0.435255E-09   0.469847E-10  -0.889883E-10
   0.133020E+06  -0.299882E-09   0.273683E-11  -0.442924E-10
   0.133040E+06  -0.147740E-09  -0.454380E-10   0.535754E-11
   0.133060E+06   0.102211E-10  -0.936376E-10   0.540200E-10
   0.133080E+06   0.164370E-09  -0.138000E-09   0.956895E-10
   0.133100E+06   0.307073E-09  -0.175069E-09   0.124815E-09
   0.133120E+06   0.432933E-09  -0.202099E-09   0.136784E-09
   0.133140E+06   0.538614E-09  -0.217283E-09   0.128347E-09
   0.133160E+06   0.622397E-09  -0.219859E-09   0.979239E-10
   0.133180E+06   0.683612E-09  -0.210123E-09   0.457923E-10
   0.133200E+06   0.722116E-09  -0.189333E-09  -0.258866E-10
   0.133220E+06   0.737954E-09  -0.159538E-09  -0.113199E-09
   0.133240E+06   0.731268E-09  -0.123348E-09  -0.210767E-09
   0.133260E+06   0.702473E-09  -0.836902E-10  -0.312171E-09
   0.133280E+06   0.652602E-09  -0.435545E-10  -0.410473E-09
   0.133300E+06   0.583732E-09  -0.577186E-11  -0.498783E-09
   0.133320E+06   0.499322E-09   0.271744E-10  -0.570833E-09
   0.133340E+06   0.404344E-09   0.532907E-10  -0.621470E-09
   0.133360E+06   0.305115E-09   0.711678E-10  -0.647047E-09
   0.133380E+06   0.208801E-09   0.800306E-10  -0.645652E-09
   0.133400E+06   0.122653E-09   0.797476E-10  -0.617162E-09
   0.133420E+06   0.530819E-10   0.708030E-10  -0.563127E-09
   0.133440E+06   0.473441E-11   0.542384E-10  -0.486498E-09
   0.133460E+06  -0.202562E-10   0.315657E-10  -0.391259E-09
   0.133480E+06  -0.226945E-10   0.465551E-11  -0.282005E-09
   0.133500E+06  -0.632526E-11  -0.243934E-10  -0.163535E-09
   0.133520E+06   0.226098E-10  -0.533983E-10  -0.405154E-10
   0.133540E+06   0.562049E-10  -0.802416E-10   0.827413E-10
   0.133560E+06   0.859855E-10  -0.103014E-09   0.202375E-09
   0.133580E+06   0.104091E-09  -0.120138E-09   0.314946E-09
   0.133600E+06   0.104357E-09  -0.130469E-09   0.417318E-09
   0.133620E+06   0.831308E-10  -0.133356E-09   0.506495E-09
   0.133640E+06   0.396921E-10  -0.128657E-09   0.579483E-09
   0.133660E+06  -0.237511E-10  -0.116726E-09   0.633237E-09
   0.133680E+06  -0.102478E-09  -0.983532E-10   0.664727E-09
   0.133700E+06  -0.189976E-09  -0.746852E-10   0.671160E-09
   0.133720E+06  -0.278833E-09  -0.471280E-10   0.650330E-09
   0.133740E+06  -0.361635E-09  -0.172476E-10   0.601069E-09
   0.133760E+06  -0.431742E-09   0.133253E-10   0.523710E-09
   0.133780E+06  -0.483840E-09   0.429789E-10   0.420489E-09
   0.133800E+06  -0.514229E-09   0.701932E-10   0.295779E-09
   0.133820E+06  -0.520876E-09   0.936026E-10   0.156086E-09
   0.133840E+06  -0.503299E-09   0.112054E-09   0.976460E-11
   0.133860E+06  -0.462375E-09   0.124663E-09  -0.133561E-09
   0.133880E+06  -0.400167E-09   0.130871E-09  -0.263824E-09
   0.133900E+06  -0.319837E-09   0.130500E-09  -0.371498E-09
   0.133920E+06  -0.225644E-09   0.123796E-09  -0.448621E-09
   0.133940E+06  -0.123016E-09   0.111454E-09  -0.489709E-09
   0.133960E+06  -0.185798E-10   0.946070E-10  -0.492443E-09
   0.133980E+06   0.799263E-10   0.747692E-10  -0.457996E-09
   0.134000E+06   0.163984E-09   0.537282E-10  -0.390962E-09
   0.134020E+06   0.224917E-09   0.333871E-10  -0.298860E-09
   0.134040E+06   0.254803E-09   0.155675E-10  -0.191290E-09
   0.134060E+06   0.247607E-09   0.179639E-11  -0.788348E-10
   0.134080E+06   0.200360E-09  -0.689607E-11   0.281283E-10
   0.134100E+06   0.114202E-09  -0.101343E-10   0.120552E-09
   0.134120E+06  -0.496376E-11  -0.828143E-11   0.191620E-09
   0.134140E+06  -0.146394E-09  -0.242858E-11   0.237305E-09
   0.134160E+06  -0.295127E-09   0.572042E-11   0.256529E-09
   0.134180E+06  -0.433340E-09   0.140600E-10   0.250918E-09
   0.134200E+06  -0.542323E-09   0.203664E-10   0.224220E-09
   0.134220E+06  -0.604853E-09   0.226143E-10   0.181514E-09
   0.134240E+06  -0.607641E-09   0.192820E-10   0.128340E-09
   0.134260E+06  -0.543485E-09   0.959450E-11   0.699115E-10
   0.134280E+06  -0.412771E-09  -0.633390E-11   0.105436E-10
   0.134300E+06  -0.224041E-09  -0.274860E-10  -0.466350E-10
   0.134320E+06   0.653508E-11  -0.520630E-10  -0.996552E-10
   0.134340E+06   0.256758E-09  -0.777264E-10  -0.147410E-09
   0.134360E+06   0.500921E-09  -0.101925E-09  -0.189185E-09
   0.134380E+06   0.712913E-09  -0.122258E-09  -0.224142E-09
   0.134400E+06   0.869487E-09  -0.136812E-09  -0.250902E-09
   0.134420E+06   0.953219E-09  -0.144429E-09  -0.267341E-09
   0.134440E+06   0.954762E-09  -0.144840E-09  -0.270669E-09
   0.134460E+06   0.874034E-09  -0.138668E-09  -0.257826E-09
   0.134480E+06   0.720199E-09  -0.127271E-09  -0.226106E-09
   0.134500E+06   0.510452E-09  -0.112477E-09  -0.173937E-09
   0.134520E+06   0.267777E-09  -0.962267E-10  -0.101633E-09
   0.134540E+06   0.180385E-10  -0.802106E-10  -0.119775E-10
   0.134560E+06  -0.213196E-09  -0.655406E-10   0.895249E-10
   0.134580E+06  -0.403644E-09  -0.525254E-10   0.194807E-09
   0.134600E+06  -0.536723E-09  -0.405856E-10   0.293852E-09
   0.134620E+06  -0.603100E-09  -0.283273E-10   0.375707E-09
   0.134640E+06  -0.601239E-09  -0.137679E-10   0.429766E-09
   0.134660E+06  -0.536961E-09   0.531966E-11   0.447168E-09
   0.134680E+06  -0.422164E-09   0.309944E-10   0.422075E-09
   0.134700E+06  -0.272979E-09   0.647315E-10   0.352655E-09
   0.134720E+06  -0.107651E-09   0.107068E-09   0.241603E-09
   0.134740E+06   0.555209E-10   0.157367E-09   0.960912E-10
   0.134760E+06   0.199961E-09   0.213739E-09  -0.728377E-10
   0.134780E+06   0.312116E-09   0.273138E-09  -0.251385E-09
   0.134800E+06   0.382241E-09   0.331622E-09  -0.424455E-09
   0.134820E+06   0.404685E-09   0.384749E-09  -0.577269E-09
   0.134840E+06   0.377790E-09   0.428045E-09  -0.696914E-09
   0.134860E+06   0.303544E-09   0.457499E-09  -0.773613E-09
   0.134880E+06   0.187108E-09   0.470007E-09  -0.801581E-09
   0.134900E+06   0.363422E-10   0.463710E-09  -0.779353E-09
   0.134920E+06  -0.138653E-09   0.438192E-09  -0.709591E-09
   0.134940E+06  -0.325973E-09   0.394513E-09  -0.598424E-09
   0.134960E+06  -0.512386E-09   0.335079E-09  -0.454462E-09
   0.134980E+06  -0.683935E-09   0.263368E-09  -0.287649E-09
   0.135000E+06  -0.826712E-09   0.183564E-09  -0.108125E-09
   0.135020E+06  -0.927837E-09   0.100140E-09   0.747276E-10
   0.135040E+06  -0.976594E-09   0.174471E-10   0.252957E-09
   0.135060E+06  -0.965606E-09  -0.606416E-10   0.420362E-09
   0.135080E+06  -0.891912E-09  -0.130994E-09   0.572473E-09
   0.135100E+06  -0.757717E-09  -0.191368E-09   0.706264E-09
   0.135120E+06  -0.570683E-09  -0.240439E-09   0.819689E-09
   0.135140E+06  -0.343590E-09  -0.277724E-09   0.911177E-09
   0.135160E+06  -0.933621E-10  -0.303421E-09   0.979208E-09
   0.135180E+06   0.160501E-09  -0.318208E-09   0.102206E-08
   0.135200E+06   0.397914E-09  -0.323026E-09   0.103778E-08
   0.135220E+06   0.600369E-09  -0.318892E-09   0.102439E-08
   0.135240E+06   0.752971E-09  -0.306767E-09   0.980291E-09
   0.135260E+06   0.846060E-09  -0.287486E-09   0.904766E-09
   0.135280E+06   0.876164E-09  -0.261757E-09   0.798484E-09
   0.135300E+06   0.846159E-09  -0.230223E-09   0.663921E-09
   0.135320E+06   0.764586E-09  -0.193556E-09   0.505574E-09
   0.135340E+06   0.644267E-09  -0.152567E-09   0.329936E-09
   0.135360E+06   0.500406E-09  -0.108303E-09   0.145185E-09
   0.135380E+06   0.348505E-09  -0.621022E-10  -0.393663E-10
   0.135400E+06   0.202399E-09  -0.155984E-10  -0.214017E-09
   0.135420E+06   0.727171E-10   0.293314E-10  -0.369519E-09
   0.135440E+06  -0.340169E-10   0.706754E-10  -0.497920E-09
   0.135460E+06  -0.115542E-09   0.106433E-09  -0.593291E-09
   0.135480E+06  -0.173302E-09   0.134781E-09  -0.652259E-09
   0.135500E+06  -0.211318E-09   0.154230E-09  -0.674273E-09
   0.135520E+06  -0.234740E-09   0.163759E-09  -0.661590E-09
   0.135540E+06  -0.248349E-09   0.162895E-09  -0.618966E-09
   0.135560E+06  -0.255317E-09   0.151743E-09  -0.553103E-09
   0.135580E+06  -0.256423E-09   0.130952E-09  -0.471925E-09
   0.135600E+06  -0.249886E-09   0.101634E-09  -0.383751E-09
   0.135620E+06  -0.231805E-09   0.652374E-10  -0.296469E-09
   0.135640E+06  -0.197134E-09   0.234173E-10  -0.216790E-09
   0.135660E+06  -0.140977E-09  -0.221071E-10  -0.149663E-09
   0.135680E+06  -0.599729E-10  -0.696667E-10  -0.978992E-10
   0.135700E+06   0.465131E-10  -0.117727E-09  -0.620429E-10
   0.135720E+06   0.175596E-09  -0.164935E-09  -0.404915E-10
   0.135740E+06   0.320646E-09  -0.210121E-09  -0.298428E-10
   0.135760E+06   0.471682E-09  -0.252283E-09  -0.254316E-10
   0.135780E+06   0.616326E-09  -0.290535E-09  -0.219938E-10
   0.135800E+06   0.741194E-09  -0.324063E-09  -0.143876E-10
   0.135820E+06   0.833489E-09  -0.352080E-09   0.170353E-11
   0.135840E+06   0.882583E-09  -0.373797E-09   0.291627E-10
   0.135860E+06   0.881342E-09  -0.388421E-09   0.689893E-10
   0.135880E+06   0.827013E-09  -0.395172E-09   0.120060E-09
   0.135900E+06   0.721581E-09  -0.393332E-09   0.179130E-09
   0.135920E+06   0.571542E-09  -0.382294E-09   0.241083E-09
   0.135940E+06   0.387175E-09  -0.361637E-09   0.299407E-09
   0.135960E+06   0.181423E-09  -0.331190E-09   0.346860E-09
   0.135980E+06  -0.314424E-10  -0.291097E-09   0.376252E-09
   0.136000E+06  -0.237203E-09  -0.241860E-09   0.381260E-09
   0.136020E+06  -0.422936E-09  -0.184380E-09   0.357203E-09
   0.136040E+06  -0.578014E-09  -0.119955E-09   0.301662E-09
   0.136060E+06  -0.694752E-09  -0.502749E-10   0.214897E-09
   0.136080E+06  -0.768710E-09   0.226259E-10   0.999869E-10
   0.136100E+06  -0.798653E-09   0.964366E-10  -0.373255E-10
   0.136120E+06  -0.786236E-09   0.168669E-09  -0.189073E-09
   0.136140E+06  -0.735512E-09   0.236782E-09  -0.345749E-09
   0.136160E+06  -0.652333E-09   0.298327E-09  -0.497169E-09
   0.136180E+06  -0.543733E-09   0.351102E-09  -0.633399E-09
   0.136200E+06  -0.417358E-09   0.393310E-09  -0.745664E-09
   0.136220E+06  -0.280967E-09   0.423695E-09  -0.827124E-09
   0.136240E+06  -0.142029E-09   0.441642E-09  -0.873421E-09
   0.136260E+06  -0.741709E-11   0.447235E-09  -0.882956E-09
   0.136280E+06   0.116830E-09   0.441245E-09  -0.856860E-09
   0.136300E+06   0.225676E-09   0.425059E-09  -0.798683E-09
   0.136320E+06   0.315208E-09   0.400540E-09  -0.713841E-09
   0.136340E+06   0.382721E-09   0.369847E-09  -0.608930E-09
   0.136360E+06   0.426755E-09   0.335222E-09  -0.490972E-09
   0.136380E+06   0.447094E-09   0.298776E-09  -0.366731E-09
   0.136400E+06   0.444710E-09   0.262308E-09  -0.242157E-09
   0.136420E+06   0.421649E-09   0.227172E-09  -0.122033E-09
   0.136440E+06   0.380858E-09   0.194213E-09  -0.985121E-11
   0.136460E+06   0.325957E-09   0.163782E-09   0.921113E-10
   0.136480E+06   0.260965E-09   0.135814E-09   0.182545E-09
   0.136500E+06   0.190004E-09   0.109964E-09   0.260781E-09
   0.136520E+06   0.116994E-09   0.857602E-10   0.326463E-09
   0.136540E+06   0.453731E-10   0.627550E-10   0.379291E-09
   0.136560E+06  -0.221371E-10   0.406376E-10   0.418908E-09
   0.136580E+06  -0.836950E-10   0.192934E-10   0.444938E-09
   0.136600E+06  -0.138414E-09  -0.120415E-11   0.457172E-09
   0.136620E+06  -0.186341E-09  -0.206603E-10   0.455847E-09
   0.136640E+06  -0.228323E-09  -0.388683E-10   0.441944E-09
   0.136660E+06  -0.265788E-09  -0.557311E-10   0.417409E-09
   0.136680E+06  -0.300441E-09  -0.713651E-10   0.385235E-09
   0.136700E+06  -0.333914E-09  -0.861532E-10   0.349324E-09
   0.136720E+06  -0.367406E-09  -0.100728E-09   0.314142E-09
   0.136740E+06  -0.401363E-09  -0.115880E-09   0.284174E-09
   0.136760E+06  -0.435240E-09  -0.132391E-09   0.263271E-09
   0.136780E+06  -0.467392E-09  -0.150838E-09   0.253990E-09
   0.136800E+06  -0.495127E-09  -0.171383E-09   0.257052E-09
   0.136820E+06  -0.514936E-09  -0.193602E-09   0.271035E-09
   0.136840E+06  -0.522881E-09  -0.216403E-09   0.292385E-09
   0.136860E+06  -0.515120E-09  -0.238037E-09   0.315783E-09
   0.136880E+06  -0.488489E-09  -0.256235E-09   0.334832E-09
   0.136900E+06  -0.441085E-09  -0.268451E-09   0.342990E-09
   0.136920E+06  -0.372744E-09  -0.272189E-09   0.334601E-09
   0.136940E+06  -0.285341E-09  -0.265357E-09   0.305865E-09
   0.136960E+06  -0.182851E-09  -0.246600E-09   0.255579E-09
   0.136980E+06  -0.711212E-10  -0.215569E-09   0.185517E-09
   0.137000E+06   0.426143E-10  -0.173059E-09   0.100357E-09
   0.137020E+06   0.150461E-09  -0.121008E-09   0.715430E-11
   0.137040E+06   0.244725E-09  -0.623510E-10  -0.855733E-10
   0.137060E+06   0.318805E-09  -0.740937E-12  -0.169025E-09
   0.137080E+06   0.367999E-09   0.598186E-10  -0.235364E-09
   0.137100E+06   0.390101E-09   0.115376E-09  -0.278850E-09
   0.137120E+06   0.385697E-09   0.162416E-09  -0.296650E-09
   0.137140E+06   0.358124E-09   0.198171E-09  -0.289226E-09
   0.137160E+06   0.313069E-09   0.220826E-09  -0.260199E-09
   0.137180E+06   0.257872E-09   0.229594E-09  -0.215733E-09
   0.137200E+06   0.200628E-09   0.224669E-09  -0.163539E-09
   0.137220E+06   0.149191E-09   0.207074E-09  -0.111646E-09
   0.137240E+06   0.110228E-09   0.178448E-09  -0.671512E-10
   0.137260E+06   0.884472E-10   0.140801E-09  -0.351565E-10
   0.137280E+06   0.860785E-10   0.962940E-10  -0.180443E-10
   0.137300E+06   0.102683E-09   0.470624E-10  -0.152166E-10
   0.137320E+06   0.135282E-09  -0.489362E-11  -0.233226E-10
   0.137340E+06   0.178781E-09  -0.577499E-10  -0.369278E-10
   0.137360E+06   0.226607E-09  -0.109843E-09  -0.495054E-10
   0.137380E+06   0.271471E-09  -0.159622E-09  -0.545831E-10
   0.137400E+06   0.306155E-09  -0.205591E-09  -0.468600E-10
   0.137420E+06   0.324235E-09  -0.246271E-09  -0.231211E-10
   0.137440E+06   0.320665E-09  -0.280189E-09   0.171809E-10
   0.137460E+06   0.292200E-09  -0.305912E-09   0.717492E-10
   0.137480E+06   0.237636E-09  -0.322107E-09   0.135676E-09
   0.137500E+06   0.157879E-09  -0.327630E-09   0.202030E-09
   0.137520E+06   0.558864E-10  -0.321610E-09   0.262689E-09
   0.137540E+06  -0.635116E-10  -0.303516E-09   0.309293E-09
   0.137560E+06  -0.193865E-09  -0.273208E-09   0.334190E-09
   0.137580E+06  -0.327430E-09  -0.230939E-09   0.331255E-09
   0.137600E+06  -0.455563E-09  -0.177352E-09   0.296515E-09
   0.137620E+06  -0.569187E-09  -0.113445E-09   0.228544E-09
   0.137640E+06  -0.659337E-09  -0.405497E-10   0.128617E-09
   0.137660E+06  -0.717779E-09   0.396763E-10   0.666154E-12
   0.137680E+06  -0.737680E-09   0.125235E-09  -0.148925E-09
   0.137700E+06  -0.714282E-09   0.213753E-09  -0.311665E-09
   0.137720E+06  -0.645517E-09   0.302446E-09  -0.477392E-09
   0.137740E+06  -0.532469E-09   0.388095E-09  -0.634806E-09
   0.137760E+06  -0.379624E-09   0.467083E-09  -0.772094E-09
   0.137780E+06  -0.194808E-09   0.535498E-09  -0.877648E-09
   0.137800E+06   0.112035E-10   0.589338E-09  -0.940890E-09
   0.137820E+06   0.225416E-09   0.624797E-09  -0.953146E-09
   0.137840E+06   0.433632E-09   0.638640E-09  -0.908543E-09
   0.137860E+06   0.621666E-09   0.628604E-09  -0.804822E-09
   0.137880E+06   0.776612E-09   0.593778E-09  -0.643968E-09
   0.137900E+06   0.888038E-09   0.534908E-09  -0.432533E-09
   0.137920E+06   0.948939E-09   0.454548E-09  -0.181560E-09
   0.137940E+06   0.956343E-09   0.357027E-09   0.939624E-10
   0.137960E+06   0.911494E-09   0.248203E-09   0.376117E-09
   0.137980E+06   0.819590E-09   0.135005E-09   0.645487E-09
   0.138000E+06   0.689121E-09   0.248201E-10   0.882864E-09
   0.138020E+06   0.530910E-09  -0.752326E-10   0.107106E-08
   0.138040E+06   0.356976E-09  -0.159023E-09   0.119658E-08
   0.138060E+06   0.179385E-09  -0.222055E-09   0.125100E-08
   0.138080E+06   0.922830E-11  -0.261937E-09   0.123180E-08
   0.138100E+06  -0.144173E-09  -0.278606E-09   0.114257E-08
   0.138120E+06  -0.273749E-09  -0.274289E-09   0.992561E-09
   0.138140E+06  -0.374848E-09  -0.253182E-09   0.795614E-09
   0.138160E+06  -0.445119E-09  -0.220908E-09   0.568641E-09
   0.138180E+06  -0.484191E-09  -0.183814E-09   0.329827E-09
   0.138200E+06  -0.493235E-09  -0.148208E-09   0.968101E-10
   0.138220E+06  -0.474522E-09  -0.119640E-09  -0.114945E-09
   0.138240E+06  -0.431056E-09  -0.102311E-09  -0.293376E-09
   0.138260E+06  -0.366318E-09  -0.986863E-10  -0.430550E-09
   0.138280E+06  -0.284160E-09  -0.109354E-09  -0.522838E-09
   0.138300E+06  -0.188800E-09  -0.133123E-09  -0.570582E-09
   0.138320E+06  -0.848779E-10  -0.167338E-09  -0.577374E-09
   0.138340E+06   0.224888E-10  -0.208339E-09  -0.549089E-09
   0.138360E+06   0.127730E-09  -0.252003E-09  -0.492870E-09
   0.138380E+06   0.224954E-09  -0.294273E-09  -0.416195E-09
   0.138400E+06   0.308211E-09  -0.331607E-09  -0.326168E-09
   0.138420E+06   0.371873E-09  -0.361300E-09  -0.229078E-09
   0.138440E+06   0.411075E-09  -0.381638E-09  -0.130234E-09
   0.138460E+06   0.422167E-09  -0.391899E-09  -0.340250E-10
   0.138480E+06   0.403096E-09  -0.392219E-09   0.558888E-10
   0.138500E+06   0.353651E-09  -0.383363E-09   0.136350E-09
   0.138520E+06   0.275551E-09  -0.366470E-09   0.204532E-09
   0.138540E+06   0.172339E-09  -0.342797E-09   0.257892E-09
   0.138560E+06   0.491269E-10  -0.313528E-09   0.294253E-09
   0.138580E+06  -0.877893E-10  -0.279659E-09   0.312008E-09
   0.138600E+06  -0.231366E-09  -0.241971E-09   0.310385E-09
   0.138620E+06  -0.374252E-09  -0.201072E-09   0.289686E-09
   0.138640E+06  -0.509181E-09  -0.157496E-09   0.251439E-09
   0.138660E+06  -0.629286E-09  -0.111810E-09   0.198382E-09
   0.138680E+06  -0.728345E-09  -0.647037E-10   0.134264E-09
   0.138700E+06  -0.800956E-09  -0.170421E-10   0.634667E-10
   0.138720E+06  -0.842704E-09   0.301487E-10  -0.950304E-11
   0.138740E+06  -0.850330E-09   0.757495E-10  -0.805686E-10
   0.138760E+06  -0.821938E-09   0.118665E-09  -0.146596E-09
   0.138780E+06  -0.757246E-09   0.157962E-09  -0.205769E-09
   0.138800E+06  -0.657842E-09   0.192998E-09  -0.257750E-09
   0.138820E+06  -0.527406E-09   0.223520E-09  -0.303601E-09
   0.138840E+06  -0.371818E-09   0.249697E-09  -0.345457E-09
   0.138860E+06  -0.199088E-09   0.272087E-09  -0.386001E-09
   0.138880E+06  -0.190450E-10   0.291526E-09  -0.427824E-09
   0.138900E+06   0.157244E-09   0.308971E-09  -0.472772E-09
   0.138920E+06   0.318304E-09   0.325297E-09  -0.521379E-09
   0.138940E+06   0.453267E-09   0.341103E-09  -0.572495E-09
   0.138960E+06   0.552958E-09   0.356550E-09  -0.623158E-09
   0.138980E+06   0.610925E-09   0.371251E-09  -0.668758E-09
   0.139000E+06   0.624242E-09   0.384254E-09  -0.703468E-09
   0.139020E+06   0.593975E-09   0.394109E-09  -0.720904E-09
   0.139040E+06   0.525200E-09   0.399019E-09  -0.714909E-09
   0.139060E+06   0.426548E-09   0.397061E-09  -0.680391E-09
   0.139080E+06   0.309311E-09   0.386439E-09  -0.614066E-09
   0.139100E+06   0.186211E-09   0.365745E-09  -0.515053E-09
   0.139120E+06   0.699847E-10   0.334186E-09  -0.385194E-09
   0.139140E+06  -0.280220E-10   0.291746E-09  -0.229101E-09
   0.139160E+06  -0.990684E-10   0.239264E-09  -0.538846E-10
   0.139180E+06  -0.137876E-09   0.178416E-09   0.131387E-09
   0.139200E+06  -0.143027E-09   0.111599E-09   0.316449E-09
   0.139220E+06  -0.116854E-09   0.417371E-10   0.490723E-09
   0.139240E+06  -0.648807E-10  -0.279644E-10   0.644235E-09
   0.139260E+06   0.510498E-11  -0.942938E-10   0.768459E-09
   0.139280E+06   0.841812E-10  -0.154297E-09   0.856994E-09
   0.139300E+06   0.163452E-09  -0.205503E-09   0.906011E-09
   0.139320E+06   0.235072E-09  -0.246092E-09   0.914431E-09
   0.139340E+06   0.293006E-09  -0.274990E-09   0.883821E-09
   0.139360E+06   0.333443E-09  -0.291884E-09   0.818051E-09
   0.139380E+06   0.354843E-09  -0.297172E-09   0.722765E-09
   0.139400E+06   0.357674E-09  -0.291865E-09   0.604749E-09
   0.139420E+06   0.343923E-09  -0.277444E-09   0.471280E-09
   0.139440E+06   0.316494E-09  -0.255717E-09   0.329545E-09
   0.139460E+06   0.278631E-09  -0.228674E-09   0.186195E-09
   0.139480E+06   0.233443E-09  -0.198354E-09   0.470627E-10
   0.139500E+06   0.183622E-09  -0.166748E-09  -0.829362E-10
   0.139520E+06   0.131343E-09  -0.135706E-09  -0.199763E-09
   0.139540E+06   0.783410E-10  -0.106874E-09  -0.300123E-09
   0.139560E+06   0.260885E-10  -0.816349E-10  -0.381302E-09
   0.139580E+06  -0.239925E-10  -0.610477E-10  -0.441063E-09
   0.139600E+06  -0.703732E-10  -0.457944E-10  -0.477626E-09
   0.139620E+06  -0.111366E-09  -0.361258E-10  -0.489784E-09
   0.139640E+06  -0.145203E-09  -0.318214E-10  -0.477133E-09
   0.139660E+06  -0.170246E-09  -0.321751E-10  -0.440365E-09
   0.139680E+06  -0.185259E-09  -0.360197E-10  -0.381573E-09
   0.139700E+06  -0.189709E-09  -0.418050E-10  -0.304444E-09
   0.139720E+06  -0.183994E-09  -0.477315E-10  -0.214298E-09
   0.139740E+06  -0.169548E-09  -0.519392E-10  -0.117866E-09
   0.139760E+06  -0.148780E-09  -0.527341E-10  -0.228183E-10
   0.139780E+06  -0.124844E-09  -0.488287E-10   0.629537E-10
   0.139800E+06  -0.101267E-09  -0.395619E-10   0.132214E-09
   0.139820E+06  -0.814881E-10  -0.250648E-10   0.179309E-09
   0.139840E+06  -0.683956E-10  -0.633571E-11   0.200993E-09
   0.139860E+06  -0.639310E-10   0.147945E-10   0.197016E-09
   0.139880E+06  -0.688277E-10   0.358201E-10   0.170352E-09
   0.139900E+06  -0.825232E-10   0.538298E-10   0.126995E-09
   0.139920E+06  -0.103250E-09   0.658615E-10   0.753182E-10
   0.139940E+06  -0.128280E-09   0.693007E-10   0.250604E-10
   0.139960E+06  -0.154276E-09   0.622691E-10  -0.139348E-10
   0.139980E+06  -0.177677E-09   0.439496E-10  -0.330537E-10
   0.140000E+06  -0.195069E-09   0.147978E-10  -0.261273E-10
   0.140020E+06  -0.203481E-09  -0.233945E-10   0.965383E-11
   0.140040E+06  -0.200588E-09  -0.676004E-10   0.732665E-10
   0.140060E+06  -0.184821E-09  -0.113814E-09   0.159897E-09
   0.140080E+06  -0.155394E-09  -0.157439E-09   0.261496E-09
   0.140100E+06  -0.112310E-09  -0.193748E-09   0.367771E-09
   0.140120E+06  -0.563492E-10  -0.218382E-09   0.467462E-09
   0.140140E+06   0.109140E-10  -0.227795E-09   0.549731E-09
   0.140160E+06   0.870652E-10  -0.219621E-09   0.605450E-09
   0.140180E+06   0.168801E-09  -0.192905E-09   0.628235E-09
   0.140200E+06   0.251917E-09  -0.148185E-09   0.615084E-09
   0.140220E+06   0.331376E-09  -0.874234E-10   0.566565E-09
   0.140240E+06   0.401516E-09  -0.138091E-10   0.486557E-09
   0.140260E+06   0.456424E-09   0.685431E-10   0.381633E-09
   0.140280E+06   0.490469E-09   0.154944E-09   0.260183E-09
   0.140300E+06   0.498957E-09   0.240496E-09   0.131439E-09
   0.140320E+06   0.478826E-09   0.320437E-09   0.453696E-11
   0.140340E+06   0.429273E-09   0.390430E-09  -0.112280E-09
   0.140360E+06   0.352196E-09   0.446793E-09  -0.212230E-09
   0.140380E+06   0.252333E-09   0.486662E-09  -0.290328E-09
   0.140400E+06   0.137042E-09   0.508087E-09  -0.343497E-09
   0.140420E+06   0.156837E-10   0.510093E-09  -0.370517E-09
   0.140440E+06  -0.101331E-09   0.492694E-09  -0.371871E-09
   0.140460E+06  -0.203727E-09   0.456882E-09  -0.349559E-09
   0.140480E+06  -0.282630E-09   0.404589E-09  -0.306914E-09
   0.140500E+06  -0.331716E-09   0.338612E-09  -0.248433E-09
   0.140520E+06  -0.348065E-09   0.262496E-09  -0.179616E-09
   0.140540E+06  -0.332580E-09   0.180368E-09  -0.106751E-09
   0.140560E+06  -0.289874E-09   0.967051E-10  -0.366334E-10
   0.140580E+06  -0.227630E-09   0.160589E-10   0.238368E-10
   0.140600E+06  -0.155518E-09  -0.572696E-10   0.681826E-10
   0.140620E+06  -0.838186E-10  -0.119562E-09   0.909657E-10
   0.140640E+06  -0.219675E-10  -0.167993E-09   0.884326E-10
   0.140660E+06   0.227525E-10  -0.200880E-09   0.590951E-10
   0.140680E+06   0.461694E-10  -0.217833E-09   0.413736E-11
   0.140700E+06   0.476779E-10  -0.219773E-09  -0.724483E-10
   0.140720E+06   0.301224E-10  -0.208814E-09  -0.164064E-09
   0.140740E+06  -0.864515E-12  -0.188009E-09  -0.262065E-09
   0.140760E+06  -0.379560E-10  -0.160995E-09  -0.356641E-09
   0.140780E+06  -0.734669E-10  -0.131567E-09  -0.437915E-09
   0.140800E+06  -0.100708E-09  -0.103255E-09  -0.497118E-09
   0.140820E+06  -0.115127E-09  -0.789491E-10  -0.527681E-09
   0.140840E+06  -0.115052E-09  -0.606312E-10  -0.526066E-09
   0.140860E+06  -0.101912E-09  -0.492465E-10  -0.492215E-09
   0.140880E+06  -0.799052E-10  -0.447321E-10  -0.429536E-09
   0.140900E+06  -0.551820E-10  -0.461915E-10  -0.344421E-09
   0.140920E+06  -0.346872E-10  -0.521813E-10  -0.245362E-09
   0.140940E+06  -0.248630E-10  -0.610595E-10  -0.141810E-09
   0.140960E+06  -0.304374E-10  -0.713330E-10  -0.429314E-10
   0.140980E+06  -0.535048E-10  -0.819436E-10   0.435324E-10
   0.141000E+06  -0.930513E-10  -0.924433E-10   0.112136E-09
   0.141020E+06  -0.145004E-09  -0.103030E-09   0.160211E-09
   0.141040E+06  -0.202790E-09  -0.114436E-09   0.187904E-09
   0.141060E+06  -0.258316E-09  -0.127694E-09   0.197775E-09
   0.141080E+06  -0.303199E-09  -0.143824E-09   0.194065E-09
   0.141100E+06  -0.330050E-09  -0.163496E-09   0.181759E-09
   0.141120E+06  -0.333617E-09  -0.186741E-09   0.165626E-09
   0.141140E+06  -0.311595E-09  -0.212758E-09   0.149391E-09
   0.141160E+06  -0.265004E-09  -0.239867E-09   0.135181E-09
   0.141180E+06  -0.198078E-09  -0.265617E-09   0.123323E-09
   0.141200E+06  -0.117701E-09  -0.287045E-09   0.112508E-09
   0.141220E+06  -0.324933E-10  -0.301050E-09   0.100267E-09
   0.141240E+06   0.483176E-10  -0.304813E-09   0.836589E-10
   0.141260E+06   0.116059E-09  -0.296218E-09   0.600291E-10
   0.141280E+06   0.163657E-09  -0.274184E-09   0.276962E-10
   0.141300E+06   0.186422E-09  -0.238875E-09  -0.135523E-10
   0.141320E+06   0.182500E-09  -0.191733E-09  -0.622404E-10
   0.141340E+06   0.152952E-09  -0.135349E-09  -0.115285E-09
   0.141360E+06   0.101491E-09  -0.731727E-10  -0.168353E-09
   0.141380E+06   0.339495E-10  -0.912417E-11  -0.216413E-09
   0.141400E+06  -0.424414E-10   0.528477E-10  -0.254383E-09
   0.141420E+06  -0.119840E-09   0.109183E-09  -0.277758E-09
   0.141440E+06  -0.190564E-09   0.157048E-09  -0.283114E-09
   0.141460E+06  -0.247766E-09   0.194549E-09  -0.268423E-09
   0.141480E+06  -0.285959E-09   0.220799E-09  -0.233162E-09
   0.141500E+06  -0.301380E-09   0.235840E-09  -0.178211E-09
   0.141520E+06  -0.292189E-09   0.240454E-09  -0.105621E-09
   0.141540E+06  -0.258526E-09   0.235907E-09  -0.183070E-10
   0.141560E+06  -0.202444E-09   0.223680E-09   0.802408E-10
   0.141580E+06  -0.127736E-09   0.205239E-09   0.186177E-09
   0.141600E+06  -0.396843E-10   0.181889E-09   0.295410E-09
   0.141620E+06   0.552833E-10   0.154727E-09   0.403606E-09
   0.141640E+06   0.150009E-09   0.124691E-09   0.506126E-09
   0.141660E+06   0.237100E-09   0.926902E-10   0.597963E-09
   0.141680E+06   0.309485E-09   0.597575E-10   0.673753E-09
   0.141700E+06   0.361003E-09   0.271905E-10   0.727915E-09
   0.141720E+06   0.386991E-09  -0.337564E-11   0.754975E-09
   0.141740E+06   0.384799E-09  -0.299923E-10   0.750064E-09
   0.141760E+06   0.354183E-09  -0.505343E-10   0.709534E-09
   0.141780E+06   0.297499E-09  -0.629359E-10   0.631632E-09
   0.141800E+06   0.219659E-09  -0.654921E-10   0.517091E-09
   0.141820E+06   0.127819E-09  -0.571722E-10   0.369539E-09
   0.141840E+06   0.308062E-10  -0.378832E-10   0.195602E-09
   0.141860E+06  -0.616683E-10  -0.862855E-11   0.465793E-11
   0.141880E+06  -0.139941E-09   0.284835E-10  -0.191801E-09
   0.141900E+06  -0.195366E-09   0.703973E-10  -0.381129E-09
   0.141920E+06  -0.221220E-09   0.113424E-09  -0.550716E-09
   0.141940E+06  -0.213420E-09   0.153671E-09  -0.689265E-09
   0.141960E+06  -0.170985E-09   0.187532E-09  -0.787975E-09
   0.141980E+06  -0.961599E-10   0.212144E-09  -0.841475E-09
   0.142000E+06   0.579083E-11   0.225764E-09  -0.848366E-09
   0.142020E+06   0.127111E-09   0.227983E-09  -0.811310E-09
   0.142040E+06   0.258328E-09   0.219739E-09  -0.736622E-09
   0.142060E+06   0.389183E-09   0.203147E-09  -0.633458E-09
   0.142080E+06   0.509612E-09   0.181145E-09  -0.512685E-09
   0.142100E+06   0.610653E-09   0.157031E-09  -0.385614E-09
   0.142120E+06   0.685202E-09   0.133958E-09  -0.262763E-09
   0.142140E+06   0.728529E-09   0.114475E-09  -0.152821E-09
   0.142160E+06   0.738532E-09   0.100172E-09  -0.619317E-10
   0.142180E+06   0.715712E-09   0.915028E-10   0.661522E-11
   0.142200E+06   0.662909E-09   0.877892E-10   0.522980E-10
   0.142220E+06   0.584841E-09   0.874089E-10   0.769225E-10
   0.142240E+06   0.487524E-09   0.881221E-10   0.839438E-10
   0.142260E+06   0.377630E-09   0.874742E-10   0.776824E-10
   0.142280E+06   0.261872E-09   0.832040E-10   0.625780E-10
   0.142300E+06   0.146442E-09   0.735856E-10   0.426005E-10
   0.142320E+06   0.365693E-10   0.576504E-10   0.208984E-10
   0.142340E+06  -0.637957E-10   0.352601E-10  -0.287555E-12
   0.142360E+06  -0.152151E-09   0.703014E-11  -0.194717E-10
   0.142380E+06  -0.227476E-09  -0.258670E-10  -0.356048E-10
   0.142400E+06  -0.290132E-09  -0.619700E-10  -0.476912E-10
   0.142420E+06  -0.341650E-09  -0.998071E-10  -0.544522E-10
   0.142440E+06  -0.384411E-09  -0.138126E-09  -0.541305E-10
   0.142460E+06  -0.421266E-09  -0.176027E-09  -0.444993E-10
   0.142480E+06  -0.455090E-09  -0.212984E-09  -0.230916E-10
   0.142500E+06  -0.488332E-09  -0.248741E-09   0.123819E-10
   0.142520E+06  -0.522579E-09  -0.283128E-09   0.635015E-10
   0.142540E+06  -0.558198E-09  -0.315840E-09   0.130596E-09
   0.142560E+06  -0.594075E-09  -0.346227E-09   0.212303E-09
   0.142580E+06  -0.627531E-09  -0.373162E-09   0.305328E-09
   0.142600E+06  -0.654410E-09  -0.395017E-09   0.404473E-09
   0.142620E+06  -0.669389E-09  -0.409771E-09   0.502961E-09
   0.142640E+06  -0.666475E-09  -0.415243E-09   0.593021E-09
   0.142660E+06  -0.639679E-09  -0.409398E-09   0.666667E-09
   0.142680E+06  -0.583787E-09  -0.390702E-09   0.716579E-09
   0.142700E+06  -0.495157E-09  -0.358437E-09   0.736932E-09
   0.142720E+06  -0.372439E-09  -0.312929E-09   0.724093E-09
   0.142740E+06  -0.217120E-09  -0.255642E-09   0.677064E-09
   0.142760E+06  -0.338111E-10  -0.189111E-09   0.597630E-09
   0.142780E+06   0.169783E-09  -0.116724E-09   0.490188E-09
   0.142800E+06   0.383247E-09  -0.423840E-10   0.361302E-09
   0.142820E+06   0.594150E-09   0.299069E-10   0.219044E-09
   0.142840E+06   0.789024E-09   0.964610E-10   0.722266E-10
   0.142860E+06   0.954486E-09   0.154269E-09  -0.703854E-10
   0.142880E+06   0.107843E-08   0.201253E-09  -0.200775E-09
   0.142900E+06   0.115110E-08   0.236380E-09  -0.312224E-09
   0.142920E+06   0.116602E-08   0.259630E-09  -0.399673E-09
   0.142940E+06   0.112051E-08   0.271836E-09  -0.459874E-09
   0.142960E+06   0.101598E-08   0.274436E-09  -0.491377E-09
   0.142980E+06   0.857747E-09   0.269183E-09  -0.494367E-09
   0.143000E+06   0.654550E-09   0.257880E-09  -0.470434E-09
   0.143020E+06   0.417817E-09   0.242168E-09  -0.422302E-09
   0.143040E+06   0.160739E-09   0.223408E-09  -0.353575E-09
   0.143060E+06  -0.102702E-09   0.202660E-09  -0.268512E-09
   0.143080E+06  -0.358667E-09   0.180742E-09  -0.171851E-09
   0.143100E+06  -0.594263E-09   0.158354E-09  -0.686535E-10
   0.143120E+06  -0.798184E-09   0.136201E-09   0.358376E-10
   0.143140E+06  -0.961154E-09   0.115107E-09   0.136350E-09
   0.143160E+06  -0.107620E-08   0.960507E-10   0.227769E-09
   0.143180E+06  -0.113881E-08   0.801384E-10   0.305353E-09
   0.143200E+06  -0.114694E-08   0.684943E-10   0.364981E-09
   0.143220E+06  -0.110110E-08   0.620955E-10   0.403402E-09
   0.143240E+06  -0.100428E-08   0.615850E-10   0.418465E-09
   0.143260E+06  -0.861968E-09   0.671034E-10   0.409290E-09
   0.143280E+06  -0.682075E-09   0.781786E-10   0.376354E-09
   0.143300E+06  -0.474791E-09   0.937038E-10   0.321477E-09
   0.143320E+06  -0.252294E-09   0.112018E-09   0.247690E-09
   0.143340E+06  -0.282563E-10   0.131079E-09   0.159013E-09
   0.143360E+06   0.182863E-09   0.148714E-09   0.601562E-10
   0.143380E+06   0.366753E-09   0.162894E-09  -0.438311E-10
   0.143400E+06   0.510351E-09   0.171997E-09  -0.147907E-09
   0.143420E+06   0.603028E-09   0.175015E-09  -0.247362E-09
   0.143440E+06   0.637716E-09   0.171665E-09  -0.338080E-09
   0.143460E+06   0.611841E-09   0.162379E-09  -0.416731E-09
   0.143480E+06   0.527901E-09   0.148196E-09  -0.480879E-09
   0.143500E+06   0.393589E-09   0.130554E-09  -0.529006E-09
   0.143520E+06   0.221368E-09   0.111028E-09  -0.560474E-09
   0.143540E+06   0.274999E-10   0.910687E-10  -0.575430E-09
   0.143560E+06  -0.169396E-09   0.717688E-10  -0.574680E-09
   0.143580E+06  -0.350130E-09   0.537127E-10  -0.559537E-09
   0.143600E+06  -0.496877E-09   0.369249E-10  -0.531666E-09
   0.143620E+06  -0.595031E-09   0.209251E-10  -0.492934E-09
   0.143640E+06  -0.634758E-09   0.487539E-11  -0.445265E-09
   0.143660E+06  -0.612054E-09  -0.122100E-10  -0.390522E-09
   0.143680E+06  -0.529157E-09  -0.312328E-10  -0.330408E-09
   0.143700E+06  -0.394272E-09  -0.528000E-10  -0.266402E-09
   0.143720E+06  -0.220627E-09  -0.770718E-10  -0.199729E-09
   0.143740E+06  -0.249785E-10  -0.103695E-09  -0.131379E-09
   0.143760E+06   0.174251E-09  -0.131830E-09  -0.621638E-10
   0.143780E+06   0.358967E-09  -0.160267E-09   0.718820E-11
   0.143800E+06   0.513297E-09  -0.187608E-09   0.759104E-10
   0.143820E+06   0.625153E-09  -0.212468E-09   0.143069E-09
   0.143840E+06   0.687297E-09  -0.233684E-09   0.207447E-09
   0.143860E+06   0.697804E-09  -0.250466E-09   0.267469E-09
   0.143880E+06   0.659900E-09  -0.262480E-09   0.321176E-09
   0.143900E+06   0.581237E-09  -0.269852E-09   0.366282E-09
   0.143920E+06   0.472737E-09  -0.273082E-09   0.400291E-09
   0.143940E+06   0.347159E-09  -0.272905E-09   0.420689E-09
   0.143960E+06   0.217601E-09  -0.270110E-09   0.425185E-09
   0.143980E+06   0.961094E-10  -0.265360E-09   0.411962E-09
   0.144000E+06  -0.744521E-11  -0.259051E-09   0.379923E-09
   0.144020E+06  -0.861312E-10  -0.251231E-09   0.328893E-09
   0.144040E+06  -0.136299E-09  -0.241588E-09   0.259750E-09
   0.144060E+06  -0.157525E-09  -0.229532E-09   0.174468E-09
   0.144080E+06  -0.152209E-09  -0.214328E-09   0.760809E-10
   0.144100E+06  -0.124925E-09  -0.195279E-09  -0.314522E-10
   0.144120E+06  -0.816275E-10  -0.171917E-09  -0.143438E-09
   0.144140E+06  -0.288394E-10  -0.144167E-09  -0.254693E-09
   0.144160E+06   0.270990E-10  -0.112462E-09  -0.359810E-09
   0.144180E+06   0.806338E-10  -0.777786E-10  -0.453433E-09
   0.144200E+06   0.127417E-09  -0.415901E-10  -0.530514E-09
   0.144220E+06   0.164523E-09  -0.574095E-11  -0.586564E-09
   0.144240E+06   0.190482E-09   0.277442E-10  -0.617868E-09
   0.144260E+06   0.205138E-09   0.568869E-10  -0.621681E-09
   0.144280E+06   0.209401E-09   0.799879E-10  -0.596395E-09
   0.144300E+06   0.204903E-09   0.958341E-10  -0.541673E-09
   0.144320E+06   0.193631E-09   0.103852E-09  -0.458543E-09
   0.144340E+06   0.177563E-09   0.104189E-09  -0.349429E-09
   0.144360E+06   0.158337E-09   0.977134E-10  -0.218122E-09
   0.144380E+06   0.137003E-09   0.859361E-10  -0.696569E-10
   0.144400E+06   0.113864E-09   0.708645E-10   0.898896E-10
   0.144420E+06   0.884372E-10   0.548107E-10   0.253695E-09
   0.144440E+06   0.595394E-10   0.401755E-10   0.414548E-09
   0.144460E+06   0.254976E-10   0.292339E-10   0.565253E-09
   0.144480E+06  -0.155312E-10   0.239429E-10   0.699037E-09
   0.144500E+06  -0.651612E-10   0.257871E-10   0.809917E-09
   0.144520E+06  -0.124348E-09   0.356715E-10   0.893008E-09
   0.144540E+06  -0.192982E-09   0.538651E-10   0.944729E-09
   0.144560E+06  -0.269577E-09   0.799899E-10   0.962902E-09
   0.144580E+06  -0.351100E-09   0.113049E-09   0.946764E-09
   0.144600E+06  -0.433005E-09   0.151486E-09   0.896887E-09
   0.144620E+06  -0.509489E-09   0.193266E-09   0.815069E-09
   0.144640E+06  -0.573964E-09   0.235968E-09   0.704210E-09
   0.144660E+06  -0.619705E-09   0.276898E-09   0.568204E-09
   0.144680E+06  -0.640614E-09   0.313205E-09   0.411871E-09
   0.144700E+06  -0.631998E-09   0.342013E-09   0.240914E-09
   0.144720E+06  -0.591256E-09   0.360569E-09   0.618789E-10
   0.144740E+06  -0.518381E-09   0.366405E-09  -0.117919E-09
   0.144760E+06  -0.416188E-09   0.357505E-09  -0.290548E-09
   0.144780E+06  -0.290223E-09   0.332485E-09  -0.447741E-09
   0.144800E+06  -0.148344E-09   0.290756E-09  -0.581309E-09
   0.144820E+06  -0.192348E-13   0.232660E-09  -0.683702E-09
   0.144840E+06   0.144582E-09   0.159568E-09  -0.748669E-09
   0.144860E+06   0.275591E-09   0.738994E-10  -0.771938E-09
   0.144880E+06   0.384411E-09  -0.209190E-10  -0.751847E-09
   0.144900E+06   0.464532E-09  -0.120599E-09  -0.689790E-09
   0.144920E+06   0.512089E-09  -0.220215E-09  -0.590409E-09
   0.144940E+06   0.526105E-09  -0.314506E-09  -0.461443E-09
   0.144960E+06   0.508397E-09  -0.398235E-09  -0.313218E-09
   0.144980E+06   0.463176E-09  -0.466571E-09  -0.157792E-09
   0.145000E+06   0.396408E-09  -0.515467E-09  -0.784329E-11
   0.145020E+06   0.315040E-09  -0.541979E-09   0.124578E-09
   0.145040E+06   0.226198E-09  -0.544519E-09   0.229289E-09
   0.145060E+06   0.136467E-09  -0.522982E-09   0.299025E-09
   0.145080E+06   0.513351E-10  -0.478761E-09   0.330175E-09
   0.145100E+06  -0.251401E-10  -0.414624E-09   0.323092E-09
   0.145120E+06  -0.904329E-10  -0.334480E-09   0.281927E-09
   0.145140E+06  -0.143433E-09  -0.243048E-09   0.214018E-09
   0.145160E+06  -0.184168E-09  -0.145467E-09   0.128907E-09
   0.145180E+06  -0.213427E-09  -0.468879E-10   0.371356E-10
   0.145200E+06  -0.232369E-09   0.479126E-10  -0.510335E-10
   0.145220E+06  -0.242175E-09   0.134859E-09  -0.126776E-09
   0.145240E+06  -0.243795E-09   0.210814E-09  -0.183607E-09
   0.145260E+06  -0.237818E-09   0.273713E-09  -0.217919E-09
   0.145280E+06  -0.224470E-09   0.322581E-09  -0.229088E-09
   0.145300E+06  -0.203707E-09   0.357453E-09  -0.219184E-09
   0.145320E+06  -0.175388E-09   0.379202E-09  -0.192345E-09
   0.145340E+06  -0.139472E-09   0.389313E-09  -0.153931E-09
   0.145360E+06  -0.962179E-10   0.389633E-09  -0.109603E-09
   0.145380E+06  -0.463394E-10   0.382115E-09  -0.644662E-10
   0.145400E+06   0.888611E-11   0.368596E-09  -0.224019E-10
   0.145420E+06   0.675721E-10   0.350635E-09   0.143372E-10
   0.145440E+06   0.127235E-09   0.329398E-09   0.452236E-10
   0.145460E+06   0.184861E-09   0.305628E-09   0.712616E-10
   0.145480E+06   0.237016E-09   0.279668E-09   0.945623E-10
   0.145500E+06   0.280002E-09   0.251541E-09   0.117770E-09
   0.145520E+06   0.310053E-09   0.221073E-09   0.143442E-09
   0.145540E+06   0.323585E-09   0.188024E-09   0.173487E-09
   0.145560E+06   0.317478E-09   0.152235E-09   0.208729E-09
   0.145580E+06   0.289410E-09   0.113748E-09   0.248669E-09
   0.145600E+06   0.238206E-09   0.729013E-10   0.291451E-09
   0.145620E+06   0.164177E-09   0.303813E-10   0.334037E-09
   0.145640E+06   0.694057E-10  -0.127699E-10   0.372541E-09
   0.145660E+06  -0.420682E-10  -0.551979E-10   0.402688E-09
   0.145680E+06  -0.164235E-09  -0.953228E-10   0.420313E-09
   0.145700E+06  -0.289297E-09  -0.131464E-09   0.421853E-09
   0.145720E+06  -0.408086E-09  -0.161988E-09   0.404781E-09
   0.145740E+06  -0.510706E-09  -0.185472E-09   0.367920E-09
   0.145760E+06  -0.587366E-09  -0.200849E-09   0.311624E-09
   0.145780E+06  -0.629334E-09  -0.207544E-09   0.237814E-09
   0.145800E+06  -0.629903E-09  -0.205557E-09   0.149859E-09
   0.145820E+06  -0.585268E-09  -0.195498E-09   0.523202E-10
   0.145840E+06  -0.495180E-09  -0.178563E-09  -0.494104E-10
   0.145860E+06  -0.363289E-09  -0.156449E-09  -0.149556E-09
   0.145880E+06  -0.197092E-09  -0.131211E-09  -0.242436E-09
   0.145900E+06  -0.747022E-11  -0.105080E-09  -0.322945E-09
   0.145920E+06   0.192157E-09  -0.802647E-10  -0.386977E-09
   0.145940E+06   0.386993E-09  -0.587411E-10  -0.431756E-09
   0.145960E+06   0.562210E-09  -0.420783E-10  -0.456038E-09
   0.145980E+06   0.704335E-09  -0.313030E-10  -0.460160E-09
   0.146000E+06   0.802522E-09  -0.268259E-10  -0.445929E-09
   0.146020E+06   0.849562E-09  -0.284367E-10  -0.416364E-09
   0.146040E+06   0.842521E-09  -0.353667E-10  -0.375318E-09
   0.146060E+06   0.782937E-09  -0.464084E-10  -0.327037E-09
   0.146080E+06   0.676572E-09  -0.600772E-10  -0.275705E-09
   0.146100E+06   0.532751E-09  -0.747898E-10  -0.225035E-09
   0.146120E+06   0.363393E-09  -0.890396E-10  -0.177965E-09
   0.146140E+06   0.181840E-09  -0.101544E-09  -0.136485E-09
   0.146160E+06   0.163267E-11  -0.111352E-09  -0.101618E-09
   0.146180E+06  -0.164634E-09  -0.117891E-09  -0.735419E-10
   0.146200E+06  -0.306266E-09  -0.120974E-09  -0.518133E-10
   0.146220E+06  -0.415167E-09  -0.120746E-09  -0.356501E-10
   0.146240E+06  -0.486211E-09  -0.117609E-09  -0.242044E-10
   0.146260E+06  -0.517337E-09  -0.112120E-09  -0.167763E-10
   0.146280E+06  -0.509361E-09  -0.104895E-09  -0.129232E-10
   0.146300E+06  -0.465604E-09  -0.965293E-10  -0.124466E-10
   0.146320E+06  -0.391377E-09  -0.875351E-10  -0.152658E-10
   0.146340E+06  -0.293429E-09  -0.783151E-10  -0.212113E-10
   0.146360E+06  -0.179392E-09  -0.691581E-10  -0.297935E-10
   0.146380E+06  -0.572735E-10  -0.602556E-10  -0.400107E-10
   0.146400E+06   0.649822E-10  -0.517267E-10  -0.502548E-10
   0.146420E+06   0.179864E-09  -0.436425E-10  -0.583603E-10
   0.146440E+06   0.280608E-09  -0.360398E-10  -0.618097E-10
   0.146460E+06   0.361477E-09  -0.289211E-10  -0.580816E-10
   0.146480E+06   0.418004E-09  -0.222391E-10  -0.450906E-10
   0.146500E+06   0.447221E-09  -0.158720E-10  -0.216481E-10
   0.146520E+06   0.447853E-09  -0.959774E-11   0.121441E-10
   0.146540E+06   0.420451E-09  -0.307566E-11   0.546494E-10
   0.146560E+06   0.367442E-09   0.415216E-11   0.102665E-09
   0.146580E+06   0.293066E-09   0.126352E-10   0.151640E-09
   0.146600E+06   0.203151E-09   0.229618E-10   0.196126E-09
   0.146620E+06   0.104752E-09   0.356824E-10   0.230425E-09
   0.146640E+06   0.562824E-11   0.512172E-10   0.249337E-09
   0.146660E+06  -0.863851E-10   0.697617E-10   0.248907E-09
   0.146680E+06  -0.164061E-09   0.912033E-10   0.227051E-09
   0.146700E+06  -0.221454E-09   0.115067E-09   0.183973E-09
   0.146720E+06  -0.254477E-09   0.140495E-09   0.122279E-09
   0.146740E+06  -0.261309E-09   0.166282E-09   0.467857E-10
   0.146760E+06  -0.242581E-09   0.190945E-09  -0.359857E-10
   0.146780E+06  -0.201302E-09   0.212843E-09  -0.118545E-09
   0.146800E+06  -0.142515E-09   0.230324E-09  -0.193311E-09
   0.146820E+06  -0.727438E-10   0.241889E-09  -0.253504E-09
   0.146840E+06   0.740680E-12   0.246341E-09  -0.293942E-09
   0.146860E+06   0.707164E-10   0.242925E-09  -0.311609E-09
   0.146880E+06   0.130789E-09   0.231415E-09  -0.305957E-09
   0.146900E+06   0.176051E-09   0.212158E-09  -0.278878E-09
   0.146920E+06   0.203531E-09   0.186056E-09  -0.234379E-09
   0.146940E+06   0.212402E-09   0.154501E-09  -0.178012E-09
   0.146960E+06   0.203895E-09   0.119249E-09  -0.116141E-09
   0.146980E+06   0.180974E-09   0.822657E-10  -0.551636E-10
   0.147000E+06   0.147793E-09   0.455562E-10  -0.771645E-12
   0.147020E+06   0.109039E-09   0.109857E-10   0.426371E-10
   0.147040E+06   0.692428E-10  -0.198768E-10   0.723517E-10
   0.147060E+06   0.321663E-10  -0.458831E-10   0.875070E-10
   0.147080E+06   0.341582E-12  -0.663862E-10   0.890179E-10
   0.147100E+06  -0.251695E-10  -0.812677E-10   0.793213E-10
   0.147120E+06  -0.447733E-10  -0.909128E-10   0.619816E-10
   0.147140E+06  -0.601091E-10  -0.961366E-10   0.412231E-10
   0.147160E+06  -0.736275E-10  -0.980709E-10   0.214513E-10
   0.147180E+06  -0.880548E-10  -0.980238E-10   0.681221E-11
   0.147200E+06  -0.105835E-09  -0.973292E-10   0.826664E-12
   0.147220E+06  -0.128638E-09  -0.972004E-10   0.611335E-11
   0.147240E+06  -0.157021E-09  -0.986028E-10   0.242047E-10
   0.147260E+06  -0.190288E-09  -0.102159E-09   0.554462E-10
   0.147280E+06  -0.226576E-09  -0.108097E-09   0.989682E-10
   0.147300E+06  -0.263148E-09  -0.116236E-09   0.152721E-09
   0.147320E+06  -0.296844E-09  -0.126030E-09   0.213572E-09
   0.147340E+06  -0.324617E-09  -0.136635E-09   0.277461E-09
   0.147360E+06  -0.344051E-09  -0.147022E-09   0.339639E-09
   0.147380E+06  -0.353793E-09  -0.156099E-09   0.394970E-09
   0.147400E+06  -0.353798E-09  -0.162842E-09   0.438324E-09
   0.147420E+06  -0.345366E-09  -0.166420E-09   0.465021E-09
   0.147440E+06  -0.330945E-09  -0.166289E-09   0.471317E-09
   0.147460E+06  -0.313739E-09  -0.162265E-09   0.454867E-09
   0.147480E+06  -0.297163E-09  -0.154551E-09   0.415121E-09
   0.147500E+06  -0.284262E-09  -0.143717E-09   0.353573E-09
   0.147520E+06  -0.277158E-09  -0.130645E-09   0.273823E-09
   0.147540E+06  -0.276638E-09  -0.116431E-09   0.181396E-09
   0.147560E+06  -0.281934E-09  -0.102258E-09   0.833322E-10
   0.147580E+06  -0.290752E-09  -0.892611E-10  -0.124625E-10
   0.147600E+06  -0.299533E-09  -0.783836E-10  -0.980100E-10
   0.147620E+06  -0.303912E-09  -0.702540E-10  -0.166132E-09
   0.147640E+06  -0.299320E-09  -0.650918E-10  -0.211281E-09
   0.147660E+06  -0.281611E-09  -0.626556E-10  -0.230219E-09
   0.147680E+06  -0.247649E-09  -0.622428E-10  -0.222450E-09
   0.147700E+06  -0.195759E-09  -0.627427E-10  -0.190322E-09
   0.147720E+06  -0.125983E-09  -0.627409E-10  -0.138792E-09
   0.147740E+06  -0.401144E-10  -0.606649E-10  -0.748550E-10
   0.147760E+06   0.584686E-10  -0.549578E-10  -0.671897E-11
   0.147780E+06   0.165148E-09  -0.442605E-10   0.571748E-10
   0.147800E+06   0.274512E-09  -0.275829E-10   0.109152E-09
   0.147820E+06   0.380833E-09  -0.444394E-11   0.143194E-09
   0.147840E+06   0.478516E-09   0.250364E-10   0.155600E-09
   0.147860E+06   0.562455E-09   0.601037E-10   0.145331E-09
   0.147880E+06   0.628280E-09   0.994009E-10   0.114010E-09
   0.147900E+06   0.672494E-09   0.141062E-09   0.655860E-10
   0.147920E+06   0.692517E-09   0.182855E-09   0.572077E-11
   0.147940E+06   0.686688E-09   0.222367E-09  -0.589946E-10
   0.147960E+06   0.654270E-09   0.257200E-09  -0.121881E-09
   0.147980E+06   0.595476E-09   0.285165E-09  -0.176946E-09
   0.148000E+06   0.511552E-09   0.304457E-09  -0.219502E-09
   0.148020E+06   0.404899E-09   0.313788E-09  -0.246536E-09
   0.148040E+06   0.279197E-09   0.312475E-09  -0.256838E-09
   0.148060E+06   0.139476E-09   0.300479E-09  -0.250873E-09
   0.148080E+06  -0.791336E-11   0.278390E-09  -0.230468E-09
   0.148100E+06  -0.155495E-09   0.247377E-09  -0.198386E-09
   0.148120E+06  -0.295052E-09   0.209106E-09  -0.157874E-09
   0.148140E+06  -0.418196E-09   0.165627E-09  -0.112265E-09
   0.148160E+06  -0.517084E-09   0.119264E-09  -0.646828E-10
   0.148180E+06  -0.585189E-09   0.724823E-10  -0.178886E-10
   0.148200E+06  -0.618048E-09   0.277703E-10   0.257441E-10
   0.148220E+06  -0.613838E-09  -0.124896E-10   0.641592E-10
   0.148240E+06  -0.573711E-09  -0.461432E-10   0.955045E-10
   0.148260E+06  -0.501787E-09  -0.713845E-10   0.118034E-09
   0.148280E+06  -0.404794E-09  -0.868706E-10   0.130077E-09
   0.148300E+06  -0.291379E-09  -0.918239E-10   0.130103E-09
   0.148320E+06  -0.171163E-09  -0.861134E-10   0.116895E-09
   0.148340E+06  -0.536721E-10  -0.703046E-10   0.897931E-10
   0.148360E+06   0.527178E-10  -0.456665E-10   0.489779E-10
   0.148380E+06   0.141668E-09  -0.141263E-10  -0.428358E-11
   0.148400E+06   0.209472E-09   0.218341E-10  -0.674842E-10
   0.148420E+06   0.255283E-09   0.593364E-10  -0.136873E-09
   0.148440E+06   0.280948E-09   0.953131E-10  -0.207629E-09
   0.148460E+06   0.290475E-09   0.126745E-09  -0.274216E-09
   0.148480E+06   0.289256E-09   0.150910E-09  -0.330889E-09
   0.148500E+06   0.283131E-09   0.165615E-09  -0.372280E-09
   0.148520E+06   0.277487E-09   0.169386E-09  -0.394009E-09
   0.148540E+06   0.276488E-09   0.161596E-09  -0.393215E-09
   0.148560E+06   0.282564E-09   0.142518E-09  -0.368937E-09
   0.148580E+06   0.296208E-09   0.113294E-09  -0.322294E-09
   0.148600E+06   0.316087E-09   0.758198E-10  -0.256424E-09
   0.148620E+06   0.339413E-09   0.325706E-10  -0.176193E-09
   0.148640E+06   0.362497E-09  -0.136177E-10  -0.877153E-10
   0.148660E+06   0.381359E-09  -0.597910E-10   0.226791E-11
   0.148680E+06   0.392304E-09  -0.103111E-09   0.870585E-10
   0.148700E+06   0.392374E-09  -0.141063E-09   0.160647E-09
   0.148720E+06   0.379610E-09  -0.171618E-09   0.218255E-09
   0.148740E+06   0.353134E-09  -0.193350E-09   0.256722E-09
   0.148760E+06   0.313058E-09  -0.205485E-09   0.274704E-09
   0.148780E+06   0.260298E-09  -0.207915E-09   0.272670E-09
   0.148800E+06   0.196346E-09  -0.201164E-09   0.252729E-09
   0.148820E+06   0.123078E-09  -0.186323E-09   0.218319E-09
   0.148840E+06   0.426371E-10  -0.164970E-09   0.173801E-09
   0.148860E+06  -0.425913E-10  -0.139068E-09   0.124024E-09
   0.148880E+06  -0.129922E-09  -0.110860E-09   0.738973E-10
   0.148900E+06  -0.216283E-09  -0.827489E-10   0.280174E-10
   0.148920E+06  -0.298152E-09  -0.571741E-10  -0.963874E-11
   0.148940E+06  -0.371581E-09  -0.364692E-10  -0.359323E-10
   0.148960E+06  -0.432341E-09  -0.227171E-10  -0.487044E-10
   0.148980E+06  -0.476221E-09  -0.175995E-10  -0.468483E-10
   0.149000E+06  -0.499435E-09  -0.222508E-10  -0.303268E-10
   0.149020E+06  -0.499112E-09  -0.371326E-10  -0.149247E-12
   0.149040E+06  -0.473759E-09  -0.619404E-10   0.416845E-10
   0.149060E+06  -0.423642E-09  -0.955597E-10   0.922674E-10
   0.149080E+06  -0.350974E-09  -0.136083E-09   0.147901E-09
   0.149100E+06  -0.259877E-09  -0.180890E-09   0.204249E-09
   0.149120E+06  -0.156101E-09  -0.226804E-09   0.256534E-09
   0.149140E+06  -0.465161E-10  -0.270291E-09   0.299784E-09
   0.149160E+06   0.615518E-10  -0.307715E-09   0.329131E-09
   0.149180E+06   0.161033E-09  -0.335606E-09   0.340145E-09
   0.149200E+06   0.245789E-09  -0.350926E-09   0.329188E-09
   0.149220E+06   0.311131E-09  -0.351311E-09   0.293765E-09
   0.149240E+06   0.354135E-09  -0.335256E-09   0.232831E-09
   0.149260E+06   0.373693E-09  -0.302251E-09   0.147028E-09
   0.149280E+06   0.370345E-09  -0.252824E-09   0.388069E-10
   0.149300E+06   0.345919E-09  -0.188529E-09  -0.875734E-10
   0.149320E+06   0.303077E-09  -0.111852E-09  -0.226209E-09
   0.149340E+06   0.244867E-09  -0.260600E-10  -0.369857E-09
   0.149360E+06   0.174347E-09   0.649920E-10  -0.510374E-09
   0.149380E+06   0.943638E-10   0.157094E-09  -0.639264E-09
   0.149400E+06   0.750203E-11   0.245928E-09  -0.748285E-09
   0.149420E+06  -0.838138E-10   0.327317E-09  -0.830058E-09
   0.149440E+06  -0.177115E-09   0.397467E-09  -0.878635E-09
   0.149460E+06  -0.269661E-09   0.453190E-09  -0.889954E-09
   0.149480E+06  -0.358267E-09   0.492088E-09  -0.862161E-09
   0.149500E+06  -0.439259E-09   0.512693E-09  -0.795740E-09
   0.149520E+06  -0.508601E-09   0.514558E-09  -0.693462E-09
   0.149540E+06  -0.562185E-09   0.498272E-09  -0.560153E-09
   0.149560E+06  -0.596257E-09   0.465411E-09  -0.402299E-09
   0.149580E+06  -0.607897E-09   0.418416E-09  -0.227549E-09
   0.149600E+06  -0.595463E-09   0.360401E-09  -0.441472E-10
   0.149620E+06  -0.558911E-09   0.294905E-09   0.139626E-09
   0.149640E+06  -0.499919E-09   0.225615E-09   0.315969E-09
   0.149660E+06  -0.421765E-09   0.156074E-09   0.477979E-09
   0.149680E+06  -0.328988E-09   0.894117E-10   0.619935E-09
   0.149700E+06  -0.226865E-09   0.281267E-10   0.737458E-09
   0.149720E+06  -0.120803E-09  -0.260587E-10   0.827533E-09
   0.149740E+06  -0.157458E-10  -0.722496E-10   0.888424E-09
   0.149760E+06   0.842967E-10  -0.110333E-09   0.919520E-09
   0.149780E+06   0.176516E-09  -0.140843E-09   0.921150E-09
   0.149800E+06   0.259327E-09  -0.164754E-09   0.894400E-09
   0.149820E+06   0.332156E-09  -0.183244E-09   0.840975E-09
   0.149840E+06   0.395039E-09  -0.197442E-09   0.763119E-09
   0.149860E+06   0.448129E-09  -0.208232E-09   0.663586E-09
   0.149880E+06   0.491233E-09  -0.216103E-09   0.545675E-09
   0.149900E+06   0.523467E-09  -0.221108E-09   0.413280E-09
   0.149920E+06   0.543139E-09  -0.222906E-09   0.270929E-09
   0.149940E+06   0.547884E-09  -0.220899E-09   0.123791E-09
   0.149960E+06   0.535054E-09  -0.214425E-09  -0.224041E-10
   0.149980E+06   0.502293E-09  -0.202986E-09  -0.161532E-09
   0.150000E+06   0.448194E-09  -0.186452E-09  -0.287341E-09
   0.150020E+06   0.372918E-09  -0.165220E-09  -0.393814E-09
   0.150040E+06   0.278632E-09  -0.140282E-09  -0.475579E-09
   0.150060E+06   0.169676E-09  -0.113190E-09  -0.528355E-09
   0.150080E+06   0.523988E-10  -0.859187E-10  -0.549352E-09
   0.150100E+06  -0.653528E-10  -0.606350E-10  -0.537610E-09
   0.150120E+06  -0.175018E-09  -0.394178E-10  -0.494198E-09
   0.150140E+06  -0.268282E-09  -0.239615E-10  -0.422261E-09
   0.150160E+06  -0.338068E-09  -0.153167E-10  -0.326889E-09
   0.150180E+06  -0.379410E-09  -0.137076E-10  -0.214809E-09
   0.150200E+06  -0.390078E-09  -0.184610E-10  -0.939238E-10
   0.150220E+06  -0.370847E-09  -0.280610E-10   0.272771E-10
   0.150240E+06  -0.325383E-09  -0.403260E-10   0.140361E-09
   0.150260E+06  -0.259747E-09  -0.526874E-10   0.237613E-09
   0.150280E+06  -0.181606E-09  -0.625290E-10   0.312640E-09
   0.150300E+06  -0.992647E-10  -0.675405E-10   0.360861E-09
   0.150320E+06  -0.206519E-10  -0.660339E-10   0.379851E-09
   0.150340E+06   0.475796E-10  -0.571773E-10   0.369492E-09
   0.150360E+06   0.100734E-09  -0.411123E-10   0.331923E-09
   0.150380E+06   0.136445E-09  -0.189407E-10   0.271305E-09
   0.150400E+06   0.154709E-09   0.741862E-11   0.193418E-09
   0.150420E+06   0.157606E-09   0.354786E-10   0.105127E-09
   0.150440E+06   0.148760E-09   0.625035E-10   0.137816E-10
   0.150460E+06   0.132653E-09   0.858531E-10  -0.734105E-10
   0.150480E+06   0.113889E-09   0.103305E-09  -0.149963E-09
   0.150500E+06   0.965172E-10   0.113313E-09  -0.210605E-09
   0.150520E+06   0.835176E-10   0.115172E-09  -0.251649E-09
   0.150540E+06   0.764804E-10   0.109073E-09  -0.271201E-09
   0.150560E+06   0.755227E-10   0.960477E-10  -0.269212E-09
   0.150580E+06   0.794191E-10   0.778244E-10  -0.247372E-09
   0.150600E+06   0.859102E-10   0.566129E-10  -0.208874E-09
   0.150620E+06   0.921289E-10   0.348571E-10  -0.158070E-09
   0.150640E+06   0.950811E-10   0.149876E-10  -0.100069E-09
   0.150660E+06   0.921154E-10  -0.798970E-12  -0.402980E-10
   0.150680E+06   0.813307E-10  -0.107125E-10   0.159138E-10
   0.150700E+06   0.618807E-10  -0.134840E-10   0.637266E-10
   0.150720E+06   0.341522E-10  -0.842129E-11   0.991125E-10
   0.150740E+06  -0.195004E-12   0.458487E-11   0.119108E-09
   0.150760E+06  -0.383253E-10   0.250945E-10   0.121988E-09
   0.150780E+06  -0.764547E-10   0.521767E-10   0.107353E-09
   0.150800E+06  -0.110191E-09   0.844828E-10   0.761525E-10
   0.150820E+06  -0.134970E-09   0.120327E-09   0.306149E-10
   0.150840E+06  -0.146548E-09   0.157771E-09  -0.258796E-10
   0.150860E+06  -0.141529E-09   0.194720E-09  -0.890043E-10
   0.150880E+06  -0.117866E-09   0.229028E-09  -0.153755E-09
   0.150900E+06  -0.752795E-10   0.258614E-09  -0.214780E-09
   0.150920E+06  -0.155576E-10   0.281596E-09  -0.266755E-09
   0.150940E+06   0.573503E-10   0.296434E-09  -0.304793E-09
   0.150960E+06   0.137463E-09   0.302062E-09  -0.324848E-09
   0.150980E+06   0.217157E-09   0.297999E-09  -0.324091E-09
   0.151000E+06   0.287801E-09   0.284426E-09  -0.301207E-09
   0.151020E+06   0.340597E-09   0.262196E-09  -0.256587E-09
   0.151040E+06   0.367550E-09   0.232775E-09  -0.192369E-09
   0.151060E+06   0.362462E-09   0.198115E-09  -0.112321E-09
   0.151080E+06   0.321820E-09   0.160455E-09  -0.215555E-10
   0.151100E+06   0.245468E-09   0.122082E-09   0.738999E-10
   0.151120E+06   0.136933E-09   0.850715E-10   0.167642E-09
   0.151140E+06   0.335788E-11   0.510491E-10   0.253478E-09
   0.151160E+06  -0.145004E-09   0.210069E-10   0.325989E-09
   0.151180E+06  -0.295689E-09  -0.479977E-11   0.381016E-09
   0.151200E+06  -0.435237E-09  -0.268525E-10   0.415981E-09
   0.151220E+06  -0.550576E-09  -0.462643E-10   0.430034E-09
   0.151240E+06  -0.630425E-09  -0.645811E-10   0.423978E-09
   0.151260E+06  -0.666538E-09  -0.835160E-10   0.400013E-09
   0.151280E+06  -0.654632E-09  -0.104655E-09   0.361319E-09
   0.151300E+06  -0.594888E-09  -0.129177E-09   0.311553E-09
   0.151320E+06  -0.491960E-09  -0.157635E-09   0.254338E-09
   0.151340E+06  -0.354499E-09  -0.189819E-09   0.192820E-09
   0.151360E+06  -0.194245E-09  -0.224744E-09   0.129352E-09
   0.151380E+06  -0.248169E-10  -0.260743E-09   0.653638E-10
   0.151400E+06   0.139657E-09  -0.295666E-09   0.141165E-11
   0.151420E+06   0.285904E-09  -0.327150E-09  -0.625918E-10
   0.151440E+06   0.402711E-09  -0.352927E-09  -0.127033E-09
   0.151460E+06   0.481849E-09  -0.371107E-09  -0.192195E-09
   0.151480E+06   0.518640E-09  -0.380418E-09  -0.257890E-09
   0.151500E+06   0.512137E-09  -0.380358E-09  -0.323179E-09
   0.151520E+06   0.464938E-09  -0.371230E-09  -0.386260E-09
   0.151540E+06   0.382705E-09  -0.354078E-09  -0.444531E-09
   0.151560E+06   0.273469E-09  -0.330523E-09  -0.494838E-09
   0.151580E+06   0.146815E-09  -0.302528E-09  -0.533864E-09
   0.151600E+06   0.130543E-10  -0.272136E-09  -0.558592E-09
   0.151620E+06  -0.117557E-09  -0.241205E-09  -0.566772E-09
   0.151640E+06  -0.235498E-09  -0.211194E-09  -0.557302E-09
   0.151660E+06  -0.332536E-09  -0.183020E-09  -0.530455E-09
   0.151680E+06  -0.402144E-09  -0.156995E-09  -0.487918E-09
   0.151700E+06  -0.439812E-09  -0.132858E-09  -0.432607E-09
   0.151720E+06  -0.443237E-09  -0.109887E-09  -0.368310E-09
   0.151740E+06  -0.412432E-09  -0.870684E-10  -0.299184E-09
   0.151760E+06  -0.349731E-09  -0.632911E-10  -0.229206E-09
   0.151780E+06  -0.259700E-09  -0.375499E-10  -0.161638E-09
   0.151800E+06  -0.148928E-09  -0.911597E-11  -0.986247E-10
   0.151820E+06  -0.256824E-10   0.223398E-10  -0.409496E-10
   0.151840E+06   0.100574E-09   0.566845E-10   0.119763E-10
   0.151860E+06   0.219799E-09   0.933265E-10   0.619127E-10
   0.151880E+06   0.322098E-09   0.131278E-09   0.111393E-09
   0.151900E+06   0.398505E-09   0.169264E-09   0.163191E-09
   0.151920E+06   0.441762E-09   0.205861E-09   0.219743E-09
   0.151940E+06   0.447005E-09   0.239644E-09   0.282585E-09
   0.151960E+06   0.412285E-09   0.269326E-09   0.351923E-09
   0.151980E+06   0.338860E-09   0.293877E-09   0.426372E-09
   0.152000E+06   0.231203E-09   0.312598E-09   0.502919E-09
   0.152020E+06   0.967198E-10   0.325166E-09   0.577114E-09
   0.152040E+06  -0.548191E-10   0.331628E-09   0.643475E-09
   0.152060E+06  -0.212066E-09   0.332363E-09   0.696042E-09
   0.152080E+06  -0.363039E-09   0.328009E-09   0.729037E-09
   0.152100E+06  -0.496124E-09   0.319369E-09   0.737524E-09
   0.152120E+06  -0.601040E-09   0.307307E-09   0.718011E-09
   0.152140E+06  -0.669673E-09   0.292642E-09   0.668914E-09
   0.152160E+06  -0.696704E-09   0.276056E-09   0.590838E-09
   0.152180E+06  -0.679993E-09   0.258014E-09   0.486637E-09
   0.152200E+06  -0.620681E-09   0.238721E-09   0.361257E-09
   0.152220E+06  -0.523025E-09   0.218102E-09   0.221373E-09
   0.152240E+06  -0.393990E-09   0.195827E-09   0.748649E-10
   0.152260E+06  -0.242649E-09   0.171364E-09  -0.698195E-10
   0.152280E+06  -0.794411E-10   0.144066E-09  -0.204343E-09
   0.152300E+06   0.846396E-10   0.113279E-09  -0.321143E-09
   0.152320E+06   0.238868E-09   0.784646E-10  -0.414006E-09
   0.152340E+06   0.373562E-09   0.393199E-10  -0.478518E-09
   0.152360E+06   0.480758E-09  -0.411469E-11  -0.512342E-09
   0.152380E+06   0.554739E-09  -0.513785E-10  -0.515302E-09
   0.152400E+06   0.592386E-09  -0.101552E-09  -0.489290E-09
   0.152420E+06   0.593326E-09  -0.153266E-09  -0.437991E-09
   0.152440E+06   0.559875E-09  -0.204756E-09  -0.366488E-09
   0.152460E+06   0.496766E-09  -0.253974E-09  -0.280772E-09
   0.152480E+06   0.410703E-09  -0.298722E-09  -0.187216E-09
   0.152500E+06   0.309755E-09  -0.336821E-09  -0.920823E-10
   0.152520E+06   0.202658E-09  -0.366283E-09  -0.108669E-11
   0.152540E+06   0.980800E-10  -0.385473E-09   0.809266E-10
   0.152560E+06   0.390844E-11  -0.393238E-09   0.150185E-09
   0.152580E+06  -0.733587E-10  -0.389005E-09   0.204059E-09
   0.152600E+06  -0.129075E-09  -0.372817E-09   0.241017E-09
   0.152620E+06  -0.160713E-09  -0.345328E-09   0.260499E-09
   0.152640E+06  -0.167919E-09  -0.307744E-09   0.262731E-09
   0.152660E+06  -0.152362E-09  -0.261731E-09   0.248541E-09
   0.152680E+06  -0.117400E-09  -0.209288E-09   0.219196E-09
   0.152700E+06  -0.676152E-10  -0.152624E-09   0.176289E-09
   0.152720E+06  -0.828229E-11  -0.940295E-10   0.121703E-09
   0.152740E+06   0.551782E-10  -0.357666E-10   0.576225E-10
   0.152760E+06   0.117688E-09   0.200147E-10  -0.134069E-10
   0.152780E+06   0.174901E-09   0.713370E-10  -0.884085E-10
   0.152800E+06   0.223468E-09   0.116433E-09  -0.163933E-09
   0.152820E+06   0.261154E-09   0.153765E-09  -0.236076E-09
   0.152840E+06   0.286837E-09   0.182042E-09  -0.300588E-09
   0.152860E+06   0.300393E-09   0.200239E-09  -0.353079E-09
   0.152880E+06   0.302509E-09   0.207622E-09  -0.389318E-09
   0.152900E+06   0.294455E-09   0.203801E-09  -0.405610E-09
   0.152920E+06   0.277851E-09   0.188782E-09  -0.399194E-09
   0.152940E+06   0.254439E-09   0.163032E-09  -0.368625E-09
   0.152960E+06   0.225890E-09   0.127542E-09  -0.314072E-09
   0.152980E+06   0.193645E-09   0.838629E-10  -0.237498E-09
   0.153000E+06   0.158794E-09   0.341114E-10  -0.142665E-09
   0.153020E+06   0.121996E-09  -0.190777E-10  -0.349621E-10
   0.153040E+06   0.834462E-10  -0.726527E-10   0.789545E-10
   0.153060E+06   0.428860E-10  -0.123305E-09   0.191671E-09
   0.153080E+06  -0.320874E-12  -0.167683E-09   0.295632E-09
   0.153100E+06  -0.470522E-10  -0.202634E-09   0.383800E-09
   0.153120E+06  -0.982221E-10  -0.225466E-09   0.450285E-09
   0.153140E+06  -0.154518E-09  -0.234194E-09   0.490872E-09
   0.153160E+06  -0.216099E-09  -0.227731E-09   0.503385E-09
   0.153180E+06  -0.282293E-09  -0.206027E-09   0.487856E-09
   0.153200E+06  -0.351339E-09  -0.170105E-09   0.446460E-09
   0.153220E+06  -0.420229E-09  -0.122001E-09   0.383243E-09
   0.153240E+06  -0.484695E-09  -0.646121E-10   0.303658E-09
   0.153260E+06  -0.539384E-09  -0.145210E-11   0.213980E-09
   0.153280E+06  -0.578237E-09   0.636482E-10   0.120661E-09
   0.153300E+06  -0.595055E-09   0.126870E-09   0.296990E-10
   0.153320E+06  -0.584195E-09   0.184727E-09  -0.538956E-10
   0.153340E+06  -0.541345E-09   0.234347E-09  -0.126484E-09
   0.153360E+06  -0.464257E-09   0.273674E-09  -0.185989E-09
   0.153380E+06  -0.353339E-09   0.301581E-09  -0.231877E-09
   0.153400E+06  -0.212017E-09   0.317881E-09  -0.264949E-09
   0.153420E+06  -0.467803E-10   0.323237E-09  -0.286973E-09
   0.153440E+06   0.133123E-09   0.318993E-09  -0.300234E-09
   0.153460E+06   0.316329E-09   0.306945E-09  -0.307048E-09
   0.153480E+06   0.490288E-09   0.289095E-09  -0.309346E-09
   0.153500E+06   0.642383E-09   0.267411E-09  -0.308360E-09
   0.153520E+06   0.761118E-09   0.243622E-09  -0.304486E-09
   0.153540E+06   0.837217E-09   0.219084E-09  -0.297306E-09
   0.153560E+06   0.864530E-09   0.194714E-09  -0.285801E-09
   0.153580E+06   0.840621E-09   0.170995E-09  -0.268668E-09
   0.153600E+06   0.766976E-09   0.148050E-09  -0.244719E-09
   0.153620E+06   0.648814E-09   0.125758E-09  -0.213265E-09
   0.153640E+06   0.494543E-09   0.103888E-09  -0.174422E-09
   0.153660E+06   0.314913E-09   0.822326E-10  -0.129279E-09
   0.153680E+06   0.122005E-09   0.607139E-10  -0.798904E-10
   0.153700E+06  -0.718557E-10   0.394451E-10  -0.290932E-10
   0.153720E+06  -0.255119E-09   0.187478E-10   0.198324E-10
   0.153740E+06  -0.417864E-09  -0.878476E-12   0.635969E-10
   0.153760E+06  -0.552432E-09  -0.188222E-10   0.993606E-10
   0.153780E+06  -0.653770E-09  -0.344466E-10   0.125138E-09
   0.153800E+06  -0.719521E-09  -0.471795E-10   0.140074E-09
   0.153820E+06  -0.749858E-09  -0.565902E-10   0.144551E-09
   0.153840E+06  -0.747132E-09  -0.624421E-10   0.140090E-09
   0.153860E+06  -0.715397E-09  -0.647141E-10   0.129085E-09
   0.153880E+06  -0.659868E-09  -0.635929E-10   0.114390E-09
   0.153900E+06  -0.586385E-09  -0.594417E-10   0.988573E-10
   0.153920E+06  -0.500913E-09  -0.527564E-10   0.848884E-10
   0.153940E+06  -0.409125E-09  -0.441202E-10   0.740830E-10
   0.153960E+06  -0.316079E-09  -0.341663E-10   0.670479E-10
   0.153980E+06  -0.225997E-09  -0.235553E-10   0.633929E-10
   0.154000E+06  -0.142140E-09  -0.129657E-10   0.619081E-10
   0.154020E+06  -0.667791E-10  -0.309570E-11   0.608853E-10
   0.154040E+06  -0.125513E-11   0.533483E-11   0.585155E-10
   0.154060E+06   0.539006E-10   0.115911E-10   0.532852E-10
   0.154080E+06   0.987855E-10   0.149472E-10   0.442912E-10
   0.154100E+06   0.133913E-09   0.147327E-10   0.314154E-10
   0.154120E+06   0.159993E-09   0.103993E-10   0.153255E-10
   0.154140E+06   0.177733E-09   0.160133E-11  -0.269227E-11
   0.154160E+06   0.187690E-09  -0.117249E-10  -0.210329E-10
   0.154180E+06   0.190196E-09  -0.292988E-10  -0.381375E-10
   0.154200E+06   0.185386E-09  -0.504669E-10  -0.528455E-10
   0.154220E+06   0.173308E-09  -0.742222E-10  -0.646548E-10
   0.154240E+06   0.154129E-09  -0.992755E-10  -0.738337E-10
   0.154260E+06   0.128373E-09  -0.124177E-09  -0.813515E-10
   0.154280E+06   0.971708E-10  -0.147472E-09  -0.886393E-10
   0.154300E+06   0.624422E-10  -0.167876E-09  -0.972232E-10
   0.154320E+06   0.269703E-10  -0.184428E-09  -0.108302E-09
   0.154340E+06  -0.568403E-11  -0.196617E-09  -0.122359E-09
   0.154360E+06  -0.314418E-10  -0.204431E-09  -0.138885E-09
   0.154380E+06  -0.461328E-10  -0.208345E-09  -0.156286E-09
   0.154400E+06  -0.460450E-10  -0.209216E-09  -0.172001E-09
   0.154420E+06  -0.285239E-10  -0.208126E-09  -0.182825E-09
   0.154440E+06   0.747078E-11  -0.206177E-09  -0.185386E-09
   0.154460E+06   0.609503E-10  -0.204275E-09  -0.176698E-09
   0.154480E+06   0.128712E-09  -0.202951E-09  -0.154703E-09
   0.154500E+06   0.205442E-09  -0.202237E-09  -0.118684E-09
   0.154520E+06   0.284137E-09  -0.201630E-09  -0.695037E-10
   0.154540E+06   0.356796E-09  -0.200152E-09  -0.959194E-11
   0.154560E+06   0.415328E-09  -0.196504E-09   0.572929E-10
   0.154580E+06   0.452558E-09  -0.189280E-09   0.126510E-09
   0.154600E+06   0.463177E-09  -0.177231E-09   0.193104E-09
   0.154620E+06   0.444521E-09  -0.159509E-09   0.252412E-09
   0.154640E+06   0.397053E-09  -0.135876E-09   0.300598E-09
   0.154660E+06   0.324453E-09  -0.106820E-09   0.335049E-09
   0.154680E+06   0.233313E-09  -0.735716E-10   0.354561E-09
   0.154700E+06   0.132447E-09  -0.380116E-10   0.359311E-09
   0.154720E+06   0.319237E-10  -0.247253E-11   0.350642E-09
   0.154740E+06  -0.580783E-10   0.305268E-10   0.330692E-09
   0.154760E+06  -0.128416E-09   0.585844E-10   0.301980E-09
   0.154780E+06  -0.171998E-09   0.797072E-10   0.267007E-09
   0.154800E+06  -0.184534E-09   0.925541E-10   0.227948E-09
   0.154820E+06  -0.164943E-09   0.965959E-10   0.186489E-09
   0.154840E+06  -0.115375E-09   0.921728E-10   0.143822E-09
   0.154860E+06  -0.408725E-10   0.804463E-10   0.100771E-09
   0.154880E+06   0.512532E-10   0.632585E-10   0.580029E-10
   0.154900E+06   0.152247E-09   0.429208E-10   0.162635E-10
   0.154920E+06   0.252802E-09   0.219682E-10  -0.234410E-10
   0.154940E+06   0.343921E-09   0.291004E-11  -0.597658E-10
   0.154960E+06   0.417648E-09  -0.119893E-10  -0.910870E-10
   0.154980E+06   0.467611E-09  -0.208794E-10  -0.115697E-09
   0.155000E+06   0.489362E-09  -0.224297E-10  -0.132103E-09
   0.155020E+06   0.480513E-09  -0.158731E-10  -0.139363E-09
   0.155040E+06   0.440712E-09  -0.997194E-12  -0.137397E-09
   0.155060E+06   0.371510E-09   0.219017E-10  -0.127176E-09
   0.155080E+06   0.276154E-09   0.520825E-10  -0.110760E-09
   0.155100E+06   0.159354E-09   0.884256E-10  -0.911247E-10
   0.155120E+06   0.270354E-10   0.129492E-09  -0.718116E-10
   0.155140E+06  -0.113918E-09   0.173572E-09  -0.564220E-10
   0.155160E+06  -0.255959E-09   0.218723E-09  -0.480487E-10
   0.155180E+06  -0.391211E-09   0.262817E-09  -0.487283E-10
   0.155200E+06  -0.511874E-09   0.303596E-09  -0.590154E-10
   0.155220E+06  -0.610686E-09   0.338755E-09  -0.777584E-10
   0.155240E+06  -0.681437E-09   0.366048E-09  -0.102129E-09
   0.155260E+06  -0.719475E-09   0.383435E-09  -0.127918E-09
   0.155280E+06  -0.722157E-09   0.389231E-09  -0.150066E-09
   0.155300E+06  -0.689165E-09   0.382262E-09  -0.163352E-09
   0.155320E+06  -0.622643E-09   0.362003E-09  -0.163155E-09
   0.155340E+06  -0.527097E-09   0.328668E-09  -0.146152E-09
   0.155360E+06  -0.409048E-09   0.283242E-09  -0.110877E-09
   0.155380E+06  -0.276471E-09   0.227437E-09  -0.580189E-10
   0.155400E+06  -0.138063E-09   0.163581E-09   0.955581E-11
   0.155420E+06  -0.244650E-11   0.944400E-10   0.870845E-10
   0.155440E+06   0.122614E-09   0.229968E-10   0.168442E-09
   0.155460E+06   0.230856E-09  -0.477847E-10   0.246854E-09
   0.155480E+06   0.317968E-09  -0.115185E-09   0.315683E-09
   0.155500E+06   0.381767E-09  -0.176913E-09   0.369181E-09
   0.155520E+06   0.422112E-09  -0.231230E-09   0.403100E-09
   0.155540E+06   0.440585E-09  -0.276998E-09   0.415085E-09
   0.155560E+06   0.439993E-09  -0.313656E-09   0.404810E-09
   0.155580E+06   0.423795E-09  -0.341136E-09   0.373844E-09
   0.155600E+06   0.395548E-09  -0.359728E-09   0.325300E-09
   0.155620E+06   0.358446E-09  -0.369934E-09   0.263327E-09
   0.155640E+06   0.315037E-09  -0.372327E-09   0.192536E-09
   0.155660E+06   0.267122E-09  -0.367438E-09   0.117449E-09
   0.155680E+06   0.215835E-09  -0.355691E-09   0.420526E-10
   0.155700E+06   0.161860E-09  -0.337392E-09  -0.304829E-10
   0.155720E+06   0.105716E-09  -0.312764E-09  -0.979126E-10
   0.155740E+06   0.480355E-10  -0.282021E-09  -0.158848E-09
   0.155760E+06  -0.102311E-10  -0.245457E-09  -0.212562E-09
   0.155780E+06  -0.677296E-10  -0.203534E-09  -0.258723E-09
   0.155800E+06  -0.122755E-09  -0.156947E-09  -0.297131E-09
   0.155820E+06  -0.173431E-09  -0.106650E-09  -0.327518E-09
   0.155840E+06  -0.217961E-09  -0.538413E-10  -0.349453E-09
   0.155860E+06  -0.254916E-09   0.100183E-12  -0.362366E-09
   0.155880E+06  -0.283466E-09   0.537032E-10  -0.365696E-09
   0.155900E+06  -0.303525E-09   0.105513E-09  -0.359097E-09
   0.155920E+06  -0.315757E-09   0.154196E-09  -0.342669E-09
   0.155940E+06  -0.321451E-09   0.198624E-09  -0.317144E-09
   0.155960E+06  -0.322274E-09   0.237917E-09  -0.283957E-09
   0.155980E+06  -0.319962E-09   0.271453E-09  -0.245193E-09
   0.156000E+06  -0.316002E-09   0.298829E-09  -0.203378E-09
   0.156020E+06  -0.311360E-09   0.319788E-09  -0.161149E-09
   0.156040E+06  -0.306335E-09   0.334141E-09  -0.120851E-09
   0.156060E+06  -0.300528E-09   0.341680E-09  -0.841350E-10
   0.156080E+06  -0.292970E-09   0.342123E-09  -0.516381E-10
   0.156100E+06  -0.282355E-09   0.335103E-09  -0.228109E-10
   0.156120E+06  -0.267347E-09   0.320195E-09   0.405135E-11
   0.156140E+06  -0.246894E-09   0.297007E-09   0.315596E-10
   0.156160E+06  -0.220491E-09   0.265302E-09   0.627848E-10
   0.156180E+06  -0.188341E-09   0.225147E-09   0.100673E-09
   0.156200E+06  -0.151385E-09   0.177066E-09   0.147407E-09
   0.156220E+06  -0.111205E-09   0.122153E-09   0.203817E-09
   0.156240E+06  -0.698056E-10   0.621451E-10   0.268949E-09
   0.156260E+06  -0.293325E-10  -0.585833E-12   0.339856E-09
   0.156280E+06   0.822213E-11  -0.631177E-10   0.411686E-09
   0.156300E+06   0.412771E-10  -0.122149E-09   0.478058E-09
   0.156320E+06   0.688344E-10  -0.174236E-09   0.531700E-09
   0.156340E+06   0.905404E-10  -0.216085E-09   0.565262E-09
   0.156360E+06   0.106634E-09  -0.244850E-09   0.572217E-09
   0.156380E+06   0.117804E-09  -0.258430E-09   0.547708E-09
   0.156400E+06   0.124979E-09  -0.255706E-09   0.489251E-09
   0.156420E+06   0.129121E-09  -0.236706E-09   0.397182E-09
   0.156440E+06   0.131035E-09  -0.202669E-09   0.274792E-09
   0.156460E+06   0.131258E-09  -0.156002E-09   0.128144E-09
   0.156480E+06   0.130027E-09  -0.100124E-09  -0.344223E-10
   0.156500E+06   0.127334E-09  -0.392155E-10  -0.203018E-09
   0.156520E+06   0.123045E-09   0.221045E-10  -0.367092E-09
   0.156540E+06   0.117047E-09   0.791522E-10  -0.516363E-09
   0.156560E+06   0.109400E-09   0.127562E-09  -0.641700E-09
   0.156580E+06   0.100427E-09   0.163647E-09  -0.735870E-09
   0.156600E+06   0.907575E-10   0.184711E-09  -0.794070E-09
   0.156620E+06   0.812779E-10   0.189268E-09  -0.814234E-09
   0.156640E+06   0.730188E-10   0.177171E-09  -0.797076E-09
   0.156660E+06   0.669927E-10   0.149626E-09  -0.745911E-09
   0.156680E+06   0.640152E-10   0.109081E-09  -0.666271E-09
   0.156700E+06   0.645447E-10   0.590243E-10  -0.565373E-09
   0.156720E+06   0.685711E-10   0.368269E-11  -0.451482E-09
   0.156740E+06   0.755719E-10  -0.523442E-10  -0.333233E-09
   0.156760E+06   0.845419E-10  -0.104480E-09  -0.218943E-09
   0.156780E+06   0.940885E-10  -0.148570E-09  -0.115975E-09
   0.156800E+06   0.102571E-09  -0.181239E-09  -0.301797E-10
   0.156820E+06   0.108262E-09  -0.200189E-09   0.345363E-10
   0.156840E+06   0.109498E-09  -0.204387E-09   0.764969E-10
   0.156860E+06   0.104812E-09  -0.194149E-09   0.963618E-10
   0.156880E+06   0.930294E-10  -0.171091E-09   0.970375E-10
   0.156900E+06   0.733262E-10  -0.137966E-09   0.833894E-10
   0.156920E+06   0.452760E-10  -0.983856E-10   0.617667E-10
   0.156940E+06   0.888346E-11  -0.564733E-10   0.393711E-10
   0.156960E+06  -0.353712E-10  -0.164682E-10   0.235200E-10
   0.156980E+06  -0.864733E-10   0.176731E-10   0.208723E-10
   0.157000E+06  -0.142804E-09   0.426392E-10   0.366952E-10
   0.157020E+06  -0.202080E-09   0.560531E-10   0.742525E-10
   0.157040E+06  -0.261323E-09   0.566632E-10   0.134386E-09
   0.157060E+06  -0.316901E-09   0.444178E-10   0.215347E-09
   0.157080E+06  -0.364663E-09   0.204240E-10   0.312895E-09
   0.157100E+06  -0.400191E-09  -0.132023E-10   0.420668E-09
   0.157120E+06  -0.419168E-09  -0.535686E-10   0.530779E-09
   0.157140E+06  -0.417828E-09  -0.972942E-10   0.634569E-09
   0.157160E+06  -0.393454E-09  -0.140818E-09   0.723427E-09
   0.157180E+06  -0.344856E-09  -0.180696E-09   0.789599E-09
   0.157200E+06  -0.272742E-09  -0.213854E-09   0.826874E-09
   0.157220E+06  -0.179925E-09  -0.237787E-09   0.831092E-09
   0.157240E+06  -0.712945E-10  -0.250683E-09   0.800432E-09
   0.157260E+06   0.464524E-10  -0.251478E-09   0.735459E-09
   0.157280E+06   0.165341E-09  -0.239854E-09   0.638958E-09
   0.157300E+06   0.276837E-09  -0.216180E-09   0.515596E-09
   0.157320E+06   0.372692E-09  -0.181433E-09   0.371475E-09
   0.157340E+06   0.445800E-09  -0.137090E-09   0.213635E-09
   0.157360E+06   0.490957E-09  -0.850323E-10   0.495662E-10
   0.157380E+06   0.505423E-09  -0.274401E-10  -0.113214E-09
   0.157400E+06   0.489201E-09   0.332963E-10  -0.267519E-09
   0.157420E+06   0.444999E-09   0.946648E-10  -0.406759E-09
   0.157440E+06   0.377872E-09   0.154117E-09  -0.525139E-09
   0.157460E+06   0.294602E-09   0.209160E-09  -0.617814E-09
   0.157480E+06   0.202893E-09   0.257451E-09  -0.681013E-09
   0.157500E+06   0.110497E-09   0.296902E-09  -0.712162E-09
   0.157520E+06   0.243954E-10   0.325787E-09  -0.709998E-09
   0.157540E+06  -0.498717E-10   0.342836E-09  -0.674690E-09
   0.157560E+06  -0.108638E-09   0.347323E-09  -0.607912E-09
   0.157580E+06  -0.150270E-09   0.339114E-09  -0.512882E-09
   0.157600E+06  -0.175047E-09   0.318684E-09  -0.394302E-09
   0.157620E+06  -0.184824E-09   0.287095E-09  -0.258203E-09
   0.157640E+06  -0.182519E-09   0.245923E-09  -0.111673E-09
   0.157660E+06  -0.171558E-09   0.197152E-09   0.375123E-10
   0.157680E+06  -0.155331E-09   0.143045E-09   0.181344E-09
   0.157700E+06  -0.136762E-09   0.859962E-10   0.312072E-09
   0.157720E+06  -0.118040E-09   0.283876E-10   0.422686E-09
   0.157740E+06  -0.100522E-09  -0.275379E-10   0.507346E-09
   0.157760E+06  -0.848076E-10  -0.797787E-10   0.561712E-09
   0.157780E+06  -0.709329E-10  -0.126645E-09   0.583154E-09
   0.157800E+06  -0.586292E-10  -0.166797E-09   0.570828E-09
   0.157820E+06  -0.475837E-10  -0.199258E-09   0.525624E-09
   0.157840E+06  -0.376442E-10  -0.223402E-09   0.450011E-09
   0.157860E+06  -0.289303E-10  -0.238937E-09   0.347815E-09
   0.157880E+06  -0.218366E-10  -0.245885E-09   0.223948E-09
   0.157900E+06  -0.169399E-10  -0.244559E-09   0.841364E-10
   0.157920E+06  -0.148386E-10  -0.235553E-09  -0.653415E-10
   0.157940E+06  -0.159708E-10  -0.219732E-09  -0.217899E-09
   0.157960E+06  -0.204550E-10  -0.198221E-09  -0.366863E-09
   0.157980E+06  -0.279936E-10  -0.172380E-09  -0.505684E-09
   0.158000E+06  -0.378608E-10  -0.143771E-09  -0.628156E-09
   0.158020E+06  -0.489793E-10  -0.114091E-09  -0.728643E-09
   0.158040E+06  -0.600690E-10  -0.850920E-10  -0.802318E-09
   0.158060E+06  -0.698360E-10  -0.584674E-10  -0.845426E-09
   0.158080E+06  -0.771622E-10  -0.357325E-10  -0.855511E-09
   0.158100E+06  -0.812557E-10  -0.180989E-10  -0.831627E-09
   0.158120E+06  -0.817325E-10  -0.636041E-11  -0.774462E-09
   0.158140E+06  -0.786151E-10  -0.807743E-12  -0.686375E-09
   0.158160E+06  -0.722507E-10  -0.118140E-11  -0.571305E-09
   0.158180E+06  -0.631723E-10  -0.667451E-11  -0.434559E-09
   0.158200E+06  -0.519338E-10  -0.159874E-10  -0.282487E-09
   0.158220E+06  -0.389606E-10  -0.274317E-10  -0.122065E-09
   0.158240E+06  -0.244497E-10  -0.390736E-10   0.395579E-10
   0.158260E+06  -0.834470E-11  -0.489026E-10   0.195526E-09
   0.158280E+06   0.960597E-11  -0.550081E-10   0.339678E-09
   0.158300E+06   0.297176E-10  -0.557435E-10   0.466869E-09
   0.158320E+06   0.521920E-10  -0.498633E-10   0.573162E-09
   0.158340E+06   0.769320E-10  -0.366183E-10   0.655903E-09
   0.158360E+06   0.103391E-09  -0.158003E-10   0.713669E-09
   0.158380E+06   0.130495E-09   0.122622E-10   0.746120E-09
   0.158400E+06   0.156659E-09   0.467567E-10   0.753795E-09
   0.158420E+06   0.179914E-09   0.864747E-10   0.737892E-09
   0.158440E+06   0.198119E-09   0.129924E-09   0.700067E-09
   0.158460E+06   0.209240E-09   0.175449E-09   0.642281E-09
   0.158480E+06   0.211644E-09   0.221343E-09   0.566726E-09
   0.158500E+06   0.204366E-09   0.265948E-09   0.475808E-09
   0.158520E+06   0.187289E-09   0.307723E-09   0.372191E-09
   0.158540E+06   0.161231E-09   0.345289E-09   0.258872E-09
   0.158560E+06   0.127888E-09   0.377443E-09   0.139250E-09
   0.158580E+06   0.896666E-10   0.403157E-09   0.171584E-10
   0.158600E+06   0.494111E-10   0.421563E-09  -0.103166E-09
   0.158620E+06   0.100798E-10   0.431935E-09  -0.217196E-09
   0.158640E+06  -0.255938E-10   0.433684E-09  -0.320309E-09
   0.158660E+06  -0.553943E-10   0.426359E-09  -0.408061E-09
   0.158680E+06  -0.778356E-10   0.409678E-09  -0.476510E-09
   0.158700E+06  -0.922593E-10   0.383558E-09  -0.522547E-09
   0.158720E+06  -0.988101E-10   0.348168E-09  -0.544209E-09
   0.158740E+06  -0.983007E-10   0.303978E-09  -0.540920E-09
   0.158760E+06  -0.919898E-10   0.251798E-09  -0.513625E-09
   0.158780E+06  -0.813170E-10   0.192795E-09  -0.464801E-09
   0.158800E+06  -0.676377E-10   0.128484E-09  -0.398319E-09
   0.158820E+06  -0.520045E-10   0.606828E-10  -0.319170E-09
   0.158840E+06  -0.350271E-10  -0.856982E-11  -0.233071E-09
   0.158860E+06  -0.168354E-10  -0.771215E-10  -0.145988E-09
   0.158880E+06   0.285373E-11  -0.142838E-09  -0.636209E-10
   0.158900E+06   0.245794E-10  -0.203737E-09   0.909647E-11
   0.158920E+06   0.489176E-10  -0.258117E-09   0.684221E-10
   0.158940E+06   0.762415E-10  -0.304661E-09   0.112115E-09
   0.158960E+06   0.106504E-09  -0.342497E-09   0.139585E-09
   0.158980E+06   0.139081E-09  -0.371225E-09   0.151864E-09
   0.159000E+06   0.172716E-09  -0.390885E-09   0.151400E-09
   0.159020E+06   0.205565E-09  -0.401888E-09   0.141689E-09
   0.159040E+06   0.235368E-09  -0.404913E-09   0.126791E-09
   0.159060E+06   0.259698E-09  -0.400780E-09   0.110792E-09
   0.159080E+06   0.276285E-09  -0.390328E-09   0.972621E-10
   0.159100E+06   0.283350E-09  -0.374303E-09   0.887980E-10
   0.159120E+06   0.279906E-09  -0.353281E-09   0.866965E-10
   0.159140E+06   0.265984E-09  -0.327631E-09   0.908074E-10
   0.159160E+06   0.242735E-09  -0.297523E-09   0.995864E-10
   0.159180E+06   0.212400E-09  -0.262987E-09   0.110343E-09
   0.159200E+06   0.178128E-09  -0.224004E-09   0.119648E-09
   0.159220E+06   0.143666E-09  -0.180624E-09   0.123853E-09
   0.159240E+06   0.112956E-09  -0.133084E-09   0.119641E-09
   0.159260E+06   0.896829E-10  -0.819218E-10   0.104543E-09
   0.159280E+06   0.768300E-10  -0.280515E-10   0.773428E-10
   0.159300E+06   0.763052E-10   0.271963E-10   0.383164E-10
   0.159320E+06   0.886790E-10   0.820932E-10  -0.107193E-10
   0.159340E+06   0.113074E-09   0.134581E-09  -0.665637E-10
   0.159360E+06   0.147220E-09   0.182392E-09  -0.124962E-09
   0.159380E+06   0.187666E-09   0.223204E-09  -0.181066E-09
   0.159400E+06   0.230124E-09   0.254822E-09  -0.229957E-09
   0.159420E+06   0.269901E-09   0.275363E-09  -0.267168E-09
   0.159440E+06   0.302357E-09   0.283423E-09  -0.289135E-09
   0.159460E+06   0.323342E-09   0.278219E-09  -0.293527E-09
   0.159480E+06   0.329561E-09   0.259682E-09  -0.279429E-09
   0.159500E+06   0.318827E-09   0.228490E-09  -0.247362E-09
   0.159520E+06   0.290182E-09   0.186052E-09  -0.199166E-09
   0.159540E+06   0.243897E-09   0.134427E-09  -0.137759E-09
   0.159560E+06   0.181365E-09   0.761977E-10  -0.668460E-10
   0.159580E+06   0.104921E-09   0.143082E-10   0.941626E-11
   0.159600E+06   0.176258E-10  -0.481282E-10   0.867241E-10
   0.159620E+06  -0.769436E-10  -0.108023E-09   0.160898E-09
   0.159640E+06  -0.174877E-09  -0.162503E-09   0.228093E-09
   0.159660E+06  -0.272066E-09  -0.209075E-09   0.284959E-09
   0.159680E+06  -0.364303E-09  -0.245762E-09   0.328745E-09
   0.159700E+06  -0.447352E-09  -0.271201E-09   0.357385E-09
   0.159720E+06  -0.517026E-09  -0.284683E-09   0.369559E-09
   0.159740E+06  -0.569297E-09  -0.286170E-09   0.364757E-09
   0.159760E+06  -0.600469E-09  -0.276243E-09   0.343324E-09
   0.159780E+06  -0.607412E-09  -0.256036E-09   0.306502E-09
   0.159800E+06  -0.587873E-09  -0.227127E-09   0.256432E-09
   0.159820E+06  -0.540808E-09  -0.191412E-09   0.196099E-09
   0.159840E+06  -0.466719E-09  -0.150970E-09   0.129216E-09
   0.159860E+06  -0.367924E-09  -0.107925E-09   0.600167E-10
   0.159880E+06  -0.248706E-09  -0.643159E-10  -0.701831E-11
   0.159900E+06  -0.115289E-09  -0.219875E-10  -0.675027E-10
   0.159920E+06   0.243881E-10   0.175022E-10  -0.117506E-09
   0.159940E+06   0.161111E-09   0.529426E-10  -0.153904E-09
   0.159960E+06   0.285022E-09   0.835025E-10  -0.174670E-09
   0.159980E+06   0.386389E-09   0.108731E-09  -0.179067E-09
   0.160000E+06   0.456448E-09   0.128533E-09  -0.167715E-09
   0.160020E+06   0.488222E-09   0.143115E-09  -0.142513E-09
   0.160040E+06   0.477235E-09   0.152915E-09  -0.106431E-09
   0.160060E+06   0.422030E-09   0.158528E-09  -0.631926E-10
   0.160080E+06   0.324446E-09   0.160616E-09  -0.168872E-10
   0.160100E+06   0.189598E-09   0.159828E-09   0.284394E-10
   0.160120E+06   0.255785E-10   0.156741E-09   0.691641E-10
   0.160140E+06  -0.157106E-09   0.151800E-09   0.102396E-09
   0.160160E+06  -0.346301E-09   0.145297E-09   0.126181E-09
   0.160180E+06  -0.529110E-09   0.137361E-09   0.139594E-09
   0.160200E+06  -0.692850E-09   0.127976E-09   0.142715E-09
   0.160220E+06  -0.825986E-09   0.117018E-09   0.136504E-09
   0.160240E+06  -0.918961E-09   0.104299E-09   0.122619E-09
   0.160260E+06  -0.964872E-09   0.896280E-10   0.103184E-09
   0.160280E+06  -0.959945E-09   0.728624E-10   0.805660E-10
   0.160300E+06  -0.903786E-09   0.539603E-10   0.571644E-10
   0.160320E+06  -0.799392E-09   0.330175E-10   0.352425E-10
   0.160340E+06  -0.652937E-09   0.102898E-10   0.168032E-10
   0.160360E+06  -0.473343E-09  -0.138035E-10   0.350446E-11
   0.160380E+06  -0.271665E-09  -0.386928E-10  -0.339199E-11
   0.160400E+06  -0.603194E-10  -0.636887E-10  -0.305150E-11
   0.160420E+06   0.147778E-09  -0.880233E-10   0.491348E-11
   0.160440E+06   0.340134E-09  -0.110900E-09   0.204284E-10
   0.160460E+06   0.505581E-09  -0.131544E-09   0.429463E-10
   0.160480E+06   0.635092E-09  -0.149251E-09   0.714474E-10
   0.160500E+06   0.722443E-09  -0.163428E-09   0.104456E-09
   0.160520E+06   0.764651E-09  -0.173619E-09   0.140088E-09
   0.160540E+06   0.762150E-09  -0.179524E-09   0.176124E-09
   0.160560E+06   0.718654E-09  -0.180996E-09   0.210127E-09
   0.160580E+06   0.640728E-09  -0.178033E-09   0.239588E-09
   0.160600E+06   0.537092E-09  -0.170751E-09   0.262083E-09
   0.160620E+06   0.417723E-09  -0.159361E-09   0.275444E-09
   0.160640E+06   0.292843E-09  -0.144136E-09   0.277912E-09
   0.160660E+06   0.171924E-09  -0.125387E-09   0.268249E-09
   0.160680E+06   0.628003E-10  -0.103440E-09   0.245827E-09
   0.160700E+06  -0.289840E-10  -0.786307E-10   0.210646E-09
   0.160720E+06  -0.100533E-09  -0.513096E-10   0.163320E-09
   0.160740E+06  -0.151613E-09  -0.218564E-10   0.105024E-09
   0.160760E+06  -0.184329E-09   0.929113E-11   0.374124E-10
   0.160780E+06  -0.202523E-09   0.416053E-10  -0.374671E-10
   0.160800E+06  -0.210984E-09   0.744358E-10  -0.117253E-09
   0.160820E+06  -0.214582E-09   0.106986E-09  -0.199338E-09
   0.160840E+06  -0.217464E-09   0.138301E-09  -0.280923E-09
   0.160860E+06  -0.222420E-09   0.167282E-09  -0.359058E-09
   0.160880E+06  -0.230513E-09   0.192720E-09  -0.430693E-09
   0.160900E+06  -0.241016E-09   0.213363E-09  -0.492742E-09
   0.160920E+06  -0.251653E-09   0.227997E-09  -0.542187E-09
   0.160940E+06  -0.259100E-09   0.235558E-09  -0.576217E-09
   0.160960E+06  -0.259645E-09   0.235240E-09  -0.592415E-09
   0.160980E+06  -0.249906E-09   0.226606E-09  -0.588981E-09
   0.161000E+06  -0.227479E-09   0.209681E-09  -0.564963E-09
   0.161020E+06  -0.191419E-09   0.185011E-09  -0.520473E-09
   0.161040E+06  -0.142478E-09   0.153686E-09  -0.456854E-09
   0.161060E+06  -0.830605E-10   0.117305E-09  -0.376754E-09
   0.161080E+06  -0.169376E-10   0.778994E-10  -0.284097E-09
   0.161100E+06   0.512573E-10   0.378093E-10  -0.183911E-09
   0.161120E+06   0.116637E-09  -0.484891E-12  -0.820319E-10
   0.161140E+06   0.174681E-09  -0.345464E-10   0.153104E-10
   0.161160E+06   0.221773E-09  -0.621747E-10   0.101985E-09
   0.161180E+06   0.255567E-09  -0.815835E-10   0.172488E-09
   0.161200E+06   0.275144E-09  -0.915469E-10   0.222446E-09
   0.161220E+06   0.280944E-09  -0.914993E-10   0.249035E-09
   0.161240E+06   0.274522E-09  -0.815775E-10   0.251276E-09
   0.161260E+06   0.258163E-09  -0.626033E-10   0.230148E-09
   0.161280E+06   0.234457E-09  -0.360068E-10   0.188522E-09
   0.161300E+06   0.205910E-09  -0.370207E-11   0.130905E-09
   0.161320E+06   0.174644E-09   0.320741E-10   0.630194E-10
   0.161340E+06   0.142252E-09   0.689413E-10  -0.872732E-11
   0.161360E+06   0.109791E-09   0.104555E-09  -0.778387E-10
   0.161380E+06   0.779223E-10   0.136771E-09  -0.138315E-09
   0.161400E+06   0.471124E-10   0.163779E-09  -0.185173E-09
   0.161420E+06   0.178700E-10   0.184197E-09  -0.214843E-09
   0.161440E+06  -0.907340E-11   0.197122E-09  -0.225406E-09
   0.161460E+06  -0.326766E-10   0.202140E-09  -0.216658E-09
   0.161480E+06  -0.516308E-10   0.199302E-09  -0.189993E-09
   0.161500E+06  -0.645276E-10   0.189058E-09  -0.148150E-09
   0.161520E+06  -0.701240E-10   0.172190E-09  -0.948359E-10
   0.161540E+06  -0.676520E-10   0.149727E-09  -0.343034E-10
   0.161560E+06  -0.571059E-10   0.122856E-09   0.290911E-10
   0.161580E+06  -0.394421E-10   0.928484E-10   0.912829E-10
   0.161600E+06  -0.166377E-10   0.609922E-10   0.148817E-09
   0.161620E+06   0.841928E-11   0.285315E-10   0.199063E-09
   0.161640E+06   0.322070E-10  -0.338009E-11   0.240318E-09
   0.161660E+06   0.509823E-10  -0.337205E-10   0.271803E-09
   0.161680E+06   0.612701E-10  -0.616350E-10   0.293570E-09
   0.161700E+06   0.603567E-10  -0.864675E-10   0.306342E-09
   0.161720E+06   0.467093E-10  -0.107788E-09   0.311325E-09
   0.161740E+06   0.202569E-10  -0.125414E-09   0.310009E-09
   0.161760E+06  -0.175135E-10  -0.139421E-09   0.303983E-09
   0.161780E+06  -0.636619E-10  -0.150136E-09   0.294782E-09
   0.161800E+06  -0.114088E-09  -0.158119E-09   0.283777E-09
   0.161820E+06  -0.163970E-09  -0.164119E-09   0.272094E-09
   0.161840E+06  -0.208286E-09  -0.169006E-09   0.260572E-09
   0.161860E+06  -0.242359E-09  -0.173689E-09   0.249751E-09
   0.161880E+06  -0.262337E-09  -0.179018E-09   0.239861E-09
   0.161900E+06  -0.265579E-09  -0.185685E-09   0.230845E-09
   0.161920E+06  -0.250893E-09  -0.194129E-09   0.222365E-09
   0.161940E+06  -0.218614E-09  -0.204462E-09   0.213838E-09
   0.161960E+06  -0.170548E-09  -0.216419E-09   0.204459E-09
   0.161980E+06  -0.109781E-09  -0.229355E-09   0.193257E-09
   0.162000E+06  -0.404141E-10  -0.242274E-09   0.179152E-09
   0.162020E+06   0.327623E-10  -0.253900E-09   0.161037E-09
   0.162040E+06   0.104607E-09  -0.262792E-09   0.137870E-09
   0.162060E+06   0.169964E-09  -0.267477E-09   0.108782E-09
   0.162080E+06   0.223982E-09  -0.266595E-09   0.731813E-10
   0.162100E+06   0.262414E-09  -0.259051E-09   0.308522E-10
   0.162120E+06   0.281890E-09  -0.244136E-09  -0.179616E-10
   0.162140E+06   0.280165E-09  -0.221625E-09  -0.725062E-10
   0.162160E+06   0.256339E-09  -0.191832E-09  -0.131501E-09
   0.162180E+06   0.211017E-09  -0.155606E-09  -0.193163E-09
   0.162200E+06   0.146400E-09  -0.114290E-09  -0.255280E-09
   0.162220E+06   0.662682E-10  -0.696251E-10  -0.315318E-09
   0.162240E+06  -0.241542E-10  -0.236133E-10  -0.370570E-09
   0.162260E+06  -0.118493E-09   0.216385E-10  -0.418329E-09
   0.162280E+06  -0.209653E-09   0.640919E-10  -0.456084E-09
   0.162300E+06  -0.290375E-09   0.101943E-09  -0.481705E-09
   0.162320E+06  -0.353869E-09   0.133772E-09  -0.493623E-09
   0.162340E+06  -0.394471E-09   0.158654E-09  -0.490976E-09
   0.162360E+06  -0.408230E-09   0.176234E-09  -0.473709E-09
   0.162380E+06  -0.393372E-09   0.186739E-09  -0.442606E-09
   0.162400E+06  -0.350558E-09   0.190953E-09  -0.399259E-09
   0.162420E+06  -0.282890E-09   0.190124E-09  -0.345959E-09
   0.162440E+06  -0.195668E-09   0.185841E-09  -0.285516E-09
   0.162460E+06  -0.959009E-10   0.179870E-09  -0.221020E-09
   0.162480E+06   0.837000E-11   0.173976E-09  -0.155570E-09
   0.162500E+06   0.108849E-09   0.169747E-09  -0.919927E-10
   0.162520E+06   0.197779E-09   0.168429E-09  -0.325886E-10
   0.162540E+06   0.268651E-09   0.170797E-09   0.210670E-10
   0.162560E+06   0.316749E-09   0.177071E-09   0.682337E-10
   0.162580E+06   0.339467E-09   0.186892E-09   0.109012E-09
   0.162600E+06   0.336384E-09   0.199351E-09   0.144240E-09
   0.162620E+06   0.309107E-09   0.213083E-09   0.175287E-09
   0.162640E+06   0.260914E-09   0.226400E-09   0.203780E-09
   0.162660E+06   0.196277E-09   0.237465E-09   0.231282E-09
   0.162680E+06   0.120342E-09   0.244479E-09   0.258985E-09
   0.162700E+06   0.384244E-10   0.245867E-09   0.287454E-09
   0.162720E+06  -0.443946E-10   0.240431E-09   0.316468E-09
   0.162740E+06  -0.123560E-09   0.227475E-09   0.344973E-09
   0.162760E+06  -0.195191E-09   0.206863E-09   0.371171E-09
   0.162780E+06  -0.256122E-09   0.179030E-09   0.392725E-09
   0.162800E+06  -0.303853E-09   0.144926E-09   0.407054E-09
   0.162820E+06  -0.336468E-09   0.105918E-09   0.411676E-09
   0.162840E+06  -0.352569E-09   0.636496E-10   0.404554E-09
   0.162860E+06  -0.351244E-09   0.198862E-10   0.384378E-09
   0.162880E+06  -0.332097E-09  -0.236411E-10   0.350768E-09
   0.162900E+06  -0.295340E-09  -0.653743E-10   0.304352E-09
   0.162920E+06  -0.241899E-09  -0.104036E-09   0.246715E-09
   0.162940E+06  -0.173524E-09  -0.138694E-09   0.180241E-09
   0.162960E+06  -0.928477E-10  -0.168785E-09   0.107869E-09
   0.162980E+06  -0.334802E-11  -0.194093E-09   0.327959E-10
   0.163000E+06   0.907824E-10  -0.214694E-09  -0.418120E-10
   0.163020E+06   0.184883E-09  -0.230878E-09  -0.113077E-09
   0.163040E+06   0.274157E-09  -0.243054E-09  -0.178597E-09
   0.163060E+06   0.354045E-09  -0.251670E-09  -0.236548E-09
   0.163080E+06   0.420602E-09  -0.257130E-09  -0.285703E-09
   0.163100E+06   0.470808E-09  -0.259743E-09  -0.325378E-09
   0.163120E+06   0.502777E-09  -0.259697E-09  -0.355337E-09
   0.163140E+06   0.515837E-09  -0.257057E-09  -0.375662E-09
   0.163160E+06   0.510468E-09  -0.251793E-09  -0.386642E-09
   0.163180E+06   0.488121E-09  -0.243822E-09  -0.388677E-09
   0.163200E+06   0.450958E-09  -0.233063E-09  -0.382221E-09
   0.163220E+06   0.401554E-09  -0.219505E-09  -0.367749E-09
   0.163240E+06   0.342629E-09  -0.203252E-09  -0.345763E-09
   0.163260E+06   0.276836E-09  -0.184572E-09  -0.316802E-09
   0.163280E+06   0.206645E-09  -0.163912E-09  -0.281452E-09
   0.163300E+06   0.134330E-09  -0.141901E-09  -0.240353E-09
   0.163320E+06   0.620260E-10  -0.119316E-09  -0.194190E-09
   0.163340E+06  -0.816586E-11  -0.970298E-10  -0.143674E-09
   0.163360E+06  -0.740791E-10  -0.759389E-10  -0.895366E-10
   0.163380E+06  -0.133436E-09  -0.568756E-10  -0.325206E-10
   0.163400E+06  -0.183891E-09  -0.405197E-10   0.265923E-10
   0.163420E+06  -0.223177E-09  -0.273177E-10   0.869354E-10
   0.163440E+06  -0.249344E-09  -0.174213E-10   0.147486E-09
   0.163460E+06  -0.261069E-09  -0.106548E-10   0.206990E-09
   0.163480E+06  -0.257951E-09  -0.651793E-11   0.263889E-09
   0.163500E+06  -0.240764E-09  -0.422678E-11   0.316299E-09
   0.163520E+06  -0.211574E-09  -0.278943E-11   0.362030E-09
   0.163540E+06  -0.173683E-09  -0.110906E-11   0.398685E-09
   0.163560E+06  -0.131387E-09   0.189848E-11   0.423824E-09
   0.163580E+06  -0.895414E-10   0.718726E-11   0.435192E-09
   0.163600E+06  -0.529967E-10   0.154805E-10   0.430971E-09
   0.163620E+06  -0.259652E-10   0.272004E-10   0.410026E-09
   0.163640E+06  -0.114209E-10   0.424386E-10   0.372107E-09
   0.163660E+06  -0.106226E-10   0.609717E-10   0.317968E-09
   0.163680E+06  -0.228457E-10   0.823176E-10   0.249375E-09
   0.163700E+06  -0.453771E-10   0.105825E-09   0.168997E-09
   0.163720E+06  -0.737932E-10   0.130775E-09   0.802048E-10
   0.163740E+06  -0.102494E-09   0.156490E-09  -0.132242E-10
   0.163760E+06  -0.125429E-09   0.182409E-09  -0.107416E-09
   0.163780E+06  -0.136924E-09   0.208138E-09  -0.198702E-09
   0.163800E+06  -0.132480E-09   0.233454E-09  -0.283859E-09
   0.163820E+06  -0.109450E-09   0.258261E-09  -0.360253E-09
   0.163840E+06  -0.674765E-10   0.282514E-09  -0.425882E-09
   0.163860E+06  -0.863934E-11   0.306119E-09  -0.479305E-09
   0.163880E+06   0.627208E-10   0.328833E-09  -0.519523E-09
   0.163900E+06   0.140476E-09   0.350182E-09  -0.545806E-09
   0.163920E+06   0.217423E-09   0.369420E-09  -0.557556E-09
   0.163940E+06   0.286134E-09   0.385538E-09  -0.554219E-09
   0.163960E+06   0.339837E-09   0.397328E-09  -0.535297E-09
   0.163980E+06   0.373213E-09   0.403496E-09  -0.500451E-09
   0.164000E+06   0.383003E-09   0.402813E-09  -0.449689E-09
   0.164020E+06   0.368361E-09   0.394271E-09  -0.383599E-09
   0.164040E+06   0.330911E-09   0.377229E-09  -0.303573E-09
   0.164060E+06   0.274522E-09   0.351526E-09  -0.211962E-09
   0.164080E+06   0.204826E-09   0.317533E-09  -0.112121E-09
   0.164100E+06   0.128564E-09   0.276141E-09  -0.830381E-11
   0.164120E+06   0.528402E-10   0.228681E-09   0.946047E-10
   0.164140E+06  -0.156302E-10   0.176797E-09   0.191478E-09
   0.164160E+06  -0.711831E-10   0.122277E-09   0.277425E-09
   0.164180E+06  -0.109721E-09   0.668828E-10   0.348287E-09
   0.164200E+06  -0.129036E-09   0.121912E-10   0.401060E-09
   0.164220E+06  -0.128922E-09  -0.405199E-10   0.434197E-09
   0.164240E+06  -0.111081E-09  -0.903300E-10   0.447718E-09
   0.164260E+06  -0.788667E-10  -0.136672E-09   0.443117E-09
   0.164280E+06  -0.368806E-10  -0.179274E-09   0.423076E-09
   0.164300E+06   0.950204E-11  -0.218052E-09   0.391027E-09
   0.164320E+06   0.546470E-10  -0.252995E-09   0.350635E-09
   0.164340E+06   0.931608E-10  -0.284041E-09   0.305292E-09
   0.164360E+06   0.120340E-09  -0.310992E-09   0.257693E-09
   0.164380E+06   0.132543E-09  -0.333471E-09   0.209577E-09
   0.164400E+06   0.127453E-09  -0.350938E-09   0.161662E-09
   0.164420E+06   0.104238E-09  -0.362752E-09   0.113792E-09
   0.164440E+06   0.635824E-10  -0.368291E-09   0.652516E-10
   0.164460E+06   0.760620E-11  -0.367085E-09   0.151948E-10
   0.164480E+06  -0.603324E-10  -0.358957E-09  -0.368882E-10
   0.164500E+06  -0.135925E-09  -0.344134E-09  -0.907642E-10
   0.164520E+06  -0.214282E-09  -0.323320E-09  -0.145181E-09
   0.164540E+06  -0.290339E-09  -0.297704E-09  -0.197779E-09
   0.164560E+06  -0.359287E-09  -0.268903E-09  -0.245211E-09
   0.164580E+06  -0.416964E-09  -0.238845E-09  -0.283461E-09
   0.164600E+06  -0.460191E-09  -0.209607E-09  -0.308313E-09
   0.164620E+06  -0.487000E-09  -0.183215E-09  -0.315896E-09
   0.164640E+06  -0.496739E-09  -0.161447E-09  -0.303225E-09
   0.164660E+06  -0.490043E-09  -0.145653E-09  -0.268662E-09
   0.164680E+06  -0.468664E-09  -0.136615E-09  -0.212215E-09
   0.164700E+06  -0.435192E-09  -0.134460E-09  -0.135649E-09
   0.164720E+06  -0.392702E-09  -0.138635E-09  -0.423935E-10
   0.164740E+06  -0.344367E-09  -0.147951E-09   0.627313E-10
   0.164760E+06  -0.293100E-09  -0.160675E-09   0.173929E-09
   0.164780E+06  -0.241264E-09  -0.174671E-09   0.284912E-09
   0.164800E+06  -0.190494E-09  -0.187571E-09   0.389395E-09
   0.164820E+06  -0.141655E-09  -0.196961E-09   0.481538E-09
   0.164840E+06  -0.949281E-10  -0.200558E-09   0.556302E-09
   0.164860E+06  -0.500072E-10  -0.196388E-09   0.609684E-09
   0.164880E+06  -0.637374E-11  -0.182924E-09   0.638847E-09
   0.164900E+06   0.364102E-10  -0.159211E-09   0.642156E-09
   0.164920E+06   0.784412E-10  -0.124944E-09   0.619162E-09
   0.164940E+06   0.119295E-09  -0.805198E-10   0.570544E-09
   0.164960E+06   0.157964E-09  -0.270429E-10   0.498067E-09
   0.164980E+06   0.192927E-09   0.337000E-10   0.404540E-09
   0.165000E+06   0.222342E-09   0.993115E-10   0.293785E-09
   0.165020E+06   0.244331E-09   0.166891E-09   0.170590E-09
   0.165040E+06   0.257315E-09   0.233185E-09   0.406236E-10
   0.165060E+06   0.260332E-09   0.294764E-09  -0.897342E-10
   0.165080E+06   0.253295E-09   0.348237E-09  -0.213653E-09
   0.165100E+06   0.237131E-09   0.390473E-09  -0.324229E-09
   0.165120E+06   0.213780E-09   0.418821E-09  -0.414959E-09
   0.165140E+06   0.186046E-09   0.431326E-09  -0.480279E-09
   0.165160E+06   0.157319E-09   0.426888E-09  -0.516103E-09
   0.165180E+06   0.131202E-09   0.405383E-09  -0.520314E-09
   0.165200E+06   0.111098E-09   0.367704E-09  -0.493106E-09
   0.165220E+06   0.998151E-10   0.315730E-09  -0.437144E-09
   0.165240E+06   0.992505E-10   0.252209E-09  -0.357476E-09
   0.165260E+06   0.110177E-09   0.180577E-09  -0.261197E-09
   0.165280E+06   0.132177E-09   0.104708E-09  -0.156881E-09
   0.165300E+06   0.163707E-09   0.286350E-10  -0.538288E-10
   0.165320E+06   0.202291E-09  -0.437352E-10   0.387870E-10
   0.165340E+06   0.244793E-09  -0.108900E-09   0.112785E-09
   0.165360E+06   0.287737E-09  -0.163986E-09   0.161752E-09
   0.165380E+06   0.327624E-09  -0.206920E-09   0.181640E-09
   0.165400E+06   0.361216E-09  -0.236514E-09   0.171129E-09
   0.165420E+06   0.385751E-09  -0.252476E-09   0.131702E-09
   0.165440E+06   0.399085E-09  -0.255349E-09   0.674511E-10
   0.165460E+06   0.399770E-09  -0.246382E-09  -0.153777E-10
   0.165480E+06   0.387065E-09  -0.227357E-09  -0.109019E-09
   0.165500E+06   0.360921E-09  -0.200400E-09  -0.204941E-09
   0.165520E+06   0.321946E-09  -0.167789E-09  -0.294630E-09
   0.165540E+06   0.271363E-09  -0.131772E-09  -0.370318E-09
   0.165560E+06   0.210978E-09  -0.944265E-10  -0.425599E-09
   0.165580E+06   0.143135E-09  -0.575534E-10  -0.455878E-09
   0.165600E+06   0.706579E-10  -0.226084E-10  -0.458631E-09
   0.165620E+06  -0.324664E-11   0.932463E-11  -0.433475E-09
   0.165640E+06  -0.751367E-10   0.375329E-10  -0.382068E-09
   0.165660E+06  -0.141540E-09   0.616501E-10  -0.307866E-09
   0.165680E+06  -0.199213E-09   0.816189E-10  -0.215779E-09
   0.165700E+06  -0.245427E-09   0.976444E-10  -0.111758E-09
   0.165720E+06  -0.278260E-09   0.110145E-09  -0.236289E-11
   0.165740E+06  -0.296837E-09   0.119698E-09   0.105679E-09
   0.165760E+06  -0.301481E-09   0.126988E-09   0.205885E-09
   0.165780E+06  -0.293748E-09   0.132747E-09   0.292394E-09
   0.165800E+06  -0.276300E-09   0.137691E-09   0.360295E-09
   0.165820E+06  -0.252648E-09   0.142461E-09   0.405889E-09
   0.165840E+06  -0.226749E-09   0.147552E-09   0.426892E-09
   0.165860E+06  -0.202539E-09   0.153261E-09   0.422556E-09
   0.165880E+06  -0.183442E-09   0.159641E-09   0.393699E-09
   0.165900E+06  -0.171920E-09   0.166474E-09   0.342643E-09
   0.165920E+06  -0.169151E-09   0.173271E-09   0.273060E-09
   0.165940E+06  -0.174864E-09   0.179296E-09   0.189711E-09
   0.165960E+06  -0.187367E-09   0.183622E-09   0.981145E-10
   0.165980E+06  -0.203770E-09   0.185210E-09   0.415109E-11
   0.166000E+06  -0.220371E-09   0.182995E-09  -0.863612E-10
   0.166020E+06  -0.233148E-09   0.175994E-09  -0.168085E-09
   0.166040E+06  -0.238298E-09   0.163393E-09  -0.236537E-09
   0.166060E+06  -0.232727E-09   0.144635E-09  -0.288381E-09
   0.166080E+06  -0.214451E-09   0.119474E-09  -0.321616E-09
   0.166100E+06  -0.182835E-09   0.880099E-10  -0.335636E-09
   0.166120E+06  -0.138651E-09   0.506965E-10  -0.331163E-09
   0.166140E+06  -0.839653E-10   0.832126E-11  -0.310072E-09
   0.166160E+06  -0.218735E-10  -0.380315E-10  -0.275117E-09
   0.166180E+06   0.438649E-10  -0.870317E-10  -0.229602E-09
   0.166200E+06   0.109231E-09  -0.137162E-09  -0.177041E-09
   0.166220E+06   0.170336E-09  -0.186776E-09  -0.120833E-09
   0.166240E+06   0.223735E-09  -0.234163E-09  -0.640026E-10
   0.166260E+06   0.266657E-09  -0.277601E-09  -0.901753E-11
   0.166280E+06   0.297103E-09  -0.315420E-09   0.422978E-10
   0.166300E+06   0.313864E-09  -0.346054E-09   0.887532E-10
   0.166320E+06   0.316447E-09  -0.368110E-09   0.129704E-09
   0.166340E+06   0.304972E-09  -0.380429E-09   0.164903E-09
   0.166360E+06   0.280052E-09  -0.382147E-09   0.194330E-09
   0.166380E+06   0.242708E-09  -0.372759E-09   0.218016E-09
   0.166400E+06   0.194314E-09  -0.352168E-09   0.235911E-09
   0.166420E+06   0.136574E-09  -0.320719E-09   0.247795E-09
   0.166440E+06   0.715331E-10  -0.279206E-09   0.253269E-09
   0.166460E+06   0.157533E-11  -0.228857E-09   0.251802E-09
   0.166480E+06  -0.706029E-10  -0.171281E-09   0.242846E-09
   0.166500E+06  -0.142072E-09  -0.108395E-09   0.225985E-09
   0.166520E+06  -0.209812E-09  -0.423217E-10   0.201104E-09
   0.166540E+06  -0.270913E-09   0.247208E-10   0.168540E-09
   0.166560E+06  -0.322808E-09   0.905392E-10   0.129192E-09
   0.166580E+06  -0.363516E-09   0.153072E-09   0.845750E-10
   0.166600E+06  -0.391837E-09   0.210482E-09   0.367847E-10
   0.166620E+06  -0.407472E-09   0.261223E-09  -0.116040E-10
   0.166640E+06  -0.411030E-09   0.304083E-09  -0.577193E-10
   0.166660E+06  -0.403913E-09   0.338192E-09  -0.986263E-10
   0.166680E+06  -0.388083E-09   0.363014E-09  -0.131590E-09
   0.166700E+06  -0.365743E-09   0.378320E-09  -0.154335E-09
   0.166720E+06  -0.338981E-09   0.384153E-09  -0.165275E-09
   0.166740E+06  -0.309434E-09   0.380785E-09  -0.163677E-09
   0.166760E+06  -0.278030E-09   0.368685E-09  -0.149749E-09
   0.166780E+06  -0.244860E-09   0.348495E-09  -0.124629E-09
   0.166800E+06  -0.209211E-09   0.321005E-09  -0.902892E-10
   0.166820E+06  -0.169756E-09   0.287145E-09  -0.493569E-10
   0.166840E+06  -0.124885E-09   0.247974E-09  -0.487522E-11
   0.166860E+06  -0.731332E-10   0.204666E-09   0.399621E-10
   0.166880E+06  -0.136182E-10   0.158497E-09   0.820784E-10
   0.166900E+06   0.535584E-10   0.110814E-09   0.118752E-09
   0.166920E+06   0.127039E-09   0.630008E-10   0.147800E-09
   0.166940E+06   0.204110E-09   0.164306E-10   0.167696E-09
   0.166960E+06   0.280801E-09  -0.275835E-10   0.177614E-09
   0.166980E+06   0.352192E-09  -0.678432E-10   0.177401E-09
   0.167000E+06   0.412884E-09  -0.103315E-09   0.167496E-09
   0.167020E+06   0.457582E-09  -0.133174E-09   0.148813E-09
   0.167040E+06   0.481709E-09  -0.156828E-09   0.122603E-09
   0.167060E+06   0.481982E-09  -0.173943E-09   0.903208E-10
   0.167080E+06   0.456849E-09  -0.184433E-09   0.535099E-10
   0.167100E+06   0.406754E-09  -0.188451E-09   0.137125E-10
   0.167120E+06   0.334179E-09  -0.186363E-09  -0.275930E-10
   0.167140E+06   0.243464E-09  -0.178708E-09  -0.690293E-10
   0.167160E+06   0.140432E-09  -0.166162E-09  -0.109342E-09
   0.167180E+06   0.318634E-10  -0.149492E-09  -0.147412E-09
   0.167200E+06  -0.751120E-10  -0.129523E-09  -0.182273E-09
   0.167220E+06  -0.173628E-09  -0.107098E-09  -0.213122E-09
   0.167240E+06  -0.257638E-09  -0.830617E-10  -0.239346E-09
   0.167260E+06  -0.322355E-09  -0.582371E-10  -0.260536E-09
   0.167280E+06  -0.364539E-09  -0.334237E-10  -0.276492E-09
   0.167300E+06  -0.382618E-09  -0.939621E-11  -0.287209E-09
   0.167320E+06  -0.376646E-09   0.130905E-10  -0.292836E-09
   0.167340E+06  -0.348138E-09   0.332946E-10  -0.293605E-09
   0.167360E+06  -0.299805E-09   0.504842E-10  -0.289745E-09
   0.167380E+06  -0.235238E-09   0.639412E-10  -0.281373E-09
   0.167400E+06  -0.158590E-09   0.729753E-10  -0.268406E-09
   0.167420E+06  -0.742797E-10   0.769508E-10  -0.250496E-09
   0.167440E+06   0.132590E-10   0.753265E-10  -0.227016E-09
   0.167460E+06   0.997671E-10   0.677053E-10  -0.197104E-09
   0.167480E+06   0.181301E-09   0.538903E-10  -0.159777E-09
   0.167500E+06   0.254328E-09   0.339401E-10  -0.114110E-09
   0.167520E+06   0.315797E-09   0.821440E-11  -0.594396E-10
   0.167540E+06   0.363201E-09  -0.225972E-10   0.440578E-11
   0.167560E+06   0.394633E-09  -0.574717E-10   0.769093E-10
   0.167580E+06   0.408852E-09  -0.950783E-10   0.156726E-09
   0.167600E+06   0.405352E-09  -0.133836E-09   0.241633E-09
   0.167620E+06   0.384417E-09  -0.172000E-09   0.328584E-09
   0.167640E+06   0.347158E-09  -0.207769E-09   0.413879E-09
   0.167660E+06   0.295512E-09  -0.239401E-09   0.493417E-09
   0.167680E+06   0.232189E-09  -0.265335E-09   0.563033E-09
   0.167700E+06   0.160565E-09  -0.284292E-09   0.618835E-09
   0.167720E+06   0.845127E-10  -0.295352E-09   0.657544E-09
   0.167740E+06   0.818880E-11  -0.297997E-09   0.676758E-09
   0.167760E+06  -0.642139E-10  -0.292118E-09   0.675121E-09
   0.167780E+06  -0.128726E-09  -0.277986E-09   0.652389E-09
   0.167800E+06  -0.181850E-09  -0.256193E-09   0.609373E-09
   0.167820E+06  -0.220775E-09  -0.227579E-09   0.547802E-09
   0.167840E+06  -0.243544E-09  -0.193151E-09   0.470113E-09
   0.167860E+06  -0.249155E-09  -0.154008E-09   0.379231E-09
   0.167880E+06  -0.237594E-09  -0.111286E-09   0.278361E-09
   0.167900E+06  -0.209810E-09  -0.661290E-10   0.170825E-09
   0.167920E+06  -0.167627E-09  -0.196702E-10   0.599757E-10
   0.167940E+06  -0.113617E-09   0.269532E-10  -0.508386E-10
   0.167960E+06  -0.509370E-10   0.725859E-10  -0.158251E-09
   0.167980E+06   0.168480E-10   0.116039E-09  -0.258846E-09
   0.168000E+06   0.859488E-10   0.156090E-09  -0.349143E-09
   0.168020E+06   0.152538E-09   0.191502E-09  -0.425647E-09
   0.168040E+06   0.212932E-09   0.221077E-09  -0.484973E-09
   0.168060E+06   0.263763E-09   0.243726E-09  -0.524065E-09
   0.168080E+06   0.302142E-09   0.258565E-09  -0.540493E-09
   0.168100E+06   0.325816E-09   0.265016E-09  -0.532788E-09
   0.168120E+06   0.333300E-09   0.262892E-09  -0.500773E-09
   0.168140E+06   0.323986E-09   0.252466E-09  -0.445829E-09
   0.168160E+06   0.298223E-09   0.234493E-09  -0.371027E-09
   0.168180E+06   0.257333E-09   0.210186E-09  -0.281098E-09
   0.168200E+06   0.203585E-09   0.181139E-09  -0.182206E-09
   0.168220E+06   0.140091E-09   0.149206E-09  -0.815254E-10
   0.168240E+06   0.706306E-10   0.116347E-09   0.133303E-10
   0.168260E+06  -0.583604E-12   0.844540E-10   0.949903E-10
   0.168280E+06  -0.692018E-10   0.551863E-10   0.157025E-09
   0.168300E+06  -0.131059E-09   0.298289E-10   0.194583E-09
   0.168320E+06  -0.182507E-09   0.919397E-11   0.204887E-09
   0.168340E+06  -0.220710E-09  -0.642393E-11   0.187519E-09
   0.168360E+06  -0.243899E-09  -0.172334E-10   0.144468E-09
   0.168380E+06  -0.251521E-09  -0.238774E-10   0.799137E-10
   0.168400E+06  -0.244297E-09  -0.273200E-10  -0.203510E-12
   0.168420E+06  -0.224159E-09  -0.287045E-10  -0.887971E-10
   0.168440E+06  -0.194079E-09  -0.292021E-10  -0.178344E-09
   0.168460E+06  -0.157796E-09  -0.298692E-10  -0.261611E-09
   0.168480E+06  -0.119476E-09  -0.315294E-10  -0.332322E-09
   0.168500E+06  -0.833313E-10  -0.346922E-10  -0.385683E-09
   0.168520E+06  -0.532414E-10  -0.395134E-10  -0.418730E-09
   0.168540E+06  -0.324071E-10  -0.457988E-10  -0.430473E-09
   0.168560E+06  -0.230723E-10  -0.530445E-10  -0.421826E-09
   0.168580E+06  -0.263363E-10  -0.605069E-10  -0.395364E-09
   0.168600E+06  -0.420702E-10  -0.672907E-10  -0.354941E-09
   0.168620E+06  -0.689397E-10  -0.724453E-10  -0.305219E-09
   0.168640E+06  -0.104527E-09  -0.750590E-10  -0.251168E-09
   0.168660E+06  -0.145538E-09  -0.743454E-10  -0.197588E-09
   0.168680E+06  -0.188067E-09  -0.697142E-10  -0.148684E-09
   0.168700E+06  -0.227906E-09  -0.608268E-10  -0.107748E-09
   0.168720E+06  -0.260863E-09  -0.476317E-10  -0.769326E-10
   0.168740E+06  -0.283078E-09  -0.303826E-10  -0.571489E-10
   0.168760E+06  -0.291308E-09  -0.963520E-11  -0.480743E-10
   0.168780E+06  -0.283177E-09   0.137748E-10  -0.482558E-10
   0.168800E+06  -0.257367E-09   0.387742E-10  -0.552982E-10
   0.168820E+06  -0.213754E-09   0.641150E-10  -0.661155E-10
   0.168840E+06  -0.153467E-09   0.884549E-10  -0.772255E-10
   0.168860E+06  -0.788804E-10   0.110452E-09  -0.850644E-10
   0.168880E+06   0.648124E-11   0.128867E-09  -0.863010E-10
   0.168900E+06   0.981153E-10   0.142670E-09  -0.781257E-10
   0.168920E+06   0.190793E-09   0.151126E-09  -0.584949E-10
   0.168940E+06   0.278881E-09   0.153873E-09  -0.263106E-10
   0.168960E+06   0.356718E-09   0.150959E-09   0.184785E-10
   0.168980E+06   0.419024E-09   0.142847E-09   0.748655E-10
   0.169000E+06   0.461307E-09   0.130375E-09   0.140860E-09
   0.169020E+06   0.480244E-09   0.114678E-09   0.213645E-09
   0.169040E+06   0.473979E-09   0.970879E-10   0.289805E-09
   0.169060E+06   0.442330E-09   0.789962E-10   0.365589E-09
   0.169080E+06   0.386857E-09   0.617288E-10   0.437201E-09
   0.169100E+06   0.310784E-09   0.464220E-10   0.501074E-09
   0.169120E+06   0.218778E-09   0.339267E-10   0.554114E-09
   0.169140E+06   0.116596E-09   0.247486E-10   0.593882E-09
   0.169160E+06   0.106329E-10   0.190297E-10   0.618719E-09
   0.169180E+06  -0.925906E-10   0.165721E-10   0.627787E-09
   0.169200E+06  -0.186941E-09   0.168972E-10   0.621053E-09
   0.169220E+06  -0.267142E-09   0.193297E-10   0.599205E-09
   0.169240E+06  -0.329157E-09   0.230947E-10   0.563540E-09
   0.169260E+06  -0.370447E-09   0.274114E-10   0.515812E-09
   0.169280E+06  -0.390075E-09   0.315732E-10   0.458087E-09
   0.169300E+06  -0.388682E-09   0.350043E-10   0.392591E-09
   0.169320E+06  -0.368311E-09   0.372885E-10   0.321586E-09
   0.169340E+06  -0.332146E-09   0.381704E-10   0.247258E-09
   0.169360E+06  -0.284165E-09   0.375345E-10   0.171642E-09
   0.169380E+06  -0.228773E-09   0.353689E-10   0.965579E-10
   0.169400E+06  -0.170438E-09   0.317235E-10   0.235833E-10
   0.169420E+06  -0.113363E-09   0.266697E-10  -0.459612E-10
   0.169440E+06  -0.612113E-10   0.202711E-10  -0.111006E-09
   0.169460E+06  -0.169020E-10   0.125660E-10  -0.170710E-09
   0.169480E+06   0.175275E-10   0.356450E-11  -0.224431E-09
   0.169500E+06   0.409921E-10  -0.674201E-11  -0.271682E-09
   0.169520E+06   0.533708E-10  -0.183634E-10  -0.312091E-09
   0.169540E+06   0.554610E-10  -0.312892E-10  -0.345366E-09
   0.169560E+06   0.488823E-10  -0.454679E-10  -0.371262E-09
   0.169580E+06   0.359281E-10  -0.607898E-10  -0.389574E-09
   0.169600E+06   0.193682E-10  -0.770756E-10  -0.400147E-09
   0.169620E+06   0.220381E-11  -0.940707E-10  -0.402902E-09
   0.169640E+06  -0.126142E-10  -0.111444E-09  -0.397878E-09
   0.169660E+06  -0.224878E-10  -0.128793E-09  -0.385290E-09
   0.169680E+06  -0.254668E-10  -0.145648E-09  -0.365570E-09
   0.169700E+06  -0.205045E-10  -0.161481E-09  -0.339402E-09
   0.169720E+06  -0.763327E-11  -0.175722E-09  -0.307727E-09
   0.169740E+06   0.119748E-10  -0.187777E-09  -0.271711E-09
   0.169760E+06   0.360886E-10  -0.197054E-09  -0.232677E-09
   0.169780E+06   0.616511E-10  -0.202998E-09  -0.192005E-09
   0.169800E+06   0.851535E-10  -0.205136E-09  -0.151016E-09
   0.169820E+06   0.103115E-09  -0.203125E-09  -0.110839E-09
   0.169840E+06   0.112613E-09  -0.196797E-09  -0.723156E-10
   0.169860E+06   0.111787E-09  -0.186209E-09  -0.359214E-10
   0.169880E+06   0.100239E-09  -0.171665E-09  -0.175100E-11
   0.169900E+06   0.792675E-10  -0.153726E-09   0.304437E-10
   0.169920E+06   0.518597E-10  -0.133193E-09   0.611568E-10
   0.169940E+06   0.224449E-10  -0.111059E-09   0.909867E-10
   0.169960E+06  -0.359808E-11  -0.884334E-10   0.120469E-09
   0.169980E+06  -0.206183E-10  -0.664484E-10   0.149912E-09
   0.170000E+06  -0.234739E-10  -0.461525E-10   0.179251E-09
   0.170020E+06  -0.831156E-11  -0.284046E-10   0.207967E-09
   0.170040E+06   0.267702E-10  -0.137837E-10   0.235059E-09
   0.170060E+06   0.812753E-10  -0.252402E-11   0.259099E-09
   0.170080E+06   0.152159E-09   0.551220E-11   0.278357E-09
   0.170100E+06   0.234006E-09   0.108219E-10   0.290974E-09
   0.170120E+06   0.319533E-09   0.142059E-10   0.295179E-09
   0.170140E+06   0.400349E-09   0.166780E-10   0.289503E-09
   0.170160E+06   0.467890E-09   0.193476E-10   0.272977E-09
   0.170180E+06   0.514394E-09   0.232891E-10   0.245282E-09
   0.170200E+06   0.533795E-09   0.294143E-10   0.206830E-09
   0.170220E+06   0.522426E-09   0.383603E-10   0.158787E-09
   0.170240E+06   0.479425E-09   0.504081E-10   0.103010E-09
   0.170260E+06   0.406816E-09   0.654391E-10   0.419329E-10
   0.170280E+06   0.309255E-09   0.829352E-10  -0.216061E-10
   0.170300E+06   0.193494E-09   0.102022E-09  -0.845564E-10
   0.170320E+06   0.676439E-10   0.121549E-09  -0.143865E-09
   0.170340E+06  -0.596683E-10   0.140201E-09  -0.196680E-09
   0.170360E+06  -0.180119E-09   0.156628E-09  -0.240526E-09
   0.170380E+06  -0.286409E-09   0.169573E-09  -0.273462E-09
   0.170400E+06  -0.372793E-09   0.178000E-09  -0.294186E-09
   0.170420E+06  -0.435400E-09   0.181195E-09  -0.302106E-09
   0.170440E+06  -0.472325E-09   0.178833E-09  -0.297365E-09
   0.170460E+06  -0.483535E-09   0.171013E-09  -0.280814E-09
   0.170480E+06  -0.470628E-09   0.158247E-09  -0.253949E-09
   0.170500E+06  -0.436518E-09   0.141409E-09  -0.218792E-09
   0.170520E+06  -0.385097E-09   0.121648E-09  -0.177748E-09
   0.170540E+06  -0.320919E-09   0.100276E-09  -0.133424E-09
   0.170560E+06  -0.248929E-09   0.786385E-10  -0.884269E-10
   0.170580E+06  -0.174241E-09   0.579844E-10  -0.451687E-10
   0.170600E+06  -0.101952E-09   0.393474E-10  -0.567906E-11
   0.170620E+06  -0.369563E-10   0.234518E-10   0.285424E-10
   0.170640E+06   0.162481E-10   0.106530E-10   0.566230E-10
   0.170660E+06   0.537929E-10   0.919324E-12   0.783466E-10
   0.170680E+06   0.727013E-10  -0.614456E-11   0.941116E-10
   0.170700E+06   0.711607E-10  -0.112338E-10   0.104819E-09
   0.170720E+06   0.487713E-10  -0.152488E-10   0.111702E-09
   0.170740E+06   0.672073E-11  -0.191805E-10   0.116119E-09
   0.170760E+06  -0.521613E-10  -0.239901E-10   0.119339E-09
   0.170780E+06  -0.123505E-09  -0.304965E-10   0.122343E-09
   0.170800E+06  -0.201679E-09  -0.392857E-10   0.125675E-09
   0.170820E+06  -0.280222E-09  -0.506503E-10   0.129367E-09
   0.170840E+06  -0.352414E-09  -0.645661E-10   0.132945E-09
   0.170860E+06  -0.411895E-09  -0.807050E-10   0.135514E-09
   0.170880E+06  -0.453272E-09  -0.984808E-10   0.135928E-09
   0.170900E+06  -0.472641E-09  -0.117118E-09   0.132992E-09
   0.170920E+06  -0.467928E-09  -0.135735E-09   0.125688E-09
   0.170940E+06  -0.439039E-09  -0.153428E-09   0.113388E-09
   0.170960E+06  -0.387777E-09  -0.169343E-09   0.960023E-10
   0.170980E+06  -0.317561E-09  -0.182734E-09   0.740572E-10
   0.171000E+06  -0.232983E-09  -0.192993E-09   0.486771E-10
   0.171020E+06  -0.139294E-09  -0.199659E-09   0.214716E-10
   0.171040E+06  -0.418657E-10  -0.202406E-09  -0.565849E-11
   0.171060E+06   0.542654E-10  -0.201014E-09  -0.307692E-10
   0.171080E+06   0.144744E-09  -0.195340E-09  -0.521413E-10
   0.171100E+06   0.226085E-09  -0.185281E-09  -0.685271E-10
   0.171120E+06   0.295720E-09  -0.170761E-09  -0.793392E-10
   0.171140E+06   0.351925E-09  -0.151720E-09  -0.847521E-10
   0.171160E+06   0.393667E-09  -0.128133E-09  -0.856968E-10
   0.171180E+06   0.420452E-09  -0.100037E-09  -0.837478E-10
   0.171200E+06   0.432191E-09  -0.675800E-10  -0.809146E-10
   0.171220E+06   0.429143E-09  -0.310664E-10  -0.793650E-10
   0.171240E+06   0.411937E-09   0.899258E-11  -0.811182E-10
   0.171260E+06   0.381653E-09   0.518444E-10  -0.877486E-10
   0.171280E+06   0.339935E-09   0.964780E-10  -0.100143E-09
   0.171300E+06   0.289069E-09   0.141634E-09  -0.118342E-09
   0.171320E+06   0.232002E-09   0.185840E-09  -0.141493E-09
   0.171340E+06   0.172237E-09   0.227481E-09  -0.167913E-09
   0.171360E+06   0.113604E-09   0.264886E-09  -0.195262E-09
   0.171380E+06   0.599194E-10   0.296436E-09  -0.220791E-09
   0.171400E+06   0.145702E-10   0.320683E-09  -0.241651E-09
   0.171420E+06  -0.199053E-10   0.336457E-09  -0.255193E-09
   0.171440E+06  -0.421678E-10   0.342965E-09  -0.259258E-09
   0.171460E+06  -0.522847E-10   0.339865E-09  -0.252390E-09
   0.171480E+06  -0.517431E-10   0.327303E-09  -0.233972E-09
   0.171500E+06  -0.432460E-10   0.305913E-09  -0.204265E-09
   0.171520E+06  -0.303066E-10   0.276784E-09  -0.164358E-09
   0.171540E+06  -0.166969E-10   0.241382E-09  -0.116043E-09
   0.171560E+06  -0.583284E-11   0.201453E-09  -0.616421E-10
   0.171580E+06  -0.199054E-12   0.158895E-09  -0.380626E-11
   0.171600E+06  -0.910550E-12   0.115634E-09   0.546773E-10
   0.171620E+06  -0.749361E-11   0.734954E-10   0.111058E-09
   0.171640E+06  -0.179308E-10   0.340930E-10   0.162760E-09
   0.171660E+06  -0.289716E-10  -0.125907E-11   0.207474E-09
   0.171680E+06  -0.366651E-10  -0.316047E-10   0.243224E-09
   0.171700E+06  -0.370292E-10  -0.563726E-10   0.268407E-09
   0.171720E+06  -0.267497E-10  -0.753724E-10   0.281817E-09
   0.171740E+06  -0.379035E-11  -0.887638E-10   0.282678E-09
   0.171760E+06   0.321871E-10  -0.970043E-10   0.270682E-09
   0.171780E+06   0.796641E-10  -0.100783E-09   0.246030E-09
   0.171800E+06   0.135396E-09  -0.100948E-09   0.209484E-09
   0.171820E+06   0.194812E-09  -0.984290E-10   0.162393E-09
   0.171840E+06   0.252611E-09  -0.941726E-10   0.106704E-09
   0.171860E+06   0.303469E-09  -0.890752E-10   0.449275E-10
   0.171880E+06   0.342724E-09  -0.839332E-10  -0.199534E-10
   0.171900E+06   0.366948E-09  -0.794021E-10  -0.846212E-10
   0.171920E+06   0.374309E-09  -0.759681E-10  -0.145612E-09
   0.171940E+06   0.364674E-09  -0.739317E-10  -0.199536E-09
   0.171960E+06   0.339461E-09  -0.734048E-10  -0.243301E-09
   0.171980E+06   0.301271E-09  -0.743200E-10  -0.274331E-09
   0.172000E+06   0.253384E-09  -0.764527E-10  -0.290731E-09
   0.172020E+06   0.199207E-09  -0.794543E-10  -0.291402E-09
   0.172040E+06   0.141786E-09  -0.828942E-10  -0.276086E-09
   0.172060E+06   0.834507E-10  -0.863081E-10  -0.245335E-09
   0.172080E+06   0.256461E-10  -0.892468E-10  -0.200428E-09
   0.172100E+06  -0.310239E-10  -0.913205E-10  -0.143236E-09
   0.172120E+06  -0.865812E-10  -0.922341E-10  -0.760782E-10
   0.172140E+06  -0.141334E-09  -0.918082E-10  -0.156732E-11
   0.172160E+06  -0.195496E-09  -0.899838E-10   0.775245E-10
   0.172180E+06  -0.248836E-09  -0.868104E-10   0.158371E-09
   0.172200E+06  -0.300449E-09  -0.824202E-10   0.238169E-09
   0.172220E+06  -0.348662E-09  -0.769928E-10   0.314195E-09
   0.172240E+06  -0.391130E-09  -0.707179E-10   0.383848E-09
   0.172260E+06  -0.425066E-09  -0.637617E-10   0.444694E-09
   0.172280E+06  -0.447587E-09  -0.562443E-10   0.494526E-09
   0.172300E+06  -0.456106E-09  -0.482320E-10   0.531441E-09
   0.172320E+06  -0.448697E-09  -0.397451E-10   0.553936E-09
   0.172340E+06  -0.424379E-09  -0.307792E-10   0.561010E-09
   0.172360E+06  -0.383286E-09  -0.213366E-10   0.552258E-09
   0.172380E+06  -0.326689E-09  -0.114579E-10   0.527933E-09
   0.172400E+06  -0.256895E-09  -0.124946E-11   0.488974E-09
   0.172420E+06  -0.177039E-09   0.910103E-11   0.436964E-09
   0.172440E+06  -0.908187E-10   0.193247E-10   0.374035E-09
   0.172460E+06  -0.221099E-11   0.290871E-10   0.302723E-09
   0.172480E+06   0.847912E-10   0.380161E-10   0.225783E-09
   0.172500E+06   0.166395E-09   0.457372E-10   0.145996E-09
   0.172520E+06   0.239174E-09   0.519065E-10   0.660003E-10
   0.172540E+06   0.300176E-09   0.562356E-10  -0.118423E-10
   0.172560E+06   0.347016E-09   0.585026E-10  -0.855146E-10
   0.172580E+06   0.377940E-09   0.585458E-10  -0.153348E-09
   0.172600E+06   0.391902E-09   0.562439E-10  -0.213971E-09
   0.172620E+06   0.388640E-09   0.514882E-10  -0.266217E-09
   0.172640E+06   0.368755E-09   0.441551E-10  -0.309027E-09
   0.172660E+06   0.333762E-09   0.340909E-10  -0.341376E-09
   0.172680E+06   0.286094E-09   0.211165E-10  -0.362250E-09
   0.172700E+06   0.229017E-09   0.505829E-11  -0.370695E-09
   0.172720E+06   0.166452E-09  -0.141943E-10  -0.365937E-09
   0.172740E+06   0.102689E-09  -0.366106E-10  -0.347568E-09
   0.172760E+06   0.420109E-10  -0.619307E-10  -0.315759E-09
   0.172780E+06  -0.117327E-10  -0.895828E-10  -0.271465E-09
   0.172800E+06  -0.555496E-10  -0.118625E-09  -0.216584E-09
   0.172820E+06  -0.876647E-10  -0.147722E-09  -0.154017E-09
   0.172840E+06  -0.107754E-09  -0.175178E-09  -0.876020E-10
   0.172860E+06  -0.117006E-09  -0.199019E-09  -0.219199E-10
   0.172880E+06  -0.117987E-09  -0.217128E-09   0.380338E-10
   0.172900E+06  -0.114318E-09  -0.227420E-09   0.872721E-10
   0.172920E+06  -0.110191E-09  -0.228039E-09   0.121290E-09
   0.172940E+06  -0.109797E-09  -0.217554E-09   0.136530E-09
   0.172960E+06  -0.116737E-09  -0.195126E-09   0.130780E-09
   0.172980E+06  -0.133499E-09  -0.160637E-09   0.103454E-09
   0.173000E+06  -0.161082E-09  -0.114746E-09   0.557034E-10
   0.173020E+06  -0.198810E-09  -0.588884E-10  -0.963119E-11
   0.173040E+06  -0.244374E-09   0.479879E-11  -0.882496E-10
   0.173060E+06  -0.294084E-09   0.736114E-10  -0.174755E-09
   0.173080E+06  -0.343300E-09   0.144452E-09  -0.263111E-09
   0.173100E+06  -0.386973E-09   0.214031E-09  -0.347145E-09
   0.173120E+06  -0.420235E-09   0.279066E-09  -0.421020E-09
   0.173140E+06  -0.438939E-09   0.336477E-09  -0.479657E-09
   0.173160E+06  -0.440115E-09   0.383545E-09  -0.519041E-09
   0.173180E+06  -0.422258E-09   0.418043E-09  -0.536418E-09
   0.173200E+06  -0.385457E-09   0.438325E-09  -0.530368E-09
   0.173220E+06  -0.331352E-09   0.443383E-09  -0.500776E-09
   0.173240E+06  -0.262936E-09   0.432869E-09  -0.448726E-09
   0.173260E+06  -0.184262E-09   0.407099E-09  -0.376357E-09
   0.173280E+06  -0.100073E-09   0.367030E-09  -0.286689E-09
   0.173300E+06  -0.154190E-10   0.314225E-09  -0.183467E-09
   0.173320E+06   0.647148E-10   0.250795E-09  -0.710057E-10
   0.173340E+06   0.135738E-09   0.179323E-09   0.459458E-10
   0.173360E+06   0.193732E-09   0.102765E-09   0.162347E-09
   0.173380E+06   0.235671E-09   0.243293E-10   0.273021E-09
   0.173400E+06   0.259581E-09  -0.526817E-10   0.372847E-09
   0.173420E+06   0.264651E-09  -0.125036E-09   0.456983E-09
   0.173440E+06   0.251280E-09  -0.189756E-09   0.521145E-09
   0.173460E+06   0.221070E-09  -0.244305E-09   0.561895E-09
   0.173480E+06   0.176753E-09  -0.286747E-09   0.576934E-09
   0.173500E+06   0.122039E-09  -0.315881E-09   0.565359E-09
   0.173520E+06   0.613888E-10  -0.331322E-09   0.527837E-09
   0.173540E+06  -0.291778E-12  -0.333522E-09   0.466667E-09
   0.173560E+06  -0.580136E-10  -0.323721E-09   0.385708E-09
   0.173580E+06  -0.107102E-09  -0.303837E-09   0.290153E-09
   0.173600E+06  -0.143590E-09  -0.276293E-09   0.186160E-09
   0.173620E+06  -0.164559E-09  -0.243815E-09   0.803839E-10
   0.173640E+06  -0.168390E-09  -0.209194E-09  -0.205697E-10
   0.173660E+06  -0.154882E-09  -0.175065E-09  -0.110694E-09
   0.173680E+06  -0.125228E-09  -0.143702E-09  -0.185078E-09
   0.173700E+06  -0.818297E-10  -0.116865E-09  -0.240303E-09
   0.173720E+06  -0.279885E-10  -0.956929E-10  -0.274679E-09
   0.173740E+06   0.324902E-10  -0.806709E-10  -0.288318E-09
   0.173760E+06   0.957291E-10  -0.716529E-10  -0.283013E-09
   0.173780E+06   0.158179E-09  -0.679418E-10  -0.261967E-09
   0.173800E+06   0.216933E-09  -0.684096E-10  -0.229392E-09
   0.173820E+06   0.269907E-09  -0.716430E-10  -0.190027E-09
   0.173840E+06   0.315870E-09  -0.760974E-10  -0.148639E-09
   0.173860E+06   0.354325E-09  -0.802431E-10  -0.109561E-09
   0.173880E+06   0.385269E-09  -0.826913E-10  -0.763018E-10
   0.173900E+06   0.408883E-09  -0.822911E-10  -0.512789E-10
   0.173920E+06   0.425225E-09  -0.781945E-10  -0.356784E-10
   0.173940E+06   0.433969E-09  -0.698889E-10  -0.294506E-10
   0.173960E+06   0.434269E-09  -0.572005E-10  -0.314251E-10
   0.173980E+06   0.424766E-09  -0.402754E-10  -0.395225E-10
   0.174000E+06   0.403752E-09  -0.195432E-10  -0.510301E-10
   0.174020E+06   0.369472E-09   0.432924E-11  -0.629104E-10
   0.174040E+06   0.320514E-09   0.304912E-10  -0.721097E-10
   0.174060E+06   0.256223E-09   0.579638E-10  -0.758432E-10
   0.174080E+06   0.177072E-09   0.856971E-10  -0.718360E-10
   0.174100E+06   0.849108E-10   0.112628E-09  -0.585084E-10
   0.174120E+06  -0.169486E-10   0.137739E-09  -0.351011E-10
   0.174140E+06  -0.123850E-09   0.160114E-09  -0.173684E-11
   0.174160E+06  -0.230100E-09   0.178994E-09   0.405789E-10
   0.174180E+06  -0.329448E-09   0.193827E-09   0.900143E-10
   0.174200E+06  -0.415662E-09   0.204307E-09   0.144021E-09
   0.174220E+06  -0.483148E-09   0.210399E-09   0.199493E-09
   0.174240E+06  -0.527516E-09   0.212344E-09   0.252963E-09
   0.174260E+06  -0.546025E-09   0.210648E-09   0.300839E-09
   0.174280E+06  -0.537852E-09   0.206036E-09   0.339651E-09
   0.174300E+06  -0.504155E-09   0.199396E-09   0.366309E-09
   0.174320E+06  -0.447915E-09   0.191699E-09   0.378347E-09
   0.174340E+06  -0.373602E-09   0.183912E-09   0.374129E-09
   0.174360E+06  -0.286694E-09   0.176903E-09   0.353010E-09
   0.174380E+06  -0.193126E-09   0.171360E-09   0.315413E-09
   0.174400E+06  -0.987402E-10   0.167727E-09   0.262840E-09
   0.174420E+06  -0.879459E-11   0.166155E-09   0.197788E-09
   0.174440E+06   0.724157E-10   0.166496E-09   0.123577E-09
   0.174460E+06   0.141786E-09   0.168316E-09   0.441240E-10
   0.174480E+06   0.197476E-09   0.170939E-09  -0.363471E-10
   0.174500E+06   0.238840E-09   0.173517E-09  -0.113611E-09
   0.174520E+06   0.266244E-09   0.175114E-09  -0.183746E-09
   0.174540E+06   0.280809E-09   0.174793E-09  -0.243403E-09
   0.174560E+06   0.284136E-09   0.171706E-09  -0.290019E-09
   0.174580E+06   0.278037E-09   0.165166E-09  -0.321965E-09
   0.174600E+06   0.264325E-09   0.154709E-09  -0.338599E-09
   0.174620E+06   0.244674E-09   0.140127E-09  -0.340249E-09
   0.174640E+06   0.220552E-09   0.121485E-09  -0.328115E-09
   0.174660E+06   0.193222E-09   0.991066E-10  -0.304115E-09
   0.174680E+06   0.163794E-09   0.735452E-10  -0.270684E-09
   0.174700E+06   0.133298E-09   0.455366E-10  -0.230555E-09
   0.174720E+06   0.102763E-09   0.159378E-10  -0.186539E-09
   0.174740E+06   0.732613E-10  -0.143406E-10  -0.141321E-09
   0.174760E+06   0.459284E-10  -0.444048E-10  -0.972792E-10
   0.174780E+06   0.219279E-10  -0.734456E-10  -0.563487E-10
   0.174800E+06   0.238413E-11  -0.100798E-09  -0.199313E-10
   0.174820E+06  -0.117179E-10  -0.125988E-09   0.111517E-10
   0.174840E+06  -0.196433E-10  -0.148766E-09   0.366563E-10
   0.174860E+06  -0.210114E-10  -0.169113E-09   0.568698E-10
   0.174880E+06  -0.158770E-10  -0.187229E-09   0.725245E-10
   0.174900E+06  -0.477169E-11  -0.203496E-09   0.846773E-10
   0.174920E+06   0.112990E-10  -0.218422E-09   0.945658E-10
   0.174940E+06   0.309076E-10  -0.232561E-09   0.103449E-09
   0.174960E+06   0.522984E-10  -0.246431E-09   0.112449E-09
   0.174980E+06   0.735143E-10  -0.260421E-09   0.122399E-09
   0.175000E+06   0.925420E-10  -0.274721E-09   0.133734E-09
   0.175020E+06   0.107461E-09  -0.289258E-09   0.146407E-09
   0.175040E+06   0.116583E-09  -0.303671E-09   0.159875E-09
   0.175060E+06   0.118563E-09  -0.317317E-09   0.173142E-09
   0.175080E+06   0.112486E-09  -0.329316E-09   0.184862E-09
   0.175100E+06   0.979110E-10  -0.338631E-09   0.193504E-09
   0.175120E+06   0.748802E-10  -0.344172E-09   0.197549E-09
   0.175140E+06   0.438993E-10  -0.344918E-09   0.195709E-09
   0.175160E+06   0.588794E-11  -0.340035E-09   0.187135E-09
   0.175180E+06  -0.378836E-10  -0.328979E-09   0.171579E-09
   0.175200E+06  -0.858678E-10  -0.311568E-09   0.149495E-09
   0.175220E+06  -0.136313E-09  -0.288014E-09   0.122051E-09
   0.175240E+06  -0.187334E-09  -0.258908E-09   0.910458E-10
   0.175260E+06  -0.236973E-09  -0.225159E-09   0.587375E-10
   0.175280E+06  -0.283260E-09  -0.187898E-09   0.275962E-10
   0.175300E+06  -0.324264E-09  -0.148358E-09   0.144963E-13
   0.175320E+06  -0.358154E-09  -0.107748E-09  -0.219860E-10
   0.175340E+06  -0.383261E-09  -0.671298E-10  -0.370129E-10
   0.175360E+06  -0.398150E-09  -0.273348E-10  -0.444862E-10
   0.175380E+06  -0.401712E-09   0.110917E-10  -0.447172E-10
   0.175400E+06  -0.393247E-09   0.478951E-10  -0.388680E-10
   0.175420E+06  -0.372562E-09   0.830721E-10  -0.287939E-10
   0.175440E+06  -0.340045E-09   0.116794E-09  -0.167875E-10
   0.175460E+06  -0.296719E-09   0.149305E-09  -0.526003E-11
   0.175480E+06  -0.244255E-09   0.180812E-09   0.359504E-11
   0.175500E+06  -0.184930E-09   0.211381E-09   0.810570E-11
   0.175520E+06  -0.121535E-09   0.240866E-09   0.734774E-11
   0.175540E+06  -0.572186E-10   0.268866E-09   0.125865E-11
   0.175560E+06   0.471701E-11   0.294731E-09  -0.937916E-11
   0.175580E+06   0.610514E-10   0.317612E-09  -0.230833E-10
   0.175600E+06   0.108894E-09   0.336547E-09  -0.379234E-10
   0.175620E+06   0.145918E-09   0.350566E-09  -0.518406E-10
   0.175640E+06   0.170553E-09   0.358816E-09  -0.629866E-10
   0.175660E+06   0.182116E-09   0.360666E-09  -0.700288E-10
   0.175680E+06   0.180869E-09   0.355797E-09  -0.723752E-10
   0.175700E+06   0.167989E-09   0.344254E-09  -0.702839E-10
   0.175720E+06   0.145459E-09   0.326455E-09  -0.648424E-10
   0.175740E+06   0.115901E-09   0.303161E-09  -0.578192E-10
   0.175760E+06   0.823558E-10   0.275401E-09  -0.514123E-10
   0.175780E+06   0.480514E-10   0.244386E-09  -0.479328E-10
   0.175800E+06   0.161651E-10   0.211389E-09  -0.494731E-10
   0.175820E+06  -0.103826E-10   0.177640E-09  -0.576053E-10
   0.175840E+06  -0.291010E-10   0.144231E-09  -0.731547E-10
   0.175860E+06  -0.380566E-10   0.112041E-09  -0.960759E-10
   0.175880E+06  -0.359581E-10   0.816980E-10  -0.125444E-09
   0.175900E+06  -0.222038E-10   0.535686E-10  -0.159554E-09
   0.175920E+06   0.309965E-11   0.277768E-10  -0.196111E-09
   0.175940E+06   0.391407E-10   0.424734E-11  -0.232470E-09
   0.175960E+06   0.844237E-10  -0.172387E-10  -0.265903E-09
   0.175980E+06   0.136808E-09  -0.369837E-10  -0.293843E-09
   0.176000E+06   0.193571E-09  -0.553174E-10  -0.314087E-09
   0.176020E+06   0.251507E-09  -0.725507E-10  -0.324934E-09
   0.176040E+06   0.307063E-09  -0.889439E-10  -0.325266E-09
   0.176060E+06   0.356526E-09  -0.104687E-09  -0.314561E-09
   0.176080E+06   0.396257E-09  -0.119893E-09  -0.292867E-09
   0.176100E+06   0.422950E-09  -0.134597E-09  -0.260755E-09
   0.176120E+06   0.433923E-09  -0.148762E-09  -0.219258E-09
   0.176140E+06   0.427375E-09  -0.162277E-09  -0.169817E-09
   0.176160E+06   0.402608E-09  -0.174962E-09  -0.114235E-09
   0.176180E+06   0.360166E-09  -0.186564E-09  -0.546337E-10
   0.176200E+06   0.301864E-09  -0.196756E-09   0.659408E-11
   0.176220E+06   0.230700E-09  -0.205143E-09   0.668517E-10
   0.176240E+06   0.150645E-09  -0.211273E-09   0.123437E-09
   0.176260E+06   0.663326E-10  -0.214661E-09   0.173678E-09
   0.176280E+06  -0.173213E-10  -0.214829E-09   0.215099E-09
   0.176300E+06  -0.955301E-10  -0.211357E-09   0.245617E-09
   0.176320E+06  -0.164024E-09  -0.203941E-09   0.263732E-09
   0.176340E+06  -0.219373E-09  -0.192454E-09   0.268702E-09
   0.176360E+06  -0.259220E-09  -0.176999E-09   0.260661E-09
   0.176380E+06  -0.282382E-09  -0.157944E-09   0.240660E-09
   0.176400E+06  -0.288845E-09  -0.135928E-09   0.210629E-09
   0.176420E+06  -0.279644E-09  -0.111842E-09   0.173235E-09
   0.176440E+06  -0.256671E-09  -0.867760E-10   0.131660E-09
   0.176460E+06  -0.222436E-09  -0.619314E-10   0.893176E-10
   0.176480E+06  -0.179827E-09  -0.385206E-10   0.495463E-10
   0.176500E+06  -0.131889E-09  -0.176521E-10   0.153010E-10
   0.176520E+06  -0.816535E-10  -0.222142E-12  -0.111032E-10
   0.176540E+06  -0.320128E-10   0.131751E-10  -0.281757E-10
   0.176560E+06   0.143551E-10   0.223072E-10  -0.353405E-10
   0.176580E+06   0.550350E-10   0.273240E-10  -0.329244E-10
   0.176600E+06   0.879134E-10   0.287364E-10  -0.220520E-10
   0.176620E+06   0.111227E-09   0.273546E-10  -0.446551E-11
   0.176640E+06   0.123634E-09   0.241962E-10   0.177018E-10
   0.176660E+06   0.124306E-09   0.203733E-10   0.421678E-10
   0.176680E+06   0.113038E-09   0.169746E-10   0.667258E-10
   0.176700E+06   0.903454E-10   0.149567E-10   0.894272E-10
   0.176720E+06   0.575341E-10   0.150587E-10   0.108705E-09
   0.176740E+06   0.167032E-10   0.177465E-10   0.123430E-09
   0.176760E+06  -0.293271E-10   0.231952E-10   0.132906E-09
   0.176780E+06  -0.771799E-10   0.313051E-10   0.136819E-09
   0.176800E+06  -0.123169E-09   0.417478E-10   0.135148E-09
   0.176820E+06  -0.163609E-09   0.540320E-10   0.128081E-09
   0.176840E+06  -0.195158E-09   0.675770E-10   0.115934E-09
   0.176860E+06  -0.215143E-09   0.817836E-10   0.991024E-10
   0.176880E+06  -0.221840E-09   0.960896E-10   0.780452E-10
   0.176900E+06  -0.214657E-09   0.110005E-09   0.533107E-10
   0.176920E+06  -0.194209E-09   0.123125E-09   0.255853E-10
   0.176940E+06  -0.162272E-09   0.135119E-09  -0.424209E-11
   0.176960E+06  -0.121618E-09   0.145701E-09  -0.350231E-10
   0.176980E+06  -0.757696E-10   0.154604E-09  -0.653171E-10
   0.177000E+06  -0.286846E-10   0.161539E-09  -0.934021E-10
   0.177020E+06   0.155710E-10   0.166182E-09  -0.117339E-09
   0.177040E+06   0.531411E-10   0.168167E-09  -0.135090E-09
   0.177060E+06   0.806565E-10   0.167112E-09  -0.144690E-09
   0.177080E+06   0.954532E-10   0.162652E-09  -0.144452E-09
   0.177100E+06   0.957277E-10   0.154507E-09  -0.133175E-09
   0.177120E+06   0.806306E-10   0.142533E-09  -0.110343E-09
   0.177140E+06   0.503077E-10   0.126792E-09  -0.762716E-10
   0.177160E+06   0.589831E-11   0.107588E-09  -0.321784E-10
   0.177180E+06  -0.505030E-10   0.854890E-10   0.198336E-10
   0.177200E+06  -0.115919E-09   0.613093E-10   0.768959E-10
   0.177220E+06  -0.186601E-09   0.360619E-10   0.135587E-09
   0.177240E+06  -0.258186E-09   0.108787E-10   0.192218E-09
   0.177260E+06  -0.325914E-09  -0.130919E-10   0.243168E-09
   0.177280E+06  -0.384896E-09  -0.347949E-10   0.285217E-09
   0.177300E+06  -0.430440E-09  -0.533740E-10   0.315851E-09
   0.177320E+06  -0.458412E-09  -0.682562E-10   0.333489E-09
   0.177340E+06  -0.465607E-09  -0.792017E-10   0.337612E-09
   0.177360E+06  -0.450076E-09  -0.863140E-10   0.328764E-09
   0.177380E+06  -0.411384E-09  -0.900048E-10   0.308442E-09
   0.177400E+06  -0.350743E-09  -0.909211E-10   0.278874E-09
   0.177420E+06  -0.270995E-09  -0.898418E-10   0.242722E-09
   0.177440E+06  -0.176424E-09  -0.875619E-10   0.202758E-09
   0.177460E+06  -0.724161E-10  -0.847787E-10   0.161538E-09
   0.177480E+06   0.350135E-10  -0.819985E-10   0.121134E-09
   0.177500E+06   0.139763E-09  -0.794762E-10   0.829479E-10
   0.177520E+06   0.236196E-09  -0.771967E-10   0.476331E-10
   0.177540E+06   0.319639E-09  -0.749001E-10   0.151213E-10
   0.177560E+06   0.386742E-09  -0.721445E-10  -0.152491E-10
   0.177580E+06   0.435685E-09  -0.683963E-10  -0.445317E-10
   0.177600E+06   0.466180E-09  -0.631325E-10  -0.739299E-10
   0.177620E+06   0.479301E-09  -0.559387E-10  -0.104551E-09
   0.177640E+06   0.477153E-09  -0.465878E-10  -0.137188E-09
   0.177660E+06   0.462457E-09  -0.350876E-10  -0.172166E-09
   0.177680E+06   0.438106E-09  -0.216929E-10  -0.209250E-09
   0.177700E+06   0.406763E-09  -0.688083E-11  -0.247636E-09
   0.177720E+06   0.370563E-09   0.870256E-11  -0.286019E-09
   0.177740E+06   0.330952E-09   0.243143E-10  -0.322697E-09
   0.177760E+06   0.288683E-09   0.391925E-10  -0.355729E-09
   0.177780E+06   0.243937E-09   0.526265E-10  -0.383095E-09
   0.177800E+06   0.196563E-09   0.640110E-10  -0.402856E-09
   0.177820E+06   0.146346E-09   0.728763E-10  -0.413296E-09
   0.177840E+06   0.932772E-10   0.788963E-10  -0.413043E-09
   0.177860E+06   0.377640E-10   0.818755E-10  -0.401164E-09
   0.177880E+06  -0.192641E-10   0.817248E-10  -0.377232E-09
   0.177900E+06  -0.763550E-10   0.784344E-10  -0.341380E-09
   0.177920E+06  -0.131641E-09   0.720505E-10  -0.294325E-09
   0.177940E+06  -0.183020E-09   0.626649E-10  -0.237375E-09
   0.177960E+06  -0.228382E-09   0.504167E-10  -0.172404E-09
   0.177980E+06  -0.265814E-09   0.355053E-10  -0.101792E-09
   0.178000E+06  -0.293776E-09   0.182113E-10  -0.283315E-10
   0.178020E+06  -0.311189E-09  -0.108520E-11   0.449153E-10
   0.178040E+06  -0.317457E-09  -0.218943E-10   0.114792E-09
   0.178060E+06  -0.312411E-09  -0.436197E-10   0.178254E-09
   0.178080E+06  -0.296214E-09  -0.655805E-10   0.232579E-09
   0.178100E+06  -0.269263E-09  -0.870467E-10   0.275565E-09
   0.178120E+06  -0.232115E-09  -0.107287E-09   0.305694E-09
   0.178140E+06  -0.185472E-09  -0.125621E-09   0.322222E-09
   0.178160E+06  -0.130229E-09  -0.141457E-09   0.325204E-09
   0.178180E+06  -0.675827E-10  -0.154333E-09   0.315434E-09
   0.178200E+06   0.832054E-12  -0.163918E-09   0.294300E-09
   0.178220E+06   0.728141E-10  -0.170011E-09   0.263603E-09
   0.178240E+06   0.145526E-09  -0.172518E-09   0.225332E-09
   0.178260E+06   0.215519E-09  -0.171414E-09   0.181454E-09
   0.178280E+06   0.278887E-09  -0.166722E-09   0.133751E-09
   0.178300E+06   0.331540E-09  -0.158481E-09   0.837076E-10
   0.178320E+06   0.369592E-09  -0.146752E-09   0.324966E-10
   0.178340E+06   0.389805E-09  -0.131634E-09  -0.189669E-10
   0.178360E+06   0.390034E-09  -0.113296E-09  -0.699008E-10
   0.178380E+06   0.369593E-09  -0.920334E-10  -0.119495E-09
   0.178400E+06   0.329490E-09  -0.683107E-10  -0.166752E-09
   0.178420E+06   0.272466E-09  -0.428013E-10  -0.210360E-09
   0.178440E+06   0.202828E-09  -0.163976E-10  -0.248642E-09
   0.178460E+06   0.126073E-09   0.981146E-11  -0.279593E-09
   0.178480E+06   0.483615E-10   0.346020E-10  -0.301010E-09
   0.178500E+06  -0.241133E-10   0.567107E-10  -0.310716E-09
   0.178520E+06  -0.857623E-10   0.749558E-10  -0.306833E-09
   0.178540E+06  -0.132164E-09   0.883672E-10  -0.288076E-09
   0.178560E+06  -0.160480E-09   0.963075E-10  -0.254026E-09
   0.178580E+06  -0.169673E-09   0.985662E-10  -0.205324E-09
   0.178600E+06  -0.160499E-09   0.954097E-10  -0.143767E-09
   0.178620E+06  -0.135299E-09   0.875793E-10  -0.722789E-10
   0.178640E+06  -0.976168E-10   0.762329E-10   0.525550E-11
   0.178660E+06  -0.517235E-10   0.628372E-10   0.842610E-10
   0.178680E+06  -0.210851E-11   0.490231E-10   0.159835E-09
   0.178700E+06   0.469839E-10   0.364206E-10   0.227151E-09
   0.178720E+06   0.919174E-10   0.264953E-10   0.281865E-09
   0.178740E+06   0.129892E-09   0.204042E-10   0.320472E-09
   0.178760E+06   0.159030E-09   0.188892E-10   0.340582E-09
   0.178780E+06   0.178337E-09   0.222163E-10   0.341090E-09
   0.178800E+06   0.187574E-09   0.301676E-10   0.322223E-09
   0.178820E+06   0.187082E-09   0.420808E-10   0.285475E-09
   0.178840E+06   0.177619E-09   0.569304E-10   0.233436E-09
   0.178860E+06   0.160218E-09   0.734372E-10   0.169548E-09
   0.178880E+06   0.136111E-09   0.901932E-10   0.978130E-10
   0.178900E+06   0.106702E-09   0.105788E-09   0.224798E-10
   0.178920E+06   0.735719E-10   0.118923E-09  -0.522545E-10
   0.178940E+06   0.384885E-10   0.128509E-09  -0.122515E-09
   0.178960E+06   0.338648E-11   0.133741E-09  -0.184969E-09
   0.178980E+06  -0.297088E-10   0.134134E-09  -0.236992E-09
   0.179000E+06  -0.588258E-10   0.129553E-09  -0.276771E-09
   0.179020E+06  -0.822536E-10   0.120195E-09  -0.303348E-09
   0.179040E+06  -0.987843E-10   0.106565E-09  -0.316605E-09
   0.179060E+06  -0.107949E-09   0.894298E-10  -0.317202E-09
   0.179080E+06  -0.110197E-09   0.697479E-10  -0.306465E-09
   0.179100E+06  -0.106976E-09   0.486007E-10  -0.286240E-09
   0.179120E+06  -0.100666E-09   0.271080E-10  -0.258717E-09
   0.179140E+06  -0.943706E-10   0.634439E-11  -0.226240E-09
   0.179160E+06  -0.915599E-10  -0.127405E-10  -0.191107E-09
   0.179180E+06  -0.956155E-10  -0.293915E-10  -0.155392E-09
   0.179200E+06  -0.109332E-09  -0.431004E-10  -0.120786E-09
   0.179220E+06  -0.134445E-09  -0.536344E-10  -0.884812E-10
   0.179240E+06  -0.171271E-09  -0.610403E-10  -0.591181E-10
   0.179260E+06  -0.218498E-09  -0.656172E-10  -0.327832E-10
   0.179280E+06  -0.273195E-09  -0.678651E-10  -0.907722E-11
   0.179300E+06  -0.331027E-09  -0.684110E-10   0.127637E-10
   0.179320E+06  -0.386674E-09  -0.679225E-10   0.337060E-10
   0.179340E+06  -0.434389E-09  -0.670190E-10   0.547345E-10
   0.179360E+06  -0.468637E-09  -0.661919E-10   0.766731E-10
   0.179380E+06  -0.484718E-09  -0.657434E-10   0.100032E-09
   0.179400E+06  -0.479312E-09  -0.657533E-10   0.124902E-09
   0.179420E+06  -0.450861E-09  -0.660763E-10   0.150919E-09
   0.179440E+06  -0.399758E-09  -0.663718E-10   0.177289E-09
   0.179460E+06  -0.328312E-09  -0.661595E-10   0.202882E-09
   0.179480E+06  -0.240517E-09  -0.648955E-10   0.226382E-09
   0.179500E+06  -0.141647E-09  -0.620547E-10   0.246460E-09
   0.179520E+06  -0.377482E-10  -0.572108E-10   0.261958E-09
   0.179540E+06   0.649216E-10  -0.501012E-10   0.272048E-09
   0.179560E+06   0.160429E-09  -0.406694E-10   0.276350E-09
   0.179580E+06   0.243629E-09  -0.290786E-10   0.274989E-09
   0.179600E+06   0.310517E-09  -0.156976E-10   0.268586E-09
   0.179620E+06   0.358444E-09  -0.106082E-11   0.258185E-09
   0.179640E+06   0.386194E-09   0.141909E-10   0.245128E-09
   0.179660E+06   0.393941E-09   0.293780E-10   0.230896E-09
   0.179680E+06   0.383094E-09   0.438512E-10   0.216936E-09
   0.179700E+06   0.356084E-09   0.570506E-10   0.204500E-09
   0.179720E+06   0.316093E-09   0.685490E-10   0.194514E-09
   0.179740E+06   0.266776E-09   0.780761E-10   0.187481E-09
   0.179760E+06   0.211978E-09   0.855202E-10   0.183438E-09
   0.179780E+06   0.155471E-09   0.909124E-10   0.181962E-09
   0.179800E+06   0.100721E-09   0.943958E-10   0.182216E-09
   0.179820E+06   0.506863E-10   0.961870E-10   0.183027E-09
   0.179840E+06   0.766463E-11   0.965350E-10   0.182993E-09
   0.179860E+06  -0.268186E-10   0.956843E-10   0.180601E-09
   0.179880E+06  -0.520611E-10   0.938455E-10   0.174349E-09
   0.179900E+06  -0.681755E-10   0.911757E-10   0.162874E-09
   0.179920E+06  -0.760173E-10   0.877690E-10   0.145069E-09
   0.179940E+06  -0.770515E-10   0.836562E-10   0.120195E-09
   0.179960E+06  -0.731664E-10   0.788102E-10   0.879819E-10
   0.179980E+06  -0.664511E-10   0.731555E-10   0.487037E-10
   0.180000E+06  -0.589580E-10   0.665789E-10   0.322878E-11
   0.180020E+06  -0.524773E-10   0.589405E-10  -0.469710E-10
   0.180040E+06  -0.483498E-10   0.500841E-10  -0.998607E-10
   0.180060E+06  -0.473416E-10   0.398487E-10  -0.152940E-09
   0.180080E+06  -0.495955E-10   0.280817E-10  -0.203400E-09
   0.180100E+06  -0.546655E-10   0.146552E-10  -0.248331E-09
   0.180120E+06  -0.616265E-10  -0.512979E-12  -0.284971E-09
   0.180140E+06  -0.692425E-10  -0.174353E-10  -0.310971E-09
   0.180160E+06  -0.761656E-10  -0.360287E-10  -0.324639E-09
   0.180180E+06  -0.811355E-10  -0.560899E-10  -0.325149E-09
   0.180200E+06  -0.831491E-10  -0.772766E-10  -0.312668E-09
   0.180220E+06  -0.815761E-10  -0.990990E-10  -0.288381E-09
   0.180240E+06  -0.762057E-10  -0.120925E-09  -0.254419E-09
   0.180260E+06  -0.672228E-10  -0.142001E-09  -0.213668E-09
   0.180280E+06  -0.551240E-10  -0.161489E-09  -0.169500E-09
   0.180300E+06  -0.405940E-10  -0.178517E-09  -0.125441E-09
   0.180320E+06  -0.243693E-10  -0.192243E-09  -0.848294E-10
   0.180340E+06  -0.711798E-11  -0.201909E-09  -0.504992E-10
   0.180360E+06   0.106412E-10  -0.206908E-09  -0.245285E-10
   0.180380E+06   0.285656E-10  -0.206823E-09  -0.808999E-11
   0.180400E+06   0.464572E-10  -0.201457E-09  -0.141123E-11
   0.180420E+06   0.641837E-10  -0.190847E-09  -0.384784E-11
   0.180440E+06   0.815707E-10  -0.175249E-09  -0.140494E-10
   0.180460E+06   0.982931E-10  -0.155113E-09  -0.301882E-10
   0.180480E+06   0.113793E-09  -0.131049E-09  -0.502118E-10
   0.180500E+06   0.127250E-09  -0.103780E-09  -0.720801E-10
   0.180520E+06   0.137616E-09  -0.741099E-10  -0.939526E-10
   0.180540E+06   0.143726E-09  -0.428861E-10  -0.114305E-09
   0.180560E+06   0.144455E-09  -0.109823E-10  -0.131966E-09
   0.180580E+06   0.138927E-09   0.207145E-10  -0.146084E-09
   0.180600E+06   0.126711E-09   0.513079E-10  -0.156037E-09
   0.180620E+06   0.107994E-09   0.798954E-10  -0.161333E-09
   0.180640E+06   0.836890E-10   0.105576E-09  -0.161503E-09
   0.180660E+06   0.554443E-10   0.127468E-09  -0.156046E-09
   0.180680E+06   0.255619E-10   0.144742E-09  -0.144419E-09
   0.180700E+06  -0.318832E-11   0.156671E-09  -0.126092E-09
   0.180720E+06  -0.278317E-10   0.162686E-09  -0.100655E-09
   0.180740E+06  -0.454991E-10   0.162443E-09  -0.679557E-10
   0.180760E+06  -0.537465E-10   0.155887E-09  -0.282482E-10
   0.180780E+06  -0.508419E-10   0.143298E-09   0.176893E-10
   0.180800E+06  -0.359837E-10   0.125314E-09   0.684826E-10
   0.180820E+06  -0.942291E-11   0.102925E-09   0.122162E-09
   0.180840E+06   0.275244E-10   0.774297E-10   0.176239E-09
   0.180860E+06   0.725739E-10   0.503619E-10   0.227855E-09
   0.180880E+06   0.122665E-09   0.233837E-10   0.273983E-09
   0.180900E+06   0.174222E-09  -0.183423E-11   0.311669E-09
   0.180920E+06   0.223454E-09  -0.237392E-10   0.338258E-09
   0.180940E+06   0.266661E-09  -0.410142E-10   0.351615E-09
   0.180960E+06   0.300513E-09  -0.526737E-10   0.350287E-09
   0.180980E+06   0.322282E-09  -0.581284E-10   0.333603E-09
   0.181000E+06   0.330010E-09  -0.572135E-10   0.301715E-09
   0.181020E+06   0.322616E-09  -0.501791E-10   0.255575E-09
   0.181040E+06   0.299923E-09  -0.376468E-10   0.196857E-09
   0.181060E+06   0.262645E-09  -0.205403E-10   0.127849E-09
   0.181080E+06   0.212310E-09   0.263624E-15   0.513212E-10
   0.181100E+06   0.151164E-09   0.227091E-10  -0.296128E-10
   0.181120E+06   0.820330E-10   0.462815E-10  -0.111639E-09
   0.181140E+06   0.817495E-11   0.694480E-10  -0.191375E-09
   0.181160E+06  -0.668890E-10   0.910304E-10  -0.265504E-09
   0.181180E+06  -0.139555E-09   0.109980E-09  -0.330899E-09
   0.181200E+06  -0.206325E-09   0.125397E-09  -0.384752E-09
   0.181220E+06  -0.264000E-09   0.136536E-09  -0.424692E-09
   0.181240E+06  -0.309870E-09   0.142806E-09  -0.448907E-09
   0.181260E+06  -0.341875E-09   0.143761E-09  -0.456246E-09
   0.181280E+06  -0.358749E-09   0.139098E-09  -0.446298E-09
   0.181300E+06  -0.360106E-09   0.128657E-09  -0.419440E-09
   0.181320E+06  -0.346468E-09   0.112429E-09  -0.376844E-09
   0.181340E+06  -0.319234E-09   0.905711E-10  -0.320430E-09
   0.181360E+06  -0.280573E-09   0.634278E-10  -0.252779E-09
   0.181380E+06  -0.233270E-09   0.315490E-10  -0.176995E-09
   0.181400E+06  -0.180513E-09  -0.429068E-11  -0.965367E-10
   0.181420E+06  -0.125672E-09  -0.430841E-10  -0.150328E-10
   0.181440E+06  -0.720712E-10  -0.835961E-10   0.639125E-10
   0.181460E+06  -0.227755E-10  -0.124387E-09   0.136899E-09
   0.181480E+06   0.195722E-10  -0.163855E-09   0.200889E-09
   0.181500E+06   0.528727E-10  -0.200304E-09   0.253340E-09
   0.181520E+06   0.756373E-10  -0.232028E-09   0.292298E-09
   0.181540E+06   0.870081E-10  -0.257410E-09   0.316472E-09
   0.181560E+06   0.867419E-10  -0.275040E-09   0.325271E-09
   0.181580E+06   0.751714E-10  -0.283821E-09   0.318823E-09
   0.181600E+06   0.531573E-10  -0.283070E-09   0.297980E-09
   0.181620E+06   0.220398E-10  -0.272601E-09   0.264289E-09
   0.181640E+06  -0.164067E-10  -0.252766E-09   0.219955E-09
   0.181660E+06  -0.600181E-10  -0.224467E-09   0.167759E-09
   0.181680E+06  -0.106294E-09  -0.189109E-09   0.110948E-09
   0.181700E+06  -0.152474E-09  -0.148517E-09   0.530813E-10
   0.181720E+06  -0.195638E-09  -0.104803E-09  -0.216882E-11
   0.181740E+06  -0.232858E-09  -0.602132E-10  -0.512494E-10
   0.181760E+06  -0.261378E-09  -0.169412E-10  -0.909829E-10
   0.181780E+06  -0.278825E-09   0.230409E-10  -0.118822E-09
   0.181800E+06  -0.283435E-09   0.581424E-10  -0.133081E-09
   0.181820E+06  -0.274252E-09   0.872735E-10  -0.133107E-09
   0.181840E+06  -0.251290E-09   0.109915E-09  -0.119374E-09
   0.181860E+06  -0.215606E-09   0.126128E-09  -0.934717E-10
   0.181880E+06  -0.169281E-09   0.136510E-09  -0.579825E-10
   0.181900E+06  -0.115289E-09   0.142084E-09  -0.162581E-10
   0.181920E+06  -0.572567E-10   0.144159E-09   0.278967E-10
   0.181940E+06   0.859555E-12   0.144160E-09   0.705931E-10
   0.181960E+06   0.551525E-10   0.143452E-09   0.108242E-09
   0.181980E+06   0.102149E-09   0.143180E-09   0.137909E-09
   0.182000E+06   0.139154E-09   0.144149E-09   0.157596E-09
   0.182020E+06   0.164518E-09   0.146744E-09   0.166421E-09
   0.182040E+06   0.177771E-09   0.150905E-09   0.164665E-09
   0.182060E+06   0.179633E-09   0.156167E-09   0.153692E-09
   0.182080E+06   0.171875E-09   0.161731E-09   0.135752E-09
   0.182100E+06   0.157061E-09   0.166589E-09   0.113683E-09
   0.182120E+06   0.138208E-09   0.169655E-09   0.905697E-10
   0.182140E+06   0.118399E-09   0.169912E-09   0.693863E-10
   0.182160E+06   0.100415E-09   0.166531E-09   0.526739E-10
   0.182180E+06   0.864307E-10   0.158975E-09   0.422870E-10
   0.182200E+06   0.778006E-10   0.147056E-09   0.392348E-10
   0.182220E+06   0.749822E-10   0.130953E-09   0.436276E-10
   0.182240E+06   0.775815E-10   0.111191E-09   0.547251E-10
   0.182260E+06   0.845181E-10   0.885785E-10   0.710704E-10
   0.182280E+06   0.942746E-10   0.641243E-10   0.906844E-10
   0.182300E+06   0.105191E-09   0.389369E-10   0.111291E-09
   0.182320E+06   0.115756E-09   0.141228E-10   0.130541E-09
   0.182340E+06   0.124848E-09  -0.930650E-11   0.146218E-09
   0.182360E+06   0.131894E-09  -0.305087E-10   0.156399E-09
   0.182380E+06   0.136925E-09  -0.488615E-10   0.159569E-09
   0.182400E+06   0.140512E-09  -0.639871E-10   0.154690E-09
   0.182420E+06   0.143610E-09  -0.757511E-10   0.141230E-09
   0.182440E+06   0.147334E-09  -0.842408E-10   0.119167E-09
   0.182460E+06   0.152693E-09  -0.897275E-10   0.889667E-10
   0.182480E+06   0.160342E-09  -0.926200E-10   0.515645E-10
   0.182500E+06   0.170386E-09  -0.934148E-10   0.833003E-11
   0.182520E+06   0.182263E-09  -0.926499E-10  -0.389691E-10
   0.182540E+06   0.194742E-09  -0.908637E-10  -0.882195E-10
   0.182560E+06   0.206018E-09  -0.885621E-10  -0.137035E-09
   0.182580E+06   0.213912E-09  -0.861932E-10  -0.182859E-09
   0.182600E+06   0.216141E-09  -0.841293E-10  -0.223099E-09
   0.182620E+06   0.210614E-09  -0.826526E-10  -0.255291E-09
   0.182640E+06   0.195728E-09  -0.819451E-10  -0.277282E-09
   0.182660E+06   0.170610E-09  -0.820794E-10  -0.287423E-09
   0.182680E+06   0.135272E-09  -0.830121E-10  -0.284737E-09
   0.182700E+06   0.906747E-10  -0.845805E-10  -0.269054E-09
   0.182720E+06   0.386650E-10  -0.865040E-10  -0.241079E-09
   0.182740E+06  -0.181788E-10  -0.883936E-10  -0.202389E-09
   0.182760E+06  -0.767885E-10  -0.897714E-10  -0.155346E-09
   0.182780E+06  -0.133895E-09  -0.901013E-10  -0.102929E-09
   0.182800E+06  -0.186330E-09  -0.888307E-10  -0.484994E-10
   0.182820E+06  -0.231306E-09  -0.854405E-10   0.447270E-11
   0.182840E+06  -0.266643E-09  -0.795003E-10   0.527023E-10
   0.182860E+06  -0.290913E-09  -0.707208E-10   0.933640E-10
   0.182880E+06  -0.303505E-09  -0.590002E-10   0.124323E-09
   0.182900E+06  -0.304605E-09  -0.444547E-10   0.144301E-09
   0.182920E+06  -0.295099E-09  -0.274308E-10   0.152949E-09
   0.182940E+06  -0.276435E-09  -0.849449E-11   0.150847E-09
   0.182960E+06  -0.250444E-09   0.116016E-10   0.139404E-09
   0.182980E+06  -0.219172E-09   0.319716E-10   0.120695E-09
   0.183000E+06  -0.184707E-09   0.516644E-10   0.972380E-10
   0.183020E+06  -0.149055E-09   0.697392E-10   0.717473E-10
   0.183040E+06  -0.114031E-09   0.853396E-10   0.468721E-10
   0.183060E+06  -0.811876E-10   0.977608E-10   0.249570E-10
   0.183080E+06  -0.517743E-10   0.106499E-09   0.783479E-11
   0.183100E+06  -0.267068E-10   0.111283E-09  -0.332893E-11
   0.183120E+06  -0.655135E-11   0.112083E-09  -0.812882E-11
   0.183140E+06   0.848533E-11   0.109098E-09  -0.694483E-11
   0.183160E+06   0.185601E-10   0.102728E-09  -0.897802E-12
   0.183180E+06   0.241859E-10   0.935283E-10   0.826129E-11
   0.183200E+06   0.262067E-10   0.821661E-10   0.183200E-10
   0.183220E+06   0.257463E-10   0.693646E-10   0.268193E-10
   0.183240E+06   0.241260E-10   0.558570E-10   0.312967E-10
   0.183260E+06   0.227492E-10   0.423439E-10   0.295401E-10
   0.183280E+06   0.229597E-10   0.294592E-10   0.198268E-10
   0.183300E+06   0.258859E-10   0.177420E-10   0.112786E-11
   0.183320E+06   0.322889E-10   0.761762E-11  -0.267460E-10
   0.183340E+06   0.424370E-10  -0.617326E-12  -0.630724E-10
   0.183360E+06   0.560280E-10  -0.680345E-11  -0.106232E-09
   0.183380E+06   0.721779E-10  -0.109226E-10  -0.153810E-09
   0.183400E+06   0.894826E-10  -0.130962E-10  -0.202780E-09
   0.183420E+06   0.106156E-09  -0.135769E-10  -0.249753E-09
   0.183440E+06   0.120226E-09  -0.127324E-10  -0.291266E-09
   0.183460E+06   0.129773E-09  -0.110198E-10  -0.324083E-09
   0.183480E+06   0.133170E-09  -0.895191E-11  -0.345477E-09
   0.183500E+06   0.129297E-09  -0.705484E-11  -0.353459E-09
   0.183520E+06   0.117702E-09  -0.582152E-11  -0.346941E-09
   0.183540E+06   0.986636E-10  -0.566413E-11  -0.325808E-09
   0.183560E+06   0.731699E-10  -0.687190E-11  -0.290897E-09
   0.183580E+06   0.427939E-10  -0.957870E-11  -0.243900E-09
   0.183600E+06   0.948927E-11  -0.137464E-10  -0.187184E-09
   0.183620E+06  -0.246640E-10  -0.191672E-10  -0.123583E-09
   0.183640E+06  -0.577285E-10  -0.254865E-10  -0.561507E-10
   0.183660E+06  -0.881511E-10  -0.322448E-10   0.120639E-10
   0.183680E+06  -0.114940E-09  -0.389355E-10   0.782234E-10
   0.183700E+06  -0.137750E-09  -0.450702E-10   0.139859E-09
   0.183720E+06  -0.156858E-09  -0.502465E-10   0.194972E-09
   0.183740E+06  -0.173036E-09  -0.542050E-10   0.242083E-09
   0.183760E+06  -0.187338E-09  -0.568710E-10   0.280223E-09
   0.183780E+06  -0.200827E-09  -0.583709E-10   0.308889E-09
   0.183800E+06  -0.214301E-09  -0.590214E-10   0.327967E-09
   0.183820E+06  -0.228047E-09  -0.592894E-10   0.337641E-09
   0.183840E+06  -0.241669E-09  -0.597268E-10   0.338297E-09
   0.183860E+06  -0.254032E-09  -0.608872E-10   0.330442E-09
   0.183880E+06  -0.263324E-09  -0.632340E-10   0.314633E-09
   0.183900E+06  -0.267248E-09  -0.670534E-10   0.291432E-09
   0.183920E+06  -0.263306E-09  -0.723833E-10   0.261388E-09
   0.183940E+06  -0.249168E-09  -0.789697E-10   0.225035E-09
   0.183960E+06  -0.223045E-09  -0.862595E-10   0.182922E-09
   0.183980E+06  -0.184036E-09  -0.934328E-10   0.135655E-09
   0.184000E+06  -0.132397E-09  -0.994743E-10   0.839520E-10
   0.184020E+06  -0.696802E-10  -0.103277E-09   0.287061E-10
   0.184040E+06   0.127470E-11  -0.103766E-09  -0.289630E-10
   0.184060E+06   0.765013E-10  -0.100033E-09  -0.876668E-10
   0.184080E+06   0.151215E-09  -0.914544E-10  -0.145733E-09
   0.184100E+06   0.220232E-09  -0.777891E-10  -0.201224E-09
   0.184120E+06   0.278455E-09  -0.592358E-10  -0.251990E-09
   0.184140E+06   0.321375E-09  -0.364418E-10  -0.295771E-09
   0.184160E+06   0.345522E-09  -0.104623E-10  -0.330323E-09
   0.184180E+06   0.348829E-09   0.173279E-10  -0.353585E-09
   0.184200E+06   0.330860E-09   0.453582E-10  -0.363847E-09
   0.184220E+06   0.292880E-09   0.720085E-10  -0.359923E-09
   0.184240E+06   0.237766E-09   0.957600E-10  -0.341295E-09
   0.184260E+06   0.169763E-09   0.115332E-09  -0.308217E-09
   0.184280E+06   0.941333E-10   0.129789E-09  -0.261759E-09
   0.184300E+06   0.167059E-10   0.138606E-09  -0.203789E-09
   0.184320E+06  -0.565908E-10   0.141687E-09  -0.136877E-09
   0.184340E+06  -0.120195E-09   0.139339E-09  -0.641465E-10
   0.184360E+06  -0.169322E-09   0.132200E-09   0.109294E-10
   0.184380E+06  -0.200290E-09   0.121148E-09   0.847657E-10
   0.184400E+06  -0.210747E-09   0.107188E-09   0.153909E-09
   0.184420E+06  -0.199776E-09   0.913434E-10   0.215269E-09
   0.184440E+06  -0.167905E-09   0.745667E-10   0.266319E-09
   0.184460E+06  -0.117009E-09   0.576655E-10   0.305243E-09
   0.184480E+06  -0.501442E-10   0.412664E-10   0.331027E-09
   0.184500E+06   0.286848E-10   0.258058E-10   0.343486E-09
   0.184520E+06   0.114786E-09   0.115472E-10   0.343226E-09
   0.184540E+06   0.203067E-09  -0.138185E-11   0.331560E-09
   0.184560E+06   0.288323E-09  -0.129432E-10   0.310367E-09
   0.184580E+06   0.365518E-09  -0.231393E-10   0.281934E-09
   0.184600E+06   0.430051E-09  -0.319712E-10   0.248771E-09
   0.184620E+06   0.477997E-09  -0.394063E-10   0.213425E-09
   0.184640E+06   0.506317E-09  -0.453598E-10   0.178297E-09
   0.184660E+06   0.513021E-09  -0.496884E-10   0.145482E-09
   0.184680E+06   0.497290E-09  -0.521954E-10   0.116633E-09
   0.184700E+06   0.459529E-09  -0.526440E-10   0.928589E-10
   0.184720E+06   0.401359E-09  -0.507754E-10   0.746686E-10
   0.184740E+06   0.325535E-09  -0.463321E-10   0.619576E-10
   0.184760E+06   0.235790E-09  -0.390834E-10   0.540474E-10
   0.184780E+06   0.136615E-09  -0.288530E-10   0.497725E-10
   0.184800E+06   0.329924E-10  -0.155507E-10   0.476120E-10
   0.184820E+06  -0.699186E-10   0.795250E-12   0.458564E-10
   0.184840E+06  -0.167097E-09   0.200045E-10   0.427952E-10
   0.184860E+06  -0.253967E-09   0.417144E-10   0.369098E-10
   0.184880E+06  -0.326672E-09   0.653580E-10   0.270504E-10
   0.184900E+06  -0.382287E-09   0.901542E-10   0.125800E-10
   0.184920E+06  -0.418961E-09   0.115118E-09  -0.653449E-11
   0.184940E+06  -0.435980E-09   0.139094E-09  -0.296936E-10
   0.184960E+06  -0.433749E-09   0.160810E-09  -0.557066E-10
   0.184980E+06  -0.413697E-09   0.178962E-09  -0.828989E-10
   0.185000E+06  -0.378122E-09   0.192303E-09  -0.109277E-09
   0.185020E+06  -0.329985E-09   0.199750E-09  -0.132732E-09
   0.185040E+06  -0.272680E-09   0.200483E-09  -0.151260E-09
   0.185060E+06  -0.209788E-09   0.194026E-09  -0.163171E-09
   0.185080E+06  -0.144844E-09   0.180303E-09  -0.167274E-09
   0.185100E+06  -0.811194E-10   0.159660E-09  -0.162997E-09
   0.185120E+06  -0.214455E-10   0.132842E-09  -0.150449E-09
   0.185140E+06   0.319245E-10   0.100944E-09  -0.130413E-09
   0.185160E+06   0.774000E-10   0.653164E-10  -0.104261E-09
   0.185180E+06   0.114086E-09   0.274648E-10  -0.738220E-10
   0.185200E+06   0.141761E-09  -0.110672E-10  -0.412046E-10
   0.185220E+06   0.160812E-09  -0.488051E-10  -0.860607E-11
   0.185240E+06   0.172114E-09  -0.844340E-10   0.218776E-10
   0.185260E+06   0.176892E-09  -0.116861E-09   0.484162E-10
   0.185280E+06   0.176559E-09  -0.145252E-09   0.695717E-10
   0.185300E+06   0.172544E-09  -0.169031E-09   0.843765E-10
   0.185320E+06   0.166149E-09  -0.187866E-09   0.923622E-10
   0.185340E+06   0.158419E-09  -0.201631E-09   0.935418E-10
   0.185360E+06   0.150071E-09  -0.210366E-09   0.883546E-10
   0.185380E+06   0.141457E-09  -0.214237E-09   0.775854E-10
   0.185400E+06   0.132589E-09  -0.213505E-09   0.622705E-10
   0.185420E+06   0.123204E-09  -0.208509E-09   0.436011E-10
   0.185440E+06   0.112864E-09  -0.199661E-09   0.228331E-10
   0.185460E+06   0.101078E-09  -0.187449E-09   0.120836E-11
   0.185480E+06   0.874086E-10  -0.172440E-09  -0.201112E-10
   0.185500E+06   0.715746E-10  -0.155282E-09  -0.400972E-10
   0.185520E+06   0.535063E-10  -0.136696E-09  -0.578979E-10
   0.185540E+06   0.333642E-10  -0.117450E-09  -0.728747E-10
   0.185560E+06   0.115118E-10  -0.983239E-10  -0.846308E-10
   0.185580E+06  -0.115468E-10  -0.800547E-10  -0.930327E-10
   0.185600E+06  -0.352505E-10  -0.632838E-10  -0.982218E-10
   0.185620E+06  -0.590689E-10  -0.484996E-10  -0.100610E-09
   0.185640E+06  -0.825735E-10  -0.359943E-10  -0.100855E-09
   0.185660E+06  -0.105479E-09  -0.258371E-10  -0.998143E-10
   0.185680E+06  -0.127645E-09  -0.178723E-10  -0.984740E-10
   0.185700E+06  -0.149032E-09  -0.117431E-10  -0.978522E-10
   0.185720E+06  -0.169630E-09  -0.693993E-11  -0.988915E-10
   0.185740E+06  -0.189368E-09  -0.286691E-11  -0.102345E-09
   0.185760E+06  -0.208019E-09   0.108050E-11  -0.108671E-09
   0.185780E+06  -0.225141E-09   0.543880E-11  -0.117950E-09
   0.185800E+06  -0.240047E-09   0.106094E-10  -0.129837E-09
   0.185820E+06  -0.251834E-09   0.168111E-10  -0.143558E-09
   0.185840E+06  -0.259469E-09   0.240583E-10  -0.157952E-09
   0.185860E+06  -0.261913E-09   0.321661E-10  -0.171556E-09
   0.185880E+06  -0.258274E-09   0.407830E-10  -0.182730E-09
   0.185900E+06  -0.247968E-09   0.494439E-10  -0.189802E-09
   0.185920E+06  -0.230851E-09   0.576371E-10  -0.191211E-09
   0.185940E+06  -0.207301E-09   0.648748E-10  -0.185656E-09
   0.185960E+06  -0.178240E-09   0.707593E-10  -0.172204E-09
   0.185980E+06  -0.145083E-09   0.750352E-10  -0.150373E-09
   0.186000E+06  -0.109616E-09   0.776234E-10  -0.120181E-09
   0.186020E+06  -0.738257E-10   0.786328E-10  -0.821513E-10
   0.186040E+06  -0.396996E-10   0.783517E-10  -0.372923E-10
   0.186060E+06  -0.902942E-11   0.772199E-10   0.129448E-10
   0.186080E+06   0.167592E-10   0.757884E-10   0.667240E-10
   0.186100E+06   0.367246E-10   0.746699E-10   0.121889E-09
   0.186120E+06   0.504627E-10   0.744876E-10   0.176037E-09
   0.186140E+06   0.580926E-10   0.758243E-10   0.226594E-09
   0.186160E+06   0.601834E-10   0.791780E-10   0.270914E-09
   0.186180E+06   0.576388E-10   0.849211E-10   0.306382E-09
   0.186200E+06   0.515618E-10   0.932677E-10   0.330550E-09
   0.186220E+06   0.431230E-10   0.104246E-09   0.341294E-09
   0.186240E+06   0.334520E-10   0.117679E-09   0.336982E-09
   0.186260E+06   0.235638E-10   0.133166E-09   0.316649E-09
   0.186280E+06   0.143246E-10   0.150084E-09   0.280158E-09
   0.186300E+06   0.645040E-11   0.167590E-09   0.228319E-09
   0.186320E+06   0.526921E-12   0.184645E-09   0.162948E-09
   0.186340E+06  -0.296554E-11   0.200056E-09   0.868415E-10
   0.186360E+06  -0.363781E-11   0.212533E-09   0.366429E-11
   0.186380E+06  -0.119880E-11   0.220771E-09  -0.822578E-10
   0.186400E+06   0.451274E-11   0.223542E-09  -0.166224E-09
   0.186420E+06   0.134767E-10   0.219796E-09  -0.243496E-09
   0.186440E+06   0.254340E-10   0.208755E-09  -0.309657E-09
   0.186460E+06   0.398397E-10   0.189998E-09  -0.360954E-09
   0.186480E+06   0.558474E-10   0.163518E-09  -0.394575E-09
   0.186500E+06   0.723387E-10   0.129743E-09  -0.408846E-09
   0.186520E+06   0.880069E-10   0.895207E-10  -0.403321E-09
   0.186540E+06   0.101490E-09   0.440591E-10  -0.378753E-09
   0.186560E+06   0.111538E-09  -0.516331E-11  -0.336966E-09
   0.186580E+06   0.117193E-09  -0.565117E-10  -0.280646E-09
   0.186600E+06   0.117946E-09  -0.108320E-09  -0.213079E-09
   0.186620E+06   0.113844E-09  -0.159008E-09  -0.137871E-09
   0.186640E+06   0.105518E-09  -0.207178E-09  -0.586919E-10
   0.186660E+06   0.941244E-10  -0.251678E-09   0.209503E-10
   0.186680E+06   0.811873E-10  -0.291633E-09   0.978700E-10
   0.186700E+06   0.683777E-10  -0.326424E-09   0.169307E-09
   0.186720E+06   0.572436E-10  -0.355655E-09   0.232977E-09
   0.186740E+06   0.489452E-10  -0.379083E-09   0.287077E-09
   0.186760E+06   0.440350E-10  -0.396554E-09   0.330268E-09
   0.186780E+06   0.423262E-10  -0.407944E-09   0.361655E-09
   0.186800E+06   0.428789E-10  -0.413118E-09   0.380760E-09
   0.186820E+06   0.441144E-10  -0.411929E-09   0.387514E-09
   0.186840E+06   0.440497E-10  -0.404232E-09   0.382247E-09
   0.186860E+06   0.406218E-10  -0.389939E-09   0.365683E-09
   0.186880E+06   0.320549E-10  -0.369074E-09   0.338919E-09
   0.186900E+06   0.172156E-10  -0.341842E-09   0.303390E-09
   0.186920E+06  -0.410119E-11  -0.308681E-09   0.260805E-09
   0.186940E+06  -0.310057E-10  -0.270285E-09   0.213059E-09
   0.186960E+06  -0.614968E-10  -0.227608E-09   0.162130E-09
   0.186980E+06  -0.926070E-10  -0.181819E-09   0.109971E-09
   0.187000E+06  -0.120695E-09  -0.134240E-09   0.584167E-10
   0.187020E+06  -0.141854E-09  -0.862577E-10   0.911251E-11
   0.187040E+06  -0.152371E-09  -0.392311E-10  -0.365192E-10
   0.187060E+06  -0.149199E-09   0.560027E-11  -0.772742E-10
   0.187080E+06  -0.130352E-09   0.471858E-10  -0.112130E-09
   0.187100E+06  -0.951929E-10   0.847101E-10  -0.140195E-09
   0.187120E+06  -0.445717E-10   0.117612E-09  -0.160654E-09
   0.187140E+06   0.192055E-10   0.145578E-09  -0.172743E-09
   0.187160E+06   0.925610E-10   0.168515E-09  -0.175764E-09
   0.187180E+06   0.170960E-09   0.186514E-09  -0.169144E-09
   0.187200E+06   0.249315E-09   0.199817E-09  -0.152547E-09
   0.187220E+06   0.322419E-09   0.208782E-09  -0.126015E-09
   0.187240E+06   0.385381E-09   0.213869E-09  -0.901243E-10
   0.187260E+06   0.433994E-09   0.215629E-09  -0.461106E-10
   0.187280E+06   0.465024E-09   0.214704E-09   0.405149E-11
   0.187300E+06   0.476395E-09   0.211820E-09   0.576561E-10
   0.187320E+06   0.467270E-09   0.207779E-09   0.111370E-09
   0.187340E+06   0.438041E-09   0.203430E-09   0.161438E-09
   0.187360E+06   0.390237E-09   0.199621E-09   0.203970E-09
   0.187380E+06   0.326374E-09   0.197132E-09   0.235290E-09
   0.187400E+06   0.249773E-09   0.196603E-09   0.252293E-09
   0.187420E+06   0.164351E-09   0.198452E-09   0.252773E-09
   0.187440E+06   0.743990E-10   0.202810E-09   0.235674E-09
   0.187460E+06  -0.156452E-10   0.209477E-09   0.201235E-09
   0.187480E+06  -0.101428E-09   0.217915E-09   0.150994E-09
   0.187500E+06  -0.178915E-09   0.227281E-09   0.876637E-10
   0.187520E+06  -0.244616E-09   0.236497E-09   0.148916E-10
   0.187540E+06  -0.295799E-09   0.244361E-09  -0.630712E-10
   0.187560E+06  -0.330678E-09   0.249666E-09  -0.141743E-09
   0.187580E+06  -0.348542E-09   0.251332E-09  -0.216782E-09
   0.187600E+06  -0.349829E-09   0.248520E-09  -0.284310E-09
   0.187620E+06  -0.336107E-09   0.240718E-09  -0.341156E-09
   0.187640E+06  -0.309963E-09   0.227783E-09  -0.385001E-09
   0.187660E+06  -0.274804E-09   0.209939E-09  -0.414418E-09
   0.187680E+06  -0.234567E-09   0.187727E-09  -0.428815E-09
   0.187700E+06  -0.193379E-09   0.161924E-09  -0.428308E-09
   0.187720E+06  -0.155182E-09   0.133437E-09  -0.413562E-09
   0.187740E+06  -0.123380E-09   0.103190E-09  -0.385614E-09
   0.187760E+06  -0.100531E-09   0.720287E-10  -0.345724E-09
   0.187780E+06  -0.881247E-10   0.406420E-10  -0.295267E-09
   0.187800E+06  -0.864760E-10   0.952665E-11  -0.235676E-09
   0.187820E+06  -0.947339E-10  -0.210158E-10  -0.168438E-09
   0.187840E+06  -0.111013E-09  -0.508458E-10  -0.951246E-10
   0.187860E+06  -0.132628E-09  -0.799262E-10  -0.174445E-10
   0.187880E+06  -0.156394E-09  -0.108250E-09   0.627054E-10
   0.187900E+06  -0.178976E-09  -0.135768E-09   0.143212E-09
   0.187920E+06  -0.197229E-09  -0.162329E-09   0.221753E-09
   0.187940E+06  -0.208504E-09  -0.187640E-09   0.295851E-09
   0.187960E+06  -0.210890E-09  -0.211265E-09   0.362965E-09
   0.187980E+06  -0.203369E-09  -0.232634E-09   0.420625E-09
   0.188000E+06  -0.185879E-09  -0.251099E-09   0.466572E-09
   0.188020E+06  -0.159280E-09  -0.265987E-09   0.498914E-09
   0.188040E+06  -0.125242E-09  -0.276669E-09   0.516251E-09
   0.188060E+06  -0.860661E-10  -0.282631E-09   0.517780E-09
   0.188080E+06  -0.444547E-10  -0.283515E-09   0.503344E-09
   0.188100E+06  -0.326389E-11  -0.279165E-09   0.473450E-09
   0.188120E+06   0.347508E-10  -0.269631E-09   0.429226E-09
   0.188140E+06   0.671724E-10  -0.255167E-09   0.372361E-09
   0.188160E+06   0.921273E-10  -0.236209E-09   0.304995E-09
   0.188180E+06   0.108445E-09  -0.213337E-09   0.229613E-09
   0.188200E+06   0.115759E-09  -0.187241E-09   0.148916E-09
   0.188220E+06   0.114544E-09  -0.158680E-09   0.657080E-10
   0.188240E+06   0.106082E-09  -0.128455E-09  -0.172296E-10
   0.188260E+06   0.923541E-10  -0.973744E-10  -0.972393E-10
   0.188280E+06   0.758698E-10  -0.662424E-10  -0.171893E-09
   0.188300E+06   0.594379E-10  -0.358362E-10  -0.239083E-09
   0.188320E+06   0.458949E-10  -0.689235E-11  -0.297109E-09
   0.188340E+06   0.378181E-10   0.199117E-10  -0.344749E-09
   0.188360E+06   0.372452E-10   0.439798E-10  -0.381314E-09
   0.188380E+06   0.454330E-10   0.648237E-10  -0.406677E-09
   0.188400E+06   0.626809E-10   0.820906E-10  -0.421264E-09
   0.188420E+06   0.882433E-10   0.955895E-10  -0.426015E-09
   0.188440E+06   0.120348E-09   0.105310E-09  -0.422287E-09
   0.188460E+06   0.156320E-09   0.111430E-09  -0.411728E-09
   0.188480E+06   0.192811E-09   0.114304E-09  -0.396114E-09
   0.188500E+06   0.226108E-09   0.114435E-09  -0.377162E-09
   0.188520E+06   0.252490E-09   0.112429E-09  -0.356356E-09
   0.188540E+06   0.268602E-09   0.108937E-09  -0.334788E-09
   0.188560E+06   0.271806E-09   0.104582E-09  -0.313048E-09
   0.188580E+06   0.260456E-09   0.999002E-10  -0.291179E-09
   0.188600E+06   0.234095E-09   0.952812E-10  -0.268700E-09
   0.188620E+06   0.193526E-09   0.909344E-10  -0.244708E-09
   0.188640E+06   0.140769E-09   0.868765E-10  -0.218043E-09
   0.188660E+06   0.789033E-10   0.829467E-10  -0.187495E-09
   0.188680E+06   0.118107E-10   0.788464E-10  -0.152026E-09
   0.188700E+06  -0.561408E-10   0.741979E-10  -0.110990E-09
   0.188720E+06  -0.120453E-09   0.686130E-10  -0.642931E-10
   0.188740E+06  -0.176852E-09   0.617623E-10  -0.125024E-10
   0.188760E+06  -0.221611E-09   0.534330E-10   0.431356E-10
   0.188780E+06  -0.251814E-09   0.435686E-10   0.100760E-09
   0.188800E+06  -0.265554E-09   0.322844E-10   0.158035E-09
   0.188820E+06  -0.262038E-09   0.198586E-10   0.212351E-09
   0.188840E+06  -0.241617E-09   0.669963E-11   0.261055E-09
   0.188860E+06  -0.205732E-09  -0.669953E-11   0.301682E-09
   0.188880E+06  -0.156797E-09  -0.198162E-10   0.332161E-09
   0.188900E+06  -0.980204E-10  -0.321498E-10   0.350970E-09
   0.188920E+06  -0.331863E-10  -0.432636E-10   0.357232E-09
   0.188940E+06   0.335928E-10  -0.528123E-10   0.350734E-09
   0.188960E+06   0.981402E-10  -0.605515E-10   0.331897E-09
   0.188980E+06   0.156481E-09  -0.663326E-10   0.301689E-09
   0.189000E+06   0.205093E-09  -0.700874E-10   0.261513E-09
   0.189020E+06   0.241137E-09  -0.718072E-10   0.213093E-09
   0.189040E+06   0.262632E-09  -0.715258E-10   0.158357E-09
   0.189060E+06   0.268586E-09  -0.693084E-10   0.993564E-10
   0.189080E+06   0.259053E-09  -0.652518E-10   0.381982E-10
   0.189100E+06   0.235104E-09  -0.594935E-10  -0.229938E-10
   0.189120E+06   0.198736E-09  -0.522279E-10  -0.821041E-10
   0.189140E+06   0.152692E-09  -0.437237E-10  -0.137049E-09
   0.189160E+06   0.100233E-09  -0.343347E-10  -0.185809E-09
   0.189180E+06   0.448641E-10  -0.245012E-10  -0.226478E-09
   0.189200E+06  -0.994222E-11  -0.147356E-10  -0.257336E-09
   0.189220E+06  -0.610095E-10  -0.559300E-11  -0.276936E-09
   0.189240E+06  -0.105674E-09   0.237042E-11  -0.284206E-09
   0.189260E+06  -0.141935E-09   0.864652E-11  -0.278542E-09
   0.189280E+06  -0.168521E-09   0.128234E-10  -0.259882E-09
   0.189300E+06  -0.184883E-09   0.146254E-10  -0.228749E-09
   0.189320E+06  -0.191113E-09   0.139384E-10  -0.186249E-09
   0.189340E+06  -0.187804E-09   0.108156E-10  -0.134016E-09
   0.189360E+06  -0.175899E-09   0.546515E-11  -0.741235E-10
   0.189380E+06  -0.156536E-09  -0.177896E-11  -0.895175E-11
   0.189400E+06  -0.130916E-09  -0.104959E-10   0.589579E-10
   0.189420E+06  -0.100234E-09  -0.202192E-10   0.127051E-09
   0.189440E+06  -0.656501E-10  -0.304726E-10   0.192893E-09
   0.189460E+06  -0.283218E-10  -0.407932E-10   0.254267E-09
   0.189480E+06   0.105343E-10  -0.507428E-10   0.309238E-09
   0.189500E+06   0.495639E-10  -0.599030E-10   0.356180E-09
   0.189520E+06   0.872125E-10  -0.678619E-10   0.393763E-09
   0.189540E+06   0.121702E-09  -0.741981E-10   0.420925E-09
   0.189560E+06   0.151066E-09  -0.784702E-10   0.436843E-09
   0.189580E+06   0.173249E-09  -0.802199E-10   0.440908E-09
   0.189600E+06   0.186270E-09  -0.789922E-10   0.432725E-09
   0.189620E+06   0.188425E-09  -0.743761E-10   0.412147E-09
   0.189640E+06   0.178504E-09  -0.660609E-10   0.379332E-09
   0.189660E+06   0.156000E-09  -0.539009E-10   0.334825E-09
   0.189680E+06   0.121248E-09  -0.379791E-10   0.279643E-09
   0.189700E+06   0.755031E-10  -0.186562E-10   0.215345E-09
   0.189720E+06   0.209088E-10   0.340449E-11   0.144064E-09
   0.189740E+06  -0.396302E-10   0.272460E-10   0.684940E-10
   0.189760E+06  -0.102667E-09   0.516631E-10  -0.820580E-11
   0.189780E+06  -0.164496E-09   0.752834E-10  -0.825618E-10
   0.189800E+06  -0.221473E-09   0.966773E-10  -0.151009E-09
   0.189820E+06  -0.270324E-09   0.114484E-09  -0.210154E-09
   0.189840E+06  -0.308417E-09   0.127542E-09  -0.257061E-09
   0.189860E+06  -0.333962E-09   0.134999E-09  -0.289519E-09
   0.189880E+06  -0.346116E-09   0.136408E-09  -0.306266E-09
   0.189900E+06  -0.344991E-09   0.131768E-09  -0.307126E-09
   0.189920E+06  -0.331569E-09   0.121532E-09  -0.293055E-09
   0.189940E+06  -0.307542E-09   0.106568E-09  -0.266058E-09
   0.189960E+06  -0.275099E-09   0.880716E-10  -0.229012E-09
   0.189980E+06  -0.236697E-09   0.674576E-10  -0.185382E-09
   0.190000E+06  -0.194827E-09   0.462279E-10  -0.138879E-09
   0.190020E+06  -0.151822E-09   0.258376E-10  -0.930942E-10
   0.190040E+06  -0.109702E-09   0.757126E-11  -0.511483E-10
   0.190060E+06  -0.700745E-10  -0.755695E-11  -0.154086E-10
   0.190080E+06  -0.340947E-10  -0.188717E-10   0.127009E-10
   0.190100E+06  -0.246835E-11  -0.260664E-10   0.327698E-10
   0.190120E+06   0.245038E-10  -0.291975E-10   0.453456E-10
   0.190140E+06   0.468577E-10  -0.286422E-10   0.517619E-10
   0.190160E+06   0.648846E-10  -0.250297E-10   0.538781E-10
   0.190180E+06   0.790478E-10  -0.191543E-10   0.537654E-10
   0.190200E+06   0.899067E-10  -0.118804E-10   0.533861E-10
   0.190220E+06   0.980520E-10  -0.405129E-11   0.543071E-10
   0.190240E+06   0.104056E-09   0.359109E-11   0.574887E-10
   0.190260E+06   0.108435E-09   0.104659E-10   0.631718E-10
   0.190280E+06   0.111634E-09   0.161894E-10   0.708760E-10
   0.190300E+06   0.114006E-09   0.205856E-10   0.795027E-10
   0.190320E+06   0.115818E-09   0.236730E-10   0.875220E-10
   0.190340E+06   0.117253E-09   0.256318E-10   0.932121E-10
   0.190360E+06   0.118413E-09   0.267575E-10   0.949135E-10
   0.190380E+06   0.119326E-09   0.274076E-10   0.912597E-10
   0.190400E+06   0.119951E-09   0.279489E-10   0.813533E-10
   0.190420E+06   0.120177E-09   0.287118E-10   0.648673E-10
   0.190440E+06   0.119815E-09   0.299544E-10   0.420625E-10
   0.190460E+06   0.118602E-09   0.318411E-10   0.137290E-10
   0.190480E+06   0.116186E-09   0.344337E-10  -0.189325E-10
   0.190500E+06   0.112140E-09   0.376944E-10  -0.544621E-10
   0.190520E+06   0.105970E-09   0.414977E-10  -0.912992E-10
   0.190540E+06   0.971553E-10   0.456463E-10  -0.127920E-09
   0.190560E+06   0.851955E-10   0.498891E-10  -0.162936E-09
   0.190580E+06   0.696865E-10   0.539379E-10  -0.195148E-09
   0.190600E+06   0.504056E-10   0.574815E-10  -0.223550E-09
   0.190620E+06   0.274017E-10   0.601979E-10  -0.247302E-09
   0.190640E+06   0.107600E-11   0.617652E-10  -0.265680E-09
   0.190660E+06  -0.277620E-10   0.618742E-10  -0.278038E-09
   0.190680E+06  -0.578781E-10   0.602434E-10  -0.283784E-09
   0.190700E+06  -0.876480E-10   0.566380E-10  -0.282391E-09
   0.190720E+06  -0.115149E-09   0.508924E-10  -0.273446E-09
   0.190740E+06  -0.138304E-09   0.429351E-10  -0.256729E-09
   0.190760E+06  -0.155068E-09   0.328113E-10  -0.232314E-09
   0.190780E+06  -0.163640E-09   0.207006E-10  -0.200661E-09
   0.190800E+06  -0.162666E-09   0.692456E-11  -0.162694E-09
   0.190820E+06  -0.151414E-09  -0.805821E-11  -0.119821E-09
   0.190840E+06  -0.129897E-09  -0.236725E-10  -0.739112E-10
   0.190860E+06  -0.989129E-10  -0.392607E-10  -0.272012E-10
   0.190880E+06  -0.600042E-10  -0.541299E-10   0.178565E-10
   0.190900E+06  -0.153356E-10  -0.676046E-10   0.587857E-10
   0.190920E+06   0.325002E-10  -0.790819E-10   0.933035E-10
   0.190940E+06   0.807189E-10  -0.880802E-10   0.119532E-09
   0.190960E+06   0.126596E-09  -0.942772E-10   0.136183E-09
   0.190980E+06   0.167701E-09  -0.975321E-10   0.142685E-09
   0.191000E+06   0.202084E-09  -0.978900E-10   0.139252E-09
   0.191020E+06   0.228395E-09  -0.955693E-10   0.126868E-09
   0.191040E+06   0.245932E-09  -0.909348E-10   0.107204E-09
   0.191060E+06   0.254599E-09  -0.844605E-10   0.824698E-10
   0.191080E+06   0.254821E-09  -0.766880E-10   0.552269E-10
   0.191100E+06   0.247400E-09  -0.681845E-10   0.281693E-10
   0.191120E+06   0.233366E-09  -0.595054E-10   0.390679E-11
   0.191140E+06   0.213829E-09  -0.511633E-10  -0.152370E-10
   0.191160E+06   0.189872E-09  -0.436050E-10  -0.273934E-10
   0.191180E+06   0.162474E-09  -0.371936E-10  -0.312756E-10
   0.191200E+06   0.132489E-09  -0.321978E-10  -0.262581E-10
   0.191220E+06   0.100658E-09  -0.287817E-10  -0.124069E-10
   0.191240E+06   0.676626E-10  -0.269984E-10   0.953328E-11
   0.191260E+06   0.341804E-10  -0.267833E-10   0.381932E-10
   0.191280E+06   0.943249E-12  -0.279509E-10   0.716676E-10
   0.191300E+06  -0.312210E-10  -0.301952E-10   0.107632E-09
   0.191320E+06  -0.613735E-10  -0.330976E-10   0.143486E-09
   0.191340E+06  -0.884768E-10  -0.361450E-10   0.176513E-09
   0.191360E+06  -0.111433E-09  -0.387596E-10   0.204059E-09
   0.191380E+06  -0.129138E-09  -0.403401E-10   0.223713E-09
   0.191400E+06  -0.140551E-09  -0.403132E-10   0.233495E-09
   0.191420E+06  -0.144763E-09  -0.381910E-10   0.232021E-09
   0.191440E+06  -0.141059E-09  -0.336269E-10   0.218648E-09
   0.191460E+06  -0.128979E-09  -0.264652E-10   0.193570E-09
   0.191480E+06  -0.108371E-09  -0.167750E-10   0.157861E-09
   0.191500E+06  -0.794428E-10  -0.486414E-11   0.113445E-09
   0.191520E+06  -0.428049E-10   0.873077E-11   0.629899E-10
   0.191540E+06   0.483924E-12   0.232803E-10   0.972942E-11
   0.191560E+06   0.488834E-10   0.379192E-10  -0.427846E-10
   0.191580E+06   0.100357E-09   0.517215E-10  -0.909714E-10
   0.191600E+06   0.152389E-09   0.637832E-10  -0.131532E-09
   0.191620E+06   0.202045E-09   0.733050E-10  -0.161747E-09
   0.191640E+06   0.246092E-09   0.796647E-10  -0.179729E-09
   0.191660E+06   0.281181E-09   0.824712E-10  -0.184604E-09
   0.191680E+06   0.304082E-09   0.815937E-10  -0.176589E-09
   0.191700E+06   0.311971E-09   0.771646E-10  -0.156968E-09
   0.191720E+06   0.302729E-09   0.695548E-10  -0.127959E-09
   0.191740E+06   0.275223E-09   0.593265E-10  -0.924861E-10
   0.191760E+06   0.229537E-09   0.471703E-10  -0.538869E-10
   0.191780E+06   0.167107E-09   0.338334E-10  -0.155843E-10
   0.191800E+06   0.907301E-10   0.200491E-10   0.192342E-10
   0.191820E+06   0.444099E-11   0.647445E-11   0.478982E-10
   0.191840E+06  -0.867548E-10  -0.635603E-11   0.684640E-10
   0.191860E+06  -0.177264E-09  -0.180581E-10   0.798348E-10
   0.191880E+06  -0.261372E-09  -0.284054E-10   0.817826E-10
   0.191900E+06  -0.333735E-09  -0.373181E-10   0.748788E-10
   0.191920E+06  -0.389854E-09  -0.448361E-10   0.603510E-10
   0.191940E+06  -0.426461E-09  -0.510840E-10   0.398906E-10
   0.191960E+06  -0.441783E-09  -0.562316E-10   0.154406E-10
   0.191980E+06  -0.435645E-09  -0.604570E-10  -0.110084E-10
   0.192000E+06  -0.409419E-09  -0.639167E-10  -0.375911E-10
   0.192020E+06  -0.365807E-09  -0.667238E-10  -0.626932E-10
   0.192040E+06  -0.308519E-09  -0.689400E-10  -0.850267E-10
   0.192060E+06  -0.241875E-09  -0.705739E-10  -0.103654E-09
   0.192080E+06  -0.170384E-09  -0.715888E-10  -0.117973E-09
   0.192100E+06  -0.983705E-10  -0.719141E-10  -0.127678E-09
   0.192120E+06  -0.296624E-10  -0.714594E-10  -0.132707E-09
   0.192140E+06   0.326033E-10  -0.701268E-10  -0.133184E-09
   0.192160E+06   0.860680E-10  -0.678217E-10  -0.129383E-09
   0.192180E+06   0.129133E-09  -0.644612E-10  -0.121682E-09
   0.192200E+06   0.160863E-09  -0.599814E-10  -0.110540E-09
   0.192220E+06   0.180844E-09  -0.543439E-10  -0.964682E-10
   0.192240E+06   0.189037E-09  -0.475444E-10  -0.799976E-10
   0.192260E+06   0.185656E-09  -0.396218E-10  -0.616464E-10
   0.192280E+06   0.171099E-09  -0.306705E-10  -0.418746E-10
   0.192300E+06   0.145933E-09  -0.208510E-10  -0.210408E-10
   0.192320E+06   0.110936E-09  -0.103990E-10   0.636511E-12
   0.192340E+06   0.671765E-10   0.372567E-12   0.230993E-10
   0.192360E+06   0.160951E-10   0.110800E-10   0.464460E-10
   0.192380E+06  -0.404312E-10   0.212868E-10   0.708943E-10
   0.192400E+06  -0.100073E-09   0.305335E-10   0.967123E-10
   0.192420E+06  -0.160097E-09   0.383769E-10   0.124123E-09
   0.192440E+06  -0.217484E-09   0.444363E-10   0.153197E-09
   0.192460E+06  -0.269115E-09   0.484389E-10   0.183743E-09
   0.192480E+06  -0.311989E-09   0.502594E-10   0.215233E-09
   0.192500E+06  -0.343471E-09   0.499469E-10   0.246757E-09
   0.192520E+06  -0.361509E-09   0.477335E-10   0.277035E-09
   0.192540E+06  -0.364821E-09   0.440224E-10   0.304490E-09
   0.192560E+06  -0.353009E-09   0.393558E-10   0.327369E-09
   0.192580E+06  -0.326594E-09   0.343666E-10   0.343908E-09
   0.192600E+06  -0.286973E-09   0.297199E-10   0.352507E-09
   0.192620E+06  -0.236309E-09   0.260511E-10   0.351910E-09
   0.192640E+06  -0.177364E-09   0.239109E-10   0.341346E-09
   0.192660E+06  -0.113301E-09   0.237225E-10   0.320625E-09
   0.192680E+06  -0.474737E-10   0.257553E-10   0.290169E-09
   0.192700E+06   0.167806E-10   0.301178E-10   0.250981E-09
   0.192720E+06   0.763258E-10   0.367668E-10   0.204556E-09
   0.192740E+06   0.128392E-09   0.455290E-10   0.152748E-09
   0.192760E+06   0.170714E-09   0.561278E-10   0.976146E-10
   0.192780E+06   0.201640E-09   0.682103E-10   0.412606E-10
   0.192800E+06   0.220226E-09   0.813682E-10  -0.143011E-10
   0.192820E+06   0.226290E-09   0.951509E-10  -0.672583E-10
   0.192840E+06   0.220447E-09   0.109069E-09  -0.116070E-09
   0.192860E+06   0.204096E-09   0.122595E-09  -0.159501E-09
   0.192880E+06   0.179361E-09   0.135161E-09  -0.196621E-09
   0.192900E+06   0.148974E-09   0.146159E-09  -0.226789E-09
   0.192920E+06   0.116094E-09   0.154962E-09  -0.249621E-09
   0.192940E+06   0.840713E-10   0.160943E-09  -0.264966E-09
   0.192960E+06   0.561678E-10   0.163520E-09  -0.272880E-09
   0.192980E+06   0.352601E-10   0.162199E-09  -0.273613E-09
   0.193000E+06   0.235526E-10   0.156623E-09  -0.267603E-09
   0.193020E+06   0.223402E-10   0.146623E-09  -0.255467E-09
   0.193040E+06   0.318513E-10   0.132238E-09  -0.237989E-09
   0.193060E+06   0.511988E-10   0.113731E-09  -0.216097E-09
   0.193080E+06   0.784510E-10   0.915765E-10  -0.190830E-09
   0.193100E+06   0.110821E-09   0.664195E-10  -0.163293E-09
   0.193120E+06   0.144958E-09   0.390278E-10  -0.134602E-09
   0.193140E+06   0.177298E-09   0.102295E-10  -0.105842E-09
   0.193160E+06   0.204448E-09  -0.191475E-10  -0.780203E-10
   0.193180E+06   0.223536E-09  -0.483244E-10  -0.520488E-10
   0.193200E+06   0.232495E-09  -0.766029E-10  -0.287376E-10
   0.193220E+06   0.230252E-09  -0.103375E-09  -0.881005E-11
   0.193240E+06   0.216789E-09  -0.128113E-09   0.707263E-11
   0.193260E+06   0.193088E-09  -0.150345E-09   0.182843E-10
   0.193280E+06   0.160968E-09  -0.169623E-09   0.242178E-10
   0.193300E+06   0.122849E-09  -0.185496E-09   0.242901E-10
   0.193320E+06   0.814766E-10  -0.197499E-09   0.179762E-10
   0.193340E+06   0.396471E-10  -0.205161E-09   0.487380E-11
   0.193360E+06  -0.362189E-13  -0.208032E-09  -0.152061E-10
   0.193380E+06  -0.353467E-10  -0.205739E-09  -0.421340E-10
   0.193400E+06  -0.645507E-10  -0.198041E-09  -0.753592E-10
   0.193420E+06  -0.864571E-10  -0.184902E-09  -0.113829E-09
   0.193440E+06  -0.100412E-09  -0.166539E-09  -0.155950E-09
   0.193460E+06  -0.106254E-09  -0.143452E-09  -0.199600E-09
   0.193480E+06  -0.104258E-09  -0.116429E-09  -0.242219E-09
   0.193500E+06  -0.950674E-10  -0.865052E-10  -0.280944E-09
   0.193520E+06  -0.796394E-10  -0.549053E-10  -0.312820E-09
   0.193540E+06  -0.591996E-10  -0.229466E-10  -0.335034E-09
   0.193560E+06  -0.351947E-10   0.806067E-11  -0.345166E-09
   0.193580E+06  -0.924063E-11   0.369174E-10  -0.341428E-09
   0.193600E+06   0.169469E-10   0.626241E-10  -0.322855E-09
   0.193620E+06   0.416456E-10   0.844449E-10  -0.289435E-09
   0.193640E+06   0.632430E-10   0.101941E-09  -0.242154E-09
   0.193660E+06   0.803661E-10   0.114971E-09  -0.182954E-09
   0.193680E+06   0.920089E-10   0.123658E-09  -0.114603E-09
   0.193700E+06   0.976365E-10   0.128344E-09  -0.405012E-10
   0.193720E+06   0.972446E-10   0.129516E-09   0.355796E-10
   0.193740E+06   0.913574E-10   0.127743E-09   0.109770E-09
   0.193760E+06   0.809580E-10   0.123613E-09   0.178386E-09
   0.193780E+06   0.673545E-10   0.117682E-09   0.238178E-09
   0.193800E+06   0.520002E-10   0.110444E-09   0.286542E-09
   0.193820E+06   0.362932E-10   0.102303E-09   0.321658E-09
   0.193840E+06   0.213902E-10   0.935793E-10   0.342570E-09
   0.193860E+06   0.806497E-11   0.845012E-10   0.349185E-09
   0.193880E+06  -0.336286E-11   0.752173E-10   0.342213E-09
   0.193900E+06  -0.130152E-10   0.658008E-10   0.323066E-09
   0.193920E+06  -0.213620E-10   0.562546E-10   0.293706E-09
   0.193940E+06  -0.290636E-10   0.465161E-10   0.256482E-09
   0.193960E+06  -0.367816E-10   0.364604E-10   0.213967E-09
   0.193980E+06  -0.449932E-10   0.259086E-10   0.168796E-09
   0.194000E+06  -0.538498E-10   0.146418E-10   0.123522E-09
   0.194020E+06  -0.631076E-10   0.242298E-11   0.804994E-10
   0.194040E+06  -0.721483E-10  -0.109725E-10   0.417851E-10
   0.194060E+06  -0.800892E-10  -0.257206E-10   0.906727E-11
   0.194080E+06  -0.859629E-10  -0.419100E-10  -0.163879E-10
   0.194100E+06  -0.889337E-10  -0.595058E-10  -0.337686E-10
   0.194120E+06  -0.885084E-10  -0.783229E-10  -0.427329E-10
   0.194140E+06  -0.846978E-10  -0.980125E-10  -0.434058E-10
   0.194160E+06  -0.780937E-10  -0.118066E-09  -0.363582E-10
   0.194180E+06  -0.698396E-10  -0.137839E-09  -0.225648E-10
   0.194200E+06  -0.614947E-10  -0.156589E-09  -0.334060E-11
   0.194220E+06  -0.548094E-10  -0.173530E-09   0.197440E-10
   0.194240E+06  -0.514473E-10  -0.187895E-09   0.449665E-10
   0.194260E+06  -0.527029E-10  -0.198993E-09   0.705695E-10
   0.194280E+06  -0.592639E-10  -0.206269E-09   0.948819E-10
   0.194300E+06  -0.710616E-10  -0.209342E-09   0.116435E-09
   0.194320E+06  -0.872399E-10  -0.208033E-09   0.134063E-09
   0.194340E+06  -0.106250E-09  -0.202371E-09   0.146971E-09
   0.194360E+06  -0.126061E-09  -0.192583E-09   0.154778E-09
   0.194380E+06  -0.144445E-09  -0.179064E-09   0.157504E-09
   0.194400E+06  -0.159305E-09  -0.162340E-09   0.155539E-09
   0.194420E+06  -0.168973E-09  -0.143025E-09   0.149555E-09
   0.194440E+06  -0.172441E-09  -0.121772E-09   0.140417E-09
   0.194460E+06  -0.169483E-09  -0.992332E-10   0.129066E-09
   0.194480E+06  -0.160647E-09  -0.760266E-10   0.116412E-09
   0.194500E+06  -0.147127E-09  -0.527101E-10   0.103244E-09
   0.194520E+06  -0.130529E-09  -0.297685E-10   0.901628E-10
   0.194540E+06  -0.112583E-09  -0.760736E-11   0.775435E-10
   0.194560E+06  -0.948412E-10   0.134438E-10   0.655334E-10
   0.194580E+06  -0.784293E-10   0.331276E-10   0.540762E-10
   0.194600E+06  -0.638745E-10   0.512479E-10   0.429549E-10
   0.194620E+06  -0.510526E-10   0.676638E-10   0.318485E-10
   0.194640E+06  -0.392531E-10   0.822835E-10   0.203889E-10
   0.194660E+06  -0.273492E-10   0.950619E-10   0.821170E-11
   0.194680E+06  -0.140413E-10   0.105999E-09  -0.500518E-11
   0.194700E+06   0.187105E-11   0.115140E-09  -0.195164E-10
   0.194720E+06   0.212358E-10   0.122574E-09  -0.354972E-10
   0.194740E+06   0.443577E-10   0.128433E-09  -0.530405E-10
   0.194760E+06   0.709006E-10   0.132883E-09  -0.721589E-10
   0.194780E+06   0.998976E-10   0.136114E-09  -0.927855E-10
   0.194800E+06   0.129864E-09   0.138328E-09  -0.114772E-09
   0.194820E+06   0.158991E-09   0.139717E-09  -0.137882E-09
   0.194840E+06   0.185386E-09   0.140455E-09  -0.161775E-09
   0.194860E+06   0.207320E-09   0.140675E-09  -0.185998E-09
   0.194880E+06   0.223441E-09   0.140462E-09  -0.209972E-09
   0.194900E+06   0.232922E-09   0.139847E-09  -0.232988E-09
   0.194920E+06   0.235530E-09   0.138803E-09  -0.254216E-09
   0.194940E+06   0.231602E-09   0.137256E-09  -0.272723E-09
   0.194960E+06   0.221957E-09   0.135091E-09  -0.287509E-09
   0.194980E+06   0.207746E-09   0.132164E-09  -0.297556E-09
   0.195000E+06   0.190290E-09   0.128314E-09  -0.301883E-09
   0.195020E+06   0.170916E-09   0.123378E-09  -0.299610E-09
   0.195040E+06   0.150834E-09   0.117196E-09  -0.290019E-09
   0.195060E+06   0.131056E-09   0.109623E-09  -0.272615E-09
   0.195080E+06   0.112368E-09   0.100532E-09  -0.247177E-09
   0.195100E+06   0.953435E-10   0.898270E-10  -0.213799E-09
   0.195120E+06   0.803919E-10   0.774482E-10  -0.172913E-09
   0.195140E+06   0.678046E-10   0.633886E-10  -0.125301E-09
   0.195160E+06   0.577981E-10   0.477099E-10  -0.720826E-10
   0.195180E+06   0.505269E-10   0.305606E-10  -0.146833E-10
   0.195200E+06   0.460652E-10   0.121939E-10   0.452137E-10
   0.195220E+06   0.443607E-10  -0.701903E-11   0.105740E-09
   0.195240E+06   0.451696E-10  -0.265872E-10   0.164930E-09
   0.195260E+06   0.479951E-10  -0.459078E-10   0.220819E-09
   0.195280E+06   0.520460E-10  -0.642912E-10   0.271548E-09
   0.195300E+06   0.562356E-10  -0.809996E-10   0.315466E-09
   0.195320E+06   0.592305E-10  -0.952992E-10   0.351213E-09
   0.195340E+06   0.595522E-10  -0.106518E-09   0.377787E-09
   0.195360E+06   0.557227E-10  -0.114106E-09   0.394575E-09
   0.195380E+06   0.464373E-10  -0.117686E-09   0.401355E-09
   0.195400E+06   0.307406E-10  -0.117089E-09   0.398263E-09
   0.195420E+06   0.817941E-11  -0.112376E-09   0.385733E-09
   0.195440E+06  -0.210903E-10  -0.103829E-09   0.364417E-09
   0.195460E+06  -0.562596E-10  -0.919251E-10   0.335106E-09
   0.195480E+06  -0.958946E-10  -0.772929E-10   0.298654E-09
   0.195500E+06  -0.138034E-09  -0.606603E-10   0.255926E-09
   0.195520E+06  -0.180343E-09  -0.427966E-10   0.207773E-09
   0.195540E+06  -0.220305E-09  -0.244631E-10   0.155040E-09
   0.195560E+06  -0.255432E-09  -0.637480E-11   0.986051E-10
   0.195580E+06  -0.283456E-09   0.108228E-10   0.394347E-10
   0.195600E+06  -0.302504E-09   0.265609E-10  -0.213555E-10
   0.195620E+06  -0.311218E-09   0.403425E-10  -0.824477E-10
   0.195640E+06  -0.308834E-09   0.517315E-10  -0.142296E-09
   0.195660E+06  -0.295205E-09   0.603420E-10  -0.199141E-09
   0.195680E+06  -0.270782E-09   0.658330E-10  -0.251059E-09
   0.195700E+06  -0.236563E-09   0.679158E-10  -0.296067E-09
   0.195720E+06  -0.194011E-09   0.663712E-10  -0.332249E-09
   0.195740E+06  -0.144962E-09   0.610783E-10  -0.357913E-09
   0.195760E+06  -0.915214E-10   0.520472E-10  -0.371736E-09
   0.195780E+06  -0.359544E-10   0.394491E-10  -0.372906E-09
   0.195800E+06   0.194276E-10   0.236376E-10  -0.361213E-09
   0.195820E+06   0.723832E-10   0.515298E-11  -0.337102E-09
   0.195840E+06   0.120859E-09  -0.152931E-10  -0.301667E-09
   0.195860E+06   0.163106E-09  -0.368516E-10  -0.256590E-09
   0.195880E+06   0.197783E-09  -0.585883E-10  -0.204040E-09
   0.195900E+06   0.224045E-09  -0.795434E-10  -0.146525E-09
   0.195920E+06   0.241592E-09  -0.987936E-10  -0.867458E-10
   0.195940E+06   0.250688E-09  -0.115506E-09  -0.274284E-10
   0.195960E+06   0.252112E-09  -0.128978E-09   0.288172E-10
   0.195980E+06   0.247075E-09  -0.138660E-09   0.796238E-10
   0.196000E+06   0.237074E-09  -0.144156E-09   0.122963E-09
   0.196020E+06   0.223717E-09  -0.145214E-09   0.157215E-09
   0.196040E+06   0.208532E-09  -0.141708E-09   0.181206E-09
   0.196060E+06   0.192774E-09  -0.133613E-09   0.194236E-09
   0.196080E+06   0.177271E-09  -0.120992E-09   0.196076E-09
   0.196100E+06   0.162318E-09  -0.103993E-09   0.186965E-09
   0.196120E+06   0.147639E-09  -0.828582E-10   0.167592E-09
   0.196140E+06   0.132434E-09  -0.579448E-10   0.139074E-09
   0.196160E+06   0.115487E-09  -0.297512E-10   0.102912E-09
   0.196180E+06   0.953552E-10   0.105910E-11   0.609438E-10
   0.196200E+06   0.705846E-10   0.336437E-10   0.152761E-10
   0.196220E+06   0.399532E-10   0.669871E-10  -0.318082E-10
   0.196240E+06   0.269584E-11   0.999281E-10  -0.779540E-10
   0.196260E+06  -0.413105E-10   0.131212E-09  -0.120856E-09
   0.196280E+06  -0.914255E-10   0.159563E-09  -0.158386E-09
   0.196300E+06  -0.146204E-09   0.183769E-09  -0.188716E-09
   0.196320E+06  -0.203444E-09   0.202766E-09  -0.210432E-09
   0.196340E+06  -0.260315E-09   0.215722E-09  -0.222613E-09
   0.196360E+06  -0.313564E-09   0.222095E-09  -0.224882E-09
   0.196380E+06  -0.359773E-09   0.221670E-09  -0.217414E-09
   0.196400E+06  -0.395654E-09   0.214563E-09  -0.200902E-09
   0.196420E+06  -0.418339E-09   0.201201E-09  -0.176481E-09
   0.196440E+06  -0.425653E-09   0.182277E-09  -0.145622E-09
   0.196460E+06  -0.416340E-09   0.158688E-09  -0.110008E-09
   0.196480E+06  -0.390214E-09   0.131464E-09  -0.714006E-10
   0.196500E+06  -0.348234E-09   0.101708E-09  -0.315191E-10
   0.196520E+06  -0.292474E-09   0.705301E-10   0.806375E-11
   0.196540E+06  -0.226010E-09   0.390092E-10   0.459923E-10
   0.196560E+06  -0.152712E-09   0.815742E-11   0.811644E-10
   0.196580E+06  -0.769700E-10  -0.210964E-10   0.112734E-09
   0.196600E+06  -0.336141E-11  -0.479178E-10   0.140082E-09
   0.196620E+06   0.636939E-10  -0.715733E-10   0.162775E-09
   0.196640E+06   0.120278E-09  -0.914388E-10   0.180509E-09
   0.196660E+06   0.163280E-09  -0.107012E-09   0.193069E-09
   0.196680E+06   0.190630E-09  -0.117930E-09   0.200298E-09
   0.196700E+06   0.201451E-09  -0.123994E-09   0.202095E-09
   0.196720E+06   0.196103E-09  -0.125190E-09   0.198442E-09
   0.196740E+06   0.176125E-09  -0.121710E-09   0.189448E-09
   0.196760E+06   0.144078E-09  -0.113966E-09   0.175406E-09
   0.196780E+06   0.103298E-09  -0.102583E-09   0.156855E-09
   0.196800E+06   0.576041E-10  -0.883811E-10   0.134613E-09
   0.196820E+06   0.109684E-10  -0.723395E-10   0.109792E-09
   0.196840E+06  -0.328044E-10  -0.555406E-10   0.837608E-10
   0.196860E+06  -0.703665E-10  -0.391034E-10   0.580660E-10
   0.196880E+06  -0.990585E-10  -0.241084E-10   0.343130E-10
   0.196900E+06  -0.117068E-09  -0.115225E-10   0.140130E-10
   0.196920E+06  -0.123506E-09  -0.213046E-11  -0.158011E-11
   0.196940E+06  -0.118404E-09   0.351983E-11  -0.116226E-10
   0.196960E+06  -0.102638E-09   0.515285E-11  -0.157996E-10
   0.196980E+06  -0.777972E-10   0.277850E-11  -0.143889E-10
   0.197000E+06  -0.460067E-10  -0.332020E-11  -0.825726E-11
   0.197020E+06  -0.973497E-11  -0.126219E-10   0.121745E-11
   0.197040E+06   0.284104E-10  -0.244217E-10   0.122920E-10
   0.197060E+06   0.658756E-10  -0.379007E-10   0.230554E-10
   0.197080E+06   0.100334E-09  -0.522021E-10   0.316559E-10
   0.197100E+06   0.129832E-09  -0.665080E-10   0.365275E-10
   0.197120E+06   0.152895E-09  -0.801078E-10   0.365874E-10
   0.197140E+06   0.168603E-09  -0.924504E-10   0.313799E-10
   0.197160E+06   0.176619E-09  -0.103179E-09   0.211438E-10
   0.197180E+06   0.177178E-09  -0.112142E-09   0.679958E-11
   0.197200E+06   0.171035E-09  -0.119377E-09  -0.101453E-10
   0.197220E+06   0.159380E-09  -0.125080E-09  -0.277598E-10
   0.197240E+06   0.143716E-09  -0.129552E-09  -0.439008E-10
   0.197260E+06   0.125722E-09  -0.133141E-09  -0.564466E-10
   0.197280E+06   0.107102E-09  -0.136174E-09  -0.635257E-10
   0.197300E+06   0.894383E-10  -0.138902E-09  -0.637153E-10
   0.197320E+06   0.740627E-10  -0.141451E-09  -0.561884E-10
   0.197340E+06   0.619545E-10  -0.143794E-09  -0.407976E-10
   0.197360E+06   0.536795E-10  -0.145739E-09  -0.180889E-10
   0.197380E+06   0.493713E-10  -0.146942E-09   0.107501E-10
   0.197400E+06   0.487553E-10  -0.146934E-09   0.439998E-10
   0.197420E+06   0.512103E-10  -0.145171E-09   0.795605E-10
   0.197440E+06   0.558566E-10  -0.141086E-09   0.115131E-09
   0.197460E+06   0.616594E-10  -0.134149E-09   0.148395E-09
   0.197480E+06   0.675322E-10  -0.123928E-09   0.177198E-09
   0.197500E+06   0.724306E-10  -0.110134E-09   0.199705E-09
   0.197520E+06   0.754287E-10  -0.926683E-10   0.214519E-09
   0.197540E+06   0.757726E-10  -0.716384E-10   0.220759E-09
   0.197560E+06   0.729146E-10  -0.473700E-10   0.218098E-09
   0.197580E+06   0.665313E-10  -0.203942E-10   0.206746E-09
   0.197600E+06   0.565324E-10   0.857967E-11   0.187398E-09
   0.197620E+06   0.430668E-10   0.387072E-10   0.161141E-09
   0.197640E+06   0.265291E-10   0.690627E-10   0.129337E-09
   0.197660E+06   0.756738E-11   0.987015E-10   0.934968E-10
   0.197680E+06  -0.129125E-10   0.126725E-09   0.551460E-10
   0.197700E+06  -0.337524E-10   0.152341E-09   0.157100E-10
   0.197720E+06  -0.535678E-10   0.174920E-09  -0.235778E-10
   0.197740E+06  -0.708011E-10   0.194031E-09  -0.617345E-10
   0.197760E+06  -0.838087E-10   0.209466E-09  -0.980461E-10
   0.197780E+06  -0.909804E-10   0.221238E-09  -0.132049E-09
   0.197800E+06  -0.908862E-10   0.229562E-09  -0.163479E-09
   0.197820E+06  -0.824343E-10   0.234816E-09  -0.192201E-09
   0.197840E+06  -0.650230E-10   0.237484E-09  -0.218122E-09
   0.197860E+06  -0.386652E-10   0.238096E-09  -0.241127E-09
   0.197880E+06  -0.406393E-11   0.237164E-09  -0.261014E-09
   0.197900E+06   0.373763E-10   0.235128E-09  -0.277475E-09
   0.197920E+06   0.836100E-10   0.232309E-09  -0.290106E-09
   0.197940E+06   0.132082E-09   0.228893E-09  -0.298443E-09
   0.197960E+06   0.179918E-09   0.224927E-09  -0.302034E-09
   0.197980E+06   0.224152E-09   0.220335E-09  -0.300523E-09
   0.198000E+06   0.261967E-09   0.214961E-09  -0.293726E-09
   0.198020E+06   0.290918E-09   0.208604E-09  -0.281704E-09
   0.198040E+06   0.309110E-09   0.201076E-09  -0.264800E-09
   0.198060E+06   0.315317E-09   0.192233E-09  -0.243643E-09
   0.198080E+06   0.309030E-09   0.182014E-09  -0.219121E-09
   0.198100E+06   0.290429E-09   0.170449E-09  -0.192305E-09
   0.198120E+06   0.260296E-09   0.157657E-09  -0.164362E-09
   0.198140E+06   0.219895E-09   0.143831E-09  -0.136445E-09
   0.198160E+06   0.170820E-09   0.129201E-09  -0.109585E-09
   0.198180E+06   0.114862E-09   0.114002E-09  -0.845930E-10
   0.198200E+06   0.538960E-10   0.984407E-10  -0.619980E-10
   0.198220E+06  -0.101993E-10   0.826626E-10  -0.420044E-10
   0.198240E+06  -0.755733E-10   0.667378E-10  -0.244952E-10
   0.198260E+06  -0.140408E-09   0.506566E-10  -0.906739E-11
   0.198280E+06  -0.202904E-09   0.343378E-10   0.490097E-11
   0.198300E+06  -0.261255E-09   0.176502E-10   0.181605E-10
   0.198320E+06  -0.313656E-09   0.440226E-12   0.314871E-10
   0.198340E+06  -0.358326E-09  -0.174351E-10   0.455754E-10
   0.198360E+06  -0.393574E-09  -0.360771E-10   0.609407E-10
   0.198380E+06  -0.417909E-09  -0.555181E-10   0.778375E-10
   0.198400E+06  -0.430164E-09  -0.757005E-10   0.962035E-10
   0.198420E+06  -0.429635E-09  -0.964637E-10   0.115636E-09
   0.198440E+06  -0.416202E-09  -0.117542E-09   0.135404E-09
   0.198460E+06  -0.390413E-09  -0.138568E-09   0.154494E-09
   0.198480E+06  -0.353510E-09  -0.159089E-09   0.171695E-09
   0.198500E+06  -0.307385E-09  -0.178587E-09   0.185710E-09
   0.198520E+06  -0.254476E-09  -0.196508E-09   0.195285E-09
   0.198540E+06  -0.197587E-09  -0.212296E-09   0.199353E-09
   0.198560E+06  -0.139684E-09  -0.225430E-09   0.197167E-09
   0.198580E+06  -0.836609E-10  -0.235467E-09   0.188416E-09
   0.198600E+06  -0.321293E-10  -0.242080E-09   0.173303E-09
   0.198620E+06   0.127654E-10  -0.245089E-09   0.152578E-09
   0.198640E+06   0.494638E-10  -0.244488E-09   0.127519E-09
   0.198660E+06   0.770487E-10  -0.240455E-09   0.998549E-10
   0.198680E+06   0.952338E-10  -0.233346E-09   0.716407E-10
   0.198700E+06   0.104295E-09  -0.223673E-09   0.450863E-10
   0.198720E+06   0.104961E-09  -0.212058E-09   0.223662E-10
   0.198740E+06   0.982872E-10  -0.199184E-09   0.542064E-11
   0.198760E+06   0.855309E-10  -0.185723E-09  -0.422934E-11
   0.198780E+06   0.680426E-10  -0.172272E-09  -0.563374E-11
   0.198800E+06   0.471909E-10  -0.159291E-09   0.148174E-11
   0.198820E+06   0.243157E-10  -0.147052E-09   0.166687E-10
   0.198840E+06   0.708175E-12  -0.135610E-09   0.387708E-10
   0.198860E+06  -0.223958E-10  -0.124800E-09   0.659973E-10
   0.198880E+06  -0.438208E-10  -0.114253E-09   0.960500E-10
   0.198900E+06  -0.624697E-10  -0.103441E-09   0.126291E-09
   0.198920E+06  -0.773589E-10  -0.917412E-10   0.153936E-09
   0.198940E+06  -0.876755E-10  -0.785120E-10   0.176262E-09
   0.198960E+06  -0.928460E-10  -0.631716E-10   0.190816E-09
   0.198980E+06  -0.926059E-10  -0.452755E-10   0.195595E-09
   0.199000E+06  -0.870525E-10  -0.245811E-10   0.189217E-09
   0.199020E+06  -0.766648E-10  -0.109376E-11   0.171036E-09
   0.199040E+06  -0.622790E-10   0.249097E-10   0.141217E-09
   0.199060E+06  -0.450142E-10   0.528838E-10   0.100756E-09
   0.199080E+06  -0.261561E-10   0.820407E-10   0.514437E-10
   0.199100E+06  -0.701018E-11   0.111401E-09  -0.423656E-11
   0.199120E+06   0.112505E-10   0.139861E-09  -0.632615E-10
   0.199140E+06   0.277186E-10   0.166277E-09  -0.122271E-09
   0.199160E+06   0.418427E-10   0.189550E-09  -0.177806E-09
   0.199180E+06   0.534566E-10   0.208711E-09  -0.226567E-09
   0.199200E+06   0.627396E-10   0.222998E-09  -0.265663E-09
   0.199220E+06   0.701158E-10   0.231915E-09  -0.292842E-09
   0.199240E+06   0.761079E-10   0.235268E-09  -0.306669E-09
   0.199260E+06   0.811747E-10   0.233176E-09  -0.306634E-09
   0.199280E+06   0.855643E-10   0.226053E-09  -0.293188E-09
   0.199300E+06   0.892138E-10   0.214566E-09  -0.267685E-09
   0.199320E+06   0.917197E-10   0.199566E-09  -0.232257E-09
   0.199340E+06   0.923884E-10   0.182011E-09  -0.189611E-09
   0.199360E+06   0.903647E-10   0.162877E-09  -0.142790E-09
   0.199380E+06   0.848155E-10   0.143075E-09  -0.949120E-10
   0.199400E+06   0.751393E-10   0.123380E-09  -0.489214E-10
   0.199420E+06   0.611610E-10   0.104380E-09  -0.736847E-11
   0.199440E+06   0.432746E-10   0.864538E-10   0.277535E-10
   0.199460E+06   0.225018E-10   0.697663E-10   0.551086E-10
   0.199480E+06   0.450093E-12   0.542980E-10   0.740502E-10
   0.199500E+06  -0.208311E-10   0.398844E-10   0.845912E-10
   0.199520E+06  -0.390772E-10   0.262693E-10   0.873235E-10
   0.199540E+06  -0.520867E-10   0.131588E-10   0.833033E-10
   0.199560E+06  -0.580079E-10   0.267961E-12   0.739202E-10
   0.199580E+06  -0.555899E-10  -0.126444E-10   0.607646E-10
   0.199600E+06  -0.443597E-10  -0.257568E-10   0.455066E-10
   0.199620E+06  -0.246965E-10  -0.391813E-10   0.297925E-10
   0.199640E+06   0.220424E-11  -0.529713E-10   0.151624E-10
   0.199660E+06   0.344716E-10  -0.671360E-10   0.298493E-11
   0.199680E+06   0.697785E-10  -0.816552E-10  -0.559312E-11
   0.199700E+06   0.105606E-09  -0.964867E-10  -0.968930E-11
   0.199720E+06   0.139511E-09  -0.111569E-09  -0.871970E-11
   0.199740E+06   0.169359E-09  -0.126810E-09  -0.243053E-11
   0.199760E+06   0.193497E-09  -0.142073E-09   0.907951E-11
   0.199780E+06   0.210842E-09  -0.157153E-09   0.253493E-10
   0.199800E+06   0.220895E-09  -0.171765E-09   0.455650E-10
   0.199820E+06   0.223686E-09  -0.185533E-09   0.685945E-10
   0.199840E+06   0.219668E-09  -0.197999E-09   0.930516E-10
   0.199860E+06   0.209601E-09  -0.208645E-09   0.117389E-09
   0.199880E+06   0.194434E-09  -0.216930E-09   0.140014E-09
   0.199900E+06   0.175216E-09  -0.222337E-09   0.159423E-09
   0.199920E+06   0.153035E-09  -0.224422E-09   0.174329E-09
   0.199940E+06   0.128987E-09  -0.222864E-09   0.183784E-09
   0.199960E+06   0.104166E-09  -0.217496E-09   0.187264E-09
   0.199980E+06   0.796611E-10  -0.208324E-09   0.184718E-09
   0.200000E+06   0.565292E-10  -0.195523E-09   0.176560E-09
   0.200020E+06   0.357574E-10  -0.179412E-09   0.163618E-09
   0.200040E+06   0.181890E-10  -0.160419E-09   0.147032E-09
   0.200060E+06   0.443244E-11  -0.139030E-09   0.128122E-09
   0.200080E+06  -0.523772E-11  -0.115743E-09   0.108237E-09
   0.200100E+06  -0.109633E-10  -0.910236E-10   0.886096E-10
   0.200120E+06  -0.133492E-10  -0.652778E-10   0.702314E-10
   0.200140E+06  -0.134543E-10  -0.388365E-10   0.537614E-10
   0.200160E+06  -0.127171E-10  -0.119596E-10   0.394862E-10
   0.200180E+06  -0.128186E-10   0.151477E-10   0.273276E-10
   0.200200E+06  -0.154941E-10   0.423085E-10   0.168968E-10
   0.200220E+06  -0.223201E-10   0.693454E-10   0.758401E-11
   0.200240E+06  -0.345052E-10   0.960543E-10  -0.133082E-11
   0.200260E+06  -0.527163E-10   0.122185E-09  -0.105636E-10
   0.200280E+06  -0.769683E-10   0.147432E-09  -0.207243E-10
   0.200300E+06  -0.106593E-09   0.171436E-09  -0.322398E-10
   0.200320E+06  -0.140291E-09   0.193794E-09  -0.453105E-10
   0.200340E+06  -0.176265E-09   0.214074E-09  -0.599002E-10
   0.200360E+06  -0.212398E-09   0.231830E-09  -0.757566E-10
   0.200380E+06  -0.246469E-09   0.246622E-09  -0.924522E-10
   0.200400E+06  -0.276361E-09   0.258025E-09  -0.109434E-09
   0.200420E+06  -0.300233E-09   0.265640E-09  -0.126074E-09
   0.200440E+06  -0.316651E-09   0.269101E-09  -0.141701E-09
   0.200460E+06  -0.324648E-09   0.268081E-09  -0.155631E-09
   0.200480E+06  -0.323734E-09   0.262304E-09  -0.167174E-09
   0.200500E+06  -0.313850E-09   0.251567E-09  -0.175635E-09
   0.200520E+06  -0.295305E-09   0.235758E-09  -0.180325E-09
   0.200540E+06  -0.268697E-09   0.214892E-09  -0.180582E-09
   0.200560E+06  -0.234851E-09   0.189149E-09  -0.175811E-09
   0.200580E+06  -0.194773E-09   0.158911E-09  -0.165557E-09
   0.200600E+06  -0.149638E-09   0.124787E-09  -0.149597E-09
   0.200620E+06  -0.100783E-09   0.876393E-10  -0.128040E-09
   0.200640E+06  -0.497245E-10   0.485708E-10  -0.101426E-09
   0.200660E+06   0.185313E-11   0.890679E-11  -0.707912E-10
   0.200680E+06   0.521210E-10  -0.298612E-10  -0.376892E-10
   0.200700E+06   0.991732E-10  -0.661508E-10  -0.414078E-11
   0.200720E+06   0.141131E-09  -0.983860E-10   0.274876E-10
   0.200740E+06   0.176280E-09  -0.125107E-09   0.546765E-10
   0.200760E+06   0.203220E-09  -0.145080E-09   0.750009E-10
   0.200780E+06   0.221015E-09  -0.157404E-09   0.864026E-10
   0.200800E+06   0.229305E-09  -0.161588E-09   0.874529E-10
   0.200820E+06   0.228372E-09  -0.157610E-09   0.775675E-10
   0.200840E+06   0.219129E-09  -0.145924E-09   0.571353E-10
   0.200860E+06   0.203047E-09  -0.127439E-09   0.275401E-10
   0.200880E+06   0.182005E-09  -0.103454E-09  -0.893903E-11
   0.200900E+06   0.158098E-09  -0.755539E-10  -0.493393E-10
   0.200920E+06   0.133420E-09  -0.454842E-10  -0.903153E-10
   0.200940E+06   0.109855E-09  -0.150162E-10  -0.128491E-09
   0.200960E+06   0.889020E-10   0.141899E-10  -0.160815E-09
   0.200980E+06   0.715624E-10   0.407049E-10  -0.184875E-09
   0.201000E+06   0.582980E-10   0.634196E-10  -0.199119E-09
   0.201020E+06   0.490615E-10   0.815985E-10  -0.202976E-09
   0.201040E+06   0.433914E-10   0.948909E-10  -0.196839E-09
   0.201060E+06   0.405480E-10   0.103303E-09  -0.181934E-09
   0.201080E+06   0.396666E-10   0.107136E-09  -0.160104E-09
   0.201100E+06   0.398983E-10   0.106899E-09  -0.133528E-09
   0.201120E+06   0.405183E-10   0.103218E-09  -0.104434E-09
   0.201140E+06   0.409830E-10   0.967401E-10  -0.748458E-10
   0.201160E+06   0.409347E-10   0.880620E-10  -0.463952E-10
   0.201180E+06   0.401570E-10   0.776784E-10  -0.202164E-10
   0.201200E+06   0.384997E-10   0.659620E-10   0.306236E-11
   0.201220E+06   0.357935E-10   0.531716E-10   0.232504E-10
   0.201240E+06   0.317786E-10   0.394842E-10   0.404694E-10
   0.201260E+06   0.260686E-10   0.250405E-10   0.550026E-10
   0.201280E+06   0.181621E-10   0.999465E-11   0.671514E-10
   0.201300E+06   0.750556E-11  -0.544368E-11   0.771255E-10
   0.201320E+06  -0.639949E-11  -0.209833E-10   0.849852E-10
   0.201340E+06  -0.238634E-10  -0.362464E-10   0.906392E-10
   0.201360E+06  -0.448727E-10  -0.507866E-10   0.938936E-10
   0.201380E+06  -0.689795E-10  -0.641247E-10   0.945345E-10
   0.201400E+06  -0.952386E-10  -0.757979E-10   0.924226E-10
   0.201420E+06  -0.122211E-09  -0.854121E-10   0.875778E-10
   0.201440E+06  -0.148042E-09  -0.926895E-10   0.802365E-10
   0.201460E+06  -0.170605E-09  -0.975019E-10   0.708698E-10
   0.201480E+06  -0.187702E-09  -0.998877E-10   0.601618E-10
   0.201500E+06  -0.197291E-09  -0.100048E-09   0.489550E-10
   0.201520E+06  -0.197712E-09  -0.983247E-10   0.381759E-10
   0.201540E+06  -0.187889E-09  -0.951654E-10   0.287565E-10
   0.201560E+06  -0.167467E-09  -0.910787E-10   0.215667E-10
   0.201580E+06  -0.136886E-09  -0.865889E-10   0.173669E-10
   0.201600E+06  -0.973750E-10  -0.821938E-10   0.167854E-10
   0.201620E+06  -0.508615E-10  -0.783276E-10   0.203145E-10
   0.201640E+06   0.168019E-12  -0.753355E-10   0.283189E-10
   0.201660E+06   0.528606E-10  -0.734535E-10   0.410410E-10
   0.201680E+06   0.104206E-09  -0.727974E-10   0.585939E-10
   0.201700E+06   0.151249E-09  -0.733551E-10   0.809324E-10
   0.201720E+06   0.191278E-09  -0.749846E-10   0.107802E-09
   0.201740E+06   0.221992E-09  -0.774154E-10   0.138673E-09
   0.201760E+06   0.241626E-09  -0.802554E-10   0.172668E-09
   0.201780E+06   0.249043E-09  -0.830046E-10   0.208513E-09
   0.201800E+06   0.243792E-09  -0.850794E-10   0.244515E-09
   0.201820E+06   0.226135E-09  -0.858480E-10   0.278592E-09
   0.201840E+06   0.197043E-09  -0.846764E-10   0.308370E-09
   0.201860E+06   0.158164E-09  -0.809842E-10   0.331333E-09
   0.201880E+06   0.111759E-09  -0.743047E-10   0.345024E-09
   0.201900E+06   0.605950E-10  -0.643431E-10   0.347281E-09
   0.201920E+06   0.780172E-11  -0.510250E-10   0.336472E-09
   0.201940E+06  -0.433174E-10  -0.345287E-10   0.311701E-09
   0.201960E+06  -0.895070E-10  -0.152945E-10   0.272967E-09
   0.201980E+06  -0.127805E-09   0.599004E-11   0.221236E-09
   0.202000E+06  -0.155785E-09   0.284313E-10   0.158427E-09
   0.202020E+06  -0.171780E-09   0.509899E-10   0.873022E-10
   0.202040E+06  -0.175039E-09   0.725566E-10   0.112768E-10
   0.202060E+06  -0.165813E-09   0.920325E-10  -0.658394E-10
   0.202080E+06  -0.145335E-09   0.108406E-09  -0.140132E-09
   0.202100E+06  -0.115694E-09   0.120820E-09  -0.207881E-09
   0.202120E+06  -0.796161E-10   0.128619E-09  -0.265831E-09
   0.202140E+06  -0.401634E-10   0.131378E-09  -0.311417E-09
   0.202160E+06  -0.397909E-12   0.128912E-09  -0.342914E-09
   0.202180E+06   0.369505E-10   0.121273E-09  -0.359519E-09
   0.202200E+06   0.697658E-10   0.108725E-09  -0.361345E-09
   0.202220E+06   0.967379E-10   0.917231E-10  -0.349352E-09
   0.202240E+06   0.117437E-09   0.708836E-10  -0.325216E-09
   0.202260E+06   0.132258E-09   0.469584E-10  -0.291169E-09
   0.202280E+06   0.142253E-09   0.208057E-10  -0.249805E-09
   0.202300E+06   0.148862E-09  -0.663351E-11  -0.203900E-09
   0.202320E+06   0.153602E-09  -0.343638E-10  -0.156222E-09
   0.202340E+06   0.157752E-09  -0.613657E-10  -0.109382E-09
   0.202360E+06   0.162092E-09  -0.866319E-10  -0.656937E-10
   0.202380E+06   0.166724E-09  -0.109209E-09  -0.270750E-10
   0.202400E+06   0.171025E-09  -0.128242E-09   0.503142E-11
   0.202420E+06   0.173712E-09  -0.143022E-09   0.297034E-10
   0.202440E+06   0.173032E-09  -0.153024E-09   0.465595E-10
   0.202460E+06   0.167029E-09  -0.157941E-09   0.557517E-10
   0.202480E+06   0.153857E-09  -0.157703E-09   0.579308E-10
   0.202500E+06   0.132091E-09  -0.152479E-09   0.541838E-10
   0.202520E+06   0.100983E-09  -0.142654E-09   0.459434E-10
   0.202540E+06   0.606289E-10  -0.128805E-09   0.348716E-10
   0.202560E+06   0.120334E-10  -0.111648E-09   0.227224E-10
   0.202580E+06  -0.429473E-10  -0.919842E-10   0.111919E-10
   0.202600E+06  -0.101762E-09  -0.706464E-10   0.176596E-11
   0.202620E+06  -0.161400E-09  -0.484429E-10  -0.441886E-11
   0.202640E+06  -0.218669E-09  -0.261124E-10  -0.668731E-11
   0.202660E+06  -0.270481E-09  -0.429042E-11  -0.489572E-11
   0.202680E+06  -0.314108E-09   0.165121E-10   0.550391E-12
   0.202700E+06  -0.347386E-09   0.359171E-10   0.873732E-11
   0.202720E+06  -0.368842E-09   0.536756E-10   0.183417E-10
   0.202740E+06  -0.377756E-09   0.696554E-10   0.277791E-10
   0.202760E+06  -0.374144E-09   0.838207E-10   0.353857E-10
   0.202780E+06  -0.358697E-09   0.962072E-10   0.396152E-10
   0.202800E+06  -0.332672E-09   0.106896E-09   0.392252E-10
   0.202820E+06  -0.297777E-09   0.115987E-09   0.334324E-10
   0.202840E+06  -0.256041E-09   0.123573E-09   0.220152E-10
   0.202860E+06  -0.209694E-09   0.129719E-09   0.535280E-11
   0.202880E+06  -0.161058E-09   0.134446E-09  -0.156040E-10
   0.202900E+06  -0.112448E-09   0.137723E-09  -0.394263E-10
   0.202920E+06  -0.660718E-10   0.139465E-09  -0.643511E-10
   0.202940E+06  -0.239463E-10   0.139544E-09  -0.884565E-10
   0.202960E+06   0.121986E-10   0.137804E-09  -0.109845E-09
   0.202980E+06   0.410045E-10   0.134085E-09  -0.126815E-09
   0.203000E+06   0.615640E-10   0.128259E-09  -0.137998E-09
   0.203020E+06   0.734816E-10   0.120254E-09  -0.142448E-09
   0.203040E+06   0.769072E-10   0.110088E-09  -0.139686E-09
   0.203060E+06   0.725321E-10   0.978908E-10  -0.129694E-09
   0.203080E+06   0.615417E-10   0.839149E-10  -0.112862E-09
   0.203100E+06   0.455227E-10   0.685358E-10  -0.899203E-10
   0.203120E+06   0.263310E-10   0.522385E-10  -0.618531E-10
   0.203140E+06   0.593249E-11   0.355922E-10  -0.298105E-10
   0.203160E+06  -0.137685E-10   0.192152E-10   0.496423E-11
   0.203180E+06  -0.310912E-10   0.373462E-11   0.411943E-10
   0.203200E+06  -0.447123E-10  -0.102549E-10   0.776136E-10
   0.203220E+06  -0.537559E-10  -0.222293E-10   0.112998E-09
   0.203240E+06  -0.578276E-10  -0.317667E-10   0.146192E-09
   0.203260E+06  -0.569914E-10  -0.385693E-10   0.176131E-09
   0.203280E+06  -0.516939E-10  -0.424757E-10   0.201871E-09
   0.203300E+06  -0.426494E-10  -0.434630E-10   0.222617E-09
   0.203320E+06  -0.307043E-10  -0.416399E-10   0.237755E-09
   0.203340E+06  -0.167027E-10  -0.372343E-10   0.246878E-09
   0.203360E+06  -0.137293E-11  -0.305741E-10   0.249803E-09
   0.203380E+06   0.147483E-10  -0.220660E-10   0.246567E-09
   0.203400E+06   0.313442E-10  -0.121718E-10   0.237412E-09
   0.203420E+06   0.482971E-10  -0.138446E-11   0.222737E-09
   0.203440E+06   0.656255E-10   0.979679E-11   0.203048E-09
   0.203460E+06   0.833933E-10   0.208899E-10   0.178897E-09
   0.203480E+06   0.101609E-09   0.314517E-10   0.150826E-09
   0.203500E+06   0.120139E-09   0.410965E-10   0.119324E-09
   0.203520E+06   0.138645E-09   0.495093E-10   0.848118E-10
   0.203540E+06   0.156567E-09   0.564545E-10   0.476516E-10
   0.203560E+06   0.173155E-09   0.617756E-10   0.818436E-11
   0.203580E+06   0.187543E-09   0.653883E-10  -0.332138E-10
   0.203600E+06   0.198857E-09   0.672681E-10  -0.760654E-10
   0.203620E+06   0.206334E-09   0.674323E-10  -0.119730E-09
   0.203640E+06   0.209445E-09   0.659211E-10  -0.163360E-09
   0.203660E+06   0.207976E-09   0.627810E-10  -0.205885E-09
   0.203680E+06   0.202082E-09   0.580515E-10  -0.246032E-09
   0.203700E+06   0.192274E-09   0.517618E-10  -0.282381E-09
   0.203720E+06   0.179359E-09   0.439326E-10  -0.313446E-09
   0.203740E+06   0.164331E-09   0.345885E-10  -0.337784E-09
   0.203760E+06   0.148232E-09   0.237746E-10  -0.354106E-09
   0.203780E+06   0.132006E-09   0.115764E-10  -0.361381E-09
   0.203800E+06   0.116371E-09  -0.186312E-11  -0.358924E-09
   0.203820E+06   0.101720E-09  -0.163302E-10  -0.346455E-09
   0.203840E+06   0.880865E-10  -0.315368E-10  -0.324126E-09
   0.203860E+06   0.751566E-10  -0.471261E-10  -0.292516E-09
   0.203880E+06   0.623480E-10  -0.626882E-10  -0.252601E-09
   0.203900E+06   0.489299E-10  -0.777826E-10  -0.205693E-09
   0.203920E+06   0.341697E-10  -0.919651E-10  -0.153381E-09
   0.203940E+06   0.174839E-10  -0.104816E-09  -0.974490E-10
   0.203960E+06  -0.143213E-11  -0.115963E-09  -0.398011E-10
   0.203980E+06  -0.225122E-10  -0.125098E-09   0.176134E-10
   0.204000E+06  -0.452812E-10  -0.131990E-09   0.728715E-10
   0.204020E+06  -0.688735E-10  -0.136478E-09   0.124144E-09
   0.204040E+06  -0.921044E-10  -0.138474E-09   0.169759E-09
   0.204060E+06  -0.113583E-09  -0.137947E-09   0.208259E-09
   0.204080E+06  -0.131848E-09  -0.134915E-09   0.238457E-09
   0.204100E+06  -0.145516E-09  -0.129432E-09   0.259480E-09
   0.204120E+06  -0.153406E-09  -0.121584E-09   0.270809E-09
   0.204140E+06  -0.154648E-09  -0.111488E-09   0.272298E-09
   0.204160E+06  -0.148751E-09  -0.992944E-10   0.264186E-09
   0.204180E+06  -0.135634E-09  -0.851944E-10   0.247093E-09
   0.204200E+06  -0.115627E-09  -0.694289E-10   0.221993E-09
   0.204220E+06  -0.894320E-10  -0.522971E-10   0.190181E-09
   0.204240E+06  -0.580758E-10  -0.341619E-10   0.153220E-09
   0.204260E+06  -0.228442E-10  -0.154510E-10   0.112886E-09
   0.204280E+06   0.147883E-10   0.334710E-11   0.710961E-10
   0.204300E+06   0.532297E-10   0.216941E-10   0.298330E-10
   0.204320E+06   0.908435E-10   0.390185E-10  -0.893706E-11
   0.204340E+06   0.126021E-09   0.547391E-10  -0.433523E-10
   0.204360E+06   0.157256E-09   0.682919E-10  -0.717483E-10
   0.204380E+06   0.183222E-09   0.791610E-10  -0.927505E-10
   0.204400E+06   0.202845E-09   0.869122E-10  -0.105363E-09
   0.204420E+06   0.215367E-09   0.912247E-10  -0.109043E-09
   0.204440E+06   0.220409E-09   0.919197E-10  -0.103758E-09
   0.204460E+06   0.217991E-09   0.889833E-10  -0.900080E-10
   0.204480E+06   0.208540E-09   0.825779E-10  -0.688097E-10
   0.204500E+06   0.192855E-09   0.730427E-10  -0.416403E-10
   0.204520E+06   0.172037E-09   0.608781E-10  -0.103345E-10
   0.204540E+06   0.147391E-09   0.467158E-10   0.230531E-10
   0.204560E+06   0.120306E-09   0.312753E-10   0.564107E-10
   0.204580E+06   0.921290E-10   0.153102E-10   0.877405E-10
   0.204600E+06   0.640436E-10  -0.449950E-12   0.115317E-09
   0.204620E+06   0.369776E-10  -0.153555E-10   0.137818E-09
   0.204640E+06   0.115429E-10  -0.288840E-10   0.154405E-09
   0.204660E+06  -0.119806E-10  -0.406715E-10   0.164753E-09
   0.204680E+06  -0.336181E-10  -0.505253E-10   0.169023E-09
   0.204700E+06  -0.536344E-10  -0.584158E-10   0.167781E-09
   0.204720E+06  -0.724428E-10  -0.644489E-10   0.161888E-09
   0.204740E+06  -0.905015E-10  -0.688248E-10   0.152371E-09
   0.204760E+06  -0.108213E-09  -0.717898E-10   0.140287E-09
   0.204780E+06  -0.125845E-09  -0.735888E-10   0.126629E-09
   0.204800E+06  -0.143470E-09  -0.744278E-10   0.112242E-09
   0.204820E+06  -0.160951E-09  -0.744479E-10   0.977977E-10
   0.204840E+06  -0.177948E-09  -0.737236E-10   0.837938E-10
   0.204860E+06  -0.193960E-09  -0.722712E-10   0.705888E-10
   0.204880E+06  -0.208380E-09  -0.700743E-10   0.584484E-10
   0.204900E+06  -0.220562E-09  -0.671159E-10   0.475907E-10
   0.204920E+06  -0.229887E-09  -0.634088E-10   0.382189E-10
   0.204940E+06  -0.235823E-09  -0.590187E-10   0.305291E-10
   0.204960E+06  -0.237963E-09  -0.540739E-10   0.246935E-10
   0.204980E+06  -0.236067E-09  -0.487580E-10   0.208214E-10
   0.205000E+06  -0.230079E-09  -0.432893E-10   0.189080E-10
   0.205020E+06  -0.220142E-09  -0.378882E-10   0.187853E-10
   0.205040E+06  -0.206607E-09  -0.327405E-10   0.200863E-10
   0.205060E+06  -0.190037E-09  -0.279637E-10   0.222365E-10
   0.205080E+06  -0.171210E-09  -0.235831E-10   0.244762E-10
   0.205100E+06  -0.151104E-09  -0.195226E-10   0.259155E-10
   0.205120E+06  -0.130878E-09  -0.156113E-10   0.256139E-10
   0.205140E+06  -0.111827E-09  -0.116062E-10   0.226747E-10
   0.205160E+06  -0.953065E-10  -0.722444E-11   0.163390E-10
   0.205180E+06  -0.826421E-10  -0.218223E-11   0.606642E-11
   0.205200E+06  -0.750022E-10   0.376915E-11  -0.841048E-11
   0.205220E+06  -0.732621E-10   0.108133E-10  -0.270626E-10
   0.205240E+06  -0.778635E-10   0.190498E-10  -0.495742E-10
   0.205260E+06  -0.886898E-10   0.284863E-10  -0.753805E-10
   0.205280E+06  -0.104976E-09   0.390415E-10  -0.103725E-09
   0.205300E+06  -0.125273E-09   0.505548E-10  -0.133723E-09
   0.205320E+06  -0.147478E-09   0.627985E-10  -0.164430E-09
   0.205340E+06  -0.168944E-09   0.754889E-10  -0.194886E-09
   0.205360E+06  -0.186661E-09   0.882951E-10  -0.224160E-09
   0.205380E+06  -0.197507E-09   0.100844E-09  -0.251365E-09
   0.205400E+06  -0.198532E-09   0.112721E-09  -0.275671E-09
   0.205420E+06  -0.187272E-09   0.123481E-09  -0.296306E-09
   0.205440E+06  -0.162038E-09   0.132654E-09  -0.312562E-09
   0.205460E+06  -0.122150E-09   0.139768E-09  -0.323803E-09
   0.205480E+06  -0.681027E-10   0.144382E-09  -0.329490E-09
   0.205500E+06  -0.161299E-11   0.146124E-09  -0.329213E-09
   0.205520E+06   0.744386E-10   0.144739E-09  -0.322726E-09
   0.205540E+06   0.156189E-09   0.140132E-09  -0.309986E-09
   0.205560E+06   0.239075E-09   0.132402E-09  -0.291186E-09
   0.205580E+06   0.318190E-09   0.121862E-09  -0.266761E-09
   0.205600E+06   0.388688E-09   0.109031E-09  -0.237381E-09
   0.205620E+06   0.446182E-09   0.946000E-10  -0.203916E-09
   0.205640E+06   0.487110E-09   0.793753E-10  -0.167376E-09
   0.205660E+06   0.509017E-09   0.642015E-10  -0.128837E-09
   0.205680E+06   0.510745E-09   0.498745E-10  -0.893589E-10
   0.205700E+06   0.492494E-09   0.370558E-10  -0.499000E-10
   0.205720E+06   0.455767E-09   0.262007E-10  -0.112545E-10
   0.205740E+06   0.403209E-09   0.175115E-10   0.259931E-10
   0.205760E+06   0.338355E-09   0.109206E-10   0.614803E-10
   0.205780E+06   0.265321E-09   0.610928E-11   0.950484E-10
   0.205800E+06   0.188480E-09   0.255774E-11   0.126694E-09
   0.205820E+06   0.112138E-09  -0.379028E-12   0.156499E-09
   0.205840E+06   0.402527E-10  -0.338057E-11   0.184544E-09
   0.205860E+06  -0.237947E-10  -0.706728E-11   0.210827E-09
   0.205880E+06  -0.773581E-10  -0.119165E-10   0.235189E-09
   0.205900E+06  -0.118621E-09  -0.181985E-10   0.257269E-09
   0.205920E+06  -0.146630E-09  -0.259417E-10   0.276482E-09
   0.205940E+06  -0.161271E-09  -0.349274E-10   0.292045E-09
   0.205960E+06  -0.163217E-09  -0.447184E-10   0.303029E-09
   0.205980E+06  -0.153836E-09  -0.547131E-10   0.308452E-09
   0.206000E+06  -0.135086E-09  -0.642188E-10   0.307384E-09
   0.206020E+06  -0.109386E-09  -0.725353E-10   0.299074E-09
   0.206040E+06  -0.794785E-10  -0.790380E-10   0.283063E-09
   0.206060E+06  -0.482677E-10  -0.832506E-10   0.259281E-09
   0.206080E+06  -0.186450E-10  -0.849004E-10   0.228113E-09
   0.206100E+06   0.669765E-11  -0.839479E-10   0.190430E-09
   0.206120E+06   0.254603E-10  -0.805927E-10   0.147561E-09
   0.206140E+06   0.359142E-10  -0.752516E-10   0.101233E-09
   0.206160E+06   0.370545E-10  -0.685127E-10   0.534634E-10
   0.206180E+06   0.287038E-10  -0.610736E-10   0.642918E-11
   0.206200E+06   0.115488E-10  -0.536676E-10  -0.376884E-10
   0.206220E+06  -0.129013E-10  -0.469882E-10  -0.768553E-10
   0.206240E+06  -0.424406E-10  -0.416195E-10  -0.109327E-09
   0.206260E+06  -0.743677E-10  -0.379790E-10  -0.133764E-09
   0.206280E+06  -0.105745E-09  -0.362810E-10  -0.149319E-09
   0.206300E+06  -0.133687E-09  -0.365207E-10  -0.155679E-09
   0.206320E+06  -0.155649E-09  -0.384827E-10  -0.153074E-09
   0.206340E+06  -0.169668E-09  -0.417699E-10  -0.142245E-09
   0.206360E+06  -0.174545E-09  -0.458495E-10  -0.124379E-09
   0.206380E+06  -0.169927E-09  -0.501088E-10  -0.101026E-09
   0.206400E+06  -0.156289E-09  -0.539153E-10  -0.739917E-10
   0.206420E+06  -0.134830E-09  -0.566725E-10  -0.452226E-10
   0.206440E+06  -0.107277E-09  -0.578654E-10  -0.166897E-10
   0.206460E+06  -0.756591E-10  -0.570938E-10   0.972732E-11
   0.206480E+06  -0.420568E-10  -0.540888E-10   0.323467E-10
   0.206500E+06  -0.838261E-11  -0.487153E-10   0.497788E-10
   0.206520E+06   0.237878E-10  -0.409622E-10   0.610030E-10
   0.206540E+06   0.533113E-10  -0.309252E-10   0.654226E-10
   0.206560E+06   0.794950E-10  -0.187854E-10   0.628938E-10
   0.206580E+06   0.102041E-09  -0.478917E-11   0.537258E-10
   0.206600E+06   0.120938E-09   0.107675E-10   0.386516E-10
   0.206620E+06   0.136329E-09   0.275502E-10   0.187691E-10
   0.206640E+06   0.148375E-09   0.451917E-10  -0.454134E-11
   0.206660E+06   0.157149E-09   0.632941E-10  -0.297178E-10
   0.206680E+06   0.162576E-09   0.814293E-10  -0.551255E-10
   0.206700E+06   0.164425E-09   0.991407E-10  -0.791648E-10
   0.206720E+06   0.162356E-09   0.115948E-09  -0.100366E-09
   0.206740E+06   0.156002E-09   0.131358E-09  -0.117466E-09
   0.206760E+06   0.145077E-09   0.144874E-09  -0.129461E-09
   0.206780E+06   0.129473E-09   0.156018E-09  -0.135627E-09
   0.206800E+06   0.109344E-09   0.164342E-09  -0.135529E-09
   0.206820E+06   0.851428E-10   0.169451E-09  -0.129003E-09
   0.206840E+06   0.576173E-10   0.171019E-09  -0.116131E-09
   0.206860E+06   0.277619E-10   0.168800E-09  -0.972185E-10
   0.206880E+06  -0.326604E-11   0.162643E-09  -0.727733E-10
   0.206900E+06  -0.342477E-10   0.152500E-09  -0.434912E-10
   0.206920E+06  -0.640040E-10   0.138436E-09  -0.102501E-10
   0.206940E+06  -0.914812E-10   0.120633E-09   0.258942E-10
   0.206960E+06  -0.115806E-09   0.993984E-10   0.637165E-10
   0.206980E+06  -0.136309E-09   0.751685E-10   0.101842E-09
   0.207000E+06  -0.152509E-09   0.485040E-10   0.138786E-09
   0.207020E+06  -0.164082E-09   0.200827E-10   0.173009E-09
   0.207040E+06  -0.170813E-09  -0.931884E-11   0.202996E-09
   0.207060E+06  -0.172556E-09  -0.388539E-10   0.227347E-09
   0.207080E+06  -0.169207E-09  -0.676446E-10   0.244873E-09
   0.207100E+06  -0.160712E-09  -0.948284E-10   0.254680E-09
   0.207120E+06  -0.147095E-09  -0.119609E-09   0.256242E-09
   0.207140E+06  -0.128519E-09  -0.141305E-09   0.249435E-09
   0.207160E+06  -0.105353E-09  -0.159394E-09   0.234548E-09
   0.207180E+06  -0.782367E-10  -0.173537E-09   0.212256E-09
   0.207200E+06  -0.481272E-10  -0.183599E-09   0.183564E-09
   0.207220E+06  -0.163057E-10  -0.189637E-09   0.149731E-09
   0.207240E+06   0.156630E-10  -0.191879E-09   0.112189E-09
   0.207260E+06   0.460204E-10  -0.190691E-09   0.724554E-10
   0.207280E+06   0.729496E-10  -0.186527E-09   0.320610E-10
   0.207300E+06   0.947412E-10  -0.179884E-09  -0.751352E-11
   0.207320E+06   0.109969E-09  -0.171261E-09  -0.448873E-10
   0.207340E+06   0.117652E-09  -0.161118E-09  -0.788189E-10
   0.207360E+06   0.117376E-09  -0.149860E-09  -0.108242E-09
   0.207380E+06   0.109363E-09  -0.137818E-09  -0.132301E-09
   0.207400E+06   0.944622E-10  -0.125259E-09  -0.150386E-09
   0.207420E+06   0.740727E-10  -0.112382E-09  -0.162178E-09
   0.207440E+06   0.500012E-10  -0.993403E-10  -0.167678E-09
   0.207460E+06   0.242703E-10  -0.862443E-10  -0.167230E-09
   0.207480E+06  -0.109573E-11  -0.731783E-10  -0.161522E-09
   0.207500E+06  -0.242795E-10  -0.602052E-10  -0.151554E-09
   0.207520E+06  -0.438475E-10  -0.473741E-10  -0.138567E-09
   0.207540E+06  -0.588710E-10  -0.347244E-10  -0.123938E-09
   0.207560E+06  -0.689778E-10  -0.222941E-10  -0.109051E-09
   0.207580E+06  -0.743317E-10  -0.101288E-10  -0.951536E-10
   0.207600E+06  -0.755442E-10   0.170578E-11  -0.832147E-10
   0.207620E+06  -0.735372E-10   0.131103E-10  -0.738208E-10
   0.207640E+06  -0.693788E-10   0.239390E-10  -0.671111E-10
   0.207660E+06  -0.641173E-10   0.339932E-10  -0.627753E-10
   0.207680E+06  -0.586390E-10   0.430213E-10  -0.601142E-10
   0.207700E+06  -0.535682E-10   0.507318E-10  -0.581583E-10
   0.207720E+06  -0.492198E-10   0.568160E-10  -0.558267E-10
   0.207740E+06  -0.456072E-10   0.609817E-10  -0.521055E-10
   0.207760E+06  -0.424966E-10   0.629923E-10  -0.462165E-10
   0.207780E+06  -0.394939E-10   0.627056E-10  -0.377515E-10
   0.207800E+06  -0.361448E-10   0.601073E-10  -0.267517E-10
   0.207820E+06  -0.320297E-10   0.553312E-10  -0.137185E-10
   0.207840E+06  -0.268370E-10   0.486643E-10   0.442898E-12
   0.207860E+06  -0.204054E-10   0.405331E-10   0.145410E-10
   0.207880E+06  -0.127312E-10   0.314734E-10   0.272542E-10
   0.207900E+06  -0.394710E-11   0.220877E-10   0.373052E-10
   0.207920E+06   0.571983E-11   0.129962E-10   0.436260E-10
   0.207940E+06   0.159968E-10   0.478844E-11   0.454922E-10
   0.207960E+06   0.266089E-10  -0.201872E-11   0.426088E-10
   0.207980E+06   0.373081E-10  -0.701093E-11   0.351412E-10
   0.208000E+06   0.478825E-10  -0.989305E-11   0.236905E-10
   0.208020E+06   0.581481E-10  -0.104903E-10   0.922233E-11
   0.208040E+06   0.679285E-10  -0.874195E-11  -0.703659E-11
   0.208060E+06   0.770322E-10  -0.468505E-11  -0.237181E-10
   0.208080E+06   0.852386E-10   0.156226E-11  -0.394330E-10
   0.208100E+06   0.922985E-10   0.981635E-11  -0.528789E-10
   0.208120E+06   0.979545E-10   0.198395E-10  -0.629281E-10
   0.208140E+06   0.101977E-09   0.313469E-10  -0.686919E-10
   0.208160E+06   0.104211E-09   0.440110E-10  -0.695631E-10
   0.208180E+06   0.104616E-09   0.574661E-10  -0.652393E-10
   0.208200E+06   0.103300E-09   0.713148E-10  -0.557320E-10
   0.208220E+06   0.100516E-09   0.851409E-10  -0.413655E-10
   0.208240E+06   0.966389E-10   0.985285E-10  -0.227666E-10
   0.208260E+06   0.921094E-10   0.111086E-09  -0.844248E-12
   0.208280E+06   0.873553E-10   0.122473E-09   0.232421E-10
   0.208300E+06   0.827109E-10   0.132423E-09   0.481294E-10
   0.208320E+06   0.783464E-10   0.140766E-09   0.723156E-10
   0.208340E+06   0.742279E-10   0.147429E-09   0.942403E-10
   0.208360E+06   0.701186E-10   0.152435E-09   0.112381E-09
   0.208380E+06   0.656288E-10   0.155884E-09   0.125355E-09
   0.208400E+06   0.603075E-10   0.157919E-09   0.132028E-09
   0.208420E+06   0.537646E-10   0.158692E-09   0.131598E-09
   0.208440E+06   0.457986E-10   0.158329E-09   0.123676E-09
   0.208460E+06   0.365073E-10   0.156894E-09   0.108321E-09
   0.208480E+06   0.263556E-10   0.154373E-09   0.860508E-10
   0.208500E+06   0.161814E-10   0.150662E-09   0.578124E-10
   0.208520E+06   0.713254E-11   0.145580E-09   0.249193E-10
   0.208540E+06   0.535867E-12   0.138888E-09  -0.110383E-10
   0.208560E+06  -0.228436E-11   0.130319E-09  -0.483014E-10
   0.208580E+06  -0.213397E-12   0.119618E-09  -0.850581E-10
   0.208600E+06   0.745310E-11   0.106577E-09  -0.119558E-09
   0.208620E+06   0.208465E-10   0.910676E-10  -0.150215E-09
   0.208640E+06   0.394280E-10   0.730687E-10  -0.175694E-09
   0.208660E+06   0.619739E-10   0.526836E-10  -0.194973E-09
   0.208680E+06   0.866498E-10   0.301470E-10  -0.207384E-09
   0.208700E+06   0.111162E-09   0.582472E-11  -0.212632E-09
   0.208720E+06   0.132970E-09  -0.197944E-10  -0.210788E-09
   0.208740E+06   0.149524E-09  -0.461129E-10  -0.202263E-09
   0.208760E+06   0.158512E-09  -0.724450E-10  -0.187773E-09
   0.208780E+06   0.158065E-09  -0.980432E-10  -0.168275E-09
   0.208800E+06   0.146917E-09  -0.122130E-09  -0.144913E-09
   0.208820E+06   0.124500E-09  -0.143936E-09  -0.118934E-09
   0.208840E+06   0.909632E-10  -0.162740E-09  -0.916180E-10
   0.208860E+06   0.471427E-10  -0.177922E-09  -0.641974E-10
   0.208880E+06  -0.552221E-11  -0.188997E-09  -0.377797E-10
   0.208900E+06  -0.650978E-10  -0.195667E-09  -0.132804E-10
   0.208920E+06  -0.129276E-09  -0.197841E-09   0.863455E-11
   0.208940E+06  -0.195496E-09  -0.195659E-09   0.275900E-10
   0.208960E+06  -0.261051E-09  -0.189483E-09   0.435229E-10
   0.208980E+06  -0.323192E-09  -0.179881E-09   0.566817E-10
   0.209000E+06  -0.379226E-09  -0.167581E-09   0.676004E-10
   0.209020E+06  -0.426612E-09  -0.153420E-09   0.770492E-10
   0.209040E+06  -0.463068E-09  -0.138274E-09   0.859622E-10
   0.209060E+06  -0.486683E-09  -0.122994E-09   0.953465E-10
   0.209080E+06  -0.496037E-09  -0.108342E-09   0.106179E-09
   0.209100E+06  -0.490313E-09  -0.949410E-10   0.119300E-09
   0.209120E+06  -0.469393E-09  -0.832379E-10   0.135306E-09
   0.209140E+06  -0.433915E-09  -0.734892E-10   0.154467E-09
   0.209160E+06  -0.385277E-09  -0.657616E-10   0.176654E-09
   0.209180E+06  -0.325581E-09  -0.599494E-10   0.201315E-09
   0.209200E+06  -0.257516E-09  -0.558030E-10   0.227474E-09
   0.209220E+06  -0.184171E-09  -0.529632E-10   0.253779E-09
   0.209240E+06  -0.108824E-09  -0.509983E-10   0.278587E-09
   0.209260E+06  -0.346998E-10  -0.494393E-10   0.300082E-09
   0.209280E+06   0.352544E-10  -0.478107E-10   0.316410E-09
   0.209300E+06   0.985602E-10  -0.456565E-10   0.325833E-09
   0.209320E+06   0.153338E-09  -0.425635E-10   0.326871E-09
   0.209340E+06   0.198366E-09  -0.381796E-10   0.318431E-09
   0.209360E+06   0.233066E-09  -0.322303E-10   0.299905E-09
   0.209380E+06   0.257428E-09  -0.245342E-10   0.271227E-09
   0.209400E+06   0.271882E-09  -0.150154E-10   0.232896E-09
   0.209420E+06   0.277156E-09  -0.371398E-11   0.185953E-09
   0.209440E+06   0.274137E-09   0.920813E-11   0.131925E-09
   0.209460E+06   0.263758E-09   0.234687E-10   0.727422E-10
   0.209480E+06   0.246932E-09   0.386721E-10   0.106368E-10
   0.209500E+06   0.224530E-09   0.543259E-10  -0.519682E-10
   0.209520E+06   0.197408E-09   0.698644E-10  -0.112573E-09
   0.209540E+06   0.166459E-09   0.846789E-10  -0.168711E-09
   0.209560E+06   0.132674E-09   0.981520E-10  -0.218060E-09
   0.209580E+06   0.971943E-10   0.109693E-09  -0.258537E-09
   0.209600E+06   0.613225E-10   0.118775E-09  -0.288404E-09
   0.209620E+06   0.264969E-10   0.124963E-09  -0.306352E-09
   0.209640E+06  -0.578786E-11   0.127944E-09  -0.311582E-09
   0.209660E+06  -0.340985E-10   0.127546E-09  -0.303876E-09
   0.209680E+06  -0.572040E-10   0.123753E-09  -0.283631E-09
   0.209700E+06  -0.742156E-10   0.116706E-09  -0.251879E-09
   0.209720E+06  -0.847008E-10   0.106710E-09  -0.210252E-09
   0.209740E+06  -0.887480E-10   0.942123E-10  -0.160914E-09
   0.209760E+06  -0.869667E-10   0.797924E-10  -0.106443E-09
   0.209780E+06  -0.804177E-10   0.641287E-10  -0.496762E-10
   0.209800E+06  -0.704811E-10   0.479630E-10   0.646637E-11
   0.209820E+06  -0.586799E-10   0.320582E-10   0.591759E-10
   0.209840E+06  -0.464860E-10   0.171513E-10   0.105932E-09
   0.209860E+06  -0.351380E-10   0.390695E-11   0.144652E-09
   0.209880E+06  -0.255011E-10  -0.712557E-11   0.173798E-09
   0.209900E+06  -0.179899E-10  -0.155457E-10   0.192424E-09
   0.209920E+06  -0.125669E-10  -0.211238E-10   0.200172E-09
   0.209940E+06  -0.881444E-11  -0.238053E-10   0.197215E-09
   0.209960E+06  -0.606761E-11  -0.237047E-10   0.184164E-09
   0.209980E+06  -0.358218E-11  -0.210824E-10   0.161961E-09
   0.210000E+06  -0.707458E-12  -0.163132E-10   0.131770E-09
   0.210020E+06   0.296764E-11  -0.985032E-11   0.948847E-10
   0.210040E+06   0.752190E-11  -0.219021E-11   0.526738E-10
   0.210060E+06   0.126795E-10   0.615611E-11   0.655145E-11
   0.210080E+06   0.178628E-10   0.146826E-10  -0.420200E-10
   0.210100E+06   0.223093E-10   0.228986E-10  -0.915093E-10
   0.210120E+06   0.252350E-10   0.303285E-10  -0.140295E-09
   0.210140E+06   0.260089E-10   0.365081E-10  -0.186659E-09
   0.210160E+06   0.243118E-10   0.409808E-10  -0.228806E-09
   0.210180E+06   0.202461E-10   0.432982E-10  -0.264920E-09
   0.210200E+06   0.143771E-10   0.430308E-10  -0.293257E-09
   0.210220E+06   0.769516E-11   0.397891E-10  -0.312266E-09
   0.210240E+06   0.150541E-11   0.332555E-10  -0.320722E-09
   0.210260E+06  -0.273968E-11   0.232223E-10  -0.317849E-09
   0.210280E+06  -0.363651E-11   0.963122E-11  -0.303430E-09
   0.210300E+06  -0.233691E-13  -0.739324E-11  -0.277864E-09
   0.210320E+06   0.886025E-11  -0.275228E-10  -0.242174E-09
   0.210340E+06   0.232730E-10  -0.502214E-10  -0.197963E-09
   0.210360E+06   0.429433E-10  -0.747614E-10  -0.147315E-09
   0.210380E+06   0.671148E-10  -0.100258E-09  -0.926522E-10
   0.210400E+06   0.946538E-10  -0.125722E-09  -0.365751E-10
   0.210420E+06   0.124197E-09  -0.150114E-09   0.183113E-10
   0.210440E+06   0.154315E-09  -0.172413E-09   0.695597E-10
   0.210460E+06   0.183656E-09  -0.191670E-09   0.115021E-09
   0.210480E+06   0.211062E-09  -0.207058E-09   0.152953E-09
   0.210500E+06   0.235625E-09  -0.217909E-09   0.182093E-09
   0.210520E+06   0.256693E-09  -0.223730E-09   0.201696E-09
   0.210540E+06   0.273830E-09  -0.224218E-09   0.211544E-09
   0.210560E+06   0.286744E-09  -0.219256E-09   0.211918E-09
   0.210580E+06   0.295203E-09  -0.208908E-09   0.203558E-09
   0.210600E+06   0.298969E-09  -0.193410E-09   0.187599E-09
   0.210620E+06   0.297759E-09  -0.173155E-09   0.165490E-09
   0.210640E+06   0.291239E-09  -0.148683E-09   0.138900E-09
   0.210660E+06   0.279070E-09  -0.120665E-09   0.109614E-09
   0.210680E+06   0.260977E-09  -0.898793E-10   0.794228E-10
   0.210700E+06   0.236835E-09  -0.571837E-10   0.500013E-10
   0.210720E+06   0.206755E-09  -0.234805E-10   0.228051E-10
   0.210740E+06   0.171149E-09   0.103278E-10  -0.102720E-11
   0.210760E+06   0.130757E-09   0.433852E-10  -0.207446E-10
   0.210780E+06   0.866337E-10   0.749283E-10  -0.360223E-10
   0.210800E+06   0.400909E-10   0.104326E-09  -0.469610E-10
   0.210820E+06  -0.738815E-11   0.131109E-09  -0.540462E-10
   0.210840E+06  -0.542589E-10   0.154976E-09  -0.580697E-10
   0.210860E+06  -0.990249E-10   0.175792E-09  -0.600213E-10
   0.210880E+06  -0.140337E-09   0.193558E-09  -0.609620E-10
   0.210900E+06  -0.177066E-09   0.208374E-09  -0.618934E-10
   0.210920E+06  -0.208350E-09   0.220393E-09  -0.636381E-10
   0.210940E+06  -0.233608E-09   0.229769E-09  -0.667445E-10
   0.210960E+06  -0.252537E-09   0.236618E-09  -0.714255E-10
   0.210980E+06  -0.265087E-09   0.240996E-09  -0.775387E-10
   0.211000E+06  -0.271441E-09   0.242879E-09  -0.846071E-10
   0.211020E+06  -0.271989E-09   0.242180E-09  -0.918777E-10
   0.211040E+06  -0.267314E-09   0.238767E-09  -0.984105E-10
   0.211060E+06  -0.258178E-09   0.232498E-09  -0.103185E-09
   0.211080E+06  -0.245509E-09   0.223262E-09  -0.105219E-09
   0.211100E+06  -0.230372E-09   0.211015E-09  -0.103674E-09
   0.211120E+06  -0.213930E-09   0.195809E-09  -0.979557E-10
   0.211140E+06  -0.197377E-09   0.177812E-09  -0.877844E-10
   0.211160E+06  -0.181851E-09   0.157310E-09  -0.732333E-10
   0.211180E+06  -0.168332E-09   0.134703E-09  -0.547359E-10
   0.211200E+06  -0.157538E-09   0.110484E-09  -0.330569E-10
   0.211220E+06  -0.149834E-09   0.852128E-10  -0.922977E-11
   0.211240E+06  -0.145170E-09   0.594871E-10   0.155319E-10
   0.211260E+06  -0.143070E-09   0.339119E-10   0.399411E-10
   0.211280E+06  -0.142668E-09   0.907074E-11   0.627540E-10
   0.211300E+06  -0.142807E-09  -0.144989E-10   0.828813E-10
   0.211320E+06  -0.142175E-09  -0.363262E-10   0.994855E-10
   0.211340E+06  -0.139473E-09  -0.560224E-10   0.112050E-09
   0.211360E+06  -0.133598E-09  -0.732920E-10   0.120416E-09
   0.211380E+06  -0.123792E-09  -0.879384E-10   0.124776E-09
   0.211400E+06  -0.109757E-09  -0.998652E-10   0.125634E-09
   0.211420E+06  -0.917180E-10  -0.109072E-09   0.123724E-09
   0.211440E+06  -0.704005E-10  -0.115644E-09   0.119916E-09
   0.211460E+06  -0.469575E-10  -0.119739E-09   0.115100E-09
   0.211480E+06  -0.228318E-10  -0.121567E-09   0.110082E-09
   0.211500E+06   0.415247E-12  -0.121368E-09   0.105491E-09
   0.211520E+06   0.212882E-10  -0.119399E-09   0.101720E-09
   0.211540E+06   0.385299E-10  -0.115909E-09   0.988999E-10
   0.211560E+06   0.512588E-10  -0.111134E-09   0.969036E-10
   0.211580E+06   0.590578E-10  -0.105286E-09   0.953905E-10
   0.211600E+06   0.620023E-10  -0.985609E-10   0.938683E-10
   0.211620E+06   0.606323E-10  -0.911409E-10   0.917678E-10
   0.211640E+06   0.558717E-10  -0.832065E-10   0.885201E-10
   0.211660E+06   0.489129E-10  -0.749449E-10   0.836229E-10
   0.211680E+06   0.410798E-10  -0.665568E-10   0.766922E-10
   0.211700E+06   0.336877E-10  -0.582550E-10   0.674950E-10
   0.211720E+06   0.279171E-10  -0.502592E-10   0.559637E-10
   0.211740E+06   0.247098E-10  -0.427824E-10   0.421971E-10
   0.211760E+06   0.246967E-10  -0.360149E-10   0.264515E-10
   0.211780E+06   0.281605E-10  -0.301079E-10   0.912910E-11
   0.211800E+06   0.350312E-10  -0.251612E-10  -0.923571E-11
   0.211820E+06   0.449105E-10  -0.212166E-10  -0.279892E-10
   0.211840E+06   0.571214E-10  -0.182614E-10  -0.463730E-10
   0.211860E+06   0.707760E-10  -0.162375E-10  -0.635441E-10
   0.211880E+06   0.848537E-10  -0.150603E-10  -0.786037E-10
   0.211900E+06   0.982868E-10  -0.146362E-10  -0.906394E-10
   0.211920E+06   0.110047E-09  -0.148801E-10  -0.987798E-10
   0.211940E+06   0.119224E-09  -0.157250E-10  -0.102261E-09
   0.211960E+06   0.125097E-09  -0.171233E-10  -0.100498E-09
   0.211980E+06   0.127190E-09  -0.190374E-10  -0.931533E-10
   0.212000E+06   0.125300E-09  -0.214232E-10  -0.801919E-10
   0.212020E+06   0.119512E-09  -0.242070E-10  -0.619168E-10
   0.212040E+06   0.110178E-09  -0.272664E-10  -0.389747E-10
   0.212060E+06   0.978768E-10  -0.304159E-10  -0.123309E-10
   0.212080E+06   0.833477E-10  -0.334039E-10   0.167863E-10
   0.212100E+06   0.674149E-10  -0.359242E-10   0.469646E-10
   0.212120E+06   0.509002E-10  -0.376398E-10   0.767027E-10
   0.212140E+06   0.345438E-10  -0.382180E-10   0.104510E-09
   0.212160E+06   0.189370E-10  -0.373704E-10   0.129001E-09
   0.212180E+06   0.448015E-11  -0.348907E-10   0.148974E-09
   0.212200E+06  -0.863226E-11  -0.306853E-10   0.163474E-09
   0.212220E+06  -0.203952E-10  -0.247897E-10   0.171827E-09
   0.212240E+06  -0.309492E-10  -0.173693E-10   0.173660E-09
   0.212260E+06  -0.405162E-10  -0.870422E-11   0.168901E-09
   0.212280E+06  -0.493245E-10   0.839158E-12   0.157765E-09
   0.212300E+06  -0.575375E-10   0.108439E-10   0.140730E-09
   0.212320E+06  -0.651949E-10   0.208799E-10   0.118514E-09
   0.212340E+06  -0.721803E-10   0.305387E-10   0.920347E-10
   0.212360E+06  -0.782185E-10   0.394562E-10   0.623757E-10
   0.212380E+06  -0.829063E-10   0.473281E-10   0.307396E-10
   0.212400E+06  -0.857718E-10   0.539121E-10  -0.160414E-11
   0.212420E+06  -0.863542E-10   0.590236E-10  -0.333783E-10
   0.212440E+06  -0.842901E-10   0.625266E-10  -0.633629E-10
   0.212460E+06  -0.793943E-10   0.643245E-10  -0.904594E-10
   0.212480E+06  -0.717190E-10   0.643543E-10  -0.113752E-09
   0.212500E+06  -0.615816E-10   0.625892E-10  -0.132552E-09
   0.212520E+06  -0.495523E-10   0.590402E-10  -0.146437E-09
   0.212540E+06  -0.364050E-10   0.537680E-10  -0.155253E-09
   0.212560E+06  -0.230321E-10   0.468913E-10  -0.159106E-09
   0.212580E+06  -0.103378E-10   0.385928E-10  -0.158330E-09
   0.212600E+06   0.876286E-12   0.291187E-10  -0.153442E-09
   0.212620E+06   0.100142E-10   0.187695E-10  -0.145083E-09
   0.212640E+06   0.167634E-10   0.788253E-11  -0.133967E-09
   0.212660E+06   0.211317E-10  -0.319076E-11  -0.120830E-09
   0.212680E+06   0.234390E-10  -0.141120E-10  -0.106391E-09
   0.212700E+06   0.242617E-10  -0.245800E-10  -0.913331E-10
   0.212720E+06   0.243391E-10  -0.343506E-10  -0.762824E-10
   0.212740E+06   0.244553E-10  -0.432471E-10  -0.618085E-10
   0.212760E+06   0.253155E-10  -0.511620E-10  -0.484220E-10
   0.212780E+06   0.274368E-10  -0.580492E-10  -0.365729E-10
   0.212800E+06   0.310709E-10  -0.639099E-10  -0.266457E-10
   0.212820E+06   0.361735E-10  -0.687742E-10  -0.189492E-10
   0.212840E+06   0.424241E-10  -0.726843E-10  -0.137031E-10
   0.212860E+06   0.492951E-10  -0.756794E-10  -0.110231E-10
   0.212880E+06   0.561588E-10  -0.777863E-10  -0.109106E-10
   0.212900E+06   0.624137E-10  -0.790160E-10  -0.132480E-10
   0.212920E+06   0.676084E-10  -0.793647E-10  -0.178044E-10
   0.212940E+06   0.715414E-10  -0.788181E-10  -0.242508E-10
   0.212960E+06   0.743178E-10  -0.773572E-10  -0.321839E-10
   0.212980E+06   0.763503E-10  -0.749621E-10  -0.411529E-10
   0.213000E+06   0.783025E-10  -0.716161E-10  -0.506887E-10
   0.213020E+06   0.809784E-10  -0.673065E-10  -0.603263E-10
   0.213040E+06   0.851772E-10  -0.620239E-10  -0.696217E-10
   0.213060E+06   0.915312E-10  -0.557629E-10  -0.781596E-10
   0.213080E+06   0.100356E-09  -0.485233E-10  -0.855546E-10
   0.213100E+06   0.111531E-09  -0.403137E-10  -0.914485E-10
   0.213120E+06   0.124442E-09  -0.311585E-10  -0.955084E-10
   0.213140E+06   0.137979E-09  -0.211042E-10  -0.974291E-10
   0.213160E+06   0.150616E-09  -0.102293E-10  -0.969419E-10
   0.213180E+06   0.160542E-09   0.135042E-11  -0.938311E-10
   0.213200E+06   0.165846E-09   0.134792E-10  -0.879557E-10
   0.213220E+06   0.164726E-09   0.259635E-10  -0.792714E-10
   0.213240E+06   0.155696E-09   0.385784E-10  -0.678495E-10
   0.213260E+06   0.137772E-09   0.510788E-10  -0.538858E-10
   0.213280E+06   0.110613E-09   0.632115E-10  -0.376984E-10
   0.213300E+06   0.745996E-10   0.747287E-10  -0.197115E-10
   0.213320E+06   0.308492E-10   0.853967E-10  -0.429803E-12
   0.213340E+06  -0.188406E-10   0.950033E-10   0.195939E-10
   0.213360E+06  -0.721065E-10   0.103360E-09   0.397913E-10
   0.213380E+06  -0.126183E-09   0.110303E-09   0.596053E-10
   0.213400E+06  -0.178102E-09   0.115689E-09   0.785066E-10
   0.213420E+06  -0.224900E-09   0.119398E-09   0.959992E-10
   0.213440E+06  -0.263837E-09   0.121332E-09   0.111616E-09
   0.213460E+06  -0.292584E-09   0.121426E-09   0.124908E-09
   0.213480E+06  -0.309394E-09   0.119651E-09   0.135440E-09
   0.213500E+06  -0.313225E-09   0.116030E-09   0.142784E-09
   0.213520E+06  -0.303819E-09   0.110648E-09   0.146542E-09
   0.213540E+06  -0.281728E-09   0.103658E-09   0.146363E-09
   0.213560E+06  -0.248296E-09   0.952817E-10   0.141994E-09
   0.213580E+06  -0.205576E-09   0.858022E-10   0.133321E-09
   0.213600E+06  -0.156216E-09   0.755499E-10   0.120414E-09
   0.213620E+06  -0.103291E-09   0.648820E-10   0.103564E-09
   0.213640E+06  -0.501176E-10   0.541574E-10   0.832901E-10
   0.213660E+06  -0.415817E-13   0.437148E-10   0.603258E-10
   0.213680E+06   0.437804E-10   0.338546E-10   0.355774E-10
   0.213700E+06   0.785877E-10   0.248283E-10   0.100597E-10
   0.213720E+06   0.102203E-09   0.168352E-10  -0.151813E-10
   0.213740E+06   0.113187E-09   0.100271E-10  -0.391461E-10
   0.213760E+06   0.110942E-09   0.451483E-11  -0.609495E-10
   0.213780E+06   0.957663E-10   0.378137E-12  -0.798655E-10
   0.213800E+06   0.688511E-10  -0.233236E-11  -0.953474E-10
   0.213820E+06   0.322115E-10  -0.359721E-11  -0.107021E-09
   0.213840E+06  -0.114360E-10  -0.343816E-11  -0.114659E-09
   0.213860E+06  -0.588482E-10  -0.193352E-11  -0.118139E-09
   0.213880E+06  -0.106471E-09   0.764922E-12  -0.117412E-09
   0.213900E+06  -0.150683E-09   0.441884E-11  -0.112477E-09
   0.213920E+06  -0.188050E-09   0.869952E-11  -0.103379E-09
   0.213940E+06  -0.215574E-09   0.131989E-10  -0.902282E-10
   0.213960E+06  -0.230914E-09   0.174538E-10  -0.732383E-10
   0.213980E+06  -0.232566E-09   0.209861E-10  -0.527766E-10
   0.214000E+06  -0.219976E-09   0.233513E-10  -0.294066E-10
   0.214020E+06  -0.193589E-09   0.241886E-10  -0.391494E-11
   0.214040E+06  -0.154805E-09   0.232643E-10   0.226928E-10
   0.214060E+06  -0.105866E-09   0.204995E-10   0.492316E-10
   0.214080E+06  -0.496676E-10   0.159768E-10   0.744128E-10
   0.214100E+06   0.104884E-10   0.992350E-11   0.969495E-10
   0.214120E+06   0.711662E-10   0.267248E-11   0.115677E-09
   0.214140E+06   0.129078E-09  -0.539146E-11   0.129670E-09
   0.214160E+06   0.181339E-09  -0.138917E-10   0.138345E-09
   0.214180E+06   0.225673E-09  -0.225150E-10   0.141518E-09
   0.214200E+06   0.260549E-09  -0.310523E-10   0.139428E-09
   0.214220E+06   0.285228E-09  -0.394175E-10   0.132705E-09
   0.214240E+06   0.299735E-09  -0.476416E-10   0.122298E-09
   0.214260E+06   0.304754E-09  -0.558420E-10   0.109369E-09
   0.214280E+06   0.301466E-09  -0.641776E-10   0.951723E-10
   0.214300E+06   0.291360E-09  -0.727932E-10   0.809323E-10
   0.214320E+06   0.276042E-09  -0.817678E-10   0.677355E-10
   0.214340E+06   0.257064E-09  -0.910752E-10   0.564524E-10
   0.214360E+06   0.235797E-09  -0.100564E-09   0.476899E-10
   0.214380E+06   0.213356E-09  -0.109957E-09   0.417777E-10
   0.214400E+06   0.190575E-09  -0.118880E-09   0.387835E-10
   0.214420E+06   0.168031E-09  -0.126892E-09   0.385476E-10
   0.214440E+06   0.146086E-09  -0.133536E-09   0.407292E-10
   0.214460E+06   0.124956E-09  -0.138382E-09   0.448544E-10
   0.214480E+06   0.104753E-09  -0.141061E-09   0.503584E-10
   0.214500E+06   0.855246E-10  -0.141292E-09   0.566217E-10
   0.214520E+06   0.672620E-10  -0.138885E-09   0.629956E-10
   0.214540E+06   0.498848E-10  -0.133735E-09   0.688239E-10
   0.214560E+06   0.332178E-10  -0.125816E-09   0.734608E-10
   0.214580E+06   0.169697E-10  -0.115161E-09   0.762921E-10
   0.214600E+06   0.728812E-12  -0.101854E-09   0.767599E-10
   0.214620E+06  -0.160111E-10  -0.860317E-10   0.743932E-10
   0.214640E+06  -0.337898E-10  -0.678925E-10   0.688433E-10
   0.214660E+06  -0.530884E-10  -0.477130E-10   0.599200E-10
   0.214680E+06  -0.742156E-10  -0.258686E-10   0.476235E-10
   0.214700E+06  -0.971944E-10  -0.285027E-11   0.321684E-10
   0.214720E+06  -0.121669E-09   0.207298E-10   0.139942E-10
   0.214740E+06  -0.146852E-09   0.441485E-10  -0.624159E-11
   0.214760E+06  -0.171537E-09   0.666001E-10  -0.276889E-10
   0.214780E+06  -0.194165E-09   0.872424E-10  -0.493488E-10
   0.214800E+06  -0.212970E-09   0.105256E-09  -0.701339E-10
   0.214820E+06  -0.226152E-09   0.119911E-09  -0.889415E-10
   0.214840E+06  -0.232094E-09   0.130625E-09  -0.104734E-09
   0.214860E+06  -0.229557E-09   0.137020E-09  -0.116618E-09
   0.214880E+06  -0.217852E-09   0.138951E-09  -0.123924E-09
   0.214900E+06  -0.196949E-09   0.136520E-09  -0.126265E-09
   0.214920E+06  -0.167506E-09   0.130058E-09  -0.123579E-09
   0.214940E+06  -0.130827E-09   0.120097E-09  -0.116149E-09
   0.214960E+06  -0.887378E-10   0.107318E-09  -0.104590E-09
   0.214980E+06  -0.434102E-10   0.924907E-10  -0.898094E-10
   0.215000E+06   0.284220E-11   0.764181E-10  -0.729422E-10
   0.215020E+06   0.477736E-10   0.598777E-10  -0.552584E-10
   0.215040E+06   0.893878E-10   0.435757E-10  -0.380632E-10
   0.215060E+06   0.126077E-09   0.281201E-10  -0.225890E-10
   0.215080E+06   0.156698E-09   0.139926E-10  -0.990083E-11
   0.215100E+06   0.180586E-09   0.154547E-11  -0.816695E-12
   0.215120E+06   0.197517E-09  -0.899693E-11   0.414394E-11
   0.215140E+06   0.207622E-09  -0.175288E-10   0.478037E-11
   0.215160E+06   0.211287E-09  -0.240491E-10   0.119963E-11
   0.215180E+06   0.209038E-09  -0.286447E-10  -0.622137E-11
   0.215200E+06   0.201447E-09  -0.314750E-10  -0.168928E-10
   0.215220E+06   0.189063E-09  -0.327542E-10  -0.300770E-10
   0.215240E+06   0.172369E-09  -0.327380E-10  -0.449528E-10
   0.215260E+06   0.151777E-09  -0.317101E-10  -0.606697E-10
   0.215280E+06   0.127648E-09  -0.299705E-10  -0.763865E-10
   0.215300E+06   0.100331E-09  -0.278253E-10  -0.912946E-10
   0.215320E+06   0.702062E-10  -0.255773E-10  -0.104629E-09
   0.215340E+06   0.377341E-10  -0.235174E-10  -0.115670E-09
   0.215360E+06   0.348745E-11  -0.219151E-10  -0.123755E-09
   0.215380E+06  -0.318277E-10  -0.210087E-10  -0.128285E-09
   0.215400E+06  -0.673714E-10  -0.209937E-10  -0.128755E-09
   0.215420E+06  -0.102186E-09  -0.220100E-10  -0.124792E-09
   0.215440E+06  -0.135231E-09  -0.241280E-10  -0.116202E-09
   0.215460E+06  -0.165426E-09  -0.273357E-10  -0.103013E-09
   0.215480E+06  -0.191714E-09  -0.315286E-10  -0.855115E-10
   0.215500E+06  -0.213117E-09  -0.365051E-10  -0.642583E-10
   0.215520E+06  -0.228808E-09  -0.419703E-10  -0.400728E-10
   0.215540E+06  -0.238170E-09  -0.475478E-10  -0.139886E-10
   0.215560E+06  -0.240855E-09  -0.528050E-10   0.128181E-10
   0.215580E+06  -0.236831E-09  -0.572848E-10   0.391206E-10
   0.215600E+06  -0.226413E-09  -0.605445E-10   0.637409E-10
   0.215620E+06  -0.210269E-09  -0.621961E-10   0.856411E-10
   0.215640E+06  -0.189407E-09  -0.619427E-10   0.103994E-09
   0.215660E+06  -0.165130E-09  -0.596057E-10   0.118226E-09
   0.215680E+06  -0.138968E-09  -0.551398E-10   0.128021E-09
   0.215700E+06  -0.112575E-09  -0.486295E-10   0.133296E-09
   0.215720E+06  -0.876255E-10  -0.402758E-10   0.134155E-09
   0.215740E+06  -0.656802E-10  -0.303668E-10   0.130824E-09
   0.215760E+06  -0.480709E-10  -0.192431E-10   0.123596E-09
   0.215780E+06  -0.357892E-10  -0.726236E-11   0.112783E-09
   0.215800E+06  -0.294033E-10   0.523097E-11   0.986938E-10
   0.215820E+06  -0.290091E-10   0.179254E-10   0.816341E-10
   0.215840E+06  -0.342215E-10   0.305498E-10   0.619253E-10
   0.215860E+06  -0.442076E-10   0.428705E-10   0.399377E-10
   0.215880E+06  -0.577588E-10   0.546765E-10   0.161213E-10
   0.215900E+06  -0.733957E-10   0.657639E-10  -0.897189E-11
   0.215920E+06  -0.894934E-10   0.759198E-10  -0.346865E-10
   0.215940E+06  -0.104415E-09   0.849149E-10  -0.602841E-10
   0.215960E+06  -0.116641E-09   0.925049E-10  -0.849846E-10
   0.215980E+06  -0.124876E-09   0.984424E-10  -0.108022E-09
   0.216000E+06  -0.128136E-09   0.102497E-09  -0.128699E-09
   0.216020E+06  -0.125797E-09   0.104481E-09  -0.146438E-09
   0.216040E+06  -0.117604E-09   0.104267E-09  -0.160807E-09
   0.216060E+06  -0.103660E-09   0.101806E-09  -0.171523E-09
   0.216080E+06  -0.843799E-10   0.971325E-10  -0.178423E-09
   0.216100E+06  -0.604262E-10   0.903507E-10  -0.181426E-09
   0.216120E+06  -0.326448E-10   0.816212E-10  -0.180471E-09
   0.216140E+06  -0.199658E-11   0.711360E-10  -0.175472E-09
   0.216160E+06   0.304990E-10   0.590971E-10  -0.166281E-09
   0.216180E+06   0.638073E-10   0.457027E-10  -0.152681E-09
   0.216200E+06   0.969087E-10   0.311444E-10  -0.134415E-09
   0.216220E+06   0.128815E-09   0.156198E-10  -0.111243E-09
   0.216240E+06   0.158580E-09  -0.642941E-12  -0.830203E-10
   0.216260E+06   0.185309E-09  -0.173543E-10  -0.497944E-10
   0.216280E+06   0.208169E-09  -0.341328E-10  -0.118880E-10
   0.216300E+06   0.226415E-09  -0.504858E-10   0.300327E-10
   0.216320E+06   0.239415E-09  -0.658076E-10   0.749253E-10
   0.216340E+06   0.246689E-09  -0.793990E-10   0.121380E-09
   0.216360E+06   0.247951E-09  -0.905140E-10   0.167669E-09
   0.216380E+06   0.243139E-09  -0.984229E-10   0.211841E-09
   0.216400E+06   0.232440E-09  -0.102489E-09   0.251835E-09
   0.216420E+06   0.216298E-09  -0.102242E-09   0.285622E-09
   0.216440E+06   0.195395E-09  -0.974463E-10   0.311348E-09
   0.216460E+06   0.170612E-09  -0.881376E-10   0.327465E-09
   0.216480E+06   0.142983E-09  -0.746393E-10   0.332845E-09
   0.216500E+06   0.113625E-09  -0.575418E-10   0.326872E-09
   0.216520E+06   0.836782E-10  -0.376570E-10   0.309492E-09
   0.216540E+06   0.542484E-10  -0.159506E-10   0.281245E-09
   0.216560E+06   0.263680E-10   0.653543E-11   0.243244E-09
   0.216580E+06   0.971664E-12   0.287595E-10   0.197142E-09
   0.216600E+06  -0.211095E-10   0.497458E-10   0.145048E-09
   0.216620E+06  -0.391443E-10   0.686323E-10   0.894262E-10
   0.216640E+06  -0.524951E-10   0.846988E-10   0.329668E-10
   0.216660E+06  -0.606194E-10   0.973760E-10  -0.215659E-10
   0.216680E+06  -0.630873E-10   0.106242E-09  -0.714963E-10
   0.216700E+06  -0.596184E-10   0.111013E-09  -0.114404E-09
   0.216720E+06  -0.501363E-10   0.111532E-09  -0.148280E-09
   0.216740E+06  -0.348337E-10   0.107769E-09  -0.171663E-09
   0.216760E+06  -0.142337E-10   0.998221E-10  -0.183740E-09
   0.216780E+06   0.107685E-10   0.879322E-10  -0.184399E-09
   0.216800E+06   0.388994E-10   0.724952E-10  -0.174238E-09
   0.216820E+06   0.685492E-10   0.540734E-10  -0.154508E-09
   0.216840E+06   0.978676E-10   0.333916E-10  -0.127018E-09
   0.216860E+06   0.124908E-09   0.113210E-10  -0.939869E-10
   0.216880E+06   0.147806E-09  -0.111589E-10  -0.578784E-10
   0.216900E+06   0.164972E-09  -0.330141E-10  -0.212135E-10
   0.216920E+06   0.175271E-09  -0.532243E-10   0.136081E-10
   0.216940E+06   0.178154E-09  -0.708554E-10   0.444705E-10
   0.216960E+06   0.173727E-09  -0.851292E-10   0.696729E-10
   0.216980E+06   0.162741E-09  -0.954771E-10   0.880220E-10
   0.217000E+06   0.146495E-09  -0.101580E-09   0.988819E-10
   0.217020E+06   0.126670E-09  -0.103376E-09   0.102181E-09
   0.217040E+06   0.105112E-09  -0.101052E-09   0.983753E-10
   0.217060E+06   0.835976E-10  -0.950094E-10   0.883842E-10
   0.217080E+06   0.636202E-10  -0.858120E-10   0.734891E-10
   0.217100E+06   0.462194E-10  -0.741313E-10   0.552180E-10
   0.217120E+06   0.318876E-10  -0.606864E-10   0.352150E-10
   0.217140E+06   0.205591E-10  -0.461895E-10   0.151082E-10
   0.217160E+06   0.116823E-10  -0.313027E-10  -0.361845E-11
   0.217180E+06   0.435602E-11  -0.166045E-10  -0.197386E-10
   0.217200E+06  -0.249303E-11  -0.256871E-11  -0.323732E-10
   0.217220E+06  -0.992462E-11   0.104460E-10  -0.410504E-10
   0.217240E+06  -0.188219E-10   0.221977E-10  -0.457285E-10
   0.217260E+06  -0.297748E-10   0.325561E-10  -0.467797E-10
   0.217280E+06  -0.430255E-10   0.414919E-10  -0.449358E-10
   0.217300E+06  -0.584757E-10   0.490612E-10  -0.411993E-10
   0.217320E+06  -0.757493E-10   0.553859E-10  -0.367301E-10
   0.217340E+06  -0.942872E-10   0.606294E-10  -0.327180E-10
   0.217360E+06  -0.113454E-09   0.649697E-10  -0.302553E-10
   0.217380E+06  -0.132629E-09   0.685697E-10  -0.302228E-10
   0.217400E+06  -0.151269E-09   0.715494E-10  -0.332000E-10
   0.217420E+06  -0.168925E-09   0.739605E-10  -0.394080E-10
   0.217440E+06  -0.185226E-09   0.757688E-10  -0.486895E-10
   0.217460E+06  -0.199824E-09   0.768477E-10  -0.605235E-10
   0.217480E+06  -0.212335E-09   0.769807E-10  -0.740730E-10
   0.217500E+06  -0.222286E-09   0.758791E-10  -0.882545E-10
   0.217520E+06  -0.229092E-09   0.732086E-10  -0.101824E-09
   0.217540E+06  -0.232070E-09   0.686246E-10  -0.113469E-09
   0.217560E+06  -0.230502E-09   0.618109E-10  -0.121898E-09
   0.217580E+06  -0.223730E-09   0.525174E-10  -0.125925E-09
   0.217600E+06  -0.211282E-09   0.405920E-10  -0.124549E-09
   0.217620E+06  -0.192987E-09   0.260094E-10  -0.117013E-09
   0.217640E+06  -0.169073E-09   0.888040E-11  -0.102862E-09
   0.217660E+06  -0.140228E-09  -0.105400E-10  -0.819840E-10
   0.217680E+06  -0.107587E-09  -0.318586E-10  -0.546356E-10
   0.217700E+06  -0.726676E-10  -0.545573E-10  -0.214570E-10
   0.217720E+06  -0.372485E-10  -0.780125E-10   0.165374E-10
   0.217740E+06  -0.320092E-11  -0.101520E-09   0.579881E-10
   0.217760E+06   0.276945E-10  -0.124323E-09   0.101244E-09
   0.217780E+06   0.539252E-10  -0.145644E-09   0.144438E-09
   0.217800E+06   0.743942E-10  -0.164719E-09   0.185584E-09
   0.217820E+06   0.885149E-10  -0.180835E-09   0.222683E-09
   0.217840E+06   0.962467E-10  -0.193361E-09   0.253836E-09
   0.217860E+06   0.980642E-10  -0.201789E-09   0.277349E-09
   0.217880E+06   0.948724E-10  -0.205755E-09   0.291826E-09
   0.217900E+06   0.878771E-10  -0.205064E-09   0.296231E-09
   0.217920E+06   0.784348E-10  -0.199696E-09   0.289930E-09
   0.217940E+06   0.678990E-10  -0.189803E-09   0.272705E-09
   0.217960E+06   0.574848E-10  -0.175693E-09   0.244744E-09
   0.217980E+06   0.481644E-10  -0.157797E-09   0.206611E-09
   0.218000E+06   0.406052E-10  -0.136641E-09   0.159209E-09
   0.218020E+06   0.351497E-10  -0.112803E-09   0.103741E-09
   0.218040E+06   0.318365E-10  -0.868833E-10   0.416709E-10
   0.218060E+06   0.304524E-10  -0.594783E-10  -0.253157E-10
   0.218080E+06   0.306048E-10  -0.311669E-10  -0.953423E-10
   0.218100E+06   0.318021E-10  -0.250808E-11  -0.166381E-09
   0.218120E+06   0.335313E-10   0.259513E-10  -0.236296E-09
   0.218140E+06   0.353221E-10   0.536643E-10  -0.302904E-09
   0.218160E+06   0.367925E-10   0.800735E-10  -0.364040E-09
   0.218180E+06   0.376731E-10   0.104606E-09  -0.417647E-09
   0.218200E+06   0.378098E-10   0.126680E-09  -0.461860E-09
   0.218220E+06   0.371495E-10   0.145727E-09  -0.495104E-09
   0.218240E+06   0.357119E-10   0.161219E-09  -0.516169E-09
   0.218260E+06   0.335576E-10   0.172717E-09  -0.524274E-09
   0.218280E+06   0.307520E-10   0.179905E-09  -0.519104E-09
   0.218300E+06   0.273385E-10   0.182628E-09  -0.500816E-09
   0.218320E+06   0.233197E-10   0.180919E-09  -0.470016E-09
   0.218340E+06   0.186515E-10   0.175002E-09  -0.427714E-09
   0.218360E+06   0.132499E-10   0.165282E-09  -0.375266E-09
   0.218380E+06   0.700816E-11   0.152316E-09  -0.314302E-09
   0.218400E+06  -0.177168E-12   0.136767E-09  -0.246658E-09
   0.218420E+06  -0.837815E-11   0.119365E-09  -0.174317E-09
   0.218440E+06  -0.176074E-10   0.100851E-09  -0.993517E-10
   0.218460E+06  -0.277976E-10   0.819455E-10  -0.238724E-10
   0.218480E+06  -0.387900E-10   0.633181E-10   0.500174E-10
   0.218500E+06  -0.503344E-10   0.455720E-10   0.120276E-09
   0.218520E+06  -0.621005E-10   0.292394E-10   0.184984E-09
   0.218540E+06  -0.736993E-10   0.147821E-10   0.242412E-09
   0.218560E+06  -0.847114E-10   0.259225E-11   0.291098E-09
   0.218580E+06  -0.947168E-10  -0.701005E-11   0.329922E-09
   0.218600E+06  -0.103325E-09  -0.137871E-10   0.358172E-09
   0.218620E+06  -0.110199E-09  -0.175998E-10   0.375591E-09
   0.218640E+06  -0.115071E-09  -0.184288E-10   0.382394E-09
   0.218660E+06  -0.117752E-09  -0.163942E-10   0.379251E-09
   0.218680E+06  -0.118133E-09  -0.117676E-10   0.367234E-09
   0.218700E+06  -0.116179E-09  -0.497246E-11   0.347733E-09
   0.218720E+06  -0.111921E-09   0.343353E-11   0.322351E-09
   0.218740E+06  -0.105441E-09   0.127940E-10   0.292789E-09
   0.218760E+06  -0.968657E-10   0.224020E-10   0.260737E-09
   0.218780E+06  -0.863510E-10   0.315585E-10   0.227778E-09
   0.218800E+06  -0.740741E-10   0.396310E-10   0.195316E-09
   0.218820E+06  -0.602231E-10   0.461042E-10   0.164532E-09
   0.218840E+06  -0.449877E-10   0.506148E-10   0.136364E-09
   0.218860E+06  -0.285495E-10   0.529663E-10   0.111501E-09
   0.218880E+06  -0.110732E-10   0.531225E-10   0.903980E-10
   0.218900E+06   0.729870E-11   0.511846E-10   0.732848E-10
   0.218920E+06   0.264509E-10   0.473516E-10   0.601781E-10
   0.218940E+06   0.462893E-10   0.418791E-10   0.508891E-10
   0.218960E+06   0.667308E-10   0.350390E-10   0.450319E-10
   0.218980E+06   0.876833E-10   0.270898E-10   0.420366E-10
   0.219000E+06   0.109021E-09   0.182586E-10   0.411739E-10
   0.219020E+06   0.130553E-09   0.873715E-11   0.415973E-10
   0.219040E+06   0.152000E-09  -0.131219E-11   0.424042E-10
   0.219060E+06   0.172967E-09  -0.117420E-10   0.427139E-10
   0.219080E+06   0.192938E-09  -0.224080E-10   0.417541E-10
   0.219100E+06   0.211281E-09  -0.331590E-10   0.389449E-10
   0.219120E+06   0.227274E-09  -0.438349E-10   0.339659E-10
   0.219140E+06   0.240147E-09  -0.542726E-10   0.267948E-10
   0.219160E+06   0.249143E-09  -0.643179E-10   0.177069E-10
   0.219180E+06   0.253578E-09  -0.738393E-10   0.723415E-11
   0.219200E+06   0.252913E-09  -0.827393E-10  -0.391352E-11
   0.219220E+06   0.246816E-09  -0.909593E-10  -0.149523E-10
   0.219240E+06   0.235207E-09  -0.984751E-10  -0.251391E-10
   0.219260E+06   0.218285E-09  -0.105283E-09  -0.338773E-10
   0.219280E+06   0.196535E-09  -0.111379E-09  -0.407980E-10
   0.219300E+06   0.170710E-09  -0.116735E-09  -0.458023E-10
   0.219320E+06   0.141785E-09  -0.121278E-09  -0.490606E-10
   0.219340E+06   0.110900E-09  -0.124877E-09  -0.509690E-10
   0.219360E+06   0.792877E-10  -0.127344E-09  -0.520735E-10
   0.219380E+06   0.481846E-10  -0.128439E-09  -0.529742E-10
   0.219400E+06   0.187500E-10  -0.127901E-09  -0.542281E-10
   0.219420E+06  -0.801998E-11  -0.125473E-09  -0.562645E-10
   0.219440E+06  -0.313675E-10  -0.120940E-09  -0.593257E-10
   0.219460E+06  -0.508343E-10  -0.114162E-09  -0.634393E-10
   0.219480E+06  -0.663045E-10  -0.105091E-09  -0.684211E-10
   0.219500E+06  -0.780212E-10  -0.937947E-10  -0.739052E-10
   0.219520E+06  -0.865757E-10  -0.804492E-10  -0.793908E-10
   0.219540E+06  -0.928610E-10  -0.653336E-10  -0.842961E-10
   0.219560E+06  -0.979972E-10  -0.488121E-10  -0.880104E-10
   0.219580E+06  -0.103223E-09  -0.313105E-10  -0.899395E-10
   0.219600E+06  -0.109767E-09  -0.132919E-10  -0.895413E-10
   0.219620E+06  -0.118707E-09   0.476666E-11  -0.863539E-10
   0.219640E+06  -0.130834E-09   0.223960E-10  -0.800206E-10
   0.219660E+06  -0.146530E-09   0.391537E-10  -0.703152E-10
   0.219680E+06  -0.165694E-09   0.546411E-10  -0.571712E-10
   0.219700E+06  -0.187700E-09   0.685220E-10  -0.407146E-10
   0.219720E+06  -0.211425E-09   0.805376E-10  -0.212965E-10
   0.219740E+06  -0.235327E-09   0.905223E-10   0.482114E-12
   0.219760E+06  -0.257577E-09   0.984163E-10   0.237611E-10
   0.219780E+06  -0.276222E-09   0.104271E-09   0.474372E-10
   0.219800E+06  -0.289375E-09   0.108249E-09   0.702101E-10
   0.219820E+06  -0.295393E-09   0.110606E-09   0.906603E-10
   0.219840E+06  -0.293032E-09   0.111667E-09   0.107355E-09
   0.219860E+06  -0.281562E-09   0.111794E-09   0.118973E-09
   0.219880E+06  -0.260823E-09   0.111336E-09   0.124429E-09
   0.219900E+06  -0.231230E-09   0.110591E-09   0.122996E-09
   0.219920E+06  -0.193724E-09   0.109766E-09   0.114390E-09
   0.219940E+06  -0.149680E-09   0.108953E-09   0.988184E-10
   0.219960E+06  -0.100792E-09   0.108116E-09   0.769892E-10
   0.219980E+06  -0.489480E-10   0.107107E-09   0.500600E-10
   0.220000E+06   0.388589E-11   0.105686E-09   0.195528E-10
   0.220020E+06   0.557688E-10   0.103566E-09  -0.127668E-10
   0.220040E+06   0.104864E-09   0.100457E-09  -0.450292E-10
   0.220060E+06   0.149496E-09   0.961129E-10  -0.754047E-10
   0.220080E+06   0.188189E-09   0.903671E-10  -0.102237E-09
   0.220100E+06   0.219702E-09   0.831576E-10  -0.124156E-09
   0.220120E+06   0.243052E-09   0.745338E-10  -0.140160E-09
   0.220140E+06   0.257544E-09   0.646485E-10  -0.149668E-09
   0.220160E+06   0.262806E-09   0.537360E-10  -0.152529E-09
   0.220180E+06   0.258822E-09   0.420884E-10  -0.149013E-09
   0.220200E+06   0.245956E-09   0.300217E-10  -0.139756E-09
   0.220220E+06   0.224964E-09   0.178515E-10  -0.125697E-09
   0.220240E+06   0.196979E-09   0.587283E-11  -0.107987E-09
   0.220260E+06   0.163469E-09  -0.565175E-11  -0.878958E-10
   0.220280E+06   0.126159E-09  -0.164984E-10  -0.667082E-10
   0.220300E+06   0.869283E-10  -0.264840E-10  -0.456287E-10
   0.220320E+06   0.476849E-10  -0.354677E-10  -0.256976E-10
   0.220340E+06   0.102368E-10  -0.433525E-10  -0.772529E-11
   0.220360E+06  -0.238300E-10  -0.500920E-10   0.774666E-11
   0.220380E+06  -0.532508E-10  -0.556960E-10   0.204552E-10
   0.220400E+06  -0.771478E-10  -0.602356E-10   0.303959E-10
   0.220420E+06  -0.950546E-10  -0.638443E-10   0.377757E-10
   0.220440E+06  -0.106901E-09  -0.667098E-10   0.429457E-10
   0.220460E+06  -0.112958E-09  -0.690570E-10   0.463228E-10
   0.220480E+06  -0.113765E-09  -0.711218E-10   0.483133E-10
   0.220500E+06  -0.110031E-09  -0.731179E-10   0.492465E-10
   0.220520E+06  -0.102545E-09  -0.752036E-10   0.493312E-10
   0.220540E+06  -0.920906E-10  -0.774538E-10   0.486371E-10
   0.220560E+06  -0.793852E-10  -0.798442E-10   0.471044E-10
   0.220580E+06  -0.650374E-10  -0.822523E-10   0.445767E-10
   0.220600E+06  -0.495345E-10  -0.844764E-10   0.408495E-10
   0.220620E+06  -0.332511E-10  -0.862711E-10   0.357257E-10
   0.220640E+06  -0.164757E-10  -0.873934E-10   0.290654E-10
   0.220660E+06   0.551028E-12  -0.876488E-10   0.208250E-10
   0.220680E+06   0.175936E-10  -0.869343E-10   0.110766E-10
   0.220700E+06   0.343798E-10  -0.852616E-10   0.860460E-14
   0.220720E+06   0.505672E-10  -0.827611E-10  -0.120896E-10
   0.220740E+06   0.657215E-10  -0.796626E-10  -0.248553E-10
   0.220760E+06   0.793115E-10  -0.762559E-10  -0.378835E-10
   0.220780E+06   0.907232E-10  -0.728392E-10  -0.507568E-10
   0.220800E+06   0.992931E-10  -0.696652E-10  -0.630670E-10
   0.220820E+06   0.104364E-09  -0.668922E-10  -0.744303E-10
   0.220840E+06   0.105352E-09  -0.645575E-10  -0.844923E-10
   0.220860E+06   0.101834E-09  -0.625693E-10  -0.929317E-10
   0.220880E+06   0.936267E-10  -0.607244E-10  -0.994628E-10
   0.220900E+06   0.808647E-10  -0.587461E-10  -0.103842E-09
   0.220920E+06   0.640583E-10  -0.563354E-10  -0.105883E-09
   0.220940E+06   0.441160E-10  -0.532248E-10  -0.105470E-09
   0.220960E+06   0.223269E-10  -0.492253E-10  -0.102586E-09
   0.220980E+06   0.295802E-12  -0.442551E-10  -0.973256E-10
   0.221000E+06  -0.201668E-10  -0.383504E-10  -0.899031E-10
   0.221020E+06  -0.371960E-10  -0.316517E-10  -0.806516E-10
   0.221040E+06  -0.490472E-10  -0.243723E-10  -0.700006E-10
   0.221060E+06  -0.542776E-10  -0.167560E-10  -0.584420E-10
   0.221080E+06  -0.519115E-10  -0.903174E-11  -0.464858E-10
   0.221100E+06  -0.415690E-10  -0.137509E-11  -0.346124E-10
   0.221120E+06  -0.235386E-10   0.611680E-11  -0.232309E-10
   0.221140E+06   0.121738E-11   0.134332E-10  -0.126488E-10
   0.221160E+06   0.311265E-10   0.206398E-10  -0.305919E-11
   0.221180E+06   0.641358E-10   0.278556E-10   0.545512E-11
   0.221200E+06   0.978908E-10   0.352199E-10   0.129020E-10
   0.221220E+06   0.129945E-09   0.428590E-10   0.193525E-10
   0.221240E+06   0.157974E-09   0.508566E-10   0.249125E-10
   0.221260E+06   0.179975E-09   0.592342E-10   0.297006E-10
   0.221280E+06   0.194424E-09   0.679412E-10   0.338384E-10
   0.221300E+06   0.200383E-09   0.768597E-10   0.374529E-10
   0.221320E+06   0.197547E-09   0.858126E-10   0.406882E-10
   0.221340E+06   0.186230E-09   0.945811E-10   0.437210E-10
   0.221360E+06   0.167304E-09   0.102922E-09   0.467708E-10
   0.221380E+06   0.142085E-09   0.110583E-09   0.500962E-10
   0.221400E+06   0.112212E-09   0.117316E-09   0.539739E-10
   0.221420E+06   0.794992E-10   0.122887E-09   0.586581E-10
   0.221440E+06   0.457999E-10   0.127086E-09   0.643256E-10
   0.221460E+06   0.128785E-10   0.129732E-09   0.710185E-10
   0.221480E+06  -0.176941E-10   0.130684E-09   0.785931E-10
   0.221500E+06  -0.446254E-10   0.129850E-09   0.866910E-10
   0.221520E+06  -0.669609E-10   0.127197E-09   0.947429E-10
   0.221540E+06  -0.841199E-10   0.122758E-09   0.102009E-09
   0.221560E+06  -0.959086E-10   0.116637E-09   0.107655E-09
   0.221580E+06  -0.102513E-09   0.109004E-09   0.110856E-09
   0.221600E+06  -0.104468E-09   0.100088E-09   0.110908E-09
   0.221620E+06  -0.102614E-09   0.901562E-10   0.107338E-09
   0.221640E+06  -0.980271E-10   0.794916E-10   0.999845E-10
   0.221660E+06  -0.919384E-10   0.683677E-10   0.890400E-10
   0.221680E+06  -0.856432E-10   0.570259E-10   0.750499E-10
   0.221700E+06  -0.804007E-10   0.456592E-10   0.588610E-10
   0.221720E+06  -0.773369E-10   0.344043E-10   0.415334E-10
   0.221740E+06  -0.773549E-10   0.233446E-10   0.242300E-10
   0.221760E+06  -0.810623E-10   0.125220E-10   0.809979E-11
   0.221780E+06  -0.887198E-10   0.195412E-11  -0.582587E-11
   0.221800E+06  -0.100219E-09  -0.834618E-11  -0.167103E-10
   0.221820E+06  -0.115088E-09  -0.183545E-10  -0.239539E-10
   0.221840E+06  -0.132525E-09  -0.280249E-10  -0.272019E-10
   0.221860E+06  -0.151466E-09  -0.372879E-10  -0.263220E-10
   0.221880E+06  -0.170656E-09  -0.460572E-10  -0.213657E-10
   0.221900E+06  -0.188753E-09  -0.542416E-10  -0.125233E-10
   0.221920E+06  -0.204427E-09  -0.617604E-10  -0.869448E-13
   0.221940E+06  -0.216452E-09  -0.685546E-10   0.155723E-10
   0.221960E+06  -0.223802E-09  -0.745962E-10   0.340082E-10
   0.221980E+06  -0.225713E-09  -0.798872E-10   0.546898E-10
   0.222000E+06  -0.221739E-09  -0.844526E-10   0.769839E-10
   0.222020E+06  -0.211775E-09  -0.883273E-10   0.100141E-09
   0.222040E+06  -0.196056E-09  -0.915406E-10   0.123294E-09
   0.222060E+06  -0.175135E-09  -0.941029E-10   0.145473E-09
   0.222080E+06  -0.149839E-09  -0.959973E-10   0.165649E-09
   0.222100E+06  -0.121216E-09  -0.971758E-10   0.182788E-09
   0.222120E+06  -0.904688E-10  -0.975682E-10   0.195918E-09
   0.222140E+06  -0.588877E-10  -0.970916E-10   0.204206E-09
   0.222160E+06  -0.277919E-10  -0.956644E-10   0.207010E-09
   0.222180E+06   0.152590E-11  -0.932184E-10   0.203925E-09
   0.222200E+06   0.278439E-10  -0.897072E-10   0.194804E-09
   0.222220E+06   0.500479E-10  -0.851083E-10   0.179755E-09
   0.222240E+06   0.671629E-10  -0.794198E-10   0.159114E-09
   0.222260E+06   0.783856E-10  -0.726530E-10   0.133418E-09
   0.222280E+06   0.831215E-10  -0.648278E-10   0.103365E-09
   0.222300E+06   0.810295E-10  -0.559697E-10   0.697771E-10
   0.222320E+06   0.720739E-10  -0.461153E-10   0.335743E-10
   0.222340E+06   0.565809E-10  -0.353260E-10  -0.424635E-11
   0.222360E+06   0.352889E-10  -0.237071E-10  -0.426294E-10
   0.222380E+06   0.938304E-11  -0.114299E-10  -0.804801E-10
   0.222400E+06  -0.195017E-10   0.125062E-11  -0.116691E-09
   0.222420E+06  -0.493192E-10   0.139884E-10  -0.150180E-09
   0.222440E+06  -0.777034E-10   0.263542E-10  -0.179942E-09
   0.222460E+06  -0.102112E-09   0.378616E-10  -0.205105E-09
   0.222480E+06  -0.120019E-09   0.480103E-10  -0.224996E-09
   0.222500E+06  -0.129135E-09   0.563407E-10  -0.239186E-09
   0.222520E+06  -0.127643E-09   0.624917E-10  -0.247534E-09
   0.222540E+06  -0.114409E-09   0.662529E-10  -0.250188E-09
   0.222560E+06  -0.891526E-10   0.675986E-10  -0.247568E-09
   0.222580E+06  -0.525331E-10   0.667009E-10  -0.240319E-09
   0.222600E+06  -0.615653E-11   0.639112E-10  -0.229232E-09
   0.222620E+06   0.475208E-10   0.597190E-10  -0.215169E-09
   0.222640E+06   0.105378E-09   0.546898E-10  -0.198975E-09
   0.222660E+06   0.163885E-09   0.493935E-10  -0.181410E-09
   0.222680E+06   0.219406E-09   0.443354E-10  -0.163105E-09
   0.222700E+06   0.268505E-09   0.399000E-10  -0.144538E-09
   0.222720E+06   0.308227E-09   0.363167E-10  -0.126041E-09
   0.222740E+06   0.336321E-09   0.336567E-10  -0.107829E-09
   0.222760E+06   0.351389E-09   0.318450E-10  -0.900381E-10
   0.222780E+06   0.352932E-09   0.307015E-10  -0.727652E-10
   0.222800E+06   0.341327E-09   0.299888E-10  -0.561022E-10
   0.222820E+06   0.317717E-09   0.294607E-10  -0.401566E-10
   0.222840E+06   0.283858E-09   0.289018E-10  -0.250568E-10
   0.222860E+06   0.241937E-09   0.281519E-10  -0.109464E-10
   0.222880E+06   0.194389E-09   0.271121E-10   0.202848E-11
   0.222900E+06   0.143727E-09   0.257376E-10   0.137320E-10
   0.222920E+06   0.924104E-10   0.240167E-10   0.240445E-10
   0.222940E+06   0.427386E-10   0.219509E-10   0.328583E-10
   0.222960E+06  -0.322524E-11   0.195375E-10   0.400648E-10
   0.222980E+06  -0.437040E-10   0.167641E-10   0.455356E-10
   0.223000E+06  -0.772467E-10   0.136137E-10   0.491043E-10
   0.223020E+06  -0.102763E-09   0.100820E-10   0.505574E-10
   0.223040E+06  -0.119555E-09   0.619781E-11   0.496404E-10
   0.223060E+06  -0.127350E-09   0.204265E-11   0.460830E-10
   0.223080E+06  -0.126321E-09  -0.223942E-11   0.396417E-10
   0.223100E+06  -0.117093E-09  -0.644641E-11   0.301560E-10
   0.223120E+06  -0.100721E-09  -0.103396E-10   0.176080E-10
   0.223140E+06  -0.786345E-10  -0.136786E-10   0.217471E-11
   0.223160E+06  -0.525496E-10  -0.162651E-10  -0.157373E-10
   0.223180E+06  -0.243480E-10  -0.179851E-10  -0.354835E-10
   0.223200E+06   0.406425E-11  -0.188421E-10  -0.562038E-10
   0.223220E+06   0.309019E-10  -0.189702E-10  -0.768721E-10
   0.223240E+06   0.546353E-10  -0.186282E-10  -0.963707E-10
   0.223260E+06   0.740946E-10  -0.181678E-10  -0.113575E-09
   0.223280E+06   0.885327E-10  -0.179859E-10  -0.127443E-09
   0.223300E+06   0.976399E-10  -0.184666E-10  -0.137087E-09
   0.223320E+06   0.101511E-09  -0.199244E-10  -0.141836E-09
   0.223340E+06   0.100573E-09  -0.225594E-10  -0.141268E-09
   0.223360E+06   0.954816E-10  -0.264326E-10  -0.135218E-09
   0.223380E+06   0.870158E-10  -0.314616E-10  -0.123767E-09
   0.223400E+06   0.759687E-10  -0.374455E-10  -0.107216E-09
   0.223420E+06   0.630647E-10  -0.441022E-10  -0.860526E-10
   0.223440E+06   0.489041E-10  -0.511171E-10  -0.609114E-10
   0.223460E+06   0.339414E-10  -0.581902E-10  -0.325441E-10
   0.223480E+06   0.184943E-10  -0.650734E-10  -0.178928E-11
   0.223500E+06   0.277806E-11  -0.715893E-10   0.304521E-10
   0.223520E+06  -0.130458E-10  -0.776319E-10   0.632394E-10
   0.223540E+06  -0.288161E-10  -0.831459E-10   0.956161E-10
   0.223560E+06  -0.443236E-10  -0.880976E-10   0.126637E-09
   0.223580E+06  -0.592769E-10  -0.924373E-10   0.155398E-09
   0.223600E+06  -0.732855E-10  -0.960683E-10   0.181071E-09
   0.223620E+06  -0.858625E-10  -0.988257E-10   0.202932E-09
   0.223640E+06  -0.964453E-10  -0.100474E-09   0.220397E-09
   0.223660E+06  -0.104433E-09  -0.100719E-09   0.233038E-09
   0.223680E+06  -0.109233E-09  -0.992405E-10   0.240594E-09
   0.223700E+06  -0.110317E-09  -0.957304E-10   0.242975E-09
   0.223720E+06  -0.107278E-09  -0.899353E-10   0.240249E-09
   0.223740E+06  -0.998847E-10  -0.816952E-10   0.232628E-09
   0.223760E+06  -0.881253E-10  -0.709717E-10   0.220447E-09
   0.223780E+06  -0.722444E-10  -0.578614E-10   0.204139E-09
   0.223800E+06  -0.527593E-10  -0.425945E-10   0.184220E-09
   0.223820E+06  -0.304562E-10  -0.255190E-10   0.161273E-09
   0.223840E+06  -0.636406E-11  -0.707557E-11   0.135924E-09
   0.223860E+06   0.182961E-10   0.122366E-10   0.108837E-09
   0.223880E+06   0.421846E-10   0.318913E-10   0.806916E-10
   0.223900E+06   0.639323E-10   0.513673E-10   0.521633E-10
   0.223920E+06   0.822402E-10   0.701752E-10   0.239044E-10
   0.223940E+06   0.959806E-10   0.878766E-10  -0.347848E-11
   0.223960E+06   0.104286E-09   0.104098E-09  -0.294416E-10
   0.223980E+06   0.106622E-09   0.118537E-09  -0.535148E-10
   0.224000E+06   0.102829E-09   0.130964E-09  -0.753020E-10
   0.224020E+06   0.931310E-10   0.141218E-09  -0.944685E-10
   0.224040E+06   0.781221E-10   0.149197E-09  -0.110721E-09
   0.224060E+06   0.587081E-10   0.154847E-09  -0.123785E-09
   0.224080E+06   0.360360E-10   0.158148E-09  -0.133377E-09
   0.224100E+06   0.114047E-10   0.159101E-09  -0.139194E-09
   0.224120E+06  -0.138292E-10   0.157711E-09  -0.140919E-09
   0.224140E+06  -0.383421E-10   0.153987E-09  -0.138242E-09
   0.224160E+06  -0.609257E-10   0.147935E-09  -0.130906E-09
   0.224180E+06  -0.805545E-10   0.139573E-09  -0.118769E-09
   0.224200E+06  -0.964375E-10   0.128943E-09  -0.101865E-09
   0.224220E+06  -0.108055E-09   0.116139E-09  -0.804691E-10
   0.224240E+06  -0.115180E-09   0.101330E-09  -0.551353E-10
   0.224260E+06  -0.117881E-09   0.847877E-10  -0.267091E-10
   0.224280E+06  -0.116519E-09   0.669000E-10   0.369524E-11
   0.224300E+06  -0.111720E-09   0.481730E-10   0.347512E-10
   0.224320E+06  -0.104336E-09   0.292167E-10   0.650050E-10
   0.224340E+06  -0.953923E-10   0.107126E-10   0.929764E-10
   0.224360E+06  -0.860076E-10  -0.663402E-11   0.117261E-09
   0.224380E+06  -0.773121E-10  -0.221496E-10   0.136622E-09
   0.224400E+06  -0.703498E-10  -0.352502E-10   0.150056E-09
   0.224420E+06  -0.659809E-10  -0.454914E-10   0.156830E-09
   0.224440E+06  -0.647943E-10  -0.526041E-10   0.156496E-09
   0.224460E+06  -0.670387E-10  -0.565112E-10   0.148871E-09
   0.224480E+06  -0.725828E-10  -0.573227E-10   0.134023E-09
   0.224500E+06  -0.809116E-10  -0.553114E-10   0.112242E-09
   0.224520E+06  -0.911616E-10  -0.508778E-10   0.840283E-10
   0.224540E+06  -0.102194E-09  -0.445073E-10   0.501002E-10
   0.224560E+06  -0.112696E-09  -0.367295E-10   0.114072E-10
   0.224580E+06  -0.121308E-09  -0.280863E-10  -0.308428E-10
   0.224600E+06  -0.126751E-09  -0.191110E-10  -0.751661E-10
   0.224620E+06  -0.127949E-09  -0.103192E-10  -0.119804E-09
   0.224640E+06  -0.124135E-09  -0.220870E-11  -0.162758E-09
   0.224660E+06  -0.114921E-09   0.474169E-11  -0.201866E-09
   0.224680E+06  -0.100338E-09   0.100700E-10  -0.234921E-09
   0.224700E+06  -0.808323E-10   0.133438E-10  -0.259820E-09
   0.224720E+06  -0.572270E-10   0.141812E-10  -0.274735E-09
   0.224740E+06  -0.306546E-10   0.122830E-10  -0.278273E-09
   0.224760E+06  -0.246118E-11   0.746936E-11  -0.269618E-09
   0.224780E+06   0.259007E-10  -0.284062E-12  -0.248621E-09
   0.224800E+06   0.529870E-10  -0.108215E-10  -0.215830E-09
   0.224820E+06   0.774721E-10  -0.237969E-10  -0.172458E-09
   0.224840E+06   0.982486E-10  -0.386895E-10  -0.120295E-09
   0.224860E+06   0.114505E-09  -0.548378E-10  -0.615678E-10
   0.224880E+06   0.125778E-09  -0.714930E-10   0.121246E-11
   0.224900E+06   0.131974E-09  -0.878813E-10   0.654206E-10
   0.224920E+06   0.133356E-09  -0.103266E-09   0.128464E-09
   0.224940E+06   0.130499E-09  -0.116999E-09   0.187902E-09
   0.224960E+06   0.124209E-09  -0.128551E-09   0.241537E-09
   0.224980E+06   0.115430E-09  -0.137525E-09   0.287467E-09
   0.225000E+06   0.105129E-09  -0.143638E-09   0.324119E-09
   0.225020E+06   0.941881E-10  -0.146697E-09   0.350269E-09
   0.225040E+06   0.833127E-10  -0.146566E-09   0.365056E-09
   0.225060E+06   0.729649E-10  -0.143129E-09   0.368007E-09
   0.225080E+06   0.633397E-10  -0.136284E-09   0.359063E-09
   0.225100E+06   0.543814E-10  -0.125939E-09   0.338611E-09
   0.225120E+06   0.458412E-10  -0.112041E-09   0.307506E-09
   0.225140E+06   0.373661E-10  -0.946215E-10   0.267076E-09
   0.225160E+06   0.286046E-10  -0.738431E-10   0.219091E-09
   0.225180E+06   0.193093E-10  -0.500484E-10   0.165702E-09
   0.225200E+06   0.941915E-11  -0.237890E-10   0.109327E-09
   0.225220E+06  -0.893960E-12   0.417040E-11   0.525158E-10
   0.225240E+06  -0.112244E-10   0.328807E-10  -0.222070E-11
   0.225260E+06  -0.209791E-10   0.612668E-10  -0.525793E-10
   0.225280E+06  -0.294634E-10   0.882075E-10  -0.966234E-10
   0.225300E+06  -0.359893E-10   0.112642E-09  -0.132910E-09
   0.225320E+06  -0.399898E-10   0.133646E-09  -0.160573E-09
   0.225340E+06  -0.411176E-10   0.150521E-09  -0.179353E-09
   0.225360E+06  -0.393063E-10   0.162844E-09  -0.189583E-09
   0.225380E+06  -0.347842E-10   0.170480E-09  -0.192121E-09
   0.225400E+06  -0.280382E-10   0.173572E-09  -0.188252E-09
   0.225420E+06  -0.197320E-10   0.172494E-09  -0.179569E-09
   0.225440E+06  -0.105943E-10   0.167786E-09  -0.167841E-09
   0.225460E+06  -0.129747E-11   0.160084E-09  -0.154887E-09
   0.225480E+06   0.765305E-11   0.150049E-09  -0.142458E-09
   0.225500E+06   0.159951E-10   0.138313E-09  -0.132124E-09
   0.225520E+06   0.237418E-10   0.125434E-09  -0.125189E-09
   0.225540E+06   0.311624E-10   0.111882E-09  -0.122609E-09
   0.225560E+06   0.387156E-10   0.980270E-10  -0.124933E-09
   0.225580E+06   0.469491E-10   0.841464E-10  -0.132268E-09
   0.225600E+06   0.563823E-10   0.704375E-10  -0.144261E-09
   0.225620E+06   0.673938E-10   0.570274E-10  -0.160118E-09
   0.225640E+06   0.801312E-10   0.439824E-10  -0.178650E-09
   0.225660E+06   0.944579E-10   0.313151E-10  -0.198360E-09
   0.225680E+06   0.109943E-09   0.189904E-10  -0.217558E-09
   0.225700E+06   0.125895E-09   0.693378E-11  -0.234496E-09
   0.225720E+06   0.141426E-09  -0.495535E-11  -0.247524E-09
   0.225740E+06   0.155539E-09  -0.167842E-10  -0.255233E-09
   0.225760E+06   0.167223E-09  -0.286419E-10  -0.256577E-09
   0.225780E+06   0.175536E-09  -0.405702E-10  -0.250962E-09
   0.225800E+06   0.179673E-09  -0.525400E-10  -0.238290E-09
   0.225820E+06   0.179014E-09  -0.644332E-10  -0.218944E-09
   0.225840E+06   0.173140E-09  -0.760385E-10  -0.193733E-09
   0.225860E+06   0.161839E-09  -0.870617E-10  -0.163798E-09
   0.225880E+06   0.145099E-09  -0.971530E-10  -0.130486E-09
   0.225900E+06   0.123094E-09  -0.105945E-09  -0.952269E-10
   0.225920E+06   0.961717E-10  -0.113099E-09  -0.594113E-10
   0.225940E+06   0.648501E-10  -0.118342E-09  -0.242934E-10
   0.225960E+06   0.298135E-10  -0.121512E-09   0.908009E-11
   0.225980E+06  -0.808824E-11  -0.122567E-09   0.399063E-10
   0.226000E+06  -0.478457E-10  -0.121593E-09   0.676362E-10
   0.226020E+06  -0.883057E-10  -0.118785E-09   0.919606E-10
   0.226040E+06  -0.128202E-09  -0.114420E-09   0.112782E-09
   0.226060E+06  -0.166199E-09  -0.108816E-09   0.130179E-09
   0.226080E+06  -0.200955E-09  -0.102300E-09   0.144368E-09
   0.226100E+06  -0.231192E-09  -0.951688E-10   0.155669E-09
   0.226120E+06  -0.255766E-09  -0.876701E-10   0.164467E-09
   0.226140E+06  -0.273743E-09  -0.799923E-10   0.171183E-09
   0.226160E+06  -0.284457E-09  -0.722654E-10   0.176241E-09
   0.226180E+06  -0.287551E-09  -0.645697E-10   0.180027E-09
   0.226200E+06  -0.283009E-09  -0.569496E-10   0.182867E-09
   0.226220E+06  -0.271153E-09  -0.494259E-10   0.184990E-09
   0.226240E+06  -0.252630E-09  -0.420054E-10   0.186513E-09
   0.226260E+06  -0.228373E-09  -0.346845E-10   0.187431E-09
   0.226280E+06  -0.199555E-09  -0.274503E-10   0.187635E-09
   0.226300E+06  -0.167521E-09  -0.202792E-10   0.186929E-09
   0.226320E+06  -0.133711E-09  -0.131362E-10   0.185077E-09
   0.226340E+06  -0.995861E-10  -0.597996E-11   0.181852E-09
   0.226360E+06  -0.665406E-10   0.122951E-11   0.177079E-09
   0.226380E+06  -0.358221E-10   0.851683E-11   0.170676E-09
   0.226400E+06  -0.845945E-11   0.158763E-10   0.162672E-09
   0.226420E+06   0.147941E-10   0.232604E-10   0.153214E-09
   0.226440E+06   0.334994E-10   0.305717E-10   0.142538E-09
   0.226460E+06   0.475414E-10   0.376655E-10   0.130936E-09
   0.226480E+06   0.571119E-10   0.443635E-10   0.118712E-09
   0.226500E+06   0.626643E-10   0.504744E-10   0.106136E-09
   0.226520E+06   0.648452E-10   0.558212E-10   0.934137E-10
   0.226540E+06   0.644102E-10   0.602667E-10   0.806674E-10
   0.226560E+06   0.621350E-10   0.637326E-10   0.679448E-10
   0.226580E+06   0.587323E-10   0.662105E-10   0.552419E-10
   0.226600E+06   0.547891E-10   0.677540E-10   0.425373E-10
   0.226620E+06   0.507259E-10   0.684618E-10   0.298308E-10
   0.226640E+06   0.467866E-10   0.684496E-10   0.171759E-10
   0.226660E+06   0.430572E-10   0.678203E-10   0.469857E-11
   0.226680E+06   0.395058E-10   0.666373E-10  -0.740187E-11
   0.226700E+06   0.360363E-10   0.649086E-10  -0.188687E-10
   0.226720E+06   0.325437E-10   0.625854E-10  -0.294172E-10
   0.226740E+06   0.289618E-10   0.595784E-10  -0.387678E-10
   0.226760E+06   0.252959E-10   0.557839E-10  -0.466782E-10
   0.226780E+06   0.216338E-10   0.511195E-10  -0.529629E-10
   0.226800E+06   0.181400E-10   0.455582E-10  -0.574999E-10
   0.226820E+06   0.150347E-10   0.391546E-10  -0.602222E-10
   0.226840E+06   0.125662E-10   0.320561E-10  -0.611003E-10
   0.226860E+06   0.109832E-10   0.244966E-10  -0.601213E-10
   0.226880E+06   0.105141E-10   0.167739E-10  -0.572747E-10
   0.226900E+06   0.113559E-10   0.921577E-11  -0.525503E-10
   0.226920E+06   0.136725E-10   0.214017E-11  -0.459520E-10
   0.226940E+06   0.175980E-10  -0.417916E-11  -0.375273E-10
   0.226960E+06   0.232390E-10  -0.953714E-11  -0.274047E-10
   0.226980E+06   0.306695E-10  -0.138058E-10  -0.158318E-10
   0.227000E+06   0.399134E-10  -0.169266E-10  -0.320074E-11
   0.227020E+06   0.509128E-10  -0.188898E-10   0.994586E-11
   0.227040E+06   0.634864E-10  -0.197075E-10   0.229369E-10
   0.227060E+06   0.772845E-10  -0.193858E-10   0.350219E-10
   0.227080E+06   0.917528E-10  -0.179096E-10   0.454413E-10
   0.227100E+06   0.106115E-09  -0.152390E-10   0.535071E-10
   0.227120E+06   0.119388E-09  -0.113223E-10   0.586824E-10
   0.227140E+06   0.130427E-09  -0.612275E-11   0.606422E-10
   0.227160E+06   0.138022E-09   0.346648E-12   0.593069E-10
   0.227180E+06   0.141003E-09   0.798944E-11   0.548425E-10
   0.227200E+06   0.138386E-09   0.166001E-10   0.476257E-10
   0.227220E+06   0.129503E-09   0.258585E-10   0.381829E-10
   0.227240E+06   0.114120E-09   0.353373E-10   0.271147E-10
   0.227260E+06   0.925135E-10   0.445350E-10   0.150181E-10
   0.227280E+06   0.655036E-10   0.529204E-10   0.242068E-11
   0.227300E+06   0.344235E-10   0.599857E-10  -0.102627E-10
   0.227320E+06   0.103494E-11   0.652960E-10  -0.227476E-10
   0.227340E+06  -0.326040E-10   0.685294E-10  -0.348713E-10
   0.227360E+06  -0.643051E-10   0.694991E-10  -0.465672E-10
   0.227380E+06  -0.919306E-10   0.681594E-10  -0.578264E-10
   0.227400E+06  -0.113567E-09   0.645897E-10  -0.686628E-10
   0.227420E+06  -0.127677E-09   0.589699E-10  -0.790846E-10
   0.227440E+06  -0.133213E-09   0.515490E-10  -0.890792E-10
   0.227460E+06  -0.129685E-09   0.426164E-10  -0.986105E-10
   0.227480E+06  -0.117177E-09   0.324802E-10  -0.107625E-09
   0.227500E+06  -0.963183E-10   0.214569E-10  -0.116059E-09
   0.227520E+06  -0.682141E-10   0.987055E-11  -0.123844E-09
   0.227540E+06  -0.343491E-10  -0.194065E-11  -0.130899E-09
   0.227560E+06   0.352976E-11  -0.136183E-10  -0.137115E-09
   0.227580E+06   0.435346E-10  -0.247813E-10  -0.142335E-09
   0.227600E+06   0.837552E-10  -0.350341E-10  -0.146326E-09
   0.227620E+06   0.122365E-09  -0.439853E-10  -0.148772E-09
   0.227640E+06   0.157707E-09  -0.512776E-10  -0.149269E-09
   0.227660E+06   0.188360E-09  -0.566221E-10  -0.147359E-09
   0.227680E+06   0.213178E-09  -0.598332E-10  -0.142571E-09
   0.227700E+06   0.231308E-09  -0.608517E-10  -0.134490E-09
   0.227720E+06   0.242188E-09  -0.597588E-10  -0.122832E-09
   0.227740E+06   0.245527E-09  -0.567692E-10  -0.107512E-09
   0.227760E+06   0.241279E-09  -0.522071E-10  -0.886954E-10
   0.227780E+06   0.229610E-09  -0.464699E-10  -0.668186E-10
   0.227800E+06   0.210868E-09  -0.399839E-10  -0.425792E-10
   0.227820E+06   0.185560E-09  -0.331600E-10  -0.168892E-10
   0.227840E+06   0.154342E-09  -0.263594E-10   0.919535E-11
   0.227860E+06   0.118011E-09  -0.198652E-10   0.345634E-10
   0.227880E+06   0.775138E-10  -0.138818E-10   0.581328E-10
   0.227900E+06   0.339416E-10  -0.853676E-11   0.789269E-10
   0.227920E+06  -0.114686E-10  -0.389849E-11   0.961281E-10
   0.227940E+06  -0.573546E-10   0.224850E-14   0.109108E-09
   0.227960E+06  -0.102265E-09   0.315209E-11   0.117435E-09
   0.227980E+06  -0.144719E-09   0.554023E-11   0.120868E-09
   0.228000E+06  -0.183282E-09   0.715113E-11   0.119346E-09
   0.228020E+06  -0.216653E-09   0.796707E-11   0.112981E-09
   0.228040E+06  -0.243760E-09   0.797206E-11   0.102065E-09
   0.228060E+06  -0.263839E-09   0.716047E-11   0.870802E-10
   0.228080E+06  -0.276494E-09   0.554204E-11   0.687257E-10
   0.228100E+06  -0.281721E-09   0.314237E-11   0.479267E-10
   0.228120E+06  -0.279907E-09  -0.197342E-14   0.258330E-10
   0.228140E+06  -0.271777E-09  -0.385179E-11   0.378487E-11
   0.228160E+06  -0.258321E-09  -0.837364E-11  -0.167576E-10
   0.228180E+06  -0.240700E-09  -0.135438E-10  -0.343207E-10
   0.228200E+06  -0.220143E-09  -0.193451E-10  -0.475506E-10
   0.228220E+06  -0.197855E-09  -0.257542E-10  -0.553569E-10
   0.228240E+06  -0.174942E-09  -0.327210E-10  -0.570448E-10
   0.228260E+06  -0.152364E-09  -0.401441E-10  -0.524131E-10
   0.228280E+06  -0.130912E-09  -0.478493E-10  -0.417991E-10
   0.228300E+06  -0.111213E-09  -0.555765E-10  -0.260603E-10
   0.228320E+06  -0.937463E-10  -0.629825E-10  -0.649054E-11
   0.228340E+06  -0.788656E-10  -0.696592E-10   0.153180E-10
   0.228360E+06  -0.668181E-10  -0.751733E-10   0.376465E-10
   0.228380E+06  -0.577504E-10  -0.791146E-10   0.588309E-10
   0.228400E+06  -0.517016E-10  -0.811500E-10   0.774247E-10
   0.228420E+06  -0.485840E-10  -0.810705E-10   0.923216E-10
   0.228440E+06  -0.481599E-10  -0.788230E-10   0.102821E-09
   0.228460E+06  -0.500222E-10  -0.745181E-10   0.108635E-09
   0.228480E+06  -0.535903E-10  -0.684139E-10   0.109839E-09
   0.228500E+06  -0.581236E-10  -0.608715E-10   0.106782E-09
   0.228520E+06  -0.627650E-10  -0.523020E-10   0.999830E-10
   0.228540E+06  -0.666010E-10  -0.431018E-10   0.900264E-10
   0.228560E+06  -0.687392E-10  -0.335974E-10   0.774772E-10
   0.228580E+06  -0.683897E-10  -0.240074E-10   0.628305E-10
   0.228600E+06  -0.649388E-10  -0.144301E-10   0.464957E-10
   0.228620E+06  -0.580038E-10  -0.485728E-11   0.288105E-10
   0.228640E+06  -0.474624E-10   0.478804E-11   0.100737E-10
   0.228660E+06  -0.334530E-10   0.146018E-10  -0.941509E-11
   0.228680E+06  -0.163472E-10   0.246423E-10  -0.293251E-10
   0.228700E+06   0.329536E-11   0.348869E-10  -0.492799E-10
   0.228720E+06   0.247839E-10   0.452057E-10  -0.688631E-10
   0.228740E+06   0.473538E-10   0.553616E-10  -0.876417E-10
   0.228760E+06   0.702164E-10   0.650342E-10  -0.105200E-09
   0.228780E+06   0.925964E-10   0.738632E-10  -0.121172E-09
   0.228800E+06   0.113757E-09   0.815019E-10  -0.135267E-09
   0.228820E+06   0.133012E-09   0.876677E-10  -0.147274E-09
   0.228840E+06   0.149741E-09   0.921810E-10  -0.157053E-09
   0.228860E+06   0.163394E-09   0.949823E-10  -0.164507E-09
   0.228880E+06   0.173511E-09   0.961275E-10  -0.169546E-09
   0.228900E+06   0.179742E-09   0.957606E-10  -0.172055E-09
   0.228920E+06   0.181879E-09   0.940738E-10  -0.171875E-09
   0.228940E+06   0.179873E-09   0.912630E-10  -0.168792E-09
   0.228960E+06   0.173859E-09   0.874895E-10  -0.162563E-09
   0.228980E+06   0.164154E-09   0.828593E-10  -0.152952E-09
   0.229000E+06   0.151242E-09   0.774169E-10  -0.139773E-09
   0.229020E+06   0.135734E-09   0.711631E-10  -0.122952E-09
   0.229040E+06   0.118310E-09   0.640854E-10  -0.102565E-09
   0.229060E+06   0.996585E-10   0.561952E-10  -0.788687E-10
   0.229080E+06   0.804128E-10   0.475615E-10  -0.523109E-10
   0.229100E+06   0.610981E-10   0.383331E-10  -0.235137E-10
   0.229120E+06   0.421037E-10   0.287425E-10   0.675919E-11
   0.229140E+06   0.236788E-10   0.190934E-10   0.376504E-10
   0.229160E+06   0.595732E-11   0.972702E-11   0.682620E-10
   0.229180E+06  -0.110027E-10   0.982072E-12   0.977072E-10
   0.229200E+06  -0.271676E-10  -0.684835E-11   0.125159E-09
   0.229220E+06  -0.424805E-10  -0.135524E-10   0.149891E-09
   0.229240E+06  -0.568269E-10  -0.190221E-10   0.171308E-09
   0.229260E+06  -0.700226E-10  -0.232589E-10   0.188977E-09
   0.229280E+06  -0.818253E-10  -0.263643E-10   0.202643E-09
   0.229300E+06  -0.919662E-10  -0.285154E-10   0.212254E-09
   0.229320E+06  -0.100191E-09  -0.299385E-10   0.217964E-09
   0.229340E+06  -0.106305E-09  -0.308798E-10   0.220137E-09
   0.229360E+06  -0.110197E-09  -0.315832E-10   0.219330E-09
   0.229380E+06  -0.111851E-09  -0.322763E-10   0.216257E-09
   0.229400E+06  -0.111325E-09  -0.331647E-10   0.211731E-09
   0.229420E+06  -0.108710E-09  -0.344321E-10   0.206582E-09
   0.229440E+06  -0.104075E-09  -0.362419E-10   0.201571E-09
   0.229460E+06  -0.974127E-10  -0.387343E-10   0.197290E-09
   0.229480E+06  -0.885964E-10  -0.420188E-10   0.194077E-09
   0.229500E+06  -0.773712E-10  -0.461575E-10   0.191958E-09
   0.229520E+06  -0.633771E-10  -0.511447E-10   0.190621E-09
   0.229540E+06  -0.462098E-10  -0.568854E-10   0.189438E-09
   0.229560E+06  -0.255122E-10  -0.631798E-10   0.187529E-09
   0.229580E+06  -0.107895E-11  -0.697199E-10   0.183865E-09
   0.229600E+06   0.270417E-10  -0.761019E-10   0.177386E-09
   0.229620E+06   0.584693E-10  -0.818528E-10   0.167141E-09
   0.229640E+06   0.924549E-10  -0.864765E-10   0.152401E-09
   0.229660E+06   0.127891E-09  -0.895040E-10   0.132751E-09
   0.229680E+06   0.163375E-09  -0.905454E-10   0.108143E-09
   0.229700E+06   0.197313E-09  -0.893337E-10   0.789040E-10
   0.229720E+06   0.228057E-09  -0.857536E-10   0.457054E-10
   0.229740E+06   0.254044E-09  -0.798504E-10   0.950298E-11
   0.229760E+06   0.273926E-09  -0.718189E-10  -0.285432E-10
   0.229780E+06   0.286670E-09  -0.619723E-10  -0.671536E-10
   0.229800E+06   0.291618E-09  -0.507070E-10  -0.105007E-09
   0.229820E+06   0.288499E-09  -0.384577E-10  -0.140809E-09
   0.229840E+06   0.277406E-09  -0.256592E-10  -0.173346E-09
   0.229860E+06   0.258741E-09  -0.127177E-10  -0.201523E-09
   0.229880E+06   0.233154E-09   0.642531E-14  -0.224406E-09
   0.229900E+06   0.201475E-09   0.122046E-10  -0.241253E-09
   0.229920E+06   0.164670E-09   0.236169E-10  -0.251551E-09
   0.229940E+06   0.123814E-09   0.340292E-10  -0.255056E-09
   0.229960E+06   0.800803E-10   0.432676E-10  -0.251829E-09
   0.229980E+06   0.347541E-10   0.512010E-10  -0.242255E-09
   0.230000E+06  -0.107630E-10   0.577482E-10  -0.227051E-09
   0.230020E+06  -0.549540E-10   0.628894E-10  -0.207236E-09
   0.230040E+06  -0.962140E-10   0.666769E-10  -0.184074E-09
   0.230060E+06  -0.132909E-09   0.692406E-10  -0.158987E-09
   0.230080E+06  -0.163467E-09   0.707833E-10  -0.133437E-09
   0.230100E+06  -0.186501E-09   0.715643E-10  -0.108813E-09
   0.230120E+06  -0.200938E-09   0.718710E-10  -0.863131E-10
   0.230140E+06  -0.206150E-09   0.719826E-10  -0.668592E-10
   0.230160E+06  -0.202064E-09   0.721333E-10  -0.510426E-10
   0.230180E+06  -0.189223E-09   0.724801E-10  -0.391167E-10
   0.230200E+06  -0.168793E-09   0.730856E-10  -0.310301E-10
   0.230220E+06  -0.142511E-09   0.739165E-10  -0.264930E-10
   0.230240E+06  -0.112563E-09   0.748609E-10  -0.250624E-10
   0.230260E+06  -0.814118E-10   0.757629E-10  -0.262285E-10
   0.230280E+06  -0.515878E-10   0.764611E-10  -0.294875E-10
   0.230300E+06  -0.254628E-10   0.768298E-10  -0.343881E-10
   0.230320E+06  -0.503464E-11   0.768100E-10  -0.405468E-10
   0.230340E+06   0.825694E-11   0.764236E-10  -0.476344E-10
   0.230360E+06   0.136596E-10   0.757669E-10  -0.553436E-10
   0.230380E+06   0.111709E-10   0.749873E-10  -0.633491E-10
   0.230400E+06   0.152451E-11   0.742428E-10  -0.712732E-10
   0.230420E+06  -0.138922E-10   0.736649E-10  -0.786772E-10
   0.230440E+06  -0.331886E-10   0.733152E-10  -0.850599E-10
   0.230460E+06  -0.541647E-10   0.731627E-10  -0.898980E-10
   0.230480E+06  -0.745285E-10   0.730788E-10  -0.926939E-10
   0.230500E+06  -0.921143E-10   0.728518E-10  -0.930312E-10
   0.230520E+06  -0.105077E-09   0.722189E-10  -0.906239E-10
   0.230540E+06  -0.112043E-09   0.709081E-10  -0.853494E-10
   0.230560E+06  -0.112206E-09   0.686802E-10  -0.772569E-10
   0.230580E+06  -0.105360E-09   0.653651E-10  -0.665508E-10
   0.230600E+06  -0.918686E-10   0.608781E-10  -0.535564E-10
   0.230620E+06  -0.725900E-10   0.552224E-10  -0.386739E-10
   0.230640E+06  -0.487640E-10   0.484726E-10  -0.223333E-10
   0.230660E+06  -0.218827E-10   0.407469E-10  -0.496066E-11
   0.230680E+06   0.643704E-11   0.321753E-10   0.130387E-10
   0.230700E+06   0.345644E-10   0.228729E-10   0.312784E-10
   0.230720E+06   0.609394E-10   0.129239E-10   0.493753E-10
   0.230740E+06   0.841292E-10   0.238094E-11   0.669273E-10
   0.230760E+06   0.102860E-09  -0.872149E-11   0.834975E-10
   0.230780E+06   0.116034E-09  -0.203436E-10   0.986101E-10
   0.230800E+06   0.122740E-09  -0.324141E-10   0.111768E-09
   0.230820E+06   0.122278E-09  -0.448092E-10   0.122486E-09
   0.230840E+06   0.114189E-09  -0.573436E-10   0.130347E-09
   0.230860E+06   0.983071E-10  -0.697778E-10   0.135049E-09
   0.230880E+06   0.748199E-10  -0.818406E-10   0.136455E-09
   0.230900E+06   0.443264E-10  -0.932603E-10   0.134619E-09
   0.230920E+06   0.787851E-11  -0.103804E-09   0.129786E-09
   0.230940E+06  -0.330134E-10  -0.113307E-09   0.122359E-09
   0.230960E+06  -0.764208E-10  -0.121692E-09   0.112852E-09
   0.230980E+06  -0.120092E-09  -0.128969E-09   0.101819E-09
   0.231000E+06  -0.161597E-09  -0.135217E-09   0.897904E-10
   0.231020E+06  -0.198515E-09  -0.140550E-09   0.772221E-10
   0.231040E+06  -0.228634E-09  -0.145076E-09   0.644692E-10
   0.231060E+06  -0.250146E-09  -0.148861E-09   0.517866E-10
   0.231080E+06  -0.261813E-09  -0.151899E-09   0.393587E-10
   0.231100E+06  -0.263069E-09  -0.154103E-09   0.273429E-10
   0.231120E+06  -0.254054E-09  -0.155321E-09   0.159186E-10
   0.231140E+06  -0.235572E-09  -0.155356E-09   0.532345E-11
   0.231160E+06  -0.208983E-09  -0.154016E-09  -0.413242E-11
   0.231180E+06  -0.176046E-09  -0.151152E-09  -0.120822E-10
   0.231200E+06  -0.138734E-09  -0.146696E-09  -0.181461E-10
   0.231220E+06  -0.990570E-10  -0.140680E-09  -0.219938E-10
   0.231240E+06  -0.588990E-10  -0.133238E-09  -0.234134E-10
   0.231260E+06  -0.199098E-10  -0.124585E-09  -0.223685E-10
   0.231280E+06   0.165617E-10  -0.114985E-09  -0.190295E-10
   0.231300E+06   0.494844E-10  -0.104706E-09  -0.137684E-10
   0.231320E+06   0.781270E-10  -0.939851E-10  -0.711771E-11
   0.231340E+06   0.102018E-09  -0.829969E-10   0.303676E-12
   0.231360E+06   0.120903E-09  -0.718435E-10   0.788009E-11
   0.231380E+06   0.134712E-09  -0.605605E-10   0.150886E-10
   0.231400E+06   0.143542E-09  -0.491381E-10   0.215690E-10
   0.231420E+06   0.147656E-09  -0.375507E-10   0.271603E-10
   0.231440E+06   0.147493E-09  -0.257864E-10   0.318952E-10
   0.231460E+06   0.143674E-09  -0.138684E-10   0.359557E-10
   0.231480E+06   0.136988E-09  -0.186251E-11   0.395980E-10
   0.231500E+06   0.128362E-09   0.101301E-10   0.430651E-10
   0.231520E+06   0.118791E-09   0.219933E-10   0.465045E-10
   0.231540E+06   0.109246E-09   0.336251E-10   0.499105E-10
   0.231560E+06   0.100577E-09   0.449616E-10   0.531014E-10
   0.231580E+06   0.934047E-10   0.559944E-10   0.557378E-10
   0.231600E+06   0.880499E-10   0.667718E-10   0.573776E-10
   0.231620E+06   0.844964E-10   0.773830E-10   0.575544E-10
   0.231640E+06   0.824081E-10   0.879271E-10   0.558640E-10
   0.231660E+06   0.811989E-10   0.984744E-10   0.520406E-10
   0.231680E+06   0.801464E-10   0.109027E-09   0.460075E-10
   0.231700E+06   0.785300E-10   0.119492E-09   0.378957E-10
   0.231720E+06   0.757769E-10   0.129671E-09   0.280245E-10
   0.231740E+06   0.715766E-10   0.139269E-09   0.168532E-10
   0.231760E+06   0.659559E-10   0.147924E-09   0.491637E-11
   0.231780E+06   0.592931E-10   0.155255E-09  -0.724584E-11
   0.231800E+06   0.522692E-10   0.160908E-09  -0.191463E-10
   0.231820E+06   0.457650E-10   0.164608E-09  -0.303903E-10
   0.231840E+06   0.407198E-10   0.166185E-09  -0.406914E-10
   0.231860E+06   0.379768E-10   0.165590E-09  -0.498636E-10
   0.231880E+06   0.381418E-10   0.162888E-09  -0.578012E-10
   0.231900E+06   0.414735E-10   0.158226E-09  -0.644507E-10
   0.231920E+06   0.478274E-10   0.151801E-09  -0.697872E-10
   0.231940E+06   0.566562E-10   0.143821E-09  -0.738014E-10
   0.231960E+06   0.670658E-10   0.134474E-09  -0.764994E-10
   0.231980E+06   0.779146E-10   0.123913E-09  -0.779119E-10
   0.232000E+06   0.879400E-10   0.112256E-09  -0.781094E-10
   0.232020E+06   0.958934E-10   0.996021E-10  -0.772113E-10
   0.232040E+06   0.100664E-09   0.860550E-10  -0.753858E-10
   0.232060E+06   0.101381E-09   0.717485E-10  -0.728322E-10
   0.232080E+06   0.974839E-10   0.568636E-10  -0.697489E-10
   0.232100E+06   0.887570E-10   0.416311E-10  -0.662902E-10
   0.232120E+06   0.753372E-10   0.263189E-10  -0.625217E-10
   0.232140E+06   0.576913E-10   0.112042E-10  -0.583842E-10
   0.232160E+06   0.365752E-10  -0.346242E-11  -0.536774E-10
   0.232180E+06   0.129775E-10  -0.174897E-10  -0.480674E-10
   0.232200E+06  -0.119480E-10  -0.307731E-10  -0.411235E-10
   0.232220E+06  -0.369597E-10  -0.433010E-10  -0.323768E-10
   0.232240E+06  -0.608143E-10  -0.551418E-10  -0.213927E-10
   0.232260E+06  -0.823571E-10  -0.664113E-10  -0.784599E-11
   0.232280E+06  -0.100615E-09  -0.772273E-10   0.841481E-11
   0.232300E+06  -0.114882E-09  -0.876608E-10   0.273235E-10
   0.232320E+06  -0.124795E-09  -0.976950E-10   0.485790E-10
   0.232340E+06  -0.130372E-09  -0.107197E-09   0.716535E-10
   0.232360E+06  -0.132027E-09  -0.115921E-09   0.958266E-10
   0.232380E+06  -0.130535E-09  -0.123528E-09   0.120230E-09
   0.232400E+06  -0.126949E-09  -0.129627E-09   0.143902E-09
   0.232420E+06  -0.122485E-09  -0.133832E-09   0.165834E-09
   0.232440E+06  -0.118368E-09  -0.135813E-09   0.185013E-09
   0.232460E+06  -0.115679E-09  -0.135339E-09   0.200458E-09
   0.232480E+06  -0.115202E-09  -0.132309E-09   0.211245E-09
   0.232500E+06  -0.117312E-09  -0.126750E-09   0.216533E-09
   0.232520E+06  -0.121905E-09  -0.118802E-09   0.215599E-09
   0.232540E+06  -0.128398E-09  -0.108685E-09   0.207877E-09
   0.232560E+06  -0.135783E-09  -0.966643E-10   0.193011E-09
   0.232580E+06  -0.142749E-09  -0.830147E-10   0.170910E-09
   0.232600E+06  -0.147838E-09  -0.680003E-10   0.141804E-09
   0.232620E+06  -0.149625E-09  -0.518709E-10   0.106281E-09
   0.232640E+06  -0.146899E-09  -0.348745E-10   0.653086E-10
   0.232660E+06  -0.138814E-09  -0.172812E-10   0.202162E-10
   0.232680E+06  -0.124999E-09   0.589056E-12  -0.273563E-10
   0.232700E+06  -0.105612E-09   0.183462E-10  -0.755420E-10
   0.232720E+06  -0.813281E-10   0.355246E-10  -0.122358E-09
   0.232740E+06  -0.532851E-10   0.515973E-10  -0.165832E-09
   0.232760E+06  -0.229680E-10   0.660125E-10  -0.204121E-09
   0.232780E+06   0.792701E-11   0.782445E-10  -0.235628E-09
   0.232800E+06   0.376464E-10   0.878527E-10  -0.259090E-09
   0.232820E+06   0.645271E-10   0.945390E-10  -0.273629E-09
   0.232840E+06   0.871296E-10   0.981870E-10  -0.278790E-09
   0.232860E+06   0.104339E-09   0.988821E-10  -0.274540E-09
   0.232880E+06   0.115430E-09   0.969038E-10  -0.261261E-09
   0.232900E+06   0.120099E-09   0.926942E-10  -0.239720E-09
   0.232920E+06   0.118455E-09   0.868058E-10  -0.211037E-09
   0.232940E+06   0.110978E-09   0.798410E-10  -0.176650E-09
   0.232960E+06   0.984587E-10   0.723893E-10  -0.138269E-09
   0.232980E+06   0.819202E-10   0.649827E-10  -0.978084E-10
   0.233000E+06   0.625296E-10   0.580518E-10  -0.573148E-10
   0.233020E+06   0.415132E-10   0.519149E-10  -0.188645E-10
   0.233040E+06   0.200813E-10   0.467763E-10   0.155570E-10
   0.233060E+06  -0.633381E-12   0.427385E-10   0.441881E-10
   0.233080E+06  -0.196190E-10   0.398189E-10   0.656237E-10
   0.233100E+06  -0.360100E-10   0.379661E-10   0.789307E-10
   0.233120E+06  -0.490967E-10   0.370699E-10   0.837303E-10
   0.233140E+06  -0.583244E-10   0.369683E-10   0.802320E-10
   0.233160E+06  -0.632855E-10   0.374442E-10   0.692099E-10
   0.233180E+06  -0.637165E-10   0.382261E-10   0.519237E-10
   0.233200E+06  -0.594984E-10   0.389915E-10   0.299925E-10
   0.233220E+06  -0.506682E-10   0.393788E-10   0.523779E-11
   0.233240E+06  -0.374367E-10   0.390107E-10  -0.204809E-10
   0.233260E+06  -0.202111E-10   0.375263E-10  -0.454172E-10
   0.233280E+06   0.386679E-12   0.346195E-10  -0.680553E-10
   0.233300E+06   0.235142E-10   0.300770E-10  -0.871847E-10
   0.233320E+06   0.481231E-10   0.238084E-10  -0.101926E-09
   0.233340E+06   0.730000E-10   0.158630E-10  -0.111720E-09
   0.233360E+06   0.968355E-10   0.642972E-11  -0.116287E-09
   0.233380E+06   0.118315E-09  -0.418049E-11  -0.115578E-09
   0.233400E+06   0.136227E-09  -0.155664E-10  -0.109733E-09
   0.233420E+06   0.149563E-09  -0.272761E-10  -0.990569E-10
   0.233440E+06   0.157614E-09  -0.388485E-10  -0.840171E-10
   0.233460E+06   0.160028E-09  -0.498459E-10  -0.652524E-10
   0.233480E+06   0.156838E-09  -0.598816E-10  -0.435932E-10
   0.233500E+06   0.148433E-09  -0.686311E-10  -0.200665E-10
   0.233520E+06   0.135506E-09  -0.758346E-10   0.412277E-11
   0.233540E+06   0.118960E-09  -0.812936E-10   0.276458E-10
   0.233560E+06   0.998076E-10  -0.848656E-10   0.491407E-10
   0.233580E+06   0.790721E-10  -0.864639E-10   0.673324E-10
   0.233600E+06   0.577041E-10  -0.860648E-10   0.811639E-10
   0.233620E+06   0.365365E-10  -0.837154E-10   0.899194E-10
   0.233640E+06   0.162654E-10  -0.795550E-10   0.933166E-10
   0.233660E+06  -0.253179E-11  -0.738246E-10   0.915461E-10
   0.233680E+06  -0.193600E-10  -0.668712E-10   0.852531E-10
   0.233700E+06  -0.337643E-10  -0.591373E-10   0.754569E-10
   0.233720E+06  -0.452971E-10  -0.511325E-10   0.634236E-10
   0.233740E+06  -0.535086E-10  -0.433902E-10   0.505100E-10
   0.233760E+06  -0.579683E-10  -0.364147E-10   0.380059E-10
   0.233780E+06  -0.583150E-10  -0.306240E-10   0.269992E-10
   0.233800E+06  -0.543270E-10  -0.263062E-10   0.182836E-10
   0.233820E+06  -0.460001E-10  -0.235899E-10   0.123202E-10
   0.233840E+06  -0.336122E-10  -0.224398E-10   0.925346E-11
   0.233860E+06  -0.177578E-10  -0.226777E-10   0.897051E-11
   0.233880E+06   0.659308E-12  -0.240245E-10   0.111865E-10
   0.233900E+06   0.204806E-10  -0.261549E-10   0.155347E-10
   0.233920E+06   0.403906E-10  -0.287541E-10   0.216424E-10
   0.233940E+06   0.590452E-10  -0.315637E-10   0.291780E-10
   0.233960E+06   0.752098E-10  -0.344092E-10   0.378646E-10
   0.233980E+06   0.878874E-10  -0.372023E-10   0.474634E-10
   0.234000E+06   0.964147E-10  -0.399215E-10   0.577382E-10
   0.234020E+06   0.100512E-09  -0.425749E-10   0.684151E-10
   0.234040E+06   0.100279E-09  -0.451575E-10   0.791542E-10
   0.234060E+06   0.961441E-10  -0.476135E-10   0.895442E-10
   0.234080E+06   0.887688E-10  -0.498159E-10   0.991232E-10
   0.234100E+06   0.789365E-10  -0.515649E-10   0.107427E-09
   0.234120E+06   0.674388E-10  -0.526150E-10   0.114049E-09
   0.234140E+06   0.549771E-10  -0.527166E-10   0.118703E-09
   0.234160E+06   0.420979E-10  -0.516667E-10   0.121271E-09
   0.234180E+06   0.291662E-10  -0.493558E-10   0.121825E-09
   0.234200E+06   0.163749E-10  -0.457985E-10   0.120616E-09
   0.234220E+06   0.378499E-11  -0.411393E-10   0.118028E-09
   0.234240E+06  -0.861860E-11  -0.356318E-10   0.114517E-09
   0.234260E+06  -0.208693E-10  -0.295887E-10   0.110527E-09
   0.234280E+06  -0.329660E-10  -0.233239E-10   0.106419E-09
   0.234300E+06  -0.448460E-10  -0.170883E-10   0.102416E-09
   0.234320E+06  -0.563750E-10  -0.110187E-10   0.985661E-10
   0.234340E+06  -0.673595E-10  -0.511100E-11   0.947519E-10
   0.234360E+06  -0.775720E-10   0.776138E-12   0.907130E-10
   0.234380E+06  -0.867835E-10   0.688652E-11   0.860961E-10
   0.234400E+06  -0.947931E-10   0.135074E-10   0.805113E-10
   0.234420E+06  -0.101450E-09   0.209012E-10   0.735881E-10
   0.234440E+06  -0.106660E-09   0.292350E-10   0.650196E-10
   0.234460E+06  -0.110386E-09   0.385317E-10   0.545944E-10
   0.234480E+06  -0.112634E-09   0.486455E-10   0.422134E-10
   0.234500E+06  -0.113440E-09   0.592708E-10   0.278972E-10
   0.234520E+06  -0.112851E-09   0.699796E-10   0.117879E-10
   0.234540E+06  -0.110918E-09   0.802792E-10  -0.585010E-11
   0.234560E+06  -0.107691E-09   0.896792E-10  -0.246279E-10
   0.234580E+06  -0.103222E-09   0.977517E-10  -0.440299E-10
   0.234600E+06  -0.975756E-10   0.104175E-09  -0.634171E-10
   0.234620E+06  -0.908364E-10   0.108755E-09  -0.820418E-10
   0.234640E+06  -0.831250E-10   0.111417E-09  -0.990787E-10
   0.234660E+06  -0.746063E-10   0.112182E-09  -0.113678E-09
   0.234680E+06  -0.654989E-10   0.111130E-09  -0.125034E-09
   0.234700E+06  -0.560810E-10   0.108365E-09  -0.132474E-09
   0.234720E+06  -0.466950E-10   0.103986E-09  -0.135535E-09
   0.234740E+06  -0.377495E-10   0.980844E-10  -0.134038E-09
   0.234760E+06  -0.297141E-10   0.907471E-10  -0.128129E-09
   0.234780E+06  -0.231105E-10   0.820851E-10  -0.118282E-09
   0.234800E+06  -0.184891E-10   0.722625E-10  -0.105265E-09
   0.234820E+06  -0.163930E-10   0.615227E-10  -0.900598E-10
   0.234840E+06  -0.173050E-10   0.502004E-10  -0.737628E-10
   0.234860E+06  -0.215822E-10   0.387128E-10  -0.574697E-10
   0.234880E+06  -0.293831E-10   0.275280E-10  -0.421705E-10
   0.234900E+06  -0.405949E-10   0.171208E-10  -0.286690E-10
   0.234920E+06  -0.547826E-10   0.790973E-11  -0.175367E-10
   0.234940E+06  -0.711620E-10   0.206002E-12  -0.910917E-11
   0.234960E+06  -0.886165E-10  -0.582704E-11  -0.351640E-11
   0.234980E+06  -0.105760E-09  -0.101900E-10  -0.736823E-12
   0.235000E+06  -0.121049E-09  -0.130360E-10  -0.659560E-12
   0.235020E+06  -0.132927E-09  -0.146340E-10  -0.313803E-11
   0.235040E+06  -0.139994E-09  -0.153140E-10  -0.802284E-11
   0.235060E+06  -0.141170E-09  -0.154034E-10  -0.151660E-10
   0.235080E+06  -0.135831E-09  -0.151741E-10  -0.244014E-10
   0.235100E+06  -0.123899E-09  -0.148025E-10  -0.355065E-10
   0.235120E+06  -0.105862E-09  -0.143558E-10  -0.481618E-10
   0.235140E+06  -0.827271E-10  -0.138033E-10  -0.619207E-10
   0.235160E+06  -0.559021E-10  -0.130504E-10  -0.762034E-10
   0.235180E+06  -0.270340E-10  -0.119844E-10  -0.903209E-10
   0.235200E+06   0.218136E-11  -0.105234E-10  -0.103527E-09
   0.235220E+06   0.301853E-10  -0.865420E-11  -0.115088E-09
   0.235240E+06   0.557110E-10  -0.645445E-11  -0.124362E-09
   0.235260E+06   0.778865E-10  -0.409159E-11  -0.130861E-09
   0.235280E+06   0.962737E-10  -0.180215E-11  -0.134289E-09
   0.235300E+06   0.110843E-09   0.143834E-12  -0.134548E-09
   0.235320E+06   0.121891E-09   0.148455E-11  -0.131708E-09
   0.235340E+06   0.129932E-09   0.200483E-11  -0.125947E-09
   0.235360E+06   0.135561E-09   0.156294E-11  -0.117481E-09
   0.235380E+06   0.139346E-09   0.104921E-12  -0.106506E-09
   0.235400E+06   0.141737E-09  -0.234199E-11  -0.931472E-10
   0.235420E+06   0.143018E-09  -0.568384E-11  -0.774610E-10
   0.235440E+06   0.143302E-09  -0.978221E-11  -0.594586E-10
   0.235460E+06   0.142560E-09  -0.144752E-10  -0.391687E-10
   0.235480E+06   0.140671E-09  -0.195919E-10  -0.167146E-10
   0.235500E+06   0.137478E-09  -0.249573E-10   0.761147E-11
   0.235520E+06   0.132833E-09  -0.303923E-10   0.332960E-10
   0.235540E+06   0.126641E-09  -0.356891E-10   0.595941E-10
   0.235560E+06   0.118856E-09  -0.406216E-10   0.855609E-10
   0.235580E+06   0.109478E-09  -0.449313E-10   0.110131E-09
   0.235600E+06   0.985310E-10  -0.483376E-10   0.132230E-09
   0.235620E+06   0.860424E-10  -0.505574E-10   0.150897E-09
   0.235640E+06   0.720287E-10  -0.513350E-10   0.165401E-09
   0.235660E+06   0.564995E-10  -0.504762E-10   0.175326E-09
   0.235680E+06   0.394778E-10  -0.478810E-10   0.180604E-09
   0.235700E+06   0.210348E-10  -0.435623E-10   0.181505E-09
   0.235720E+06   0.133207E-11  -0.376543E-10   0.178572E-09
   0.235740E+06  -0.193428E-10  -0.303988E-10   0.172530E-09
   0.235760E+06  -0.405526E-10  -0.221167E-10   0.164166E-09
   0.235780E+06  -0.617100E-10  -0.131688E-10   0.154234E-09
   0.235800E+06  -0.821006E-10  -0.391438E-11   0.143368E-09
   0.235820E+06  -0.100929E-09   0.532453E-11   0.132036E-09
   0.235840E+06  -0.117381E-09   0.142851E-10   0.120531E-09
   0.235860E+06  -0.130686E-09   0.227694E-10   0.108995E-09
   0.235880E+06  -0.140183E-09   0.306336E-10   0.974570E-10
   0.235900E+06  -0.145360E-09   0.377663E-10   0.858788E-10
   0.235920E+06  -0.145884E-09   0.440628E-10   0.741942E-10
   0.235940E+06  -0.141600E-09   0.494042E-10   0.623268E-10
   0.235960E+06  -0.132524E-09   0.536492E-10   0.501898E-10
   0.235980E+06  -0.118811E-09   0.566406E-10   0.376709E-10
   0.236000E+06  -0.100739E-09   0.582273E-10   0.246118E-10
   0.236020E+06  -0.786796E-10   0.582989E-10   0.107958E-10
   0.236040E+06  -0.530918E-10   0.568170E-10  -0.404766E-11
   0.236060E+06  -0.245197E-10   0.538426E-10  -0.202150E-10
   0.236080E+06   0.640122E-11   0.495466E-10  -0.379765E-10
   0.236100E+06   0.389360E-10   0.441983E-10  -0.575088E-10
   0.236120E+06   0.722490E-10   0.381344E-10  -0.788258E-10
   0.236140E+06   0.105414E-09   0.317113E-10  -0.101721E-09
   0.236160E+06   0.137439E-09   0.252502E-10  -0.125736E-09
   0.236180E+06   0.167311E-09   0.189931E-10  -0.150169E-09
   0.236200E+06   0.194044E-09   0.130638E-10  -0.174113E-09
   0.236220E+06   0.216738E-09   0.746156E-11  -0.196533E-09
   0.236240E+06   0.234632E-09   0.207597E-11  -0.216363E-09
   0.236260E+06   0.247149E-09  -0.327508E-11  -0.232604E-09
   0.236280E+06   0.253919E-09  -0.879440E-11  -0.244411E-09
   0.236300E+06   0.254788E-09  -0.146525E-10  -0.251157E-09
   0.236320E+06   0.249813E-09  -0.209457E-10  -0.252460E-09
   0.236340E+06   0.239241E-09  -0.276709E-10  -0.248182E-09
   0.236360E+06   0.223488E-09  -0.347310E-10  -0.238399E-09
   0.236380E+06   0.203112E-09  -0.419584E-10  -0.223362E-09
   0.236400E+06   0.178801E-09  -0.491577E-10  -0.203451E-09
   0.236420E+06   0.151352E-09  -0.561532E-10  -0.179136E-09
   0.236440E+06   0.121669E-09  -0.628294E-10  -0.150964E-09
   0.236460E+06   0.907452E-10  -0.691544E-10  -0.119547E-09
   0.236480E+06   0.596430E-10  -0.751792E-10  -0.855653E-10
   0.236500E+06   0.294603E-10  -0.810118E-10  -0.497773E-10
   0.236520E+06   0.127766E-11  -0.867742E-10  -0.130098E-10
   0.236540E+06  -0.239068E-10  -0.925500E-10   0.238602E-10
   0.236560E+06  -0.452531E-10  -0.983382E-10   0.599447E-10
   0.236580E+06  -0.621549E-10  -0.104024E-09   0.943979E-10
   0.236600E+06  -0.743033E-10  -0.109373E-09   0.126475E-09
   0.236620E+06  -0.817279E-10  -0.114060E-09   0.155586E-09
   0.236640E+06  -0.848077E-10  -0.117714E-09   0.181326E-09
   0.236660E+06  -0.842463E-10  -0.119977E-09   0.203485E-09
   0.236680E+06  -0.810099E-10  -0.120573E-09   0.222022E-09
   0.236700E+06  -0.762406E-10  -0.119350E-09   0.237012E-09
   0.236720E+06  -0.711490E-10  -0.116306E-09   0.248582E-09
   0.236740E+06  -0.669017E-10  -0.111581E-09   0.256840E-09
   0.236760E+06  -0.645169E-10  -0.105417E-09   0.261829E-09
   0.236780E+06  -0.647782E-10  -0.981061E-10   0.263502E-09
   0.236800E+06  -0.681755E-10  -0.899222E-10   0.261735E-09
   0.236820E+06  -0.748782E-10  -0.810606E-10   0.256376E-09
   0.236840E+06  -0.847328E-10  -0.716040E-10   0.247309E-09
   0.236860E+06  -0.972948E-10  -0.615125E-10   0.234535E-09
   0.236880E+06  -0.111877E-09  -0.506460E-10   0.218228E-09
   0.236900E+06  -0.127611E-09  -0.388123E-10   0.198772E-09
   0.236920E+06  -0.143520E-09  -0.258303E-10   0.176753E-09
   0.236940E+06  -0.158593E-09  -0.115935E-10   0.152915E-09
   0.236960E+06  -0.171851E-09   0.387937E-11   0.128072E-09
   0.236980E+06  -0.182417E-09   0.204217E-10   0.103020E-09
   0.237000E+06  -0.189569E-09   0.377211E-10   0.784364E-10
   0.237020E+06  -0.192789E-09   0.553539E-10   0.548150E-10
   0.237040E+06  -0.191788E-09   0.728392E-10   0.324334E-10
   0.237060E+06  -0.186520E-09   0.897005E-10   0.113697E-10
   0.237080E+06  -0.177180E-09   0.105523E-09  -0.844160E-11
   0.237100E+06  -0.164174E-09   0.119994E-09  -0.271258E-10
   0.237120E+06  -0.148081E-09   0.132918E-09  -0.447770E-10
   0.237140E+06  -0.129603E-09   0.144204E-09  -0.613821E-10
   0.237160E+06  -0.109505E-09   0.153839E-09  -0.767785E-10
   0.237180E+06  -0.885603E-10   0.161844E-09  -0.906555E-10
   0.237200E+06  -0.675100E-10   0.168230E-09  -0.102601E-09
   0.237220E+06  -0.470295E-10   0.172969E-09  -0.112182E-09
   0.237240E+06  -0.277153E-10   0.175980E-09  -0.119037E-09
   0.237260E+06  -0.100846E-10   0.177140E-09  -0.122970E-09
   0.237280E+06   0.541684E-11   0.176306E-09  -0.124001E-09
   0.237300E+06   0.184055E-10   0.173356E-09  -0.122385E-09
   0.237320E+06   0.285602E-10   0.168222E-09  -0.118576E-09
   0.237340E+06   0.356315E-10   0.160919E-09  -0.113150E-09
   0.237360E+06   0.394676E-10   0.151550E-09  -0.106702E-09
   0.237380E+06   0.400510E-10   0.140303E-09  -0.997416E-10
   0.237400E+06   0.375384E-10   0.127418E-09  -0.926059E-10
   0.237420E+06   0.322926E-10   0.113160E-09  -0.854173E-10
   0.237440E+06   0.248942E-10   0.977767E-10  -0.780889E-10
   0.237460E+06   0.161273E-10   0.814807E-10  -0.703824E-10
   0.237480E+06   0.692462E-11   0.644361E-10  -0.620008E-10
   0.237500E+06  -0.171272E-11   0.467716E-10  -0.527013E-10
   0.237520E+06  -0.881939E-11   0.286078E-10  -0.423992E-10
   0.237540E+06  -0.135754E-10   0.100932E-10  -0.312421E-10
   0.237560E+06  -0.154020E-10  -0.856014E-11  -0.196372E-10
   0.237580E+06  -0.140252E-10  -0.270525E-10  -0.822650E-11
   0.237600E+06  -0.949444E-11  -0.449917E-10   0.218547E-11
   0.237620E+06  -0.215030E-11  -0.619078E-10   0.107377E-10
   0.237640E+06   0.745562E-11  -0.772931E-10   0.166279E-10
   0.237660E+06   0.186688E-10  -0.906519E-10   0.192189E-10
   0.237680E+06   0.308514E-10  -0.101554E-09   0.181140E-10
   0.237700E+06   0.434859E-10  -0.109681E-09   0.131932E-10
   0.237720E+06   0.562403E-10  -0.114856E-09   0.460604E-11
   0.237740E+06   0.689804E-10  -0.117046E-09  -0.726915E-11
   0.237760E+06   0.817236E-10  -0.116354E-09  -0.218864E-10
   0.237780E+06   0.945454E-10  -0.112976E-09  -0.385965E-10
   0.237800E+06   0.107455E-09  -0.107169E-09  -0.566985E-10
   0.237820E+06   0.120271E-09  -0.992099E-10  -0.754705E-10
   0.237840E+06   0.132528E-09  -0.893695E-10  -0.941755E-10
   0.237860E+06   0.143437E-09  -0.779051E-10  -0.112050E-09
   0.237880E+06   0.151916E-09  -0.650703E-10  -0.128289E-09
   0.237900E+06   0.156701E-09  -0.511391E-10  -0.142033E-09
   0.237920E+06   0.156513E-09  -0.364344E-10  -0.152383E-09
   0.237940E+06   0.150264E-09  -0.213488E-10  -0.158445E-09
   0.237960E+06   0.137267E-09  -0.635487E-11  -0.159392E-09
   0.237980E+06   0.117404E-09   0.800937E-11  -0.154563E-09
   0.238000E+06   0.912311E-10   0.211755E-10  -0.143555E-09
   0.238020E+06   0.599961E-10   0.325965E-10  -0.126306E-09
   0.238040E+06   0.255570E-10   0.418060E-10  -0.103155E-09
   0.238060E+06  -0.978370E-11   0.484730E-10  -0.748503E-10
   0.238080E+06  -0.435071E-10   0.524379E-10  -0.425208E-10
   0.238100E+06  -0.731330E-10   0.537348E-10  -0.759395E-11
   0.238120E+06  -0.964669E-10   0.525671E-10   0.283083E-10
   0.238140E+06  -0.111808E-09   0.492759E-10   0.634967E-10
   0.238160E+06  -0.118089E-09   0.442851E-10   0.963381E-10
   0.238180E+06  -0.114937E-09   0.380421E-10   0.125361E-09
   0.238200E+06  -0.102656E-09   0.309675E-10   0.149334E-09
   0.238220E+06  -0.821520E-10   0.234212E-10   0.167313E-09
   0.238240E+06  -0.548116E-10   0.156910E-10   0.178654E-09
   0.238260E+06  -0.223605E-10   0.800511E-11   0.183015E-09
   0.238280E+06   0.132732E-10   0.554749E-12   0.180333E-09
   0.238300E+06   0.500774E-10  -0.647375E-11   0.170809E-09
   0.238320E+06   0.860514E-10  -0.128752E-10   0.154885E-09
   0.238340E+06   0.119280E-09  -0.184176E-10   0.133228E-09
   0.238360E+06   0.147990E-09  -0.228540E-10   0.106723E-09
   0.238380E+06   0.170610E-09  -0.259555E-10   0.764411E-10
   0.238400E+06   0.185824E-09  -0.275560E-10   0.436149E-10
   0.238420E+06   0.192641E-09  -0.275989E-10   0.958597E-11
   0.238440E+06   0.190470E-09  -0.261733E-10  -0.242588E-10
   0.238460E+06   0.179188E-09  -0.235277E-10  -0.565618E-10
   0.238480E+06   0.159191E-09  -0.200550E-10  -0.860722E-10
   0.238500E+06   0.131413E-09  -0.162494E-10  -0.111713E-09
   0.238520E+06   0.972990E-10  -0.126402E-10  -0.132628E-09
   0.238540E+06   0.587222E-10  -0.971680E-11  -0.148205E-09
   0.238560E+06   0.178549E-10  -0.785913E-11  -0.158068E-09
   0.238580E+06  -0.230059E-10  -0.728413E-11  -0.162045E-09
   0.238600E+06  -0.616302E-10  -0.802856E-11  -0.160126E-09
   0.238620E+06  -0.960487E-10  -0.996090E-11  -0.152423E-09
   0.238640E+06  -0.124719E-09  -0.128258E-10  -0.139132E-09
   0.238660E+06  -0.146644E-09  -0.163090E-10  -0.120523E-09
   0.238680E+06  -0.161431E-09  -0.201073E-10  -0.969550E-10
   0.238700E+06  -0.169282E-09  -0.239895E-10  -0.689026E-10
   0.238720E+06  -0.170928E-09  -0.278345E-10  -0.369946E-10
   0.238740E+06  -0.167501E-09  -0.316322E-10  -0.204621E-11
   0.238760E+06  -0.160388E-09  -0.354648E-10   0.349323E-10
   0.238780E+06  -0.151066E-09  -0.394525E-10   0.727548E-10
   0.238800E+06  -0.140947E-09  -0.436928E-10   0.110115E-09
   0.238820E+06  -0.131247E-09  -0.482013E-10   0.145671E-09
   0.238840E+06  -0.122888E-09  -0.528718E-10   0.178147E-09
   0.238860E+06  -0.116446E-09  -0.574631E-10   0.206434E-09
   0.238880E+06  -0.112130E-09  -0.616194E-10   0.229667E-09
   0.238900E+06  -0.109805E-09  -0.649140E-10   0.247276E-09
   0.238920E+06  -0.109037E-09  -0.669178E-10   0.258979E-09
   0.238940E+06  -0.109164E-09  -0.672662E-10   0.264743E-09
   0.238960E+06  -0.109376E-09  -0.657176E-10   0.264712E-09
   0.238980E+06  -0.108810E-09  -0.621883E-10   0.259120E-09
   0.239000E+06  -0.106628E-09  -0.567594E-10   0.248215E-09
   0.239020E+06  -0.102108E-09  -0.496551E-10   0.232213E-09
   0.239040E+06  -0.947082E-10  -0.411985E-10   0.211290E-09
   0.239060E+06  -0.841202E-10  -0.317578E-10   0.185621E-09
   0.239080E+06  -0.702984E-10  -0.216945E-10   0.155452E-09
   0.239100E+06  -0.534646E-10  -0.113252E-10   0.121195E-09
   0.239120E+06  -0.340874E-10  -0.904230E-12   0.835062E-10
   0.239140E+06  -0.128386E-10   0.937159E-11   0.433382E-10
   0.239160E+06   0.946864E-11   0.193407E-10   0.194367E-11
   0.239180E+06   0.319501E-10   0.288461E-10  -0.391831E-10
   0.239200E+06   0.537226E-10   0.377066E-10  -0.784171E-10
   0.239220E+06   0.739666E-10   0.457036E-10  -0.114149E-09
   0.239240E+06   0.919751E-10   0.525808E-10  -0.144948E-09
   0.239260E+06   0.107180E-09   0.580686E-10  -0.169704E-09
   0.239280E+06   0.119161E-09   0.619218E-10  -0.187728E-09
   0.239300E+06   0.127636E-09   0.639631E-10  -0.198797E-09
   0.239320E+06   0.132447E-09   0.641226E-10  -0.203121E-09
   0.239340E+06   0.133538E-09   0.624612E-10  -0.201268E-09
   0.239360E+06   0.130942E-09   0.591702E-10  -0.194038E-09
   0.239380E+06   0.124775E-09   0.545529E-10  -0.182329E-09
   0.239400E+06   0.115245E-09   0.489779E-10  -0.167019E-09
   0.239420E+06   0.102662E-09   0.428266E-10  -0.148889E-09
   0.239440E+06   0.874514E-10   0.364402E-10  -0.128588E-09
   0.239460E+06   0.701629E-10   0.300791E-10  -0.106656E-09
   0.239480E+06   0.514626E-10   0.239029E-10  -0.835776E-10
   0.239500E+06   0.321094E-10   0.179748E-10  -0.598599E-10
   0.239520E+06   0.129133E-10   0.122872E-10  -0.360958E-10
   0.239540E+06  -0.532134E-11   0.680540E-11  -0.130015E-10
   0.239560E+06  -0.218563E-10   0.150888E-11   0.858844E-11
   0.239580E+06  -0.360788E-10  -0.357066E-11   0.277744E-10
   0.239600E+06  -0.475458E-10  -0.833034E-11   0.436819E-10
   0.239620E+06  -0.560073E-10  -0.125993E-10   0.555715E-10
   0.239640E+06  -0.614059E-10  -0.161632E-10   0.629447E-10
   0.239660E+06  -0.638535E-10  -0.188051E-10   0.656231E-10
   0.239680E+06  -0.635926E-10  -0.203511E-10   0.637839E-10
   0.239700E+06  -0.609495E-10  -0.207108E-10   0.579422E-10
   0.239720E+06  -0.562920E-10  -0.199039E-10   0.488875E-10
   0.239740E+06  -0.499970E-10  -0.180641E-10   0.375841E-10
   0.239760E+06  -0.424340E-10  -0.154225E-10   0.250585E-10
   0.239780E+06  -0.339639E-10  -0.122732E-10   0.122940E-10
   0.239800E+06  -0.249484E-10  -0.893045E-11   0.152328E-12
   0.239820E+06  -0.157615E-10  -0.568627E-11  -0.106688E-10
   0.239840E+06  -0.679427E-11  -0.277963E-11  -0.196406E-10
   0.239860E+06   0.155191E-11  -0.377496E-12  -0.263775E-10
   0.239880E+06   0.889260E-11   0.142068E-11  -0.306016E-10
   0.239900E+06   0.148977E-10   0.256992E-11  -0.321085E-10
   0.239920E+06   0.193389E-10   0.305834E-11  -0.307533E-10
   0.239940E+06   0.221340E-10   0.288806E-11  -0.264647E-10
   0.239960E+06   0.233766E-10   0.206560E-11  -0.192837E-10
   0.239980E+06   0.233421E-10   0.605920E-12  -0.942065E-11
   0.240000E+06   0.224644E-10  -0.145210E-11   0.269065E-11
   0.240020E+06   0.212898E-10  -0.401573E-11   0.163566E-10
   0.240040E+06   0.204028E-10  -0.692154E-11   0.306279E-10
   0.240060E+06   0.203533E-10  -0.991862E-11   0.443470E-10
   0.240080E+06   0.215883E-10  -0.126751E-10   0.562436E-10
   0.240100E+06   0.244064E-10  -0.148063E-10   0.650660E-10
   0.240120E+06   0.289423E-10  -0.159237E-10   0.697278E-10
   0.240140E+06   0.351848E-10  -0.156965E-10   0.694462E-10
   0.240160E+06   0.430207E-10  -0.139143E-10   0.638480E-10
   0.240180E+06   0.522927E-10  -0.105336E-10   0.530256E-10
   0.240200E+06   0.628577E-10  -0.570380E-11   0.375305E-10
   0.240220E+06   0.746230E-10   0.243766E-12   0.183107E-10
   0.240240E+06   0.875540E-10   0.684004E-11  -0.339866E-11
   0.240260E+06   0.101646E-09   0.135490E-10  -0.262107E-10
   0.240280E+06   0.116867E-09   0.198529E-10  -0.487253E-10
   0.240300E+06   0.133075E-09   0.253342E-10  -0.696501E-10
   0.240320E+06   0.149947E-09   0.297382E-10  -0.878891E-10
   0.240340E+06   0.166920E-09   0.330034E-10  -0.102593E-09
   0.240360E+06   0.183174E-09   0.352525E-10  -0.113175E-09
   0.240380E+06   0.197668E-09   0.367481E-10  -0.119292E-09
   0.240400E+06   0.209221E-09   0.378222E-10  -0.120829E-09
   0.240420E+06   0.216632E-09   0.387959E-10  -0.117865E-09
   0.240440E+06   0.218830E-09   0.399068E-10  -0.110656E-09
   0.240460E+06   0.215001E-09   0.412618E-10  -0.996363E-10
   0.240480E+06   0.204701E-09   0.428224E-10  -0.854104E-10
   0.240500E+06   0.187902E-09   0.444310E-10  -0.687591E-10
   0.240520E+06   0.164993E-09   0.458606E-10  -0.506261E-10
   0.240540E+06   0.136707E-09   0.468861E-10  -0.320847E-10
   0.240560E+06   0.104011E-09   0.473530E-10  -0.142789E-10
   0.240580E+06   0.679721E-10   0.472279E-10   0.166019E-11
   0.240600E+06   0.296271E-10   0.466176E-10   0.147124E-10
   0.240620E+06  -0.101126E-10   0.457528E-10   0.240668E-10
   0.240640E+06  -0.505104E-10   0.449352E-10   0.292073E-10
   0.240660E+06  -0.909898E-10   0.444735E-10   0.299556E-10
   0.240680E+06  -0.131075E-09   0.445981E-10   0.265008E-10
   0.240700E+06  -0.170291E-09   0.454005E-10   0.193590E-10
   0.240720E+06  -0.208058E-09   0.467967E-10   0.931153E-11
   0.240740E+06  -0.243603E-09   0.485286E-10  -0.268197E-11
   0.240760E+06  -0.275913E-09   0.502024E-10  -0.155794E-10
   0.240780E+06  -0.303754E-09   0.513564E-10  -0.283434E-10
   0.240800E+06  -0.325750E-09   0.515431E-10  -0.400092E-10
   0.240820E+06  -0.340519E-09   0.504108E-10  -0.497272E-10
   0.240840E+06  -0.346842E-09   0.477596E-10  -0.567836E-10
   0.240860E+06  -0.343839E-09   0.435701E-10  -0.606059E-10
   0.240880E+06  -0.331122E-09   0.379938E-10  -0.607633E-10
   0.240900E+06  -0.308899E-09   0.313114E-10  -0.569741E-10
   0.240920E+06  -0.278003E-09   0.238704E-10  -0.491255E-10
   0.240940E+06  -0.239855E-09   0.160169E-10  -0.373056E-10
   0.240960E+06  -0.196353E-09   0.803845E-11  -0.218416E-10
   0.240980E+06  -0.149710E-09   0.130989E-12  -0.333152E-11
   0.241000E+06  -0.102264E-09  -0.760546E-11   0.173465E-10
   0.241020E+06  -0.562868E-10  -0.151413E-10   0.390585E-10
   0.241040E+06  -0.138059E-10  -0.224731E-10   0.604804E-10
   0.241060E+06   0.235243E-10  -0.295729E-10   0.802042E-10
   0.241080E+06   0.545112E-10  -0.363468E-10   0.968735E-10
   0.241100E+06   0.784591E-10  -0.426164E-10   0.109328E-09
   0.241120E+06   0.951586E-10  -0.481291E-10   0.116738E-09
   0.241140E+06   0.104841E-09  -0.525943E-10   0.118696E-09
   0.241160E+06   0.108112E-09  -0.557467E-10   0.115265E-09
   0.241180E+06   0.105862E-09  -0.574112E-10   0.106954E-09
   0.241200E+06   0.991837E-10  -0.575617E-10   0.946424E-10
   0.241220E+06   0.892833E-10  -0.563556E-10   0.794590E-10
   0.241240E+06   0.773947E-10  -0.541355E-10   0.626389E-10
   0.241260E+06   0.647036E-10  -0.513947E-10   0.453852E-10
   0.241280E+06   0.522745E-10  -0.487138E-10   0.287595E-10
   0.241300E+06   0.409936E-10  -0.466732E-10   0.136131E-10
   0.241320E+06   0.315149E-10  -0.457742E-10   0.571000E-12
   0.241340E+06   0.242323E-10  -0.463651E-10  -0.994542E-11
   0.241360E+06   0.192690E-10  -0.485976E-10  -0.176668E-10
   0.241380E+06   0.164914E-10  -0.524180E-10  -0.224177E-10
   0.241400E+06   0.155468E-10  -0.575911E-10  -0.240724E-10
   0.241420E+06   0.159197E-10  -0.637510E-10  -0.225386E-10
   0.241440E+06   0.170021E-10  -0.704669E-10  -0.177767E-10
   0.241460E+06   0.181665E-10  -0.773041E-10  -0.984578E-11
   0.241480E+06   0.188361E-10  -0.838799E-10   0.103330E-11
   0.241500E+06   0.185381E-10  -0.898914E-10   0.144216E-10
   0.241520E+06   0.169400E-10  -0.951227E-10   0.296319E-10
   0.241540E+06   0.138658E-10  -0.994310E-10   0.457404E-10
   0.241560E+06   0.929309E-11  -0.102720E-09   0.616469E-10
   0.241580E+06   0.333812E-11  -0.104913E-09   0.761783E-10
   0.241600E+06  -0.376788E-11  -0.105931E-09   0.882199E-10
   0.241620E+06  -0.117028E-10  -0.105686E-09   0.968510E-10
   0.241640E+06  -0.200778E-10  -0.104090E-09   0.101459E-09
   0.241660E+06  -0.284583E-10  -0.101073E-09   0.101811E-09
   0.241680E+06  -0.363861E-10  -0.966125E-10   0.980651E-10
   0.241700E+06  -0.434042E-10  -0.907491E-10   0.907257E-10
   0.241720E+06  -0.490898E-10  -0.835990E-10   0.805486E-10
   0.241740E+06  -0.530948E-10  -0.753471E-10   0.684163E-10
   0.241760E+06  -0.551916E-10  -0.662254E-10   0.552102E-10
   0.241780E+06  -0.553195E-10  -0.564777E-10   0.417052E-10
   0.241800E+06  -0.536179E-10  -0.463281E-10   0.285015E-10
   0.241820E+06  -0.504425E-10  -0.359500E-10   0.160057E-10
   0.241840E+06  -0.463488E-10  -0.254532E-10   0.445668E-11
   0.241860E+06  -0.420418E-10  -0.148881E-10  -0.601771E-11
   0.241880E+06  -0.382913E-10  -0.426802E-11  -0.153332E-10
   0.241900E+06  -0.358245E-10   0.639590E-11  -0.233920E-10
   0.241920E+06  -0.352082E-10   0.170572E-10  -0.300543E-10
   0.241940E+06  -0.367452E-10   0.276101E-10  -0.351430E-10
   0.241960E+06  -0.403946E-10   0.378738E-10  -0.384863E-10
   0.241980E+06  -0.457496E-10   0.476048E-10  -0.399817E-10
   0.242000E+06  -0.520658E-10   0.565300E-10  -0.396621E-10
   0.242020E+06  -0.583469E-10   0.643926E-10  -0.377444E-10
   0.242040E+06  -0.634740E-10   0.710043E-10  -0.346424E-10
   0.242060E+06  -0.663595E-10   0.762864E-10  -0.309360E-10
   0.242080E+06  -0.660982E-10   0.802919E-10  -0.272976E-10
   0.242100E+06  -0.620924E-10   0.832035E-10  -0.243874E-10
   0.242120E+06  -0.541249E-10   0.852973E-10  -0.227414E-10
   0.242140E+06  -0.423757E-10   0.868911E-10  -0.226736E-10
   0.242160E+06  -0.273748E-10   0.882797E-10  -0.242138E-10
   0.242180E+06  -0.990500E-11   0.896755E-10  -0.270979E-10
   0.242200E+06   0.912540E-11   0.911662E-10  -0.308110E-10
   0.242220E+06   0.288149E-10   0.927017E-10  -0.346775E-10
   0.242240E+06   0.483819E-10   0.941107E-10  -0.379779E-10
   0.242260E+06   0.672388E-10   0.951464E-10  -0.400698E-10
   0.242280E+06   0.850161E-10   0.955477E-10  -0.404881E-10
   0.242300E+06   0.101540E-09   0.951037E-10  -0.390073E-10
   0.242320E+06   0.116770E-09   0.937050E-10  -0.356548E-10
   0.242340E+06   0.130722E-09   0.913701E-10  -0.306789E-10
   0.242360E+06   0.143391E-09   0.882405E-10  -0.244829E-10
   0.242380E+06   0.154698E-09   0.845463E-10  -0.175447E-10
   0.242400E+06   0.164470E-09   0.805498E-10  -0.103423E-10
   0.242420E+06   0.172462E-09   0.764858E-10  -0.330156E-11
   0.242440E+06   0.178410E-09   0.725044E-10   0.322164E-11
   0.242460E+06   0.182104E-09   0.686403E-10   0.892786E-11
   0.242480E+06   0.183460E-09   0.648117E-10   0.135383E-10
   0.242500E+06   0.182568E-09   0.608487E-10   0.167531E-10
   0.242520E+06   0.179717E-09   0.565464E-10   0.182220E-10
   0.242540E+06   0.175372E-09   0.517268E-10   0.175427E-10
   0.242560E+06   0.170107E-09   0.462936E-10   0.142954E-10
   0.242580E+06   0.164529E-09   0.402731E-10   0.810846E-11
   0.242600E+06   0.159168E-09   0.338099E-10  -0.125198E-11
   0.242620E+06   0.154399E-09   0.271422E-10  -0.137943E-10
   0.242640E+06   0.150370E-09   0.205437E-10  -0.292325E-10
   0.242660E+06   0.146984E-09   0.142535E-10  -0.469579E-10
   0.242680E+06   0.143913E-09   0.840928E-11  -0.660612E-10
   0.242700E+06   0.140654E-09   0.300173E-11  -0.854072E-10
   0.242720E+06   0.136602E-09  -0.213794E-11  -0.103751E-09
   0.242740E+06   0.131143E-09  -0.730727E-11  -0.119872E-09
   0.242760E+06   0.123738E-09  -0.128736E-10  -0.132712E-09
   0.242780E+06   0.113979E-09  -0.191869E-10  -0.141478E-09
   0.242800E+06   0.101629E-09  -0.264906E-10  -0.145705E-09
   0.242820E+06   0.866325E-10  -0.348490E-10  -0.145263E-09
   0.242840E+06   0.690972E-10  -0.441070E-10  -0.140319E-09
   0.242860E+06   0.492699E-10  -0.538948E-10  -0.131260E-09
   0.242880E+06   0.275024E-10  -0.636757E-10  -0.118603E-09
   0.242900E+06   0.422263E-11  -0.728293E-10  -0.102910E-09
   0.242920E+06  -0.200866E-10  -0.807534E-10  -0.847357E-10
   0.242940E+06  -0.449006E-10  -0.869617E-10  -0.645980E-10
   0.242960E+06  -0.696608E-10  -0.911588E-10  -0.429938E-10
   0.242980E+06  -0.937847E-10  -0.932762E-10  -0.204320E-10
   0.243000E+06  -0.116681E-09  -0.934625E-10   0.252448E-11
   0.243020E+06  -0.137778E-09  -0.920334E-10   0.252293E-10
   0.243040E+06  -0.156552E-09  -0.893915E-10   0.469501E-10
   0.243060E+06  -0.172575E-09  -0.859330E-10   0.669035E-10
   0.243080E+06  -0.185543E-09  -0.819697E-10   0.843193E-10
   0.243100E+06  -0.195305E-09  -0.776728E-10   0.985283E-10
   0.243120E+06  -0.201865E-09  -0.730567E-10   0.109051E-09
   0.243140E+06  -0.205367E-09  -0.680002E-10   0.115665E-09
   0.243160E+06  -0.206053E-09  -0.623004E-10   0.118438E-09
   0.243180E+06  -0.204216E-09  -0.557426E-10   0.117710E-09
   0.243200E+06  -0.200138E-09  -0.481723E-10   0.114026E-09
   0.243220E+06  -0.194046E-09  -0.395381E-10   0.108045E-09
   0.243240E+06  -0.186085E-09  -0.299265E-10   0.100418E-09
   0.243260E+06  -0.176323E-09  -0.195443E-10   0.916874E-10
   0.243280E+06  -0.164775E-09  -0.867994E-11   0.822156E-10
   0.243300E+06  -0.151462E-09   0.235430E-11   0.721585E-10
   0.243320E+06  -0.136468E-09   0.132831E-10   0.614931E-10
   0.243340E+06  -0.120001E-09   0.239164E-10   0.500869E-10
   0.243360E+06  -0.102429E-09   0.341719E-10   0.377922E-10
   0.243380E+06  -0.842911E-10   0.440736E-10   0.245430E-10
   0.243400E+06  -0.662654E-10   0.537146E-10   0.104267E-10
   0.243420E+06  -0.491116E-10   0.632088E-10  -0.428375E-11
   0.243440E+06  -0.335853E-10   0.726353E-10  -0.191471E-10
   0.243460E+06  -0.203467E-10   0.819929E-10  -0.336151E-10
   0.243480E+06  -0.987690E-11   0.911755E-10  -0.471231E-10
   0.243500E+06  -0.241901E-11   0.999747E-10  -0.591857E-10
   0.243520E+06   0.204603E-11   0.108107E-09  -0.694744E-10
   0.243540E+06   0.378673E-11   0.115260E-09  -0.778560E-10
   0.243560E+06   0.327320E-11   0.121142E-09  -0.843810E-10
   0.243580E+06   0.110743E-11   0.125531E-09  -0.892256E-10
   0.243600E+06  -0.205632E-11   0.128292E-09  -0.925989E-10
   0.243620E+06  -0.558572E-11   0.129386E-09  -0.946411E-10
   0.243640E+06  -0.892781E-11   0.128845E-09  -0.953361E-10
   0.243660E+06  -0.116434E-10   0.126731E-09  -0.944648E-10
   0.243680E+06  -0.134175E-10   0.123095E-09  -0.916120E-10
   0.243700E+06  -0.140531E-10   0.117941E-09  -0.862280E-10
   0.243720E+06  -0.134509E-10   0.111208E-09  -0.777378E-10
   0.243740E+06  -0.115930E-10   0.102776E-09  -0.656705E-10
   0.243760E+06  -0.853025E-11   0.924998E-10  -0.497840E-10
   0.243780E+06  -0.437826E-11   0.802521E-10  -0.301557E-10
   0.243800E+06   0.678760E-12   0.659783E-10  -0.721888E-11
   0.243820E+06   0.638383E-11   0.497379E-10   0.182634E-10
   0.243840E+06   0.124090E-10   0.317254E-10   0.452838E-10
   0.243860E+06   0.183774E-10   0.122712E-10   0.727149E-10
   0.243880E+06   0.238932E-10  -0.819876E-11   0.994510E-10
   0.243900E+06   0.285987E-10  -0.292114E-10   0.124531E-09
   0.243920E+06   0.322361E-10  -0.503079E-10   0.147227E-09
   0.243940E+06   0.347089E-10  -0.710974E-10   0.167070E-09
   0.243960E+06   0.361256E-10  -0.912912E-10   0.183830E-09
   0.243980E+06   0.368152E-10  -0.110708E-09   0.197442E-09
   0.244000E+06   0.373038E-10  -0.129249E-09   0.207906E-09
   0.244020E+06   0.382512E-10  -0.146851E-09   0.215196E-09
   0.244040E+06   0.403584E-10  -0.163425E-09   0.219184E-09
   0.244060E+06   0.442522E-10  -0.178803E-09   0.219617E-09
   0.244080E+06   0.503737E-10  -0.192702E-09   0.216134E-09
   0.244100E+06   0.588865E-10  -0.204715E-09   0.208333E-09
   0.244120E+06   0.696230E-10  -0.214343E-09   0.195867E-09
   0.244140E+06   0.820774E-10  -0.221049E-09   0.178545E-09
   0.244160E+06   0.954482E-10  -0.224333E-09   0.156408E-09
   0.244180E+06   0.108721E-09  -0.223808E-09   0.129785E-09
   0.244200E+06   0.120775E-09  -0.219264E-09   0.992906E-10
   0.244220E+06   0.130502E-09  -0.210698E-09   0.657843E-10
   0.244240E+06   0.136903E-09  -0.198320E-09   0.302990E-10
   0.244260E+06   0.139171E-09  -0.182510E-09  -0.604803E-11
   0.244280E+06   0.136735E-09  -0.163769E-09  -0.421378E-10
   0.244300E+06   0.129270E-09  -0.142648E-09  -0.769124E-10
   0.244320E+06   0.116694E-09  -0.119690E-09  -0.109409E-09
   0.244340E+06   0.991391E-10  -0.953894E-10  -0.138762E-09
   0.244360E+06   0.769418E-10  -0.701821E-10  -0.164191E-09
   0.244380E+06   0.506299E-10  -0.444642E-10  -0.184979E-09
   0.244400E+06   0.209301E-10  -0.186295E-10  -0.200465E-09
   0.244420E+06  -0.112178E-10   0.688683E-11  -0.210058E-09
   0.244440E+06  -0.446494E-10   0.315733E-10  -0.213281E-09
   0.244460E+06  -0.779809E-10   0.548327E-10  -0.209840E-09
   0.244480E+06  -0.109645E-09   0.760033E-10  -0.199702E-09
   0.244500E+06  -0.137970E-09   0.944193E-10  -0.183162E-09
   0.244520E+06  -0.161288E-09   0.109485E-09  -0.160890E-09
   0.244540E+06  -0.178092E-09   0.120766E-09  -0.133934E-09
   0.244560E+06  -0.187183E-09   0.128062E-09  -0.103659E-09
   0.244580E+06  -0.187823E-09   0.131453E-09  -0.716553E-10
   0.244600E+06  -0.179834E-09   0.131306E-09  -0.396011E-10
   0.244620E+06  -0.163644E-09   0.128228E-09  -0.911241E-11
   0.244640E+06  -0.140258E-09   0.122979E-09   0.183928E-10
   0.244660E+06  -0.111158E-09   0.116371E-09   0.418017E-10
   0.244680E+06  -0.781421E-10   0.109145E-09   0.603630E-10
   0.244700E+06  -0.431304E-10   0.101881E-09   0.736934E-10
   0.244720E+06  -0.796896E-11   0.949346E-10   0.817373E-10
   0.244740E+06   0.257398E-10   0.884274E-10   0.846960E-10
   0.244760E+06   0.567527E-10   0.822821E-10   0.829464E-10
   0.244780E+06   0.842337E-10   0.762950E-10   0.769679E-10
   0.244800E+06   0.107731E-09   0.702290E-10   0.672932E-10
   0.244820E+06   0.127101E-09   0.639039E-10   0.544875E-10
   0.244840E+06   0.142388E-09   0.572633E-10   0.391547E-10
   0.244860E+06   0.153712E-09   0.504051E-10   0.219560E-10
   0.244880E+06   0.161159E-09   0.435687E-10   0.362861E-11
   0.244900E+06   0.164731E-09   0.370833E-10  -0.150139E-10
   0.244920E+06   0.164333E-09   0.312924E-10  -0.331078E-10
   0.244940E+06   0.159821E-09   0.264717E-10  -0.497938E-10
   0.244960E+06   0.151078E-09   0.227605E-10  -0.642937E-10
   0.244980E+06   0.138112E-09   0.201268E-10  -0.759899E-10
   0.245000E+06   0.121149E-09   0.183641E-10  -0.844938E-10
   0.245020E+06   0.100681E-09   0.171318E-10  -0.896801E-10
   0.245040E+06   0.774859E-10   0.160213E-10  -0.916774E-10
   0.245060E+06   0.525859E-10   0.146352E-10  -0.908131E-10
   0.245080E+06   0.271657E-10   0.126608E-10  -0.875232E-10
   0.245100E+06   0.245996E-11   0.992136E-11  -0.822446E-10
   0.245120E+06  -0.203706E-10   0.639441E-11  -0.753164E-10
   0.245140E+06  -0.403468E-10   0.220378E-11  -0.669154E-10
   0.245160E+06  -0.567615E-10  -0.243053E-11  -0.570378E-10
   0.245180E+06  -0.692209E-10  -0.724480E-11  -0.455422E-10
   0.245200E+06  -0.776490E-10  -0.119892E-10  -0.322397E-10
   0.245220E+06  -0.822547E-10  -0.164695E-10  -0.170129E-10
   0.245240E+06  -0.834728E-10  -0.205649E-10   0.623647E-13
   0.245260E+06  -0.818939E-10  -0.242180E-10   0.186257E-10
   0.245280E+06  -0.781946E-10  -0.274043E-10   0.379935E-10
   0.245300E+06  -0.730807E-10  -0.300861E-10   0.571902E-10
   0.245320E+06  -0.672421E-10  -0.321773E-10   0.750438E-10
   0.245340E+06  -0.613298E-10  -0.335185E-10   0.903335E-10
   0.245360E+06  -0.559401E-10  -0.338799E-10   0.101959E-09
   0.245380E+06  -0.516080E-10  -0.329919E-10   0.109096E-09
   0.245400E+06  -0.487984E-10  -0.305971E-10   0.111314E-09
   0.245420E+06  -0.478962E-10  -0.265138E-10   0.108617E-09
   0.245440E+06  -0.491903E-10  -0.206938E-10   0.101421E-09
   0.245460E+06  -0.528555E-10  -0.132614E-10   0.904510E-10
   0.245480E+06  -0.589370E-10  -0.452250E-11   0.766040E-10
   0.245500E+06  -0.673385E-10   0.506110E-11   0.607936E-10
   0.245520E+06  -0.778206E-10   0.149266E-10   0.438158E-10
   0.245540E+06  -0.900069E-10   0.244845E-10   0.262633E-10
   0.245560E+06  -0.103400E-09   0.331956E-10   0.850465E-11
   0.245580E+06  -0.117399E-09   0.406369E-10  -0.927475E-11
   0.245600E+06  -0.131323E-09   0.465402E-10  -0.269830E-10
   0.245620E+06  -0.144426E-09   0.508038E-10  -0.445102E-10
   0.245640E+06  -0.155918E-09   0.534656E-10  -0.616318E-10
   0.245660E+06  -0.164977E-09   0.546606E-10  -0.779489E-10
   0.245680E+06  -0.170778E-09   0.545660E-10  -0.928879E-10
   0.245700E+06  -0.172522E-09   0.533522E-10  -0.105762E-09
   0.245720E+06  -0.169482E-09   0.511515E-10  -0.115881E-09
   0.245740E+06  -0.161074E-09   0.480507E-10  -0.122686E-09
   0.245760E+06  -0.146924E-09   0.441040E-10  -0.125864E-09
   0.245780E+06  -0.126944E-09   0.393880E-10  -0.125453E-09
   0.245800E+06  -0.101393E-09   0.339985E-10  -0.121841E-09
   0.245820E+06  -0.709201E-10   0.281132E-10  -0.115721E-09
   0.245840E+06  -0.365589E-10   0.219907E-10  -0.107966E-09
   0.245860E+06   0.323077E-12   0.159545E-10  -0.994746E-10
   0.245880E+06   0.381215E-10   0.103507E-10  -0.909975E-10
   0.245900E+06   0.751306E-10   0.549060E-11  -0.829993E-10
   0.245920E+06   0.109700E-09   0.158969E-11  -0.755741E-10
   0.245940E+06   0.140390E-09  -0.127550E-11  -0.684363E-10
   0.245960E+06   0.166101E-09  -0.319211E-11  -0.609916E-10
   0.245980E+06   0.186156E-09  -0.439543E-11  -0.524680E-10
   0.246000E+06   0.200329E-09  -0.522286E-11  -0.420817E-10
   0.246020E+06   0.208803E-09  -0.604355E-11  -0.292020E-10
   0.246040E+06   0.212090E-09  -0.717929E-11  -0.134830E-10
   0.246060E+06   0.210905E-09  -0.883467E-11   0.506302E-11
   0.246080E+06   0.206041E-09  -0.110532E-10   0.260618E-10
   0.246100E+06   0.198251E-09  -0.137097E-10   0.488367E-10
   0.246120E+06   0.188175E-09  -0.165416E-10   0.725159E-10
   0.246140E+06   0.176302E-09  -0.192124E-10   0.961568E-10
   0.246160E+06   0.162986E-09  -0.213906E-10   0.118862E-09
   0.246180E+06   0.148494E-09  -0.228281E-10   0.139860E-09
   0.246200E+06   0.133069E-09  -0.234160E-10   0.158542E-09
   0.246220E+06   0.116992E-09  -0.232066E-10   0.174449E-09
   0.246240E+06   0.100612E-09  -0.223953E-10   0.187223E-09
   0.246260E+06   0.843476E-10  -0.212628E-10   0.196554E-09
   0.246280E+06   0.686474E-10  -0.201032E-10   0.202123E-09
   0.246300E+06   0.539194E-10  -0.191420E-10   0.203590E-09
   0.246320E+06   0.404513E-10  -0.184760E-10   0.200609E-09
   0.246340E+06   0.283415E-10  -0.180457E-10   0.192892E-09
   0.246360E+06   0.174621E-10  -0.176522E-10   0.180297E-09
   0.246380E+06   0.746955E-11  -0.170129E-10   0.162916E-09
   0.246400E+06  -0.213538E-11  -0.158492E-10   0.141156E-09
   0.246420E+06  -0.118971E-10  -0.139722E-10   0.115758E-09
   0.246440E+06  -0.222817E-10  -0.113704E-10   0.877850E-10
   0.246460E+06  -0.335452E-10  -0.824738E-11   0.585390E-10
   0.246480E+06  -0.456336E-10  -0.501819E-11   0.294386E-10
   0.246500E+06  -0.581357E-10  -0.225352E-11   0.187598E-11
   0.246520E+06  -0.702996E-10  -0.583915E-12  -0.229239E-10
   0.246540E+06  -0.811149E-10  -0.582267E-12  -0.440149E-10
   0.246560E+06  -0.894480E-10  -0.265091E-11  -0.607955E-10
   0.246580E+06  -0.942057E-10  -0.693215E-11  -0.730172E-10
   0.246600E+06  -0.944961E-10  -0.132739E-10  -0.807469E-10
   0.246620E+06  -0.897648E-10  -0.212445E-10  -0.842912E-10
   0.246640E+06  -0.798758E-10  -0.302027E-10  -0.841071E-10
   0.246660E+06  -0.651295E-10  -0.394046E-10  -0.807190E-10
   0.246680E+06  -0.462195E-10  -0.481260E-10  -0.746595E-10
   0.246700E+06  -0.241391E-10  -0.557741E-10  -0.664424E-10
   0.246720E+06  -0.614786E-13  -0.619651E-10  -0.565646E-10
   0.246740E+06   0.247841E-10  -0.665548E-10  -0.455289E-10
   0.246760E+06   0.492146E-10  -0.696185E-10  -0.338692E-10
   0.246780E+06   0.721620E-10  -0.713866E-10  -0.221634E-10
   0.246800E+06   0.927020E-10  -0.721559E-10  -0.110220E-10
   0.246820E+06   0.110049E-09  -0.721985E-10  -0.104833E-11
   0.246840E+06   0.123530E-09  -0.716902E-10   0.722328E-11
   0.246860E+06   0.132560E-09  -0.706740E-10   0.133973E-10
   0.246880E+06   0.136624E-09  -0.690689E-10   0.172760E-10
   0.246900E+06   0.135298E-09  -0.667115E-10   0.188922E-10
   0.246920E+06   0.128288E-09  -0.634320E-10   0.184982E-10
   0.246940E+06   0.115495E-09  -0.591277E-10   0.165138E-10
   0.246960E+06   0.970880E-10  -0.538248E-10   0.134378E-10
   0.246980E+06   0.735639E-10  -0.477072E-10   0.974306E-11
   0.247000E+06   0.457779E-10  -0.411051E-10   0.577649E-11
   0.247020E+06   0.149289E-10  -0.344447E-10   0.168867E-11
   0.247040E+06  -0.175022E-10  -0.281729E-10  -0.259104E-11
   0.247060E+06  -0.498616E-10  -0.226653E-10  -0.732084E-11
   0.247080E+06  -0.804505E-10  -0.181578E-10  -0.128687E-10
   0.247100E+06  -0.107674E-09  -0.147004E-10  -0.196017E-10
   0.247120E+06  -0.130171E-09  -0.121538E-10  -0.277662E-10
   0.247140E+06  -0.146910E-09  -0.102270E-10  -0.373882E-10
   0.247160E+06  -0.157245E-09  -0.854859E-11  -0.482160E-10
   0.247180E+06  -0.160927E-09  -0.675404E-11  -0.597186E-10
   0.247200E+06  -0.158068E-09  -0.457034E-11  -0.711406E-10
   0.247220E+06  -0.149089E-09  -0.187277E-11  -0.815998E-10
   0.247240E+06  -0.134653E-09   0.128660E-11  -0.902085E-10
   0.247260E+06  -0.115601E-09   0.469829E-11  -0.961905E-10
   0.247280E+06  -0.929101E-10   0.804847E-11  -0.989680E-10
   0.247300E+06  -0.676611E-10   0.109954E-10  -0.982055E-10
   0.247320E+06  -0.410269E-10   0.132511E-10  -0.938031E-10
   0.247340E+06  -0.142584E-10   0.146489E-10  -0.858496E-10
   0.247360E+06   0.113376E-10   0.151830E-10  -0.745530E-10
   0.247380E+06   0.344408E-10   0.150123E-10  -0.601724E-10
   0.247400E+06   0.537855E-10   0.144298E-10  -0.429736E-10
   0.247420E+06   0.682521E-10   0.138067E-10  -0.232236E-10
   0.247440E+06   0.769712E-10   0.135267E-10  -0.122825E-11
   0.247460E+06   0.794236E-10   0.139249E-10   0.225989E-10
   0.247480E+06   0.755173E-10   0.152469E-10   0.476548E-10
   0.247500E+06   0.656237E-10   0.176333E-10   0.730806E-10
   0.247520E+06   0.505624E-10   0.211306E-10   0.977365E-10
   0.247540E+06   0.315297E-10   0.257253E-10   0.120237E-09
   0.247560E+06   0.998446E-11   0.313786E-10   0.139050E-09
   0.247580E+06  -0.125025E-10   0.380601E-10   0.152647E-09
   0.247600E+06  -0.344042E-10   0.457641E-10   0.159690E-09
   0.247620E+06  -0.543803E-10   0.545017E-10   0.159208E-09
   0.247640E+06  -0.713848E-10   0.642731E-10   0.150745E-09
   0.247660E+06  -0.847278E-10   0.750264E-10   0.134429E-09
   0.247680E+06  -0.940869E-10   0.866129E-10   0.110968E-09
   0.247700E+06  -0.994684E-10   0.987652E-10   0.815622E-10
   0.247720E+06  -0.101148E-09   0.111081E-09   0.477470E-10
   0.247740E+06  -0.995838E-10   0.123048E-09   0.112084E-10
   0.247760E+06  -0.953412E-10   0.134095E-09  -0.264024E-10
   0.247780E+06  -0.890244E-10   0.143650E-09  -0.636157E-10
   0.247800E+06  -0.812349E-10   0.151211E-09  -0.992272E-10
   0.247820E+06  -0.725490E-10   0.156395E-09  -0.132311E-09
   0.247840E+06  -0.635123E-10   0.158972E-09  -0.162170E-09
   0.247860E+06  -0.546416E-10   0.158862E-09  -0.188242E-09
   0.247880E+06  -0.464212E-10   0.156102E-09  -0.210002E-09
   0.247900E+06  -0.392957E-10   0.150800E-09  -0.226888E-09
   0.247920E+06  -0.336484E-10   0.143074E-09  -0.238269E-09
   0.247940E+06  -0.297731E-10   0.133014E-09  -0.243490E-09
   0.247960E+06  -0.278445E-10   0.120659E-09  -0.241956E-09
   0.247980E+06  -0.278968E-10   0.106011E-09  -0.233271E-09
   0.248000E+06  -0.298173E-10   0.890813E-10  -0.217369E-09
   0.248020E+06  -0.333589E-10   0.699472E-10  -0.194624E-09
   0.248040E+06  -0.381721E-10   0.488242E-10  -0.165903E-09
   0.248060E+06  -0.438489E-10   0.261140E-10  -0.132531E-09
   0.248080E+06  -0.499704E-10   0.242289E-11  -0.961928E-10
   0.248100E+06  -0.561477E-10  -0.214624E-10  -0.587617E-10
   0.248120E+06  -0.620466E-10  -0.446417E-10  -0.221014E-10
   0.248140E+06  -0.673939E-10  -0.662010E-10   0.121297E-10
   0.248160E+06  -0.719636E-10  -0.853266E-10   0.426347E-10
   0.248180E+06  -0.755537E-10  -0.101405E-09   0.685692E-10
   0.248200E+06  -0.779573E-10  -0.114102E-09   0.895538E-10
   0.248220E+06  -0.789489E-10  -0.123383E-09   0.105615E-09
   0.248240E+06  -0.782851E-10  -0.129488E-09   0.117075E-09
   0.248260E+06  -0.757286E-10  -0.132857E-09   0.124418E-09
   0.248280E+06  -0.710900E-10  -0.134026E-09   0.128167E-09
   0.248300E+06  -0.642779E-10  -0.133511E-09   0.128799E-09
   0.248320E+06  -0.553452E-10  -0.131717E-09   0.126707E-09
   0.248340E+06  -0.445132E-10  -0.128874E-09   0.122223E-09
   0.248360E+06  -0.321651E-10  -0.125036E-09   0.115672E-09
   0.248380E+06  -0.188083E-10  -0.120121E-09   0.107442E-09
   0.248400E+06  -0.500077E-11  -0.113988E-09   0.980484E-10
   0.248420E+06   0.873847E-11  -0.106533E-09   0.881570E-10
   0.248440E+06   0.220200E-10  -0.977728E-10   0.785636E-10
   0.248460E+06   0.346523E-10  -0.879017E-10   0.701218E-10
   0.248480E+06   0.466709E-10  -0.772979E-10   0.636348E-10
   0.248500E+06   0.583166E-10  -0.664782E-10   0.597380E-10
   0.248520E+06   0.699683E-10  -0.560185E-10   0.587914E-10
   0.248540E+06   0.820320E-10  -0.464447E-10   0.608148E-10
   0.248560E+06   0.948179E-10  -0.381298E-10   0.654774E-10
   0.248580E+06   0.108427E-09  -0.312178E-10   0.721455E-10
   0.248600E+06   0.122676E-09  -0.255947E-10   0.799799E-10
   0.248620E+06   0.137074E-09  -0.209144E-10   0.880602E-10
   0.248640E+06   0.150875E-09  -0.166753E-10   0.955103E-10
   0.248660E+06   0.163177E-09  -0.123303E-10   0.101600E-09
   0.248680E+06   0.173075E-09  -0.740873E-11   0.105803E-09
   0.248700E+06   0.179821E-09  -0.161865E-11   0.107808E-09
   0.248720E+06   0.182964E-09   0.508882E-11   0.107483E-09
   0.248740E+06   0.182447E-09   0.125099E-10   0.104817E-09
   0.248760E+06   0.178634E-09   0.202335E-10   0.998494E-10
   0.248780E+06   0.172262E-09   0.277305E-10   0.926268E-10
   0.248800E+06   0.164331E-09   0.344651E-10   0.831831E-10
   0.248820E+06   0.155943E-09   0.400082E-10   0.715643E-10
   0.248840E+06   0.148138E-09   0.441139E-10   0.578782E-10
   0.248860E+06   0.141740E-09   0.467586E-10   0.423599E-10
   0.248880E+06   0.137252E-09   0.481250E-10   0.254261E-10
   0.248900E+06   0.134812E-09   0.485404E-10   0.769623E-11
   0.248920E+06   0.134216E-09   0.483859E-10  -0.100331E-10
   0.248940E+06   0.134992E-09   0.479991E-10  -0.268653E-10
   0.248960E+06   0.136507E-09   0.475924E-10  -0.419212E-10
   0.248980E+06   0.138084E-09   0.472183E-10  -0.544758E-10
   0.249000E+06   0.139093E-09   0.467639E-10  -0.640810E-10
   0.249020E+06   0.139008E-09   0.460043E-10  -0.706527E-10
   0.249040E+06   0.137419E-09   0.446819E-10  -0.744931E-10
   0.249060E+06   0.134003E-09   0.425968E-10  -0.762425E-10
   0.249080E+06   0.128478E-09   0.396838E-10  -0.767661E-10
   0.249100E+06   0.120548E-09   0.360570E-10  -0.769967E-10
   0.249120E+06   0.109870E-09   0.320075E-10  -0.777660E-10
   0.249140E+06   0.960643E-10   0.279601E-10  -0.796549E-10
   0.249160E+06   0.787579E-10   0.243844E-10  -0.828992E-10
   0.249180E+06   0.576693E-10   0.216961E-10  -0.873626E-10
   0.249200E+06   0.327108E-10   0.201612E-10  -0.925826E-10
   0.249220E+06   0.408531E-11   0.198272E-10  -0.978752E-10
   0.249240E+06  -0.276468E-10   0.204978E-10  -0.102472E-09
   0.249260E+06  -0.615525E-10   0.217557E-10  -0.105656E-09
   0.249280E+06  -0.963736E-10   0.230276E-10  -0.106871E-09
   0.249300E+06  -0.130633E-09   0.236790E-10  -0.105769E-09
   0.249320E+06  -0.162786E-09   0.231154E-10  -0.102211E-09
   0.249340E+06  -0.191394E-09   0.208710E-10  -0.962046E-10
   0.249360E+06  -0.215286E-09   0.166687E-10  -0.878178E-10
   0.249380E+06  -0.233679E-09   0.104394E-10  -0.770924E-10
   0.249400E+06  -0.246248E-09   0.230559E-11  -0.639849E-10
   0.249420E+06  -0.253123E-09  -0.746553E-11  -0.483588E-10
   0.249440E+06  -0.254818E-09  -0.185224E-10  -0.300351E-10
   0.249460E+06  -0.252118E-09  -0.304814E-10  -0.888948E-11
   0.249480E+06  -0.245938E-09  -0.429712E-10   0.150206E-10
   0.249500E+06  -0.237182E-09  -0.556455E-10   0.413375E-10
   0.249520E+06  -0.226629E-09  -0.681746E-10   0.693242E-10
   0.249540E+06  -0.214857E-09  -0.802215E-10   0.978513E-10
   0.249560E+06  -0.202215E-09  -0.914150E-10   0.125462E-09
   0.249580E+06  -0.188838E-09  -0.101334E-09   0.150512E-09
   0.249600E+06  -0.174692E-09  -0.109516E-09   0.171356E-09
   0.249620E+06  -0.159639E-09  -0.115484E-09   0.186559E-09
   0.249640E+06  -0.143486E-09  -0.118805E-09   0.195077E-09
   0.249660E+06  -0.126045E-09  -0.119158E-09   0.196376E-09
   0.249680E+06  -0.107159E-09  -0.116393E-09   0.190478E-09
   0.249700E+06  -0.867194E-10  -0.110574E-09   0.177916E-09
   0.249720E+06  -0.646773E-10  -0.101985E-09   0.159607E-09
   0.249740E+06  -0.410484E-10  -0.911040E-10   0.136695E-09
   0.249760E+06  -0.159298E-10  -0.785383E-10   0.110370E-09
   0.249780E+06   0.104732E-10  -0.649368E-10   0.817270E-10
   0.249800E+06   0.378179E-10  -0.509055E-10   0.516747E-10
   0.249820E+06   0.655908E-10  -0.369317E-10   0.209212E-10
   0.249840E+06   0.930914E-10  -0.233419E-10  -0.997982E-11
   0.249860E+06   0.119440E-09  -0.102986E-10  -0.405348E-10
   0.249880E+06   0.143617E-09   0.216473E-11  -0.702050E-10
   0.249900E+06   0.164540E-09   0.140814E-10  -0.983225E-10
   0.249920E+06   0.181161E-09   0.254791E-10  -0.124056E-09
   0.249940E+06   0.192583E-09   0.363183E-10  -0.146444E-09
   0.249960E+06   0.198165E-09   0.464562E-10  -0.164486E-09
   0.249980E+06   0.197602E-09   0.556496E-10  -0.177286E-09
   0.250000E+06   0.190963E-09   0.635947E-10  -0.184204E-09
   0.250020E+06   0.178682E-09   0.699945E-10  -0.184985E-09
   0.250040E+06   0.161498E-09   0.746357E-10  -0.179834E-09
   0.250060E+06   0.140359E-09   0.774557E-10  -0.169417E-09
   0.250080E+06   0.116314E-09   0.785758E-10  -0.154783E-09
   0.250100E+06   0.904009E-10   0.782992E-10  -0.137216E-09
   0.250120E+06   0.635680E-10   0.770536E-10  -0.118057E-09
   0.250140E+06   0.366247E-10   0.753075E-10  -0.985211E-10
   0.250160E+06   0.102369E-10   0.734677E-10  -0.795535E-10
   0.250180E+06  -0.150454E-10   0.717853E-10  -0.617453E-10
   0.250200E+06  -0.387403E-10   0.702934E-10  -0.453258E-10
   0.250220E+06  -0.603874E-10   0.687934E-10  -0.302264E-10
   0.250240E+06  -0.795210E-10   0.668937E-10  -0.161938E-10
   0.250260E+06  -0.956674E-10   0.641058E-10  -0.292695E-11
   0.250280E+06  -0.108391E-09   0.599512E-10   0.980349E-11
   0.250300E+06  -0.117355E-09   0.540884E-10   0.220689E-10
   0.250320E+06  -0.122404E-09   0.464073E-10   0.337551E-10
   0.250340E+06  -0.123629E-09   0.370797E-10   0.445903E-10
   0.250360E+06  -0.121411E-09   0.265492E-10   0.542157E-10
   0.250380E+06  -0.116411E-09   0.154637E-10   0.622759E-10
   0.250400E+06  -0.109511E-09   0.456378E-11   0.685004E-10
   0.250420E+06  -0.101707E-09  -0.544279E-11   0.727565E-10
   0.250440E+06  -0.939714E-10  -0.140055E-10   0.750534E-10
   0.250460E+06  -0.871086E-10  -0.208108E-10   0.755026E-10
   0.250480E+06  -0.816375E-10  -0.258095E-10   0.742453E-10
   0.250500E+06  -0.777143E-10  -0.291847E-10   0.713685E-10
   0.250520E+06  -0.751194E-10  -0.312672E-10   0.668370E-10
   0.250540E+06  -0.733084E-10  -0.324233E-10   0.604625E-10
   0.250560E+06  -0.715179E-10  -0.329391E-10   0.519241E-10
   0.250580E+06  -0.689044E-10  -0.329329E-10   0.408386E-10
   0.250600E+06  -0.646925E-10  -0.323164E-10   0.268683E-10
   0.250620E+06  -0.582998E-10  -0.308146E-10   0.984161E-11
   0.250640E+06  -0.494215E-10  -0.280406E-10  -0.101429E-10
   0.250660E+06  -0.380593E-10  -0.236076E-10  -0.326529E-10
   0.250680E+06  -0.244953E-10  -0.172519E-10  -0.569172E-10
   0.250700E+06  -0.922196E-11  -0.893547E-11  -0.818816E-10
   0.250720E+06   0.715312E-11   0.109394E-11  -0.106317E-09
   0.250740E+06   0.240037E-10   0.123097E-10  -0.128950E-09
   0.250760E+06   0.407682E-10   0.239650E-10  -0.148602E-09
   0.250780E+06   0.569963E-10   0.352088E-10  -0.164296E-09
   0.250800E+06   0.723631E-10   0.452236E-10  -0.175316E-09
   0.250820E+06   0.866524E-10   0.533588E-10  -0.181216E-09
   0.250840E+06   0.997219E-10   0.592306E-10  -0.181780E-09
   0.250860E+06   0.111465E-09   0.627673E-10  -0.176961E-09
   0.250880E+06   0.121781E-09   0.641882E-10  -0.166804E-09
   0.250900E+06   0.130579E-09   0.639403E-10  -0.151416E-09
   0.250920E+06   0.137781E-09   0.625730E-10  -0.130937E-09
   0.250940E+06   0.143358E-09   0.606182E-10  -0.105587E-09
   0.250960E+06   0.147358E-09   0.584808E-10  -0.757370E-10
   0.250980E+06   0.149932E-09   0.563701E-10  -0.419845E-10
   0.251000E+06   0.151321E-09   0.542835E-10  -0.522341E-11
   0.251020E+06   0.151831E-09   0.520442E-10   0.333353E-10
   0.251040E+06   0.151763E-09   0.493783E-10   0.722013E-10
   0.251060E+06   0.151344E-09   0.460163E-10   0.109712E-09
   0.251080E+06   0.150647E-09   0.417792E-10   0.144188E-09
   0.251100E+06   0.149537E-09   0.366439E-10   0.174123E-09
   0.251120E+06   0.147657E-09   0.307607E-10   0.198361E-09
   0.251140E+06   0.144454E-09   0.244251E-10   0.216231E-09
   0.251160E+06   0.139257E-09   0.180097E-10   0.227608E-09
   0.251180E+06   0.131384E-09   0.118760E-10   0.232886E-09
   0.251200E+06   0.120266E-09   0.628699E-11   0.232866E-09
   0.251220E+06   0.105560E-09   0.134479E-11   0.228589E-09
   0.251240E+06   0.872234E-10  -0.303436E-11   0.221138E-09
   0.251260E+06   0.655461E-10  -0.709846E-11   0.211462E-09
   0.251280E+06   0.411177E-10  -0.111997E-10   0.200248E-09
   0.251300E+06   0.147509E-10  -0.157098E-10   0.187879E-09
   0.251320E+06  -0.126306E-10  -0.209316E-10   0.174464E-09
   0.251340E+06  -0.401139E-10  -0.270278E-10   0.159943E-09
   0.251360E+06  -0.669022E-10  -0.339843E-10   0.144231E-09
   0.251380E+06  -0.923842E-10  -0.416083E-10   0.127358E-09
   0.251400E+06  -0.116152E-09  -0.495748E-10   0.109572E-09
   0.251420E+06  -0.137974E-09  -0.574910E-10   0.913707E-10
   0.251440E+06  -0.157728E-09  -0.649718E-10   0.734564E-10
   0.251460E+06  -0.175320E-09  -0.717049E-10   0.566257E-10
   0.251480E+06  -0.190600E-09  -0.774912E-10   0.416113E-10
   0.251500E+06  -0.203315E-09  -0.822502E-10   0.289236E-10
   0.251520E+06  -0.213098E-09  -0.859982E-10   0.187292E-10
   0.251540E+06  -0.219495E-09  -0.887933E-10   0.107972E-10
   0.251560E+06  -0.222043E-09  -0.906932E-10   0.453752E-11
   0.251580E+06  -0.220356E-09  -0.917079E-10  -0.884026E-12
   0.251600E+06  -0.214211E-09  -0.917817E-10  -0.636878E-11
   0.251620E+06  -0.203616E-09  -0.908047E-10  -0.126887E-10
   0.251640E+06  -0.188837E-09  -0.886499E-10  -0.203142E-10
   0.251660E+06  -0.170380E-09  -0.852272E-10  -0.293062E-10
   0.251680E+06  -0.148939E-09  -0.805372E-10  -0.392976E-10
   0.251700E+06  -0.125315E-09  -0.747037E-10  -0.495671E-10
   0.251720E+06  -0.100335E-09  -0.679850E-10  -0.591941E-10
   0.251740E+06  -0.747819E-10  -0.607437E-10  -0.672545E-10
   0.251760E+06  -0.493570E-10  -0.533883E-10  -0.730157E-10
   0.251780E+06  -0.246794E-10  -0.462982E-10  -0.760866E-10
   0.251800E+06  -0.131311E-11  -0.397487E-10  -0.764890E-10
   0.251820E+06   0.201859E-10  -0.338574E-10  -0.746367E-10
   0.251840E+06   0.392265E-10  -0.285665E-10  -0.712274E-10
   0.251860E+06   0.551621E-10  -0.236664E-10  -0.670774E-10
   0.251880E+06   0.673061E-10  -0.188593E-10  -0.629366E-10
   0.251900E+06   0.749936E-10  -0.138457E-10  -0.593286E-10
   0.251920E+06   0.776785E-10  -0.841530E-11  -0.564550E-10
   0.251940E+06   0.750512E-10  -0.251799E-11  -0.541827E-10
   0.251960E+06   0.671525E-10   0.370296E-11  -0.521171E-10
   0.251980E+06   0.544561E-10   0.992619E-11  -0.497418E-10
   0.252000E+06   0.378976E-10   0.157130E-10  -0.465899E-10
   0.252020E+06   0.188353E-10   0.206074E-10  -0.424015E-10
   0.252040E+06  -0.105169E-11   0.242370E-10  -0.372360E-10
   0.252060E+06  -0.199256E-10   0.264084E-10  -0.315041E-10
   0.252080E+06  -0.359793E-10   0.271609E-10  -0.259156E-10
   0.252100E+06  -0.476261E-10   0.267687E-10  -0.213548E-10
   0.252120E+06  -0.536616E-10   0.256886E-10  -0.187112E-10
   0.252140E+06  -0.533729E-10   0.244634E-10  -0.187060E-10
   0.252160E+06  -0.465828E-10   0.236018E-10  -0.217535E-10
   0.252180E+06  -0.336327E-10   0.234725E-10  -0.278826E-10
   0.252200E+06  -0.153014E-10   0.242185E-10  -0.367429E-10
   0.252220E+06   0.729462E-11   0.257328E-10  -0.476846E-10
   0.252240E+06   0.328215E-10   0.276913E-10  -0.598890E-10
   0.252260E+06   0.598364E-10   0.296399E-10  -0.725192E-10
   0.252280E+06   0.868750E-10   0.311134E-10  -0.848523E-10
   0.252300E+06   0.112513E-09   0.317594E-10  -0.963650E-10
   0.252320E+06   0.135407E-09   0.314343E-10  -0.106754E-09
   0.252340E+06   0.154325E-09   0.302547E-10  -0.115888E-09
   0.252360E+06   0.168185E-09   0.285751E-10  -0.123718E-09
   0.252380E+06   0.176099E-09   0.269128E-10  -0.130161E-09
   0.252400E+06   0.177439E-09   0.258245E-10  -0.135001E-09
   0.252420E+06   0.171904E-09   0.257685E-10  -0.137838E-09
   0.252440E+06   0.159595E-09   0.269827E-10  -0.138089E-09
   0.252460E+06   0.141051E-09   0.294104E-10  -0.135061E-09
   0.252480E+06   0.117257E-09   0.326907E-10  -0.128066E-09
   0.252500E+06   0.895868E-10   0.362205E-10  -0.116568E-09
   0.252520E+06   0.596993E-10   0.392730E-10  -0.100310E-09
   0.252540E+06   0.293795E-10   0.411493E-10  -0.794059E-10
   0.252560E+06   0.359605E-12   0.413282E-10  -0.543675E-10
   0.252580E+06  -0.258598E-10   0.395800E-10  -0.260690E-10
   0.252600E+06  -0.481553E-10   0.360186E-10   0.435106E-11
   0.252620E+06  -0.658674E-10   0.310809E-10   0.356197E-10
   0.252640E+06  -0.788153E-10   0.254342E-10   0.664648E-10
   0.252660E+06  -0.872389E-10   0.198430E-10   0.957284E-10
   0.252680E+06  -0.916776E-10   0.150069E-10   0.122432E-09
   0.252700E+06  -0.928230E-10   0.114266E-10   0.145791E-09
   0.252720E+06  -0.913651E-10   0.931395E-11   0.165187E-09
   0.252740E+06  -0.878717E-10   0.857183E-11   0.180104E-09
   0.252760E+06  -0.827191E-10   0.884348E-11   0.190079E-09
   0.252780E+06  -0.760885E-10   0.961995E-11   0.194664E-09
   0.252800E+06  -0.680215E-10   0.103754E-10   0.193435E-09
   0.252820E+06  -0.585082E-10   0.107107E-10   0.186051E-09
   0.252840E+06  -0.476020E-10   0.104415E-10   0.172345E-09
   0.252860E+06  -0.355041E-10   0.964608E-11   0.152430E-09
   0.252880E+06  -0.226104E-10   0.863643E-11   0.126787E-09
   0.252900E+06  -0.949948E-11   0.787092E-11   0.963119E-10
   0.252920E+06   0.313530E-11   0.782678E-11   0.622967E-10
   0.252940E+06   0.145969E-10   0.886420E-11   0.263428E-10
   0.252960E+06   0.243123E-10   0.111131E-10  -0.978649E-11
   0.252980E+06   0.319453E-10   0.144167E-10  -0.443427E-10
   0.253000E+06   0.374717E-10   0.183302E-10  -0.757722E-10
   0.253020E+06   0.411880E-10   0.221931E-10  -0.102857E-09
   0.253040E+06   0.436585E-10   0.252478E-10  -0.124794E-09
   0.253060E+06   0.456053E-10   0.267814E-10  -0.141200E-09
   0.253080E+06   0.477656E-10   0.262590E-10  -0.152042E-09
   0.253100E+06   0.507468E-10   0.234202E-10  -0.157523E-09
   0.253120E+06   0.549095E-10   0.183179E-10  -0.157954E-09
   0.253140E+06   0.603045E-10   0.112966E-10  -0.153634E-09
   0.253160E+06   0.666744E-10   0.291334E-11  -0.144796E-09
   0.253180E+06   0.735185E-10  -0.617283E-11  -0.131603E-09
   0.253200E+06   0.802051E-10  -0.153201E-10  -0.114217E-09
   0.253220E+06   0.861033E-10  -0.240034E-10  -0.929048E-10
   0.253240E+06   0.907054E-10  -0.318737E-10  -0.681562E-10
   0.253260E+06   0.937131E-10  -0.387683E-10  -0.407759E-10
   0.253280E+06   0.950690E-10  -0.446757E-10  -0.119134E-10
   0.253300E+06   0.949295E-10  -0.496622E-10   0.169877E-10
   0.253320E+06   0.935920E-10  -0.537990E-10   0.443160E-10
   0.253340E+06   0.913888E-10  -0.570922E-10   0.684803E-10
   0.253360E+06   0.885820E-10  -0.594469E-10   0.881199E-10
   0.253380E+06   0.852824E-10  -0.606702E-10   0.102293E-09
   0.253400E+06   0.814109E-10  -0.605120E-10   0.110604E-09
   0.253420E+06   0.767128E-10  -0.587321E-10   0.113232E-09
   0.253440E+06   0.708182E-10  -0.551773E-10   0.110869E-09
   0.253460E+06   0.633385E-10  -0.498283E-10   0.104561E-09
   0.253480E+06   0.539719E-10  -0.428494E-10   0.954944E-10
   0.253500E+06   0.425917E-10  -0.345701E-10   0.847800E-10
   0.253520E+06   0.293053E-10  -0.254427E-10   0.732690E-10
   0.253540E+06   0.144676E-10  -0.159733E-10   0.614521E-10
   0.253560E+06  -0.135058E-11  -0.664382E-11   0.494552E-10
   0.253580E+06  -0.174301E-10   0.215355E-11   0.371312E-10
   0.253600E+06  -0.329900E-10   0.101538E-10   0.242226E-10
   0.253620E+06  -0.472752E-10   0.172269E-10   0.105548E-10
   0.253640E+06  -0.596239E-10   0.233419E-10  -0.379448E-11
   0.253660E+06  -0.695140E-10   0.285161E-10  -0.183873E-10
   0.253680E+06  -0.765776E-10   0.327564E-10  -0.324117E-10
   0.253700E+06  -0.805938E-10   0.360132E-10  -0.447677E-10
   0.253720E+06  -0.814717E-10   0.381629E-10  -0.542372E-10
   0.253740E+06  -0.792354E-10   0.390256E-10  -0.596999E-10
   0.253760E+06  -0.740230E-10   0.384148E-10  -0.603477E-10
   0.253780E+06  -0.661015E-10   0.362074E-10  -0.558509E-10
   0.253800E+06  -0.558967E-10   0.324131E-10  -0.464369E-10
   0.253820E+06  -0.440231E-10   0.272260E-10  -0.328666E-10
   0.253840E+06  -0.313028E-10   0.210393E-10  -0.163134E-10
   0.253860E+06  -0.187550E-10   0.144156E-10   0.182660E-11
   0.253880E+06  -0.754836E-11   0.801708E-11   0.201522E-10
   0.253900E+06   0.108699E-11   0.250774E-11   0.374536E-10
   0.253920E+06   0.597941E-11  -0.155108E-11   0.528489E-10
   0.253940E+06   0.614921E-11  -0.378162E-11   0.658383E-10
   0.253960E+06   0.938523E-12  -0.404323E-11   0.762660E-10
   0.253980E+06  -0.989621E-11  -0.242826E-11   0.842160E-10
   0.254000E+06  -0.261379E-10   0.787093E-12   0.898702E-10
   0.254020E+06  -0.471227E-10   0.522788E-11   0.933730E-10
   0.254040E+06  -0.718115E-10   0.105193E-10   0.947380E-10
   0.254060E+06  -0.989048E-10   0.163734E-10   0.938232E-10
   0.254080E+06  -0.126982E-09   0.226390E-10   0.903800E-10
   0.254100E+06  -0.154630E-09   0.293131E-10   0.841599E-10
   0.254120E+06  -0.180560E-09   0.364820E-10   0.750543E-10
   0.254140E+06  -0.203670E-09   0.442412E-10   0.632186E-10
   0.254160E+06  -0.223072E-09   0.525925E-10   0.491510E-10
   0.254180E+06  -0.238076E-09   0.613535E-10   0.336969E-10
   0.254200E+06  -0.248154E-09   0.701073E-10   0.179706E-10
   0.254220E+06  -0.252904E-09   0.782082E-10   0.320835E-11
   0.254240E+06  -0.252030E-09   0.848484E-10  -0.941934E-11
   0.254260E+06  -0.245350E-09   0.891807E-10  -0.189910E-10
   0.254280E+06  -0.232836E-09   0.904587E-10  -0.249787E-10
   0.254300E+06  -0.214677E-09   0.881793E-10  -0.273150E-10
   0.254320E+06  -0.191344E-09   0.821842E-10  -0.263702E-10
   0.254340E+06  -0.163630E-09   0.726984E-10  -0.228460E-10
   0.254360E+06  -0.132655E-09   0.602937E-10  -0.176090E-10
   0.254380E+06  -0.998097E-10   0.457825E-10  -0.115040E-10
   0.254400E+06  -0.666471E-10   0.300638E-10  -0.518915E-11
   0.254420E+06  -0.347267E-10   0.139555E-10   0.972042E-12
   0.254440E+06  -0.544282E-11  -0.195165E-11   0.693837E-11
   0.254460E+06   0.201379E-10  -0.173828E-10   0.129368E-10
   0.254480E+06   0.413940E-10  -0.323911E-10   0.193435E-10
   0.254500E+06   0.581996E-10  -0.472904E-10   0.265324E-10
   0.254520E+06   0.708956E-10  -0.625238E-10   0.347287E-10
   0.254540E+06   0.801870E-10  -0.784973E-10   0.439050E-10
   0.254560E+06   0.869859E-10  -0.954207E-10   0.537418E-10
   0.254580E+06   0.922313E-10  -0.113185E-09   0.636625E-10
   0.254600E+06   0.967274E-10  -0.131321E-09   0.729263E-10
   0.254620E+06   0.101021E-09  -0.149036E-09   0.807577E-10
   0.254640E+06   0.105354E-09  -0.165322E-09   0.864762E-10
   0.254660E+06   0.109683E-09  -0.179128E-09   0.895943E-10
   0.254680E+06   0.113773E-09  -0.189537E-09   0.898604E-10
   0.254700E+06   0.117323E-09  -0.195919E-09   0.872408E-10
   0.254720E+06   0.120101E-09  -0.198035E-09   0.818473E-10
   0.254740E+06   0.122045E-09  -0.196037E-09   0.738436E-10
   0.254760E+06   0.123329E-09  -0.190419E-09   0.633494E-10
   0.254780E+06   0.124339E-09  -0.181875E-09   0.503792E-10
   0.254800E+06   0.125599E-09  -0.171136E-09   0.348399E-10
   0.254820E+06   0.127644E-09  -0.158813E-09   0.165874E-10
   0.254840E+06   0.130881E-09  -0.145276E-09  -0.446838E-11
   0.254860E+06   0.135467E-09  -0.130606E-09  -0.282376E-10
   0.254880E+06   0.141224E-09  -0.114628E-09  -0.543392E-10
   0.254900E+06   0.147631E-09  -0.970042E-10  -0.820353E-10
   0.254920E+06   0.153875E-09  -0.773870E-10  -0.110243E-09
   0.254940E+06   0.158965E-09  -0.555687E-10  -0.137625E-09
   0.254960E+06   0.161876E-09  -0.316093E-10  -0.162742E-09
   0.254980E+06   0.161702E-09  -0.590318E-11  -0.184254E-09
   0.255000E+06   0.157781E-09   0.208278E-10  -0.201109E-09
   0.255020E+06   0.149778E-09   0.476157E-10  -0.212693E-09
   0.255040E+06   0.137704E-09   0.733831E-10  -0.218900E-09
   0.255060E+06   0.121889E-09   0.971043E-10  -0.220112E-09
   0.255080E+06   0.102911E-09   0.117955E-09  -0.217092E-09
   0.255100E+06   0.815097E-10   0.135417E-09  -0.210806E-09
   0.255120E+06   0.585063E-10   0.149322E-09  -0.202238E-09
   0.255140E+06   0.347465E-10   0.159820E-09  -0.192209E-09
   0.255160E+06   0.110738E-10   0.167287E-09  -0.181272E-09
   0.255180E+06  -0.116691E-10   0.172204E-09  -0.169677E-09
   0.255200E+06  -0.326252E-10   0.175020E-09  -0.157431E-09
   0.255220E+06  -0.509137E-10   0.176053E-09  -0.144416E-09
   0.255240E+06  -0.656396E-10   0.175433E-09  -0.130542E-09
   0.255260E+06  -0.759451E-10   0.173106E-09  -0.115887E-09
   0.255280E+06  -0.810942E-10   0.168895E-09  -0.100776E-09
   0.255300E+06  -0.805846E-10   0.162591E-09  -0.857891E-10
   0.255320E+06  -0.742641E-10   0.154063E-09  -0.716797E-10
   0.255340E+06  -0.624249E-10   0.143342E-09  -0.592225E-10
   0.255360E+06  -0.458499E-10   0.130662E-09  -0.490304E-10
   0.255380E+06  -0.257827E-10   0.116468E-09  -0.413867E-10
   0.255400E+06  -0.383766E-11   0.101344E-09  -0.361284E-10
   0.255420E+06   0.181687E-10   0.859277E-10  -0.326288E-10
   0.255440E+06   0.384226E-10   0.708108E-10  -0.298788E-10
   0.255460E+06   0.553263E-10   0.564460E-10  -0.266607E-10
   0.255480E+06   0.676827E-10   0.430935E-10  -0.217789E-10
   0.255500E+06   0.748188E-10   0.308133E-10  -0.142980E-10
   0.255520E+06   0.766270E-10   0.195012E-10  -0.373758E-11
   0.255540E+06   0.735198E-10   0.896711E-11   0.982386E-11
   0.255560E+06   0.663159E-10  -0.986072E-12   0.257529E-10
   0.255580E+06   0.560729E-10  -0.104827E-10   0.429795E-10
   0.255600E+06   0.439119E-10  -0.195282E-10   0.601999E-10
   0.255620E+06   0.308628E-10  -0.280037E-10   0.761214E-10
   0.255640E+06   0.177592E-10  -0.357004E-10   0.896934E-10
   0.255660E+06   0.519470E-11  -0.423853E-10   0.100278E-09
   0.255680E+06  -0.645969E-11  -0.478768E-10   0.107724E-09
   0.255700E+06  -0.169931E-10  -0.521093E-10   0.112331E-09
   0.255720E+06  -0.262748E-10  -0.551691E-10   0.114726E-09
   0.255740E+06  -0.341803E-10  -0.572886E-10   0.115675E-09
   0.255760E+06  -0.405507E-10  -0.588019E-10   0.115888E-09
   0.255780E+06  -0.451946E-10  -0.600720E-10   0.115863E-09
   0.255800E+06  -0.479336E-10  -0.614085E-10   0.115803E-09
   0.255820E+06  -0.486756E-10  -0.629997E-10   0.115629E-09
   0.255840E+06  -0.474935E-10  -0.648770E-10   0.115078E-09
   0.255860E+06  -0.446834E-10  -0.669163E-10   0.113855E-09
   0.255880E+06  -0.407761E-10  -0.688912E-10   0.111806E-09
   0.255900E+06  -0.364992E-10  -0.705458E-10   0.109045E-09
   0.255920E+06  -0.326830E-10  -0.716796E-10   0.106023E-09
   0.255940E+06  -0.301311E-10  -0.722143E-10   0.103485E-09
   0.255960E+06  -0.294790E-10  -0.722256E-10   0.102350E-09
   0.255980E+06  -0.310748E-10  -0.719262E-10   0.103518E-09
   0.256000E+06  -0.349105E-10  -0.716124E-10   0.107646E-09
   0.256020E+06  -0.405997E-10  -0.715352E-10   0.114970E-09
   0.256040E+06  -0.474550E-10  -0.718409E-10   0.125177E-09
   0.256060E+06  -0.546020E-10  -0.724629E-10   0.137391E-09
   0.256080E+06  -0.611317E-10  -0.730873E-10   0.150260E-09
   0.256100E+06  -0.662558E-10  -0.731720E-10   0.162145E-09
   0.256120E+06  -0.694309E-10  -0.720268E-10   0.171348E-09
   0.256140E+06  -0.704300E-10  -0.689383E-10   0.176361E-09
   0.256160E+06  -0.693485E-10  -0.633159E-10   0.176063E-09
   0.256180E+06  -0.665495E-10  -0.548182E-10   0.169841E-09
   0.256200E+06  -0.625598E-10  -0.434455E-10   0.157616E-09
   0.256220E+06  -0.579532E-10  -0.295575E-10   0.139774E-09
   0.256240E+06  -0.532388E-10  -0.138203E-10   0.117034E-09
   0.256260E+06  -0.487839E-10   0.290949E-11   0.902851E-10
   0.256280E+06  -0.447843E-10   0.197391E-10   0.604390E-10
   0.256300E+06  -0.412827E-10   0.358967E-10   0.283320E-10
   0.256320E+06  -0.382242E-10   0.508555E-10  -0.530831E-11
   0.256340E+06  -0.355262E-10   0.643958E-10  -0.398295E-10
   0.256360E+06  -0.331439E-10   0.765899E-10  -0.745746E-10
   0.256380E+06  -0.311039E-10   0.877150E-10  -0.108790E-09
   0.256400E+06  -0.295013E-10   0.981149E-10  -0.141553E-09
   0.256420E+06  -0.284567E-10   0.108045E-09  -0.171756E-09
   0.256440E+06  -0.280481E-10   0.117538E-09  -0.198156E-09
   0.256460E+06  -0.282382E-10   0.126330E-09  -0.219488E-09
   0.256480E+06  -0.288209E-10   0.133860E-09  -0.234623E-09
   0.256500E+06  -0.294102E-10   0.139360E-09  -0.242727E-09
   0.256520E+06  -0.294737E-10   0.141996E-09  -0.243402E-09
   0.256540E+06  -0.284225E-10   0.141051E-09  -0.236747E-09
   0.256560E+06  -0.257294E-10   0.136098E-09  -0.223351E-09
   0.256580E+06  -0.210544E-10   0.127122E-09  -0.204195E-09
   0.256600E+06  -0.143482E-10   0.114558E-09  -0.180500E-09
   0.256620E+06  -0.590636E-11   0.992457E-10  -0.153545E-09
   0.256640E+06   0.364101E-11   0.822920E-10  -0.124501E-09
   0.256660E+06   0.134166E-10   0.648961E-10  -0.943245E-10
   0.256680E+06   0.224218E-10   0.481333E-10  -0.637085E-10
   0.256700E+06   0.297068E-10   0.327902E-10  -0.331297E-10
   0.256720E+06   0.345291E-10   0.192575E-10  -0.294528E-11
   0.256740E+06   0.364764E-10   0.751098E-11   0.264788E-10
   0.256760E+06   0.355268E-10  -0.281661E-11   0.546519E-10
   0.256780E+06   0.320349E-10  -0.122943E-10   0.808923E-10
   0.256800E+06   0.266499E-10  -0.215170E-10   0.104334E-09
   0.256820E+06   0.201821E-10  -0.309301E-10   0.124013E-09
   0.256840E+06   0.134571E-10  -0.407124E-10   0.139016E-09
   0.256860E+06   0.717637E-11  -0.507241E-10   0.148649E-09
   0.256880E+06   0.182566E-11  -0.605433E-10   0.152603E-09
   0.256900E+06  -0.235761E-11  -0.695762E-10   0.151050E-09
   0.256920E+06  -0.535547E-11  -0.772116E-10   0.144656E-09
   0.256940E+06  -0.729177E-11  -0.829837E-10   0.134498E-09
   0.256960E+06  -0.833105E-11  -0.866999E-10   0.121890E-09
   0.256980E+06  -0.858235E-11  -0.885031E-10   0.108170E-09
   0.257000E+06  -0.803801E-11  -0.888547E-10   0.944756E-10
   0.257020E+06  -0.656066E-11  -0.884377E-10   0.815706E-10
   0.257040E+06  -0.392522E-11  -0.880063E-10   0.697557E-10
   0.257060E+06   0.970971E-13  -0.882155E-10   0.588825E-10
   0.257080E+06   0.563594E-11  -0.894705E-10   0.484663E-10
   0.257100E+06   0.126297E-10  -0.918324E-10   0.378689E-10
   0.257120E+06   0.207724E-10  -0.950014E-10   0.265051E-10
   0.257140E+06   0.295164E-10  -0.983744E-10   0.140260E-10
   0.257160E+06   0.381438E-10  -0.101179E-09   0.428864E-12
   0.257180E+06   0.458825E-10  -0.102636E-09  -0.139266E-10
   0.257200E+06   0.520539E-10  -0.102119E-09  -0.283996E-10
   0.257220E+06   0.562152E-10  -0.992765E-10  -0.422248E-10
   0.257240E+06   0.582629E-10  -0.940969E-10  -0.547027E-10
   0.257260E+06   0.584724E-10  -0.868863E-10  -0.653721E-10
   0.257280E+06   0.574615E-10  -0.781914E-10  -0.741213E-10
   0.257300E+06   0.560777E-10  -0.686624E-10  -0.811984E-10
   0.257320E+06   0.552480E-10  -0.589210E-10  -0.871275E-10
   0.257340E+06   0.557920E-10  -0.494383E-10  -0.925422E-10
   0.257360E+06   0.582631E-10  -0.404635E-10  -0.979753E-10
   0.257380E+06   0.628367E-10  -0.320135E-10  -0.103662E-09
   0.257400E+06   0.692706E-10  -0.239229E-10  -0.109405E-09
   0.257420E+06   0.769418E-10  -0.159368E-10  -0.114548E-09
   0.257440E+06   0.849508E-10  -0.782097E-11  -0.118057E-09
   0.257460E+06   0.922661E-10   0.546640E-12  -0.118713E-09
   0.257480E+06   0.978865E-10   0.911138E-11  -0.115368E-09
   0.257500E+06   0.100974E-09   0.176382E-10  -0.107206E-09
   0.257520E+06   0.100950E-09   0.257562E-10  -0.939601E-10
   0.257540E+06   0.975255E-10   0.330421E-10  -0.760237E-10
   0.257560E+06   0.906882E-10   0.391189E-10  -0.544370E-10
   0.257580E+06   0.806376E-10   0.437433E-10  -0.307451E-10
   0.257600E+06   0.677073E-10   0.468590E-10  -0.675769E-11
   0.257620E+06   0.522925E-10   0.486036E-10   0.157369E-10
   0.257640E+06   0.347991E-10   0.492661E-10   0.352445E-10
   0.257660E+06   0.156293E-10   0.492108E-10   0.507659E-10
   0.257680E+06  -0.480241E-11   0.487866E-10   0.618865E-10
   0.257700E+06  -0.260336E-10   0.482464E-10   0.687426E-10
   0.257720E+06  -0.475187E-10   0.476996E-10   0.718784E-10
   0.257740E+06  -0.686115E-10   0.471082E-10   0.720350E-10
   0.257760E+06  -0.885812E-10   0.463258E-10   0.699261E-10
   0.257780E+06  -0.106666E-09   0.451749E-10   0.660588E-10
   0.257800E+06  -0.122151E-09   0.435222E-10   0.606364E-10
   0.257820E+06  -0.134464E-09   0.413507E-10   0.535712E-10
   0.257840E+06  -0.143258E-09   0.387911E-10   0.445954E-10
   0.257860E+06  -0.148459E-09   0.361094E-10   0.334395E-10
   0.257880E+06  -0.150264E-09   0.336484E-10   0.200271E-10
   0.257900E+06  -0.149089E-09   0.317401E-10   0.463174E-11
   0.257920E+06  -0.145476E-09   0.306083E-10  -0.120491E-10
   0.257940E+06  -0.139964E-09   0.303054E-10  -0.289309E-10
   0.257960E+06  -0.132984E-09   0.306684E-10  -0.446797E-10
   0.257980E+06  -0.124779E-09   0.313519E-10  -0.579361E-10
   0.258000E+06  -0.115376E-09   0.319055E-10  -0.675636E-10
   0.258020E+06  -0.104627E-09   0.318899E-10  -0.728721E-10
   0.258040E+06  -0.923019E-10   0.310014E-10  -0.737621E-10
   0.258060E+06  -0.782147E-10   0.291745E-10  -0.707549E-10
   0.258080E+06  -0.623554E-10   0.266308E-10  -0.649018E-10
   0.258100E+06  -0.449880E-10   0.238663E-10  -0.575869E-10
   0.258120E+06  -0.266870E-10   0.215570E-10  -0.502728E-10
   0.258140E+06  -0.830556E-11   0.204211E-10  -0.442366E-10
   0.258160E+06   0.912999E-11   0.210545E-10  -0.403556E-10
   0.258180E+06   0.245773E-10   0.237811E-10  -0.389839E-10
   0.258200E+06   0.371525E-10   0.285538E-10  -0.399416E-10
   0.258220E+06   0.462847E-10   0.349322E-10  -0.426096E-10
   0.258240E+06   0.518145E-10   0.421445E-10  -0.461024E-10
   0.258260E+06   0.540146E-10   0.492236E-10  -0.494728E-10
   0.258280E+06   0.535232E-10   0.551869E-10  -0.518992E-10
   0.258300E+06   0.512092E-10   0.592227E-10  -0.528144E-10
   0.258320E+06   0.479936E-10   0.608389E-10  -0.519513E-10
   0.258340E+06   0.446709E-10   0.599409E-10  -0.493051E-10
   0.258360E+06   0.417678E-10   0.568214E-10  -0.450320E-10
   0.258380E+06   0.394729E-10   0.520645E-10  -0.393202E-10
   0.258400E+06   0.376488E-10   0.463863E-10  -0.322774E-10
   0.258420E+06   0.359241E-10   0.404579E-10  -0.238645E-10
   0.258440E+06   0.338433E-10   0.347362E-10  -0.139054E-10
   0.258460E+06   0.310288E-10   0.293640E-10  -0.216343E-11
   0.258480E+06   0.273235E-10   0.241506E-10   0.115316E-10
   0.258500E+06   0.228729E-10   0.186424E-10   0.271442E-10
   0.258520E+06   0.181267E-10   0.122661E-10   0.443215E-10
   0.258540E+06   0.137583E-10   0.450944E-11   0.623464E-10
   0.258560E+06   0.105179E-10  -0.490957E-11   0.801731E-10
   0.258580E+06   0.906002E-11  -0.159034E-10   0.965548E-10
   0.258600E+06   0.978092E-11  -0.279983E-10   0.110218E-09
   0.258620E+06   0.127031E-10  -0.403770E-10   0.120071E-09
   0.258640E+06   0.174444E-10  -0.520236E-10   0.125388E-09
   0.258660E+06   0.232748E-10  -0.619204E-10   0.125922E-09
   0.258680E+06   0.292510E-10  -0.692546E-10   0.121937E-09
   0.258700E+06   0.343987E-10  -0.735873E-10   0.114135E-09
   0.258720E+06   0.379009E-10  -0.749473E-10   0.103507E-09
   0.258740E+06   0.392489E-10  -0.738164E-10   0.911515E-10
   0.258760E+06   0.383261E-10  -0.710296E-10   0.780814E-10
   0.258780E+06   0.353953E-10  -0.675876E-10   0.650892E-10
   0.258800E+06   0.310036E-10  -0.644406E-10   0.526861E-10
   0.258820E+06   0.258222E-10  -0.622855E-10   0.411290E-10
   0.258840E+06   0.204592E-10  -0.614242E-10   0.305213E-10
   0.258860E+06   0.152915E-10  -0.617140E-10   0.209541E-10
   0.258880E+06   0.103525E-10  -0.626214E-10   0.126432E-10
   0.258900E+06   0.530620E-11  -0.633638E-10   0.601926E-11
   0.258920E+06  -0.490709E-12  -0.631079E-10   0.173831E-11
   0.258940E+06  -0.784558E-11  -0.611758E-10   0.602343E-12
   0.258960E+06  -0.175411E-10  -0.572113E-10   0.340342E-11
   0.258980E+06  -0.301399E-10  -0.512705E-10   0.107263E-10
   0.259000E+06  -0.458248E-10  -0.438134E-10   0.227581E-10
   0.259020E+06  -0.643073E-10  -0.356027E-10   0.391539E-10
   0.259040E+06  -0.848212E-10  -0.275351E-10   0.589968E-10
   0.259060E+06  -0.106202E-09  -0.204355E-10   0.808734E-10
   0.259080E+06  -0.127025E-09  -0.148835E-10   0.103047E-09
   0.259100E+06  -0.145783E-09  -0.110875E-10   0.123703E-09
   0.259120E+06  -0.161058E-09  -0.884948E-11   0.141211E-09
   0.259140E+06  -0.171657E-09  -0.762103E-11   0.154353E-09
   0.259160E+06  -0.176691E-09  -0.663687E-11   0.162454E-09
   0.259180E+06  -0.175597E-09  -0.509241E-11   0.165414E-09
   0.259200E+06  -0.168112E-09  -0.232679E-11   0.163612E-09
   0.259220E+06  -0.154203E-09   0.204633E-11   0.157722E-09
